# Exported from Nomad Sculpt
mtllib Folhas3.mtl
o Folha3
usemtl Box_split_1_mat
v 0.750995695 0.065681591 0.498547881 0.999999940 0.999999940 0.999999940
v 0.741314888 0.057354114 0.498491138 0.999999940 0.999999940 0.999999940
v 0.750976026 0.057867001 0.498553007 0.999999940 0.999999940 0.999999940
v 0.751632213 0.056434486 0.483727514 0.999999940 0.999999940 0.999999940
v 0.727076888 0.056635242 0.498404741 0.999999940 0.999999940 0.999999940
v 0.718790411 0.053248852 0.470121622 0.999999940 0.999999940 0.999999940
v 0.739105343 0.053248316 0.459480017 0.999999940 0.999999940 0.999999940
v 0.751770913 0.067236661 0.481167972 0.999999940 0.999999940 0.999999940
v 0.751003980 0.076100200 0.498546004 0.999999940 0.999999940 0.999999940
v 0.733178079 0.075149379 0.498433083 0.999999940 0.999999940 0.999999940
v 0.753345727 0.059846356 0.445553839 0.999999940 0.999999940 0.999999940
v 0.752521991 0.05449 0.463667988 0.999999940 0.999999940 0.999999940
v 0.753948986 0.051373139 0.430537641 0.999999940 0.999999940 0.999999940
v 0.740738987 0.050180319 0.427779138 0.999999940 0.999999940 0.999999940
v 0.721569836 0.048776753 0.425104767 0.999999940 0.999999940 0.999999940
v 0.707475483 0.049916770 0.443848013 0.999999940 0.999999940 0.999999940
v 0.711971759 0.053929783 0.479528605 0.999999940 0.999999940 0.999999940
v 0.695732951 0.051503002 0.463639706 0.999999940 0.999999940 0.999999940
v 0.706200599 0.073928974 0.498284339 0.999999940 0.999999940 0.999999940
v 0.707955062 0.055764306 0.498302459 0.999999940 0.999999940 0.999999940
v 0.751544773 0.074918329 0.486336231 0.999999940 0.999999940 0.999999940
v 0.740351259 0.073659353 0.480143576 0.999999940 0.999999940 0.999999940
v 0.723204374 0.072512701 0.477815359 0.999999940 0.999999940 0.999999940
v 0.706818163 0.070889949 0.470002651 0.999999940 0.999999940 0.999999940
v 0.752914249 0.071926295 0.455376178 0.999999940 0.999999940 0.999999940
v 0.754780829 0.060463234 0.411407053 0.999999940 0.999999940 0.999999940
v 0.742645621 0.047671083 0.399059027 0.999999940 0.999999940 0.999999940
v 0.755287051 0.048450298 0.397430479 0.999999940 0.999999940 0.999999940
v 0.726704776 0.046227689 0.394353687 0.999999940 0.999999940 0.999999940
v 0.708205699 0.045194070 0.394518047 0.999999940 0.999999940 0.999999940
v 0.698549151 0.047367647 0.422853052 0.999999940 0.999999940 0.999999940
v 0.684999704 0.048838414 0.442830622 0.999999940 0.999999940 0.999999940
v 0.68695122 0.052587080 0.476717233 0.999999940 0.999999940 0.999999940
v 0.679142952 0.054697424 0.498175084 0.999999940 0.999999940 0.999999940
v 0.689399480 0.073272377 0.498206526 0.999999940 0.999999940 0.999999940
v 0.687612116 0.070342443 0.472344070 0.999999940 0.999999940 0.999999940
v 0.691800236 0.066762968 0.437508702 0.999999940 0.999999940 0.999999940
v 0.716265499 0.069230787 0.450102746 0.999999940 0.999999940 0.999999940
v 0.736730158 0.070460990 0.451033890 0.999999940 0.999999940 0.999999940
v 0.740291357 0.067300491 0.416641712 0.999999940 0.999999940 0.999999940
v 0.754499495 0.068462595 0.418325007 0.999999940 0.999999940 0.999999940
v 0.755122005 0.067103073 0.402645766 0.999999940 0.999999940 0.999999940
v 0.756001174 0.056133240 0.378896683 0.999999940 0.999999940 0.999999940
v 0.755797505 0.047333948 0.383504509 0.999999940 0.999999940 0.999999940
v 0.736773252 0.045293998 0.375113964 0.999999940 0.999999940 0.999999940
v 0.712609350 0.043383285 0.369160831 0.999999940 0.999999940 0.999999940
v 0.690776467 0.044938743 0.400653243 0.999999940 0.999999940 0.999999940
v 0.691979229 0.042861666 0.375421851 0.999999940 0.999999940 0.999999940
v 0.674467861 0.045920722 0.417805582 0.999999940 0.999999940 0.999999940
v 0.675087273 0.050302386 0.459644168 0.999999940 0.999999940 0.999999940
v 0.661476135 0.047443099 0.436906129 0.999999940 0.999999940 0.999999940
v 0.665088355 0.051887668 0.476673603 0.999999940 0.999999940 0.999999940
v 0.652050018 0.053989011 0.498088836 0.999999940 0.999999940 0.999999940
v 0.674822509 0.072795160 0.498151332 0.999999940 0.999999940 0.999999940
v 0.663526833 0.068629697 0.463844567 0.999999940 0.999999940 0.999999940
v 0.672054648 0.06761197 0.452280163 0.999999940 0.999999940 0.999999940
v 0.717650830 0.067435756 0.431842356 0.999999940 0.999999940 0.999999940
v 0.704215526 0.064578339 0.409710526 0.999999940 0.999999940 0.999999940
v 0.676816463 0.063303820 0.408431053 0.999999940 0.999999940 0.999999940
v 0.669660151 0.064686998 0.425018608 0.999999940 0.999999940 0.999999940
v 0.728686571 0.066450387 0.415113389 0.999999940 0.999999940 0.999999940
v 0.741871237 0.064979746 0.389126479 0.999999940 0.999999940 0.999999940
v 0.755895257 0.065414249 0.381754756 0.999999940 0.999999940 0.999999940
v 0.756658256 0.045454625 0.357418000 0.999999940 0.999999940 0.999999940
v 0.757161438 0.053487040 0.341552615 0.999999940 0.999999940 0.999999940
v 0.756746470 0.063554555 0.355670750 0.999999940 0.999999940 0.999999940
v 0.756160020 0.046543300 0.373064994 0.999999940 0.999999940 0.999999940
v 0.724527597 0.042790550 0.351332187 0.999999940 0.999999940 0.999999940
v 0.745717585 0.044854827 0.360871791 0.999999940 0.999999940 0.999999940
v 0.693610966 0.041166320 0.350811123 0.999999940 0.999999940 0.999999940
v 0.675509512 0.044081844 0.397810608 0.999999940 0.999999940 0.999999940
v 0.679139137 0.042113151 0.372217237 0.999999940 0.999999940 0.999999940
v 0.650488376 0.044395174 0.409028619 0.999999940 0.999999940 0.999999940
v 0.654479265 0.049961458 0.461870968 0.999999940 0.999999940 0.999999940
v 0.638347208 0.048495158 0.451441139 0.999999940 0.999999940 0.999999940
v 0.641944706 0.046430584 0.431317776 0.999999940 0.999999940 0.999999940
v 0.630909085 0.051240541 0.477019995 0.999999940 0.999999940 0.999999940
v 0.616704523 0.047552876 0.444761067 0.999999940 0.999999940 0.999999940
v 0.629705905 0.045525264 0.424169659 0.999999940 0.999999940 0.999999940
v 0.624681770 0.043537970 0.403853029 0.999999940 0.999999940 0.999999940
v 0.633512914 0.042484477 0.390794873 0.999999940 0.999999940 0.999999940
v 0.657152354 0.042763527 0.388977348 0.999999940 0.999999940 0.999999940
v 0.661152660 0.041209198 0.367614895 0.999999940 0.999999940 0.999999940
v 0.665648222 0.040180377 0.350700318 0.999999940 0.999999940 0.999999940
v 0.715582430 0.041389469 0.336780041 0.999999940 0.999999940 0.999999940
v 0.673391342 0.039234448 0.329973101 0.999999940 0.999999940 0.999999940
v 0.697525501 0.040373783 0.334388881 0.999999940 0.999999940 0.999999940
v 0.734347939 0.041921008 0.326193779 0.999999940 0.999999940 0.999999940
v 0.745290994 0.043362908 0.338509887 0.999999940 0.999999940 0.999999940
v 0.757156014 0.044367648 0.340046763 0.999999940 0.999999940 0.999999940
v 0.757811784 0.050939519 0.314329832 0.999999940 0.999999940 0.999999940
v 0.757499992 0.0619075 0.327888250 0.999999940 0.999999940 0.999999940
v 0.758056521 0.042400315 0.297570884 0.999999940 0.999999940 0.999999940
v 0.747687101 0.041971493 0.308951973 0.999999940 0.999999940 0.999999940
v 0.711956262 0.040096152 0.315677970 0.999999940 0.999999940 0.999999940
v 0.732191145 0.040830660 0.306151688 0.999999940 0.999999940 0.999999940
v 0.686898350 0.039101589 0.317676216 0.999999940 0.999999940 0.999999940
v 0.647713720 0.038603678 0.329432159 0.999999940 0.999999940 0.999999940
v 0.667143762 0.038087099 0.307323575 0.999999940 0.999999940 0.999999940
v 0.645454347 0.039734188 0.350547879 0.999999940 0.999999940 0.999999940
v 0.637501061 0.041120987 0.372935593 0.999999940 0.999999940 0.999999940
v 0.615778923 0.041518852 0.380822449 0.999999940 0.999999940 0.999999940
v 0.612177729 0.045167163 0.421719968 0.999999940 0.999999940 0.999999940
v 0.596634507 0.043370261 0.402625978 0.999999940 0.999999940 0.999999940
v 0.592457175 0.047028355 0.439736396 0.999999940 0.999999940 0.999999940
v 0.590886056 0.044494461 0.414224416 0.999999940 0.999999940 0.999999940
v 0.587198674 0.041321788 0.376935571 0.999999940 0.999999940 0.999999940
v 0.570256710 0.043237842 0.397418826 0.999999940 0.999999940 0.999999940
v 0.624125778 0.040033895 0.359380096 0.999999940 0.999999940 0.999999940
v 0.605074822 0.040633022 0.368886619 0.999999940 0.999999940 0.999999940
v 0.628473401 0.038896158 0.339864075 0.999999940 0.999999940 0.999999940
v 0.648297548 0.037474174 0.299951553 0.999999940 0.999999940 0.999999940
v 0.635053455 0.037884917 0.316506594 0.999999940 0.999999940 0.999999940
v 0.692699968 0.038689069 0.301928430 0.999999940 0.999999940 0.999999940
v 0.674107909 0.037760976 0.291772067 0.999999940 0.999999940 0.999999940
v 0.706276953 0.038930691 0.292856723 0.999999940 0.999999940 0.999999940
v 0.728770017 0.039971120 0.288801938 0.999999940 0.999999940 0.999999940
v 0.748388111 0.040918398 0.277789056 0.999999940 0.999999940 0.999999940
v 0.758575499 0.041265450 0.258642256 0.999999940 0.999999940 0.999999940
v 0.758365213 0.051708176 0.282753944 0.999999940 0.999999940 0.999999940
v 0.727896809 0.039398718 0.270247012 0.999999940 0.999999940 0.999999940
v 0.749311447 0.040417820 0.250999748 0.999999940 0.999999940 0.999999940
v 0.68898803 0.037945076 0.281642437 0.999999940 0.999999940 0.999999940
v 0.706181943 0.038216956 0.264864385 0.999999940 0.999999940 0.999999940
v 0.652906954 0.037108179 0.282596468 0.999999940 0.999999940 0.999999940
v 0.675061821 0.037367366 0.273944079 0.999999940 0.999999940 0.999999940
v 0.630977690 0.037079654 0.292429745 0.999999940 0.999999940 0.999999940
v 0.613889634 0.037700280 0.315257102 0.999999940 0.999999940 0.999999940
v 0.607162773 0.038814675 0.339893609 0.999999940 0.999999940 0.999999940
v 0.597979009 0.039634767 0.353624314 0.999999940 0.999999940 0.999999940
v 0.564865887 0.041649941 0.376267105 0.999999940 0.999999940 0.999999940
v 0.570112407 0.040150288 0.356461525 0.999999940 0.999999940 0.999999940
v 0.583503067 0.039235532 0.344427138 0.999999940 0.999999940 0.999999940
v 0.590533673 0.038138173 0.324007391 0.999999940 0.999999940 0.999999940
v 0.583050251 0.037443727 0.303484082 0.999999940 0.999999940 0.999999940
v 0.605967760 0.037041388 0.293189555 0.999999940 0.999999940 0.999999940
v 0.606731534 0.036645025 0.272900193 0.999999940 0.999999940 0.999999940
v 0.629045665 0.036634497 0.267728805 0.999999940 0.999999940 0.999999940
v 0.652658462 0.036793630 0.265151888 0.999999940 0.999999940 0.999999940
v 0.689942121 0.037461951 0.254973769 0.999999940 0.999999940 0.999999940
v 0.673611521 0.037012990 0.252459496 0.999999940 0.999999940 0.999999940
v 0.721482217 0.038749415 0.253269523 0.999999940 0.999999940 0.999999940
v 0.708216786 0.038030680 0.244028165 0.999999940 0.999999940 0.999999940
v 0.735497891 0.039431229 0.244676768 0.999999940 0.999999940 0.999999940
v 0.758701622 0.040990360 0.223264634 0.999999940 0.999999940 0.999999940
v 0.747565269 0.040101137 0.224210962 0.999999940 0.999999940 0.999999940
v 0.727742850 0.038861636 0.226966291 0.999999940 0.999999940 0.999999940
v 0.694470763 0.037442494 0.233825221 0.999999940 0.999999940 0.999999940
v 0.707499802 0.037890341 0.219803303 0.999999940 0.999999940 0.999999940
v 0.674932658 0.036885030 0.225201442 0.999999940 0.999999940 0.999999940
v 0.655658841 0.036650959 0.244873836 0.999999940 0.999999940 0.999999940
v 0.640417933 0.036504153 0.243414878 0.999999940 0.999999940 0.999999940
v 0.611961424 0.036468498 0.252700030 0.999999940 0.999999940 0.999999940
v 0.584333598 0.036881521 0.280332922 0.999999940 0.999999940 0.999999940
v 0.576357066 0.036755614 0.267874568 0.999999940 0.999999940 0.999999940
v 0.590288400 0.036484748 0.248030021 0.999999940 0.999999940 0.999999940
v 0.562475800 0.038428917 0.321260839 0.999999940 0.999999940 0.999999940
v 0.555356979 0.037996295 0.306229472 0.999999940 0.999999940 0.999999940
v 0.561590790 0.037352666 0.288860499 0.999999940 0.999999940 0.999999940
v 0.564561367 0.038957219 0.333482861 0.999999940 0.999999940 0.999999940
v 0.546059787 0.039906773 0.342886716 0.999999940 0.999999940 0.999999940
v 0.534055531 0.038917325 0.314519703 0.999999940 0.999999940 0.999999940
v 0.534089326 0.038238260 0.295523017 0.999999940 0.999999940 0.999999940
v 0.550047814 0.037238042 0.272967755 0.999999940 0.999999940 0.999999940
v 0.556843221 0.036809667 0.249869749 0.999999940 0.999999940 0.999999940
v 0.573407053 0.036522865 0.236156269 0.999999940 0.999999940 0.999999940
v 0.613533616 0.036412846 0.240293085 0.999999940 0.999999940 0.999999940
v 0.591346025 0.036421429 0.222583770 0.999999940 0.999999940 0.999999940
v 0.622999668 0.036405075 0.228644549 0.999999940 0.999999940 0.999999940
v 0.646664321 0.036500338 0.222444489 0.999999940 0.999999940 0.999999940
v 0.648095488 0.036539975 0.204513832 0.999999940 0.999999940 0.999999940
v 0.675862371 0.036992270 0.199211373 0.999999940 0.999999940 0.999999940
v 0.695619106 0.037472665 0.211515978 0.999999940 0.999999940 0.999999940
v 0.728006243 0.038930386 0.20638524 0.999999940 0.999999940 0.999999940
v 0.715107023 0.038427982 0.192160889 0.999999940 0.999999940 0.999999940
v 0.747306525 0.040288914 0.194171875 0.999999940 0.999999940 0.999999940
v 0.727618217 0.039373010 0.176155939 0.999999940 0.999999940 0.999999940
v 0.701911509 0.038145631 0.175196245 0.999999940 0.999999940 0.999999940
v 0.687041938 0.037471953 0.183486983 0.999999940 0.999999940 0.999999940
v 0.649670839 0.036781229 0.178390711 0.999999940 0.999999940 0.999999940
v 0.661704659 0.037246439 0.162659749 0.999999940 0.999999940 0.999999940
v 0.618147671 0.036403283 0.211354076 0.999999940 0.999999940 0.999999940
v 0.621364176 0.036483466 0.190002381 0.999999940 0.999999940 0.999999940
v 0.585963308 0.036469370 0.203057616 0.999999940 0.999999940 0.999999940
v 0.563854336 0.036641567 0.210355848 0.999999940 0.999999940 0.999999940
v 0.553700387 0.036764103 0.225381672 0.999999940 0.999999940 0.999999940
v 0.536749422 0.037203796 0.244554132 0.999999940 0.999999940 0.999999940
v 0.527840495 0.037845250 0.271999269 0.999999940 0.999999940 0.999999940
v 0.516759455 0.039590787 0.314753234 0.999999940 0.999999940 0.999999940
v 0.514668881 0.038787003 0.289510697 0.999999940 0.999999940 0.999999940
v 0.506908059 0.038549076 0.266467660 0.999999940 0.999999940 0.999999940
v 0.514502883 0.037883386 0.240236833 0.999999940 0.999999940 0.999999940
v 0.528605103 0.037342876 0.223942711 0.999999940 0.999999940 0.999999940
v 0.543714284 0.03701571 0.202644735 0.999999940 0.999999940 0.999999940
v 0.556460380 0.036885820 0.189078673 0.999999940 0.999999940 0.999999940
v 0.574155509 0.036655023 0.188193216 0.999999940 0.999999940 0.999999940
v 0.598919272 0.036605797 0.177866548 0.999999940 0.999999940 0.999999940
v 0.625844419 0.036686815 0.172397106 0.999999940 0.999999940 0.999999940
v 0.636777699 0.037089493 0.154411613 0.999999940 0.999999940 0.999999940
v 0.684131681 0.037900172 0.159222737 0.999999940 0.999999940 0.999999940
v 0.671566546 0.038065131 0.141669839 0.999999940 0.999999940 0.999999940
v 0.652177631 0.037900019 0.134812936 0.999999940 0.999999940 0.999999940
v 0.708597481 0.038958508 0.155326560 0.999999940 0.999999940 0.999999940
v 0.700200855 0.039182197 0.138678342 0.999999940 0.999999940 0.999999940
v 0.678800702 0.038932051 0.125834405 0.999999940 0.999999940 0.999999940
v 0.657316684 0.038649842 0.119613044 0.999999940 0.999999940 0.999999940
v 0.634312629 0.037945870 0.126895874 0.999999940 0.999999940 0.999999940
v 0.609551072 0.036908209 0.157648965 0.999999940 0.999999940 0.999999940
v 0.618447303 0.037340279 0.141480267 0.999999940 0.999999940 0.999999940
v 0.582703530 0.036833822 0.168084710 0.999999940 0.999999940 0.999999940
v 0.564474523 0.037056252 0.168705537 0.999999940 0.999999940 0.999999940
v 0.542758703 0.037387114 0.174205809 0.999999940 0.999999940 0.999999940
v 0.526663363 0.037490282 0.200277432 0.999999940 0.999999940 0.999999940
v 0.507836282 0.038139972 0.210718199 0.999999940 0.999999940 0.999999940
v 0.493793100 0.038880534 0.244973123 0.999999940 0.999999940 0.999999940
v 0.492210537 0.038856651 0.217788666 0.999999940 0.999999940 0.999999940
v 0.492385 0.039090044 0.189569667 0.999999940 0.999999940 0.999999940
v 0.511984169 0.038167666 0.189893454 0.999999940 0.999999940 0.999999940
v 0.525939703 0.038023382 0.167974874 0.999999940 0.999999940 0.999999940
v 0.548913598 0.037759505 0.151514470 0.999999940 0.999999940 0.999999940
v 0.571642041 0.037479698 0.145755261 0.999999940 0.999999940 0.999999940
v 0.592827558 0.037114273 0.151156872 0.999999940 0.999999940 0.999999940
v 0.591723203 0.037576045 0.135776504 0.999999940 0.999999940 0.999999940
v 0.614947080 0.038148883 0.119436673 0.999999940 0.999999940 0.999999940
v 0.637631595 0.038995686 0.105928815 0.999999940 0.999999940 0.999999940
v 0.668471813 0.039615888 0.106157489 0.999999940 0.999999940 0.999999940
v 0.697360456 0.039958536 0.118935838 0.999999940 0.999999940 0.999999940
v 0.727334737 0.040623132 0.137417301 0.999999940 0.999999940 0.999999940
v 0.730718314 0.040053207 0.158592477 0.999999940 0.999999940 0.999999940
v 0.747990787 0.041628569 0.146644443 0.999999940 0.999999940 0.999999940
v 0.716991424 0.041621353 0.106920763 0.999999940 0.999999940 0.999999940
v 0.736320614 0.042575985 0.110693521 0.999999940 0.999999940 0.999999940
v 0.748271644 0.042705949 0.123810112 0.999999940 0.999999940 0.999999940
v 0.696101844 0.040883053 0.101830214 0.999999940 0.999999940 0.999999940
v 0.65497154 0.040182150 0.091200441 0.999999940 0.999999940 0.999999940
v 0.677934885 0.04134183 0.084019757 0.999999940 0.999999940 0.999999940
v 0.624727547 0.039637647 0.092984661 0.999999940 0.999999940 0.999999940
v 0.598137021 0.038494139 0.112656422 0.999999940 0.999999940 0.999999940
v 0.572517454 0.038156345 0.126188740 0.999999940 0.999999940 0.999999940
v 0.527646064 0.038771472 0.140570923 0.999999940 0.999999940 0.999999940
v 0.549045026 0.038485869 0.130749553 0.999999940 0.999999940 0.999999940
v 0.506728231 0.039000071 0.160102471 0.999999940 0.999999940 0.999999940
v 0.491099685 0.039506584 0.172040537 0.999999940 0.999999940 0.999999940
v 0.485970318 0.040272146 0.155013203 0.999999940 0.999999940 0.999999940
v 0.502939343 0.039974723 0.137772768 0.999999940 0.999999940 0.999999940
v 0.529454410 0.039717827 0.117490544 0.999999940 0.999999940 0.999999940
v 0.505976855 0.040555425 0.121362783 0.999999940 0.999999940 0.999999940
v 0.546781718 0.039524912 0.109994322 0.999999940 0.999999940 0.999999940
v 0.576469421 0.038933649 0.108669474 0.999999940 0.999999940 0.999999940
v 0.597963154 0.039590891 0.094092406 0.999999940 0.999999940 0.999999940
v 0.642914712 0.041189469 0.074982628 0.999999940 0.999999940 0.999999940
v 0.617650270 0.040376883 0.082683064 0.999999940 0.999999940 0.999999940
v 0.661302268 0.042121693 0.068240329 0.999999940 0.999999940 0.999999940
v 0.702153205 0.042144767 0.086949929 0.999999940 0.999999940 0.999999940
v 0.698872387 0.043640822 0.065776981 0.999999940 0.999999940 0.999999940
v 0.683009266 0.043482232 0.060443498 0.999999940 0.999999940 0.999999940
v 0.726964950 0.043469402 0.087871581 0.999999940 0.999999940 0.999999940
v 0.744609653 0.044724538 0.086922138 0.999999940 0.999999940 0.999999940
v 0.757315754 0.044017814 0.113281264 0.999999940 0.999999940 0.999999940
v 0.758125007 0.042250875 0.151863366 0.999999940 0.999999940 0.999999940
v 0.757695496 0.053194064 0.126864507 0.999999940 0.999999940 0.999999940
v 0.756883382 0.055033080 0.095583967 0.999999940 0.999999940 0.999999940
v 0.756335735 0.046158999 0.079915672 0.999999940 0.999999940 0.999999940
v 0.724903404 0.044968847 0.066567920 0.999999940 0.999999940 0.999999940
v 0.746645271 0.047096598 0.058640640 0.999999940 0.999999940 0.999999940
v 0.71641469 0.045451078 0.055539127 0.999999940 0.999999940 0.999999940
v 0.707120776 0.046196188 0.043045472 0.999999940 0.999999940 0.999999940
v 0.672970414 0.044465128 0.047742690 0.999999940 0.999999940 0.999999940
v 0.647606313 0.043234121 0.054601792 0.999999940 0.999999940 0.999999940
v 0.627161145 0.041935395 0.065534807 0.999999940 0.999999940 0.999999940
v 0.588628113 0.040018741 0.089099064 0.999999940 0.999999940 0.999999940
v 0.599284589 0.041355416 0.072070956 0.999999940 0.999999940 0.999999940
v 0.560249030 0.040118154 0.094930708 0.999999940 0.999999940 0.999999940
v 0.531903445 0.040950302 0.095827572 0.999999940 0.999999940 0.999999940
v 0.567570030 0.041446071 0.076569296 0.999999940 0.999999940 0.999999940
v 0.544247090 0.041896861 0.079188488 0.999999940 0.999999940 0.999999940
v 0.577714979 0.043046936 0.059241369 0.999999940 0.999999940 0.999999940
v 0.606426775 0.042434543 0.061039201 0.999999940 0.999999940 0.999999940
v 0.629513382 0.043373480 0.052216589 0.999999940 0.999999940 0.999999940
v 0.645814120 0.045435287 0.036166843 0.999999940 0.999999940 0.999999940
v 0.660136044 0.045327402 0.038369283 0.999999940 0.999999940 0.999999940
v 0.684726357 0.046567704 0.032623771 0.999999940 0.999999940 0.999999940
v 0.737470388 0.047951284 0.042302388 0.999999940 0.999999940 0.999999940
v 0.736553192 0.049393121 0.027616420 0.999999940 0.999999940 0.999999940
v 0.710009813 0.048053648 0.027679070 0.999999940 0.999999940 0.999999940
v 0.755054116 0.048966299 0.044902347 0.999999940 0.999999940 0.999999940
v 0.755958616 0.055163938 0.067891359 0.999999940 0.999999940 0.999999940
v 0.756882011 0.063258901 0.096152514 0.999999940 0.999999940 0.999999940
v 0.755966007 0.065259397 0.067943021 0.999999940 0.999999940 0.999999940
v 0.754771649 0.061530262 0.036382414 0.999999940 0.999999940 0.999999940
v 0.753697514 0.052028648 0.013324023 0.999999940 0.999999940 0.999999940
v 0.754168510 0.056882116 0.022998897 0.999999940 0.999999940 0.999999940
v 0.716085076 0.049994710 0.014057399 0.999999940 0.999999940 0.999999940
v 0.738529503 0.051242459 0.012324265 0.999999940 0.999999940 0.999999940
v 0.692527174 0.048590436 0.018796309 0.999999940 0.999999940 0.999999940
v 0.674445211 0.047665052 0.022510878 0.999999940 0.999999940 0.999999940
v 0.665618419 0.048601061 0.015192620 0.999999940 0.999999940 0.999999940
v 0.627456963 0.045484893 0.035604782 0.999999940 0.999999940 0.999999940
v 0.636553704 0.047959249 0.018763426 0.999999940 0.999999940 0.999999940
v 0.603386044 0.043799534 0.049645956 0.999999940 0.999999940 0.999999940
v 0.548008382 0.043147262 0.065712012 0.999999940 0.999999940 0.999999940
v 0.551912605 0.045049965 0.049077101 0.999999940 0.999999940 0.999999940
v 0.579771220 0.044838752 0.044945690 0.999999940 0.999999940 0.999999940
v 0.525526940 0.043260637 0.072520829 0.999999940 0.999999940 0.999999940
v 0.526930570 0.045021589 0.056458592 0.999999940 0.999999940 0.999999940
v 0.561122536 0.046417012 0.037476629 0.999999940 0.999999940 0.999999940
v 0.535823941 0.047329653 0.037495955 0.999999940 0.999999940 0.999999940
v 0.591587185 0.046368457 0.032496001 0.999999940 0.999999940 0.999999940
v 0.611658692 0.045816559 0.034054216 0.999999940 0.999999940 0.999999940
v 0.605555295 0.048512306 0.017603255 0.999999940 0.999999940 0.999999940
v 0.633725047 0.050368640 0.004543948 0.999999940 0.999999940 0.999999940
v 0.660592079 0.050866268 0.000937965 0.999999940 0.999999940 0.999999940
v 0.694214165 0.051261056 0.000476997 0.999999940 0.999999940 0.999999940
v 0.684410154 0.052744790 -0.00957017 0.999999940 0.999999940 0.999999940
v 0.712307751 0.052068229 -0.0020326 0.999999940 0.999999940 0.999999940
v 0.737656652 0.053743634 -0.00801597 0.999999940 0.999999940 0.999999940
v 0.752886056 0.064142614 -0.00435673 0.999999940 0.999999940 0.999999940
v 0.752802014 0.054135598 -0.00546134 0.999999940 0.999999940 0.999999940
v 0.751781225 0.056655775 -0.02512596 0.999999940 0.999999940 0.999999940
v 0.751188218 0.069125480 -0.03673613 0.999999940 0.999999940 0.999999940
v 0.752302527 0.073667749 -0.0157291 0.999999940 0.999999940 0.999999940
v 0.753325462 0.071204677 0.004775165 0.999999940 0.999999940 0.999999940
v 0.725521981 0.055670511 -0.02382193 0.999999940 0.999999940 0.999999940
v 0.742941916 0.057444594 -0.03300007 0.999999940 0.999999940 0.999999940
v 0.708356201 0.054922167 -0.02107223 0.999999940 0.999999940 0.999999940
v 0.681144297 0.056823853 -0.03239127 0.999999940 0.999999940 0.999999940
v 0.696806728 0.056821707 -0.03273448 0.999999940 0.999999940 0.999999940
v 0.671637952 0.053685925 -0.01517115 0.999999940 0.999999940 0.999999940
v 0.654021799 0.053906191 -0.01582972 0.999999940 0.999999940 0.999999940
v 0.592793405 0.050091195 0.010104109 0.999999940 0.999999940 0.999999940
v 0.627662658 0.053167898 -0.00996889 0.999999940 0.999999940 0.999999940
v 0.558608293 0.048464864 0.025129990 0.999999940 0.999999940 0.999999940
v 0.567405283 0.051781199 0.005154219 0.999999940 0.999999940 0.999999940
v 0.528916955 0.049695361 0.024643490 0.999999940 0.999999940 0.999999940
v 0.537914454 0.051707621 0.011413559 0.999999940 0.999999940 0.999999940
v 0.595254004 0.054223272 -0.01130253 0.999999940 0.999999940 0.999999940
v 0.608738601 0.056420028 -0.02352684 0.999999940 0.999999940 0.999999940
v 0.636412203 0.055393051 -0.02197703 0.999999940 0.999999940 0.999999940
v 0.667611956 0.059559609 -0.04535688 0.999999940 0.999999940 0.999999940
v 0.696355938 0.061431855 -0.0574279 0.999999940 0.999999940 0.999999940
v 0.725141465 0.059042166 -0.04496367 0.999999940 0.999999940 0.999999940
v 0.71730721 0.061889331 -0.06142577 0.999999940 0.999999940 0.999999940
v 0.737841308 0.059862054 -0.0495067 0.999999940 0.999999940 0.999999940
v 0.750050008 0.061112999 -0.05681088 0.999999940 0.999999940 0.999999940
v 0.735424518 0.06376791 -0.07366977 0.999999940 0.999999940 0.999999940
v 0.748682677 0.073823489 -0.08110735 0.999999940 0.999999940 0.999999940
v 0.748309612 0.065854691 -0.08772476 0.999999940 0.999999940 0.999999940
v 0.707751095 0.063982300 -0.0721501 0.999999940 0.999999940 0.999999940
v 0.719211459 0.065798044 -0.08347814 0.999999940 0.999999940 0.999999940
v 0.690141618 0.063695296 -0.06827772 0.999999940 0.999999940 0.999999940
v 0.632203221 0.058754932 -0.03742099 0.999999940 0.999999940 0.999999940
v 0.654085457 0.064101502 -0.06483892 0.999999940 0.999999940 0.999999940
v 0.679479777 0.065188415 -0.07392578 0.999999940 0.999999940 0.999999940
v 0.594098329 0.058150615 -0.02925738 0.999999940 0.999999940 0.999999940
v 0.558066487 0.056095808 -0.01406316 0.999999940 0.999999940 0.999999940
v 0.534073710 0.055275328 -0.00574726 0.999999940 0.999999940 0.999999940
v 0.515631973 0.053114716 0.008982844 0.999999940 0.999999940 0.999999940
v 0.517921626 0.047937750 0.038496818 0.999999940 0.999999940 0.999999940
v 0.504172325 0.051339868 0.021624172 0.999999940 0.999999940 0.999999940
v 0.482258617 0.054366529 0.010731055 0.999999940 0.999999940 0.999999940
v 0.494044482 0.056537140 -0.00328064 0.999999940 0.999999940 0.999999940
v 0.501361668 0.058999747 -0.01650942 0.999999940 0.999999940 0.999999940
v 0.533000171 0.059556629 -0.02498126 0.999999940 0.999999940 0.999999940
v 0.571320712 0.059279158 -0.03048525 0.999999940 0.999999940 0.999999940
v 0.571284592 0.061450298 -0.03972188 0.999999940 0.999999940 0.999999940
v 0.594273030 0.063169874 -0.05084331 0.999999940 0.999999940 0.999999940
v 0.628783226 0.063166394 -0.0565262 0.999999940 0.999999940 0.999999940
v 0.640824854 0.068757690 -0.08285869 0.999999940 0.999999940 0.999999940
v 0.665389835 0.067386642 -0.08178377 0.999999940 0.999999940 0.999999940
v 0.693559765 0.068672165 -0.09379359 0.999999940 0.999999940 0.999999940
v 0.674737870 0.070940874 -0.10024073 0.999999940 0.999999940 0.999999940
v 0.706967413 0.069355458 -0.10037147 0.999999940 0.999999940 0.999999940
v 0.723647296 0.069875322 -0.10729768 0.999999940 0.999999940 0.999999940
v 0.685705602 0.074513882 -0.1206454 0.999999940 0.999999940 0.999999940
v 0.708124578 0.073467835 -0.12250327 0.999999940 0.999999940 0.999999940
v 0.655200541 0.071194641 -0.09666083 0.999999940 0.999999940 0.999999940
v 0.656902551 0.075495161 -0.11656395 0.999999940 0.999999940 0.999999940
v 0.621084570 0.067543163 -0.07375031 0.999999940 0.999999940 0.999999940
v 0.621115028 0.072841554 -0.09585808 0.999999940 0.999999940 0.999999940
v 0.635612607 0.074676975 -0.10705096 0.999999940 0.999999940 0.999999940
v 0.592930078 0.069007493 -0.07439712 0.999999940 0.999999940 0.999999940
v 0.569243669 0.065283089 -0.05516414 0.999999940 0.999999940 0.999999940
v 0.527672052 0.062737874 -0.03760634 0.999999940 0.999999940 0.999999940
v 0.546432316 0.066055089 -0.05438559 0.999999940 0.999999940 0.999999940
v 0.503409206 0.061981290 -0.0301601 0.999999940 0.999999940 0.999999940
v 0.458003461 0.060913838 -0.01671978 0.999999940 0.999999940 0.999999940
v 0.471381694 0.064498961 -0.03562224 0.999999940 0.999999940 0.999999940
v 0.465762078 0.057698387 -0.00247534 0.999999940 0.999999940 0.999999940
v 0.431188583 0.064857520 -0.03079484 0.999999940 0.999999940 0.999999940
v 0.449497193 0.065341681 -0.03606824 0.999999940 0.999999940 0.999999940
v 0.435187369 0.060033101 -0.00714778 0.999999940 0.999999940 0.999999940
v 0.453768819 0.070374921 -0.05875366 0.999999940 0.999999940 0.999999940
v 0.470205724 0.070679724 -0.06193172 0.999999940 0.999999940 0.999999940
v 0.483722627 0.066832475 -0.04761766 0.999999940 0.999999940 0.999999940
v 0.500388145 0.066708594 -0.04961399 0.999999940 0.999999940 0.999999940
v 0.519238531 0.067342549 -0.05512713 0.999999940 0.999999940 0.999999940
v 0.540833830 0.071527324 -0.07506177 0.999999940 0.999999940 0.999999940
v 0.569339931 0.069681316 -0.07272591 0.999999940 0.999999940 0.999999940
v 0.606584072 0.071050070 -0.08531132 0.999999940 0.999999940 0.999999940
v 0.577506005 0.076325058 -0.10044307 0.999999940 0.999999940 0.999999940
v 0.592248857 0.079183295 -0.11522461 0.999999940 0.999999940 0.999999940
v 0.606053233 0.079731598 -0.12089489 0.999999940 0.999999940 0.999999940
v 0.625772714 0.081361778 -0.13348611 0.999999940 0.999999940 0.999999940
v 0.662080168 0.078997582 -0.13465025 0.999999940 0.999999940 0.999999940
v 0.609695375 0.085904233 -0.1490141 0.999999940 0.999999940 0.999999940
v 0.616934239 0.087952680 -0.16116719 0.999999940 0.999999940 0.999999940
v 0.590803623 0.085485093 -0.14147152 0.999999940 0.999999940 0.999999940
v 0.566172421 0.082870081 -0.12452939 0.999999940 0.999999940 0.999999940
v 0.575017392 0.085905641 -0.13926859 0.999999940 0.999999940 0.999999940
v 0.550503432 0.075451754 -0.09198803 0.999999940 0.999999940 0.999999940
v 0.549971818 0.079927183 -0.10949575 0.999999940 0.999999940 0.999999940
v 0.506989479 0.072729267 -0.07470728 0.999999940 0.999999940 0.999999940
v 0.525977671 0.078445076 -0.09977771 0.999999940 0.999999940 0.999999940
v 0.485946953 0.073049329 -0.07339273 0.999999940 0.999999940 0.999999940
v 0.458766669 0.075755327 -0.08186711 0.999999940 0.999999940 0.999999940
v 0.478403508 0.080249019 -0.10175481 0.999999940 0.999999940 0.999999940
v 0.447829604 0.075590431 -0.08051167 0.999999940 0.999999940 0.999999940
v 0.434704244 0.074403174 -0.07462487 0.999999940 0.999999940 0.999999940
v 0.455954223 0.081511326 -0.10583366 0.999999940 0.999999940 0.999999940
v 0.483733236 0.085765868 -0.12498385 0.999999940 0.999999940 0.999999940
v 0.505141377 0.083884932 -0.11887573 0.999999940 0.999999940 0.999999940
v 0.499372661 0.078888781 -0.09815305 0.999999940 0.999999940 0.999999940
v 0.538019955 0.084630504 -0.12644669 0.999999940 0.999999940 0.999999940
v 0.541086733 0.088049754 -0.14133745 0.999999940 0.999999940 0.999999940
v 0.570450663 0.089546494 -0.15436831 0.999999940 0.999999940 0.999999940
v 0.586471378 0.090276904 -0.16224262 0.999999940 0.999999940 0.999999940
v 0.652441620 0.084277711 -0.15712777 0.999999940 0.999999940 0.999999940
v 0.621851086 0.090592578 -0.17666143 0.999999940 0.999999940 0.999999940
v 0.597189605 0.093051224 -0.17979775 0.999999940 0.999999940 0.999999940
v 0.677406609 0.079772599 -0.14449178 0.999999940 0.999999940 0.999999940
v 0.683930337 0.080745481 -0.15257932 0.999999940 0.999999940 0.999999940
v 0.657001912 0.087217487 -0.17504814 0.999999940 0.999999940 0.999999940
v 0.63400805 0.091995649 -0.1905852 0.999999940 0.999999940 0.999999940
v 0.601169049 0.095786511 -0.19702879 0.999999940 0.999999940 0.999999940
v 0.570364177 0.093442879 -0.17303307 0.999999940 0.999999940 0.999999940
v 0.580032527 0.096845567 -0.19459349 0.999999940 0.999999940 0.999999940
v 0.553046405 0.091344043 -0.15854724 0.999999940 0.999999940 0.999999940
v 0.508615970 0.087549254 -0.13457492 0.999999940 0.999999940 0.999999940
v 0.515661537 0.091443911 -0.15263689 0.999999940 0.999999940 0.999999940
v 0.533042788 0.092614740 -0.16057764 0.999999940 0.999999940 0.999999940
v 0.491897314 0.090408705 -0.14574976 0.999999940 0.999999940 0.999999940
v 0.466920584 0.086971379 -0.12953125 0.999999940 0.999999940 0.999999940
v 0.438219159 0.083828158 -0.11596024 0.999999940 0.999999940 0.999999940
v 0.432142555 0.078745648 -0.09364092 0.999999940 0.999999940 0.999999940
v 0.411722242 0.077124871 -0.08653843 0.999999940 0.999999940 0.999999940
v 0.403733372 0.079186864 -0.09655032 0.999999940 0.999999940 0.999999940
v 0.429406821 0.087431445 -0.13300239 0.999999940 0.999999940 0.999999940
v 0.463835328 0.089209489 -0.13947015 0.999999940 0.999999940 0.999999940
v 0.490779042 0.094262979 -0.16376747 0.999999940 0.999999940 0.999999940
v 0.513343870 0.095395922 -0.17141391 0.999999940 0.999999940 0.999999940
v 0.541936278 0.095263943 -0.17532916 0.999999940 0.999999940 0.999999940
v 0.555651783 0.096181012 -0.18338463 0.999999940 0.999999940 0.999999940
v 0.556112527 0.099099725 -0.20033211 0.999999940 0.999999940 0.999999940
v 0.564185679 0.100820936 -0.21441917 0.999999940 0.999999940 0.999999940
v 0.593726635 0.098852448 -0.21328337 0.999999940 0.999999940 0.999999940
v 0.619320869 0.096291400 -0.20966356 0.999999940 0.999999940 0.999999940
v 0.677782952 0.086715146 -0.18419488 0.999999940 0.999999940 0.999999940
v 0.649965763 0.092431083 -0.20300169 0.999999940 0.999999940 0.999999940
v 0.693486928 0.082101427 -0.16519532 0.999999940 0.999999940 0.999999940
v 0.709790885 0.081499487 -0.17101967 0.999999940 0.999999940 0.999999940
v 0.698281824 0.085719764 -0.19196238 0.999999940 0.999999940 0.999999940
v 0.676588296 0.090953424 -0.21307294 0.999999940 0.999999940 0.999999940
v 0.644044101 0.095502309 -0.22102709 0.999999940 0.999999940 0.999999940
v 0.600960791 0.099947653 -0.22570765 0.999999940 0.999999940 0.999999940
v 0.622754573 0.098430201 -0.22823547 0.999999940 0.999999940 0.999999940
v 0.569230437 0.101869821 -0.22431013 0.999999940 0.999999940 0.999999940
v 0.589398801 0.101922072 -0.23520029 0.999999940 0.999999940 0.999999940
v 0.546039521 0.102975882 -0.22462156 0.999999940 0.999999940 0.999999940
v 0.533909797 0.101636387 -0.21123038 0.999999940 0.999999940 0.999999940
v 0.530948936 0.098513320 -0.19071381 0.999999940 0.999999940 0.999999940
v 0.502969265 0.097807332 -0.1831955 0.999999940 0.999999940 0.999999940
v 0.478948444 0.097491756 -0.18050344 0.999999940 0.999999940 0.999999940
v 0.469848424 0.093551024 -0.16003062 0.999999940 0.999999940 0.999999940
v 0.449052453 0.092071205 -0.15363717 0.999999940 0.999999940 0.999999940
v 0.456330150 0.095330931 -0.16985579 0.999999940 0.999999940 0.999999940
v 0.495223313 0.100751034 -0.20021358 0.999999940 0.999999940 0.999999940
v 0.479563772 0.100344874 -0.19763297 0.999999940 0.999999940 0.999999940
v 0.464945793 0.098468400 -0.18674061 0.999999940 0.999999940 0.999999940
v 0.514554202 0.099974878 -0.19707479 0.999999940 0.999999940 0.999999940
v 0.521854460 0.103552170 -0.22327612 0.999999940 0.999999940 0.999999940
v 0.510949194 0.102166399 -0.211211 0.999999940 0.999999940 0.999999940
v 0.536351025 0.104260273 -0.23277223 0.999999940 0.999999940 0.999999940
v 0.562062382 0.103776179 -0.23758072 0.999999940 0.999999940 0.999999940
v 0.616661787 0.100507430 -0.24187884 0.999999940 0.999999940 0.999999940
v 0.582674324 0.103407003 -0.24546874 0.999999940 0.999999940 0.999999940
v 0.602688491 0.102711789 -0.2530801 0.999999940 0.999999940 0.999999940
v 0.640286743 0.097767151 -0.23748441 0.999999940 0.999999940 0.999999940
v 0.662769436 0.094621084 -0.23104623 0.999999940 0.999999940 0.999999940
v 0.647380411 0.097893424 -0.24635208 0.999999940 0.999999940 0.999999940
v 0.626616597 0.101101376 -0.25891006 0.999999940 0.999999940 0.999999940
v 0.583453893 0.104856520 -0.26329783 0.999999940 0.999999940 0.999999940
v 0.599977672 0.104358114 -0.272542 0.999999940 0.999999940 0.999999940
v 0.618309855 0.102772198 -0.2715877 0.999999940 0.999999940 0.999999940
v 0.565686643 0.105307556 -0.25603813 0.999999940 0.999999940 0.999999940
v 0.549609541 0.105081677 -0.2454278 0.999999940 0.999999940 0.999999940
v 0.524815678 0.105490088 -0.24180532 0.999999940 0.999999940 0.999999940
v 0.502412438 0.104855939 -0.2322624 0.999999940 0.999999940 0.999999940
v 0.491701662 0.103584379 -0.22060852 0.999999940 0.999999940 0.999999940
v 0.471916943 0.102132156 -0.20997283 0.999999940 0.999999940 0.999999940
v 0.449822634 0.098304800 -0.18743445 0.999999940 0.999999940 0.999999940
v 0.439901381 0.094871841 -0.16925047 0.999999940 0.999999940 0.999999940
v 0.423979580 0.090946473 -0.15100159 0.999999940 0.999999940 0.999999940
v 0.434233009 0.097856611 -0.187628 0.999999940 0.999999940 0.999999940
v 0.42323789 0.094329707 -0.16932593 0.999999940 0.999999940 0.999999940
v 0.443762898 0.100736416 -0.20465416 0.999999940 0.999999940 0.999999940
v 0.459189355 0.103182978 -0.22016147 0.999999940 0.999999940 0.999999940
v 0.477857857 0.104833625 -0.23227572 0.999999940 0.999999940 0.999999940
v 0.485223025 0.106118537 -0.24536112 0.999999940 0.999999940 0.999999940
v 0.512223959 0.106033660 -0.24557103 0.999999940 0.999999940 0.999999940
v 0.523969590 0.106730051 -0.25698698 0.999999940 0.999999940 0.999999940
v 0.540647327 0.106256142 -0.25610268 0.999999940 0.999999940 0.999999940
v 0.552121222 0.106590718 -0.26638743 0.999999940 0.999999940 0.999999940
v 0.574605405 0.106265656 -0.27774659 0.999999940 0.999999940 0.999999940
v 0.623749434 0.103105999 -0.28710064 0.999999940 0.999999940 0.999999940
v 0.597844541 0.105398632 -0.29085433 0.999999940 0.999999940 0.999999940
v 0.642331242 0.100566960 -0.27469036 0.999999940 0.999999940 0.999999940
v 0.651852130 0.098299317 -0.25697845 0.999999940 0.999999940 0.999999940
v 0.661515712 0.097832948 -0.2661382 0.999999940 0.999999940 0.999999940
v 0.665928125 0.098009698 -0.27851492 0.999999940 0.999999940 0.999999940
v 0.651776194 0.100332051 -0.29215521 0.999999940 0.999999940 0.999999940
v 0.630291104 0.103010535 -0.30239555 0.999999940 0.999999940 0.999999940
v 0.607225298 0.105151228 -0.3051129 0.999999940 0.999999940 0.999999940
v 0.585841178 0.106499850 -0.29983008 0.999999940 0.999999940 0.999999940
v 0.547788739 0.107477448 -0.28037623 0.999999940 0.999999940 0.999999940
v 0.564598977 0.107388563 -0.29398924 0.999999940 0.999999940 0.999999940
v 0.531272530 0.107240229 -0.26709136 0.999999940 0.999999940 0.999999940
v 0.501311779 0.107284627 -0.26098999 0.999999940 0.999999940 0.999999940
v 0.452543139 0.105983831 -0.25052923 0.999999940 0.999999940 0.999999940
v 0.474229931 0.107231244 -0.26254165 0.999999940 0.999999940 0.999999940
v 0.457936555 0.104842953 -0.23576993 0.999999940 0.999999940 0.999999940
v 0.441550195 0.102741360 -0.2208551 0.999999940 0.999999940 0.999999940
v 0.430606007 0.103868439 -0.23598765 0.999999940 0.999999940 0.999999940
v 0.427313327 0.104787774 -0.2486095 0.999999940 0.999999940 0.999999940
v 0.434655457 0.106416024 -0.26814899 0.999999940 0.999999940 0.999999940
v 0.454128146 0.107047915 -0.26687562 0.999999940 0.999999940 0.999999940
v 0.468756049 0.108022399 -0.28162774 0.999999940 0.999999940 0.999999940
v 0.490437358 0.107867166 -0.27197695 0.999999940 0.999999940 0.999999940
v 0.512525260 0.108117446 -0.28004181 0.999999940 0.999999940 0.999999940
v 0.527254998 0.108031965 -0.28225636 0.999999940 0.999999940 0.999999940
v 0.545468807 0.108015008 -0.29374272 0.999999940 0.999999940 0.999999940
v 0.556842744 0.108107641 -0.31394958 0.999999940 0.999999940 0.999999940
v 0.579579412 0.107114084 -0.31110799 0.999999940 0.999999940 0.999999940
v 0.540807366 0.108375601 -0.30392742 0.999999940 0.999999940 0.999999940
v 0.595654368 0.106271281 -0.32143143 0.999999940 0.999999940 0.999999940
v 0.617969095 0.104557722 -0.32112333 0.999999940 0.999999940 0.999999940
v 0.655205369 0.100348867 -0.30632174 0.999999940 0.999999940 0.999999940
v 0.639943778 0.102294132 -0.31622317 0.999999940 0.999999940 0.999999940
v 0.674076378 0.097740791 -0.29727545 0.999999940 0.999999940 0.999999940
v 0.678438961 0.097619205 -0.31733593 0.999999940 0.999999940 0.999999940
v 0.657184302 0.100421860 -0.32421076 0.999999940 0.999999940 0.999999940
v 0.636404514 0.102838516 -0.33275783 0.999999940 0.999999940 0.999999940
v 0.623197853 0.104108631 -0.34913373 0.999999940 0.999999940 0.999999940
v 0.605632960 0.105654880 -0.33941355 0.999999940 0.999999940 0.999999940
v 0.583104908 0.107149042 -0.33601335 0.999999940 0.999999940 0.999999940
v 0.567625403 0.107787236 -0.32184741 0.999999940 0.999999940 0.999999940
v 0.565439164 0.107963115 -0.341804 0.999999940 0.999999940 0.999999940
v 0.551020622 0.108414620 -0.34283122 0.999999940 0.999999940 0.999999940
v 0.537031471 0.108627915 -0.31951952 0.999999940 0.999999940 0.999999940
v 0.514163672 0.108775518 -0.30883199 0.999999940 0.999999940 0.999999940
v 0.508090198 0.108570203 -0.29369825 0.999999940 0.999999940 0.999999940
v 0.476391673 0.108436830 -0.29180202 0.999999940 0.999999940 0.999999940
v 0.449450850 0.107938908 -0.29278374 0.999999940 0.999999940 0.999999940
v 0.447544425 0.107515938 -0.28131479 0.999999940 0.999999940 0.999999940
v 0.422717899 0.106507599 -0.28274128 0.999999940 0.999999940 0.999999940
v 0.429347783 0.107194796 -0.29360431 0.999999940 0.999999940 0.999999940
v 0.442006588 0.108141385 -0.31366265 0.999999940 0.999999940 0.999999940
v 0.460568636 0.108571879 -0.31305912 0.999999940 0.999999940 0.999999940
v 0.484035134 0.108775712 -0.30774704 0.999999940 0.999999940 0.999999940
v 0.497508138 0.108918204 -0.32746923 0.999999940 0.999999940 0.999999940
v 0.515070080 0.108899511 -0.33263883 0.999999940 0.999999940 0.999999940
v 0.529213368 0.108810782 -0.34255609 0.999999940 0.999999940 0.999999940
v 0.554280400 0.108067937 -0.36974406 0.999999940 0.999999940 0.999999940
v 0.540050447 0.108577713 -0.35634619 0.999999940 0.999999940 0.999999940
v 0.581934094 0.106990337 -0.3641679 0.999999940 0.999999940 0.999999940
v 0.593192219 0.106466025 -0.35246778 0.999999940 0.999999940 0.999999940
v 0.605959355 0.105427533 -0.36187387 0.999999940 0.999999940 0.999999940
v 0.572173476 0.107214219 -0.37616697 0.999999940 0.999999940 0.999999940
v 0.588777780 0.106069468 -0.38346222 0.999999940 0.999999940 0.999999940
v 0.558455884 0.107322715 -0.39194098 0.999999940 0.999999940 0.999999940
v 0.539482355 0.107805714 -0.39523253 0.999999940 0.999999940 0.999999940
v 0.528962552 0.108472384 -0.37819588 0.999999940 0.999999940 0.999999940
v 0.500767886 0.108904741 -0.35351175 0.999999940 0.999999940 0.999999940
v 0.507349848 0.108747772 -0.37152869 0.999999940 0.999999940 0.999999940
v 0.475890755 0.108870238 -0.33462727 0.999999940 0.999999940 0.999999940
v 0.456920325 0.108634688 -0.33637834 0.999999940 0.999999940 0.999999940
v 0.429295778 0.107791468 -0.32747716 0.999999940 0.999999940 0.999999940
v 0.442429065 0.108280301 -0.34463438 0.999999940 0.999999940 0.999999940
v 0.415946632 0.106887303 -0.3080326 0.999999940 0.999999940 0.999999940
v 0.411610037 0.106932506 -0.33331645 0.999999940 0.999999940 0.999999940
v 0.391535848 0.1052607 -0.3122319 0.999999940 0.999999940 0.999999940
v 0.401883125 0.105591431 -0.29389265 0.999999940 0.999999940 0.999999940
v 0.428969472 0.107717417 -0.3551985 0.999999940 0.999999940 0.999999940
v 0.443950384 0.108042046 -0.37028983 0.999999940 0.999999940 0.999999940
v 0.459989547 0.108583927 -0.36122265 0.999999940 0.999999940 0.999999940
v 0.482343256 0.108794577 -0.36362934 0.999999940 0.999999940 0.999999940
v 0.484493583 0.108466632 -0.38603935 0.999999940 0.999999940 0.999999940
v 0.512656092 0.108491674 -0.38499439 0.999999940 0.999999940 0.999999940
v 0.519238412 0.108054108 -0.39790064 0.999999940 0.999999940 0.999999940
v 0.514123082 0.107571132 -0.41170314 0.999999940 0.999999940 0.999999940
v 0.541662573 0.107081793 -0.41143578 0.999999940 0.999999940 0.999999940
v 0.569035768 0.106242872 -0.40694273 0.999999940 0.999999940 0.999999940
v 0.575810194 0.106457650 -0.39378759 0.999999940 0.999999940 0.999999940
v 0.596047699 0.105071783 -0.3969712 0.999999940 0.999999940 0.999999940
v 0.608215212 0.104629404 -0.38452226 0.999999940 0.999999940 0.999999940
v 0.553933382 0.106301553 -0.41786179 0.999999940 0.999999940 0.999999940
v 0.569966435 0.104924231 -0.42833114 0.999999940 0.999999940 0.999999940
v 0.587525427 0.104867540 -0.41236737 0.999999940 0.999999940 0.999999940
v 0.532761991 0.106338441 -0.42855328 0.999999940 0.999999940 0.999999940
v 0.508926868 0.106750190 -0.42762947 0.999999940 0.999999940 0.999999940
v 0.494649887 0.107870839 -0.40672499 0.999999940 0.999999940 0.999999940
v 0.469785064 0.107840687 -0.40047649 0.999999940 0.999999940 0.999999940
v 0.457169443 0.108023256 -0.38709992 0.999999940 0.999999940 0.999999940
v 0.470765888 0.108495302 -0.37693316 0.999999940 0.999999940 0.999999940
v 0.433252781 0.107401460 -0.38092563 0.999999940 0.999999940 0.999999940
v 0.414557993 0.106884054 -0.36293986 0.999999940 0.999999940 0.999999940
v 0.396216601 0.105887800 -0.33802477 0.999999940 0.999999940 0.999999940
v 0.423321902 0.106614992 -0.39057469 0.999999940 0.999999940 0.999999940
v 0.402281999 0.105991825 -0.36639899 0.999999940 0.999999940 0.999999940
v 0.401367396 0.105517908 -0.38130957 0.999999940 0.999999940 0.999999940
v 0.443946808 0.106958538 -0.40502834 0.999999940 0.999999940 0.999999940
v 0.476106047 0.107051014 -0.4199163 0.999999940 0.999999940 0.999999940
v 0.461303681 0.106783323 -0.41919661 0.999999940 0.999999940 0.999999940
v 0.490105539 0.106324978 -0.43419319 0.999999940 0.999999940 0.999999940
v 0.504934608 0.104919314 -0.45244932 0.999999940 0.999999940 0.999999940
v 0.524044215 0.105525456 -0.44230399 0.999999940 0.999999940 0.999999940
v 0.540748953 0.104502834 -0.4496488 0.999999940 0.999999940 0.999999940
v 0.555951535 0.104932673 -0.43749231 0.999999940 0.999999940 0.999999940
v 0.574117302 0.103424802 -0.44494906 0.999999940 0.999999940 0.999999940
v 0.590666174 0.103604503 -0.42883411 0.999999940 0.999999940 0.999999940
v 0.604099631 0.103270649 -0.41887423 0.999999940 0.999999940 0.999999940
v 0.619785547 0.102902345 -0.40111518 0.999999940 0.999999940 0.999999940
v 0.622239530 0.103629395 -0.37835395 0.999999940 0.999999940 0.999999940
v 0.617830634 0.101891309 -0.42174852 0.999999940 0.999999940 0.999999940
v 0.631859660 0.100831285 -0.4167437 0.999999940 0.999999940 0.999999940
v 0.643401324 0.100489541 -0.40111777 0.999999940 0.999999940 0.999999940
v 0.604622364 0.101623468 -0.44076079 0.999999940 0.999999940 0.999999940
v 0.587964892 0.102087654 -0.44997719 0.999999940 0.999999940 0.999999940
v 0.559428274 0.103024363 -0.4577674 0.999999940 0.999999940 0.999999940
v 0.576418638 0.100925959 -0.46958983 0.999999940 0.999999940 0.999999940
v 0.544187367 0.102368719 -0.47060004 0.999999940 0.999999940 0.999999940
v 0.525235414 0.103934846 -0.4602569 0.999999940 0.999999940 0.999999940
v 0.498921126 0.103879466 -0.46334818 0.999999940 0.999999940 0.999999940
v 0.520036697 0.102138765 -0.47832644 0.999999940 0.999999940 0.999999940
v 0.479934990 0.104774124 -0.45223522 0.999999940 0.999999940 0.999999940
v 0.471224784 0.105740703 -0.43829811 0.999999940 0.999999940 0.999999940
v 0.455598145 0.105094678 -0.44129103 0.999999940 0.999999940 0.999999940
v 0.447182357 0.105965234 -0.42485192 0.999999940 0.999999940 0.999999940
v 0.479881644 0.103517368 -0.46531662 0.999999940 0.999999940 0.999999940
v 0.460712909 0.103724241 -0.45861614 0.999999940 0.999999940 0.999999940
v 0.503977119 0.101027868 -0.48915732 0.999999940 0.999999940 0.999999940
v 0.483280956 0.101984724 -0.47980413 0.999999940 0.999999940 0.999999940
v 0.535082638 0.100186407 -0.49178708 0.999999940 0.999999940 0.999999940
v 0.552879273 0.099413536 -0.49307656 0.999999940 0.999999940 0.999999940
v 0.559740662 0.101805128 -0.46972898 0.999999940 0.999999940 0.999999940
v 0.590636611 0.100046753 -0.46898979 0.999999940 0.999999940 0.999999940
v 0.592158496 0.097570300 -0.49000004 0.999999940 0.999999940 0.999999940
v 0.570001363 0.099030181 -0.48940137 0.999999940 0.999999940 0.999999940
v 0.606633484 0.099477373 -0.46248698 0.999999940 0.999999940 0.999999940
v 0.624796688 0.099206164 -0.44791681 0.999999940 0.999999940 0.999999940
v 0.640619635 0.099054880 -0.42923284 0.999999940 0.999999940 0.999999940
v 0.650955975 0.096243433 -0.44999278 0.999999940 0.999999940 0.999999940
v 0.665268540 0.095353126 -0.44019288 0.999999940 0.999999940 0.999999940
v 0.659262478 0.097751729 -0.41665739 0.999999940 0.999999940 0.999999940
v 0.634255647 0.096525356 -0.46636409 0.999999940 0.999999940 0.999999940
v 0.613317966 0.097257219 -0.47816044 0.999999940 0.999999940 0.999999940
v 0.584064483 0.096442103 -0.50310701 0.999999940 0.999999940 0.999999940
v 0.625164985 0.094987228 -0.48900661 0.999999940 0.999999940 0.999999940
v 0.613899529 0.094259798 -0.50285077 0.999999940 0.999999940 0.999999940
v 0.560479402 0.097705930 -0.50325561 0.999999940 0.999999940 0.999999940
v 0.529174268 0.098772548 -0.50338066 0.999999940 0.999999940 0.999999940
v 0.492015242 0.099027857 -0.50341064 0.999999940 0.999999940 0.999999940
v 0.466540694 0.099912457 -0.49401906 0.999999940 0.999999940 0.999999940
v 0.459893524 0.101589225 -0.47853205 0.999999940 0.999999940 0.999999940
v 0.446906149 0.102554000 -0.4652839 0.999999940 0.999999940 0.999999940
v 0.431217610 0.099273718 -0.48737597 0.999999940 0.999999940 0.999999940
v 0.445690512 0.097862780 -0.50327373 0.999999940 0.999999940 0.999999940
v 0.466223508 0.098624706 -0.50336349 0.999999940 0.999999940 0.999999940
v 0.510154247 0.107898443 -0.50343573 0.999999940 0.999999940 0.999999940
v 0.473725378 0.108833253 -0.50340587 0.999999940 0.999999940 0.999999940
v 0.553973376 0.107663214 -0.50331128 0.999999940 0.999999940 0.999999940
v 0.586093664 0.104613408 -0.50310493 0.999999940 0.999999940 0.999999940
v 0.613020837 0.103301174 -0.50287652 0.999999940 0.999999940 0.999999940
v 0.633269488 0.092565000 -0.50265151 0.999999940 0.999999940 0.999999940
v 0.657107353 0.090196661 -0.5023731 0.999999940 0.999999940 0.999999940
v 0.652566015 0.092338271 -0.4877854 0.999999940 0.999999940 0.999999940
v 0.668690860 0.090710148 -0.48635083 0.999999940 0.999999940 0.999999940
v 0.653991997 0.094648741 -0.46359944 0.999999940 0.999999940 0.999999940
v 0.684081852 0.091646388 -0.45684603 0.999999940 0.999999940 0.999999940
v 0.681779801 0.094196774 -0.42736563 0.999999940 0.999999940 0.999999940
v 0.703987538 0.090665713 -0.43507525 0.999999940 0.999999940 0.999999940
v 0.722538352 0.086244814 -0.46183458 0.999999940 0.999999940 0.999999940
v 0.712488710 0.086398005 -0.47577363 0.999999940 0.999999940 0.999999940
v 0.683313846 0.090198427 -0.47396082 0.999999940 0.999999940 0.999999940
v 0.682756006 0.087456397 -0.502051 0.999999940 0.999999940 0.999999940
v 0.697853028 0.086703747 -0.49224782 0.999999940 0.999999940 0.999999940
v 0.676353275 0.098293051 -0.50214571 0.999999940 0.999999940 0.999999940
v 0.646080613 0.100388430 -0.50251967 0.999999940 0.999999940 0.999999940
v 0.629724264 0.111268252 -0.50269949 0.999999940 0.999999940 0.999999940
v 0.585796535 0.114707119 -0.50310349 0.999999940 0.999999940 0.999999940
v 0.559571027 0.1162 -0.50327897 0.999999940 0.999999940 0.999999940
v 0.539562642 0.116913877 -0.50336301 0.999999940 0.999999940 0.999999940
v 0.498020380 0.117470502 -0.50342816 0.999999940 0.999999940 0.999999940
v 0.442578226 0.108503922 -0.50327748 0.999999940 0.999999940 0.999999940
v 0.449085265 0.116402372 -0.50330305 0.999999940 0.999999940 0.999999940
v 0.507335484 0.119834899 -0.48573357 0.999999940 0.999999940 0.999999940
v 0.524877309 0.118939317 -0.49113864 0.999999940 0.999999940 0.999999940
v 0.491081237 0.118618324 -0.49511766 0.999999940 0.999999940 0.999999940
v 0.467120289 0.118767231 -0.49080324 0.999999940 0.999999940 0.999999940
v 0.541812539 0.118694379 -0.4894245 0.999999940 0.999999940 0.999999940
v 0.562515795 0.117982715 -0.48841536 0.999999940 0.999999940 0.999999940
v 0.577275753 0.116553559 -0.49324939 0.999999940 0.999999940 0.999999940
v 0.598161578 0.115052677 -0.49411207 0.999999940 0.999999940 0.999999940
v 0.656193494 0.108712002 -0.50239921 0.999999940 0.999999940 0.999999940
v 0.638669729 0.111998729 -0.48967257 0.999999940 0.999999940 0.999999940
v 0.616928756 0.114189498 -0.48846498 0.999999940 0.999999940 0.999999940
v 0.700448036 0.103844627 -0.50182742 0.999999940 0.999999940 0.999999940
v 0.71055758 0.091841809 -0.50169027 0.999999940 0.999999940 0.999999940
v 0.709325730 0.084459900 -0.50169897 0.999999940 0.999999940 0.999999940
v 0.724069654 0.083651647 -0.49144709 0.999999940 0.999999940 0.999999940
v 0.742467999 0.082906678 -0.47220626 0.999999940 0.999999940 0.999999940
v 0.742855012 0.081216201 -0.49442199 0.999999940 0.999999940 0.999999940
v 0.735898017 0.081457302 -0.50134599 0.999999940 0.999999940 0.999999940
v 0.742961168 0.086648233 -0.50125849 0.999999940 0.999999940 0.999999940
v 0.74295187 0.093608245 -0.50126231 0.999999940 0.999999940 0.999999940
v 0.660162746 0.110277347 -0.48449832 0.999999940 0.999999940 0.999999940
v 0.697239697 0.105291411 -0.49098742 0.999999940 0.999999940 0.999999940
v 0.725665807 0.102281443 -0.48629716 0.999999940 0.999999940 0.999999940
v 0.735879004 0.099832996 -0.50135601 0.999999940 0.999999940 0.999999940
v 0.623384416 0.115310631 -0.47314966 0.999999940 0.999999940 0.999999940
v 0.638238728 0.114349260 -0.46801561 0.999999940 0.999999940 0.999999940
v 0.587957143 0.117968194 -0.47562 0.999999940 0.999999940 0.999999940
v 0.604333341 0.117119669 -0.47172761 0.999999940 0.999999940 0.999999940
v 0.583798706 0.119103215 -0.46788925 0.999999940 0.999999940 0.999999940
v 0.5525105 0.120368026 -0.47153008 0.999999940 0.999999940 0.999999940
v 0.537483930 0.120555996 -0.47461534 0.999999940 0.999999940 0.999999940
v 0.537778258 0.122238665 -0.45815516 0.999999940 0.999999940 0.999999940
v 0.559446215 0.121547751 -0.45678335 0.999999940 0.999999940 0.999999940
v 0.571597099 0.121710710 -0.44813633 0.999999940 0.999999940 0.999999940
v 0.593877375 0.120057299 -0.45034009 0.999999940 0.999999940 0.999999940
v 0.616844773 0.117679804 -0.45564008 0.999999940 0.999999940 0.999999940
v 0.647241294 0.114608541 -0.45541981 0.999999940 0.999999940 0.999999940
v 0.668128848 0.110274523 -0.47550246 0.999999940 0.999999940 0.999999940
v 0.680402219 0.109773084 -0.46521351 0.999999940 0.999999940 0.999999940
v 0.705190897 0.105522975 -0.47792581 0.999999940 0.999999940 0.999999940
v 0.725187301 0.104181960 -0.46321762 0.999999940 0.999999940 0.999999940
v 0.742416501 0.101424999 -0.47050852 0.999999940 0.999999940 0.999999940
v 0.742835998 0.099590897 -0.49443099 0.999999940 0.999999940 0.999999940
v 0.742960989 0.099046401 -0.50126398 0.999999940 0.999999940 0.999999940
v 0.742166519 0.093704231 -0.45509487 0.999999940 0.999999940 0.999999940
v 0.742192983 0.102402493 -0.4568305 0.999999940 0.999999940 0.999999940
v 0.697789430 0.107950314 -0.46072552 0.999999940 0.999999940 0.999999940
v 0.710569024 0.107540875 -0.44410354 0.999999940 0.999999940 0.999999940
v 0.725058794 0.105949349 -0.43826452 0.999999940 0.999999940 0.999999940
v 0.654547989 0.115366861 -0.43639243 0.999999940 0.999999940 0.999999940
v 0.681918621 0.111632436 -0.44063175 0.999999940 0.999999940 0.999999940
v 0.631749153 0.117800816 -0.43739346 0.999999940 0.999999940 0.999999940
v 0.611342549 0.119673736 -0.43816847 0.999999940 0.999999940 0.999999940
v 0.589701652 0.121519118 -0.43664864 0.999999940 0.999999940 0.999999940
v 0.564115285 0.123411797 -0.43193188 0.999999940 0.999999940 0.999999940
v 0.542729020 0.123074397 -0.44706538 0.999999940 0.999999940 0.999999940
v 0.521251857 0.123656973 -0.44641298 0.999999940 0.999999940 0.999999940
v 0.522199034 0.121859051 -0.4659386 0.999999940 0.999999940 0.999999940
v 0.499827921 0.121792681 -0.46846002 0.999999940 0.999999940 0.999999940
v 0.503536403 0.123292215 -0.45263332 0.999999940 0.999999940 0.999999940
v 0.541417717 0.124279938 -0.43202397 0.999999940 0.999999940 0.999999940
v 0.495507776 0.124562181 -0.43707427 0.999999940 0.999999940 0.999999940
v 0.520447850 0.124888584 -0.42995876 0.999999940 0.999999940 0.999999940
v 0.563167214 0.124217562 -0.41997197 0.999999940 0.999999940 0.999999940
v 0.582900106 0.123143471 -0.41986999 0.999999940 0.999999940 0.999999940
v 0.600117862 0.122221194 -0.41564295 0.999999940 0.999999940 0.999999940
v 0.619348049 0.120399981 -0.41823301 0.999999940 0.999999940 0.999999940
v 0.630744457 0.118943378 -0.42333165 0.999999940 0.999999940 0.999999940
v 0.649574935 0.117367968 -0.41565022 0.999999940 0.999999940 0.999999940
v 0.668185174 0.114629812 -0.42336085 0.999999940 0.999999940 0.999999940
v 0.697436273 0.111009478 -0.41895297 0.999999940 0.999999940 0.999999940
v 0.72313416 0.107440747 -0.41753697 0.999999940 0.999999940 0.999999940
v 0.741681098 0.104637503 -0.42002389 0.999999940 0.999999940 0.999999940
v 0.683008551 0.113704942 -0.40620771 0.999999940 0.999999940 0.999999940
v 0.699326932 0.111952357 -0.39526072 0.999999940 0.999999940 0.999999940
v 0.716427326 0.109482094 -0.3953858 0.999999940 0.999999940 0.999999940
v 0.658790588 0.117132909 -0.40043256 0.999999940 0.999999940 0.999999940
v 0.638163387 0.119469381 -0.40120843 0.999999940 0.999999940 0.999999940
v 0.621051132 0.121224060 -0.40076384 0.999999940 0.999999940 0.999999940
v 0.581507861 0.124332353 -0.39963502 0.999999940 0.999999940 0.999999940
v 0.601726770 0.123404614 -0.38884968 0.999999940 0.999999940 0.999999940
v 0.559890806 0.125061363 -0.40668854 0.999999940 0.999999940 0.999999940
v 0.541193187 0.125433072 -0.41263601 0.999999940 0.999999940 0.999999940
v 0.512490391 0.125841870 -0.41476923 0.999999940 0.999999940 0.999999940
v 0.546507775 0.125904560 -0.39774233 0.999999940 0.999999940 0.999999940
v 0.521050751 0.126361191 -0.40060851 0.999999940 0.999999940 0.999999940
v 0.565194070 0.125708714 -0.38437206 0.999999940 0.999999940 0.999999940
v 0.581364095 0.124816767 -0.38688836 0.999999940 0.999999940 0.999999940
v 0.592941701 0.124581679 -0.37072483 0.999999940 0.999999940 0.999999940
v 0.613265931 0.122880771 -0.37696373 0.999999940 0.999999940 0.999999940
v 0.632977187 0.120823733 -0.38273931 0.999999940 0.999999940 0.999999940
v 0.657088935 0.117979466 -0.3858535 0.999999940 0.999999940 0.999999940
v 0.677062273 0.115265652 -0.38949829 0.999999940 0.999999940 0.999999940
v 0.689722001 0.113999918 -0.3761085 0.999999940 0.999999940 0.999999940
v 0.718190252 0.109961852 -0.37346718 0.999999940 0.999999940 0.999999940
v 0.741343140 0.106113940 -0.38442183 0.999999940 0.999999940 0.999999940
v 0.741479456 0.095464430 -0.40160486 0.999999940 0.999999940 0.999999940
v 0.741789042 0.094714716 -0.42900458 0.999999940 0.999999940 0.999999940
v 0.721536338 0.109768532 -0.35818768 0.999999940 0.999999940 0.999999940
v 0.741157531 0.106926247 -0.3418445 0.999999940 0.999999940 0.999999940
v 0.741159975 0.098664768 -0.34888554 0.999999940 0.999999940 0.999999940
v 0.741273045 0.096353143 -0.37633362 0.999999940 0.999999940 0.999999940
v 0.690720617 0.114289760 -0.35765254 0.999999940 0.999999940 0.999999940
v 0.670147776 0.116738662 -0.37337294 0.999999940 0.999999940 0.999999940
v 0.673722565 0.116666011 -0.35597074 0.999999940 0.999999940 0.999999940
v 0.651229381 0.119272001 -0.36704561 0.999999940 0.999999940 0.999999940
v 0.627047121 0.121894352 -0.36591041 0.999999940 0.999999940 0.999999940
v 0.616579890 0.123098321 -0.35275659 0.999999940 0.999999940 0.999999940
v 0.580895543 0.125454157 -0.36291078 0.999999940 0.999999940 0.999999940
v 0.599638342 0.124510034 -0.34448108 0.999999940 0.999999940 0.999999940
v 0.564589142 0.126297891 -0.35630414 0.999999940 0.999999940 0.999999940
v 0.549426734 0.126377075 -0.37977654 0.999999940 0.999999940 0.999999940
v 0.525738596 0.126855477 -0.38010195 0.999999940 0.999999940 0.999999940
v 0.543742060 0.126889616 -0.35580641 0.999999940 0.999999940 0.999999940
v 0.585271239 0.125423833 -0.33817399 0.999999940 0.999999940 0.999999940
v 0.554666101 0.126676052 -0.32790282 0.999999940 0.999999940 0.999999940
v 0.568249046 0.126217588 -0.32843238 0.999999940 0.999999940 0.999999940
v 0.587167978 0.125240206 -0.3208316 0.999999940 0.999999940 0.999999940
v 0.609668731 0.123665519 -0.32265693 0.999999940 0.999999940 0.999999940
v 0.618370473 0.1230122 -0.33575377 0.999999940 0.999999940 0.999999940
v 0.634126424 0.121503807 -0.33626014 0.999999940 0.999999940 0.999999940
v 0.645408809 0.120240159 -0.34979144 0.999999940 0.999999940 0.999999940
v 0.668405115 0.117486611 -0.33626008 0.999999940 0.999999940 0.999999940
v 0.688709676 0.114736780 -0.33883733 0.999999940 0.999999940 0.999999940
v 0.710954964 0.111494556 -0.34433153 0.999999940 0.999999940 0.999999940
v 0.713986039 0.111049562 -0.32661465 0.999999940 0.999999940 0.999999940
v 0.683561146 0.115369968 -0.31988093 0.999999940 0.999999940 0.999999940
v 0.658132612 0.118752591 -0.32587552 0.999999940 0.999999940 0.999999940
v 0.645134627 0.120151735 -0.31668657 0.999999940 0.999999940 0.999999940
v 0.627208292 0.121961608 -0.31092635 0.999999940 0.999999940 0.999999940
v 0.607496738 0.123607747 -0.30800146 0.999999940 0.999999940 0.999999940
v 0.588754355 0.124813161 -0.30364567 0.999999940 0.999999940 0.999999940
v 0.567519843 0.125918552 -0.30304462 0.999999940 0.999999940 0.999999940
v 0.536276102 0.127034574 -0.32318237 0.999999940 0.999999940 0.999999940
v 0.541637063 0.126734033 -0.30411983 0.999999940 0.999999940 0.999999940
v 0.523417174 0.127182841 -0.34296003 0.999999940 0.999999940 0.999999940
v 0.527613163 0.127065062 -0.36223295 0.999999940 0.999999940 0.999999940
v 0.500013828 0.127097502 -0.37333286 0.999999940 0.999999940 0.999999940
v 0.498905926 0.126800641 -0.38926387 0.999999940 0.999999940 0.999999940
v 0.506183564 0.127217158 -0.35448834 0.999999940 0.999999940 0.999999940
v 0.515780329 0.127198398 -0.32171804 0.999999940 0.999999940 0.999999940
v 0.499837338 0.127240523 -0.33787483 0.999999940 0.999999940 0.999999940
v 0.524528443 0.126888021 -0.29741603 0.999999940 0.999999940 0.999999940
v 0.546789765 0.126197174 -0.28814068 0.999999940 0.999999940 0.999999940
v 0.562270462 0.125445991 -0.28213823 0.999999940 0.999999940 0.999999940
v 0.589674770 0.124335788 -0.28960073 0.999999940 0.999999940 0.999999940
v 0.609694421 0.123022429 -0.29430944 0.999999940 0.999999940 0.999999940
v 0.631021082 0.120903000 -0.2893756 0.999999940 0.999999940 0.999999940
v 0.646884918 0.119286961 -0.2904225 0.999999940 0.999999940 0.999999940
v 0.663704991 0.117790430 -0.30882639 0.999999940 0.999999940 0.999999940
v 0.669211149 0.116485685 -0.28894109 0.999999940 0.999999940 0.999999940
v 0.684365034 0.114713579 -0.29549563 0.999999940 0.999999940 0.999999940
v 0.665285885 0.116409875 -0.27672186 0.999999940 0.999999940 0.999999940
v 0.641813635 0.118248522 -0.26216865 0.999999940 0.999999940 0.999999940
v 0.631237447 0.120029836 -0.27299696 0.999999940 0.999999940 0.999999940
v 0.611862182 0.122240163 -0.28007197 0.999999940 0.999999940 0.999999940
v 0.595466792 0.122960895 -0.2702508 0.999999940 0.999999940 0.999999940
v 0.567867338 0.124565005 -0.26986104 0.999999940 0.999999940 0.999999940
v 0.535195291 0.125759780 -0.27081603 0.999999940 0.999999940 0.999999940
v 0.545324385 0.125212073 -0.26621899 0.999999940 0.999999940 0.999999940
v 0.523018360 0.126391977 -0.28023943 0.999999940 0.999999940 0.999999940
v 0.502787888 0.127027407 -0.29758358 0.999999940 0.999999940 0.999999940
v 0.502133071 0.126552805 -0.27962726 0.999999940 0.999999940 0.999999940
v 0.489529550 0.127210125 -0.31955701 0.999999940 0.999999940 0.999999940
v 0.473869025 0.127184078 -0.34317639 0.999999940 0.999999940 0.999999940
v 0.476443916 0.127157777 -0.35778788 0.999999940 0.999999940 0.999999940
v 0.456417769 0.126954063 -0.35107991 0.999999940 0.999999940 0.999999940
v 0.459371268 0.126693129 -0.3774707 0.999999940 0.999999940 0.999999940
v 0.476752519 0.126882478 -0.38048634 0.999999940 0.999999940 0.999999940
v 0.461729139 0.127017468 -0.31961787 0.999999940 0.999999940 0.999999940
v 0.478394448 0.127050936 -0.30460471 0.999999940 0.999999940 0.999999940
v 0.482283473 0.126763761 -0.28838247 0.999999940 0.999999940 0.999999940
v 0.477267295 0.126123517 -0.27149236 0.999999940 0.999999940 0.999999940
v 0.508616805 0.125998348 -0.26772135 0.999999940 0.999999940 0.999999940
v 0.514538407 0.124965652 -0.25233775 0.999999940 0.999999940 0.999999940
v 0.536187350 0.124472722 -0.25182804 0.999999940 0.999999940 0.999999940
v 0.549980878 0.123758524 -0.24827981 0.999999940 0.999999940 0.999999940
v 0.570409834 0.122916497 -0.24935274 0.999999940 0.999999940 0.999999940
v 0.578848123 0.123624391 -0.26453078 0.999999940 0.999999940 0.999999940
v 0.615822255 0.120809644 -0.262694 0.999999940 0.999999940 0.999999940
v 0.595517933 0.121648006 -0.25277713 0.999999940 0.999999940 0.999999940
v 0.624519884 0.118548400 -0.24550343 0.999999940 0.999999940 0.999999940
v 0.612003624 0.119239568 -0.24110813 0.999999940 0.999999940 0.999999940
v 0.588543117 0.120770797 -0.23858652 0.999999940 0.999999940 0.999999940
v 0.563367128 0.121483281 -0.23176564 0.999999940 0.999999940 0.999999940
v 0.540193498 0.122401110 -0.23118691 0.999999940 0.999999940 0.999999940
v 0.511852622 0.123923428 -0.23942149 0.999999940 0.999999940 0.999999940
v 0.486212641 0.124572284 -0.24586722 0.999999940 0.999999940 0.999999940
v 0.493735551 0.125582486 -0.25970817 0.999999940 0.999999940 0.999999940
v 0.470907092 0.125290289 -0.25773093 0.999999940 0.999999940 0.999999940
v 0.466807067 0.126372590 -0.28165236 0.999999940 0.999999940 0.999999940
v 0.452474921 0.125524878 -0.26910615 0.999999940 0.999999940 0.999999940
v 0.460761308 0.126683458 -0.29669958 0.999999940 0.999999940 0.999999940
v 0.446554422 0.126753926 -0.3276653 0.999999940 0.999999940 0.999999940
v 0.443480968 0.126449778 -0.30685624 0.999999940 0.999999940 0.999999940
v 0.449574053 0.126132398 -0.28652582 0.999999940 0.999999940 0.999999940
v 0.434328585 0.125070229 -0.27303874 0.999999940 0.999999940 0.999999940
v 0.437688231 0.124126210 -0.25457773 0.999999940 0.999999940 0.999999940
v 0.449957758 0.123886913 -0.2452272 0.999999940 0.999999940 0.999999940
v 0.464844763 0.123671762 -0.23870261 0.999999940 0.999999940 0.999999940
v 0.489248603 0.122868768 -0.22783582 0.999999940 0.999999940 0.999999940
v 0.512784063 0.121750727 -0.22006208 0.999999940 0.999999940 0.999999940
v 0.562113821 0.119860656 -0.21823728 0.999999940 0.999999940 0.999999940
v 0.538093030 0.120886012 -0.21818149 0.999999940 0.999999940 0.999999940
v 0.583411216 0.118808701 -0.21913397 0.999999940 0.999999940 0.999999940
v 0.609079241 0.117520861 -0.2239124 0.999999940 0.999999940 0.999999940
v 0.630741119 0.116193458 -0.22888233 0.999999940 0.999999940 0.999999940
v 0.647830486 0.115769572 -0.24101803 0.999999940 0.999999940 0.999999940
v 0.644978463 0.113119185 -0.2157194 0.999999940 0.999999940 0.999999940
v 0.659217059 0.112247422 -0.22063014 0.999999940 0.999999940 0.999999940
v 0.624417126 0.114052325 -0.20815572 0.999999940 0.999999940 0.999999940
v 0.600617587 0.115748621 -0.20648007 0.999999940 0.999999940 0.999999940
v 0.558890700 0.117982298 -0.20398942 0.999999940 0.999999940 0.999999940
v 0.577644348 0.115702785 -0.19630584 0.999999940 0.999999940 0.999999940
v 0.536954045 0.118883952 -0.20401549 0.999999940 0.999999940 0.999999940
v 0.518287479 0.119026966 -0.20141481 0.999999940 0.999999940 0.999999940
v 0.498978555 0.120265997 -0.20773217 0.999999940 0.999999940 0.999999940
v 0.474832952 0.121911078 -0.22042124 0.999999940 0.999999940 0.999999940
v 0.452128052 0.121930375 -0.22452369 0.999999940 0.999999940 0.999999940
v 0.429503560 0.122132211 -0.2347357 0.999999940 0.999999940 0.999999940
v 0.416684478 0.123351097 -0.25870478 0.999999940 0.999999940 0.999999940
v 0.432809084 0.125628203 -0.2890006 0.999999940 0.999999940 0.999999940
v 0.410187602 0.123857334 -0.27535531 0.999999940 0.999999940 0.999999940
v 0.429816722 0.125884011 -0.30397263 0.999999940 0.999999940 0.999999940
v 0.415905535 0.125066816 -0.29906565 0.999999940 0.999999940 0.999999940
v 0.397087276 0.123684085 -0.29475534 0.999999940 0.999999940 0.999999940
v 0.390172004 0.122269533 -0.27451867 0.999999940 0.999999940 0.999999940
v 0.396123737 0.121853895 -0.25882244 0.999999940 0.999999940 0.999999940
v 0.403751939 0.121322274 -0.24337298 0.999999940 0.999999940 0.999999940
v 0.405980110 0.120256714 -0.23003396 0.999999940 0.999999940 0.999999940
v 0.423992425 0.119696289 -0.21493061 0.999999940 0.999999940 0.999999940
v 0.452069133 0.120301164 -0.21113314 0.999999940 0.999999940 0.999999940
v 0.459430068 0.118573062 -0.19763499 0.999999940 0.999999940 0.999999940
v 0.483702272 0.119668021 -0.20338066 0.999999940 0.999999940 0.999999940
v 0.494237095 0.117562763 -0.19017078 0.999999940 0.999999940 0.999999940
v 0.535251975 0.116145722 -0.18696284 0.999999940 0.999999940 0.999999940
v 0.515107512 0.116078466 -0.18355639 0.999999940 0.999999940 0.999999940
v 0.553433418 0.115958407 -0.19026791 0.999999940 0.999999940 0.999999940
v 0.562581419 0.113583743 -0.17962278 0.999999940 0.999999940 0.999999940
v 0.539224147 0.112669423 -0.16949624 0.999999940 0.999999940 0.999999940
v 0.512266874 0.113465443 -0.16931899 0.999999940 0.999999940 0.999999940
v 0.494560033 0.114959508 -0.17560321 0.999999940 0.999999940 0.999999940
v 0.470731347 0.117444947 -0.18965016 0.999999940 0.999999940 0.999999940
v 0.473364055 0.114684186 -0.17375971 0.999999940 0.999999940 0.999999940
v 0.436787396 0.117398917 -0.19419329 0.999999940 0.999999940 0.999999940
v 0.443166941 0.115304075 -0.17999734 0.999999940 0.999999940 0.999999940
v 0.456958860 0.114658691 -0.17456967 0.999999940 0.999999940 0.999999940
v 0.428530573 0.118449159 -0.20386201 0.999999940 0.999999940 0.999999940
v 0.397298455 0.118334047 -0.21787767 0.999999940 0.999999940 0.999999940
v 0.403440207 0.116583138 -0.20026264 0.999999940 0.999999940 0.999999940
v 0.377339988 0.117832481 -0.22939605 0.999999940 0.999999940 0.999999940
v 0.371878415 0.119388692 -0.25440109 0.999999940 0.999999940 0.999999940
v 0.374709308 0.121773652 -0.29735619 0.999999940 0.999999940 0.999999940
v 0.374608784 0.120712168 -0.2730644 0.999999940 0.999999940 0.999999940
v 0.360451728 0.119151115 -0.27625161 0.999999940 0.999999940 0.999999940
v 0.353130966 0.116235986 -0.24301048 0.999999940 0.999999940 0.999999940
v 0.347966224 0.114859506 -0.23297541 0.999999940 0.999999940 0.999999940
v 0.377040624 0.115266740 -0.205846 0.999999940 0.999999940 0.999999940
v 0.359082460 0.113015018 -0.20148189 0.999999940 0.999999940 0.999999940
v 0.419138759 0.115879498 -0.1893193 0.999999940 0.999999940 0.999999940
v 0.391235441 0.114125281 -0.18896614 0.999999940 0.999999940 0.999999940
v 0.398313134 0.112931780 -0.1778592 0.999999940 0.999999940 0.999999940
v 0.422424078 0.114154025 -0.17758985 0.999999940 0.999999940 0.999999940
v 0.430020332 0.112788379 -0.16808447 0.999999940 0.999999940 0.999999940
v 0.436671733 0.110706478 -0.15587786 0.999999940 0.999999940 0.999999940
v 0.462533593 0.111137583 -0.155947 0.999999940 0.999999940 0.999999940
v 0.483823895 0.112487547 -0.16255888 0.999999940 0.999999940 0.999999940
v 0.502918124 0.110570028 -0.15438184 0.999999940 0.999999940 0.999999940
v 0.48273471 0.108841240 -0.14516257 0.999999940 0.999999940 0.999999940
v 0.451663374 0.108273975 -0.14262994 0.999999940 0.999999940 0.999999940
v 0.416720092 0.109076529 -0.15073948 0.999999940 0.999999940 0.999999940
v 0.420414269 0.105832174 -0.13388111 0.999999940 0.999999940 0.999999940
v 0.408283621 0.111635737 -0.16677524 0.999999940 0.999999940 0.999999940
v 0.363499790 0.110330775 -0.17847611 0.999999940 0.999999940 0.999999940
v 0.378017365 0.108847059 -0.16090006 0.999999940 0.999999940 0.999999940
v 0.389742285 0.109417296 -0.15982471 0.999999940 0.999999940 0.999999940
v 0.344496518 0.110790401 -0.20110124 0.999999940 0.999999940 0.999999940
v 0.346544325 0.114348664 -0.24209988 0.999999940 0.999999940 0.999999940
v 0.342422992 0.113222003 -0.233595 0.999999940 0.999999940 0.999999940
v 0.341929704 0.112498007 -0.22545822 0.999999940 0.999999940 0.999999940
v 0.341792464 0.110980771 -0.20868497 0.999999940 0.999999940 0.999999940
v 0.351985007 0.116483002 -0.25404701 0.999999940 0.999999940 0.999999940
v 0.346525013 0.113101996 -0.25336999 0.999999940 0.999999940 0.999999940
v 0.343066006 0.110100001 -0.24256399 0.999999940 0.999999940 0.999999940
v 0.340467989 0.110746003 -0.234538 0.999999940 0.999999940 0.999999940
v 0.339837014 0.111541003 -0.231795 0.999999940 0.999999940 0.999999940
v 0.339219003 0.109169997 -0.22622199 0.999999940 0.999999940 0.999999940
v 0.338842988 0.108415998 -0.212679 0.999999940 0.999999940 0.999999940
v 0.339574009 0.109209001 -0.20757399 0.999999940 0.999999940 0.999999940
v 0.341737508 0.108458504 -0.20008549 0.999999940 0.999999940 0.999999940
v 0.355319023 0.108727522 -0.18002686 0.999999940 0.999999940 0.999999940
v 0.347178012 0.107789002 -0.189125 0.999999940 0.999999940 0.999999940
v 0.356216102 0.105819821 -0.15804987 0.999999940 0.999999940 0.999999940
v 0.355433225 0.104845508 -0.14915101 0.999999940 0.999999940 0.999999940
v 0.366430074 0.101741649 -0.12396693 0.999999940 0.999999940 0.999999940
v 0.350355058 0.101321972 -0.12842323 0.999999940 0.999999940 0.999999940
v 0.402586519 0.107820905 -0.14715806 0.999999940 0.999999940 0.999999940
v 0.389381885 0.105224944 -0.13666566 0.999999940 0.999999940 0.999999940
v 0.399428725 0.103816598 -0.12726071 0.999999940 0.999999940 0.999999940
v 0.369443357 0.098937116 -0.10787275 0.999999940 0.999999940 0.999999940
v 0.332445532 0.093714535 -0.08699933 0.999999940 0.999999940 0.999999940
v 0.335476368 0.096913129 -0.11027744 0.999999940 0.999999940 0.999999940
v 0.344094008 0.099712200 -0.12931 0.999999940 0.999999940 0.999999940
v 0.351118266 0.103398978 -0.14335543 0.999999940 0.999999940 0.999999940
v 0.350742995 0.101319000 -0.158126 0.999999940 0.999999940 0.999999940
v 0.349563002 0.101547002 -0.149158 0.999999940 0.999999940 0.999999940
v 0.348616987 0.102371998 -0.14611199 0.999999940 0.999999940 0.999999940
v 0.352394014 0.105763003 -0.171083 0.999999940 0.999999940 0.999999940
v 0.352560013 0.104832999 -0.164821 0.999999940 0.999999940 0.999999940
v 0.349613010 0.107124999 -0.184026 0.999999940 0.999999940 0.999999940
v 0.350405007 0.104460001 -0.177209 0.999999940 0.999999940 0.999999940
v 0.348150998 0.104537822 -0.18337378 0.999999940 0.999999940 0.999999940
v 0.342632085 0.104666531 -0.19612017 0.999999940 0.999999940 0.999999940
v 0.338801264 0.106791414 -0.20886844 0.999999940 0.999999940 0.999999940
v 0.338712006 0.103239998 -0.214579 0.999999940 0.999999940 0.999999940
v 0.341685056 0.10052035 -0.19938752 0.999999940 0.999999940 0.999999940
v 0.347088754 0.099939599 -0.18410178 0.999999940 0.999999940 0.999999940
v 0.351185649 0.103003710 -0.16775402 0.999999940 0.999999940 0.999999940
v 0.350266009 0.098683998 -0.168282 0.999999940 0.999999940 0.999999940
v 0.346323251 0.095498882 -0.14471808 0.999999940 0.999999940 0.999999940
v 0.349507004 0.097035899 -0.156892 0.999999940 0.999999940 0.999999940
v 0.347764998 0.100674003 -0.14617699 0.999999940 0.999999940 0.999999940
v 0.347162991 0.100896000 -0.14349601 0.999999940 0.999999940 0.999999940
v 0.345883995 0.100800998 -0.13891 0.999999940 0.999999940 0.999999940
v 0.340465009 0.096180297 -0.12999199 0.999999940 0.999999940 0.999999940
v 0.336667001 0.095808796 -0.122688 0.999999940 0.999999940 0.999999940
v 0.339276999 0.098301202 -0.121772 0.999999940 0.999999940 0.999999940
v 0.343787014 0.098415300 -0.13643 0.999999940 0.999999940 0.999999940
v 0.345409989 0.099415600 -0.14074001 0.999999940 0.999999940 0.999999940
v 0.342521995 0.087559796 -0.134434 0.999999940 0.999999940 0.999999940
v 0.348167270 0.090849630 -0.1483874 0.999999940 0.999999940 0.999999940
v 0.350439012 0.092783302 -0.156342 0.999999940 0.999999940 0.999999940
v 0.340128004 0.091640099 -0.131125 0.999999940 0.999999940 0.999999940
v 0.352030009 0.093176499 -0.166245 0.999999940 0.999999940 0.999999940
v 0.349400699 0.096409261 -0.17768948 0.999999940 0.999999940 0.999999940
v 0.342301011 0.096427299 -0.19807699 0.999999940 0.999999940 0.999999940
v 0.345122993 0.095106899 -0.19270299 0.999999940 0.999999940 0.999999940
v 0.346886009 0.095587298 -0.18814901 0.999999940 0.999999940 0.999999940
v 0.339361012 0.095206402 -0.207754 0.999999940 0.999999940 0.999999940
v 0.340826988 0.095421001 -0.20216499 0.999999940 0.999999940 0.999999940
v 0.337604045 0.098844170 -0.21463721 0.999999940 0.999999940 0.999999940
v 0.343787998 0.094123400 -0.19970401 0.999999940 0.999999940 0.999999940
v 0.348188996 0.093678601 -0.193132 0.999999940 0.999999940 0.999999940
v 0.349752992 0.093883499 -0.183924 0.999999940 0.999999940 0.999999940
v 0.351527005 0.093120597 -0.177755 0.999999940 0.999999940 0.999999940
v 0.352490007 0.092385597 -0.17152099 0.999999940 0.999999940 0.999999940
v 0.356175988 0.090381398 -0.164891 0.999999940 0.999999940 0.999999940
v 0.355717986 0.089320197 -0.15721001 0.999999940 0.999999940 0.999999940
v 0.350483000 0.088900402 -0.150755 0.999999940 0.999999940 0.999999940
v 0.347983479 0.087163806 -0.144868 0.999999940 0.999999940 0.999999940
v 0.345355004 0.086258903 -0.13827001 0.999999940 0.999999940 0.999999940
v 0.343697011 0.083711400 -0.12901799 0.999999940 0.999999940 0.999999940
v 0.340283006 0.084632799 -0.12903 0.999999940 0.999999940 0.999999940
v 0.336072534 0.085808739 -0.12308866 0.999999940 0.999999940 0.999999940
v 0.333812654 0.094398722 -0.11848842 0.999999940 0.999999940 0.999999940
v 0.337574988 0.083273798 -0.124137 0.999999940 0.999999940 0.999999940
v 0.335900008 0.083212003 -0.120774 0.999999940 0.999999940 0.999999940
v 0.332486569 0.083907865 -0.11597952 0.999999940 0.999999940 0.999999940
v 0.329237997 0.085182100 -0.109814 0.999999940 0.999999940 0.999999940
v 0.349017053 0.082222670 -0.12221731 0.999999940 0.999999940 0.999999940
v 0.339478582 0.082016989 -0.12185645 0.999999940 0.999999940 0.999999940
v 0.350698411 0.085743792 -0.14198636 0.999999940 0.999999940 0.999999940
v 0.355499208 0.087112583 -0.14919993 0.999999940 0.999999940 0.999999940
v 0.36314556 0.089234866 -0.15961243 0.999999940 0.999999940 0.999999940
v 0.354256391 0.092603176 -0.18444367 0.999999940 0.999999940 0.999999940
v 0.358308523 0.0924787 -0.18426321 0.999999940 0.999999940 0.999999940
v 0.35329175 0.093877159 -0.19977303 0.999999940 0.999999940 0.999999940
v 0.343164086 0.093872599 -0.20509279 0.999999940 0.999999940 0.999999940
v 0.341742813 0.094525784 -0.21560612 0.999999940 0.999999940 0.999999940
v 0.37826702 0.097913324 -0.2140464 0.999999940 0.999999940 0.999999940
v 0.391275674 0.096803873 -0.19678895 0.999999940 0.999999940 0.999999940
v 0.380981683 0.093763835 -0.18087311 0.999999940 0.999999940 0.999999940
v 0.402238756 0.092803195 -0.16621661 0.999999940 0.999999940 0.999999940
v 0.395263969 0.094593182 -0.1796238 0.999999940 0.999999940 0.999999940
v 0.387504488 0.088904038 -0.14863971 0.999999940 0.999999940 0.999999940
v 0.380532741 0.085358426 -0.13120003 0.999999940 0.999999940 0.999999940
v 0.337339103 0.080467678 -0.11390928 0.999999940 0.999999940 0.999999940
v 0.374864250 0.080886066 -0.10863788 0.999999940 0.999999940 0.999999940
v 0.365262568 0.077280506 -0.09073694 0.999999940 0.999999940 0.999999940
v 0.333983004 0.081818603 -0.116027 0.999999940 0.999999940 0.999999940
v 0.330698013 0.081284403 -0.110049 0.999999940 0.999999940 0.999999940
v 0.327125012 0.080333799 -0.102201 0.999999940 0.999999940 0.999999940
v 0.323885083 0.082410052 -0.09879165 0.999999940 0.999999940 0.999999940
v 0.324641823 0.089790128 -0.09982374 0.999999940 0.999999940 0.999999940
v 0.331909000 0.079060539 -0.1039623 0.999999940 0.999999940 0.999999940
v 0.350444585 0.074064910 -0.07447729 0.999999940 0.999999940 0.999999940
v 0.327603936 0.075637005 -0.08567242 0.999999940 0.999999940 0.999999940
v 0.389694809 0.080283686 -0.10330478 0.999999940 0.999999940 0.999999940
v 0.379590660 0.075651444 -0.08077094 0.999999940 0.999999940 0.999999940
v 0.369650334 0.071859709 -0.06079112 0.999999940 0.999999940 0.999999940
v 0.399398893 0.084663070 -0.12354565 0.999999940 0.999999940 0.999999940
v 0.403340280 0.089188627 -0.14588954 0.999999940 0.999999940 0.999999940
v 0.413884669 0.096258662 -0.18336621 0.999999940 0.999999940 0.999999940
v 0.408663928 0.098022788 -0.19712003 0.999999940 0.999999940 0.999999940
v 0.406925201 0.099646076 -0.21001558 0.999999940 0.999999940 0.999999940
v 0.424707174 0.099448479 -0.20099071 0.999999940 0.999999940 0.999999940
v 0.392457604 0.074704170 -0.07543761 0.999999940 0.999999940 0.999999940
v 0.384158402 0.070029661 -0.05149239 0.999999940 0.999999940 0.999999940
v 0.351225048 0.071588337 -0.05944077 0.999999940 0.999999940 0.999999940
v 0.365878790 0.069254010 -0.0457181 0.999999940 0.999999940 0.999999940
v 0.351837813 0.068367295 -0.03889525 0.999999940 0.999999940 0.999999940
v 0.320317775 0.075727999 -0.07861464 0.999999940 0.999999940 0.999999940
v 0.321440011 0.076868102 -0.0872469 0.999999940 0.999999940 0.999999940
v 0.328393042 0.072025567 -0.0584958 0.999999940 0.999999940 0.999999940
v 0.325340002 0.077974103 -0.0933872 0.999999940 0.999999940 0.999999940
v 0.324171006 0.080013200 -0.0972003 0.999999940 0.999999940 0.999999940
v 0.321994990 0.081171400 -0.0936436 0.999999940 0.999999940 0.999999940
v 0.319770991 0.078654296 -0.0889315 0.999999940 0.999999940 0.999999940
v 0.318450927 0.080585360 -0.08675282 0.999999940 0.999999940 0.999999940
v 0.319456994 0.084047399 -0.0868348 0.999999940 0.999999940 0.999999940
v 0.318673014 0.077855899 -0.0855598 0.999999940 0.999999940 0.999999940
v 0.322801798 0.073066212 -0.05539188 0.999999940 0.999999940 0.999999940
v 0.317997992 0.077510401 -0.0802533 0.999999940 0.999999940 0.999999940
v 0.317914009 0.078122600 -0.0746926 0.999999940 0.999999940 0.999999940
v 0.318780005 0.077760197 -0.0662417 0.999999940 0.999999940 0.999999940
v 0.328591913 0.071838833 -0.04659214 0.999999940 0.999999940 0.999999940
v 0.345107942 0.067479603 -0.02900175 0.999999940 0.999999940 0.999999940
v 0.383604675 0.065344154 -0.02531689 0.999999940 0.999999940 0.999999940
v 0.378607213 0.062509946 -0.0066456 0.999999940 0.999999940 0.999999940
v 0.376977682 0.061044771 0.003706495 0.999999940 0.999999940 0.999999940
v 0.349198460 0.064544759 -0.01164149 0.999999940 0.999999940 0.999999940
v 0.401865750 0.072603136 -0.06521181 0.999999940 0.999999940 0.999999940
v 0.399007260 0.067617133 -0.04004252 0.999999940 0.999999940 0.999999940
v 0.421538025 0.073316939 -0.06916841 0.999999940 0.999999940 0.999999940
v 0.415355444 0.06908831 -0.0491199 0.999999940 0.999999940 0.999999940
v 0.413224756 0.064195476 -0.02447397 0.999999940 0.999999940 0.999999940
v 0.401469737 0.061985801 -0.00964366 0.999999940 0.999999940 0.999999940
v 0.403246790 0.059144239 0.007167342 0.999999940 0.999999940 0.999999940
v 0.350087970 0.061929967 0.007685283 0.999999940 0.999999940 0.999999940
v 0.374905705 0.059661369 0.014632973 0.999999940 0.999999940 0.999999940
v 0.400735855 0.057231694 0.021118678 0.999999940 0.999999940 0.999999940
v 0.343879163 0.064078986 -0.00352628 0.999999940 0.999999940 0.999999940
v 0.342409998 0.067192301 -0.0185695 0.999999940 0.999999940 0.999999940
v 0.337336748 0.069735787 -0.03115491 0.999999940 0.999999940 0.999999940
v 0.324919998 0.074315697 -0.0467865 0.999999940 0.999999940 0.999999940
v 0.322163999 0.073960602 -0.0519214 0.999999940 0.999999940 0.999999940
v 0.329858988 0.072674498 -0.039406 0.999999940 0.999999940 0.999999940
v 0.326995998 0.073076598 -0.0439579 0.999999940 0.999999940 0.999999940
v 0.331752002 0.073803998 -0.0338179 0.999999940 0.999999940 0.999999940
v 0.336297988 0.071431897 -0.0255335 0.999999940 0.999999940 0.999999940
v 0.334367007 0.071608997 -0.0300491 0.999999940 0.999999940 0.999999940
v 0.338319003 0.070698700 -0.0170142 0.999999940 0.999999940 0.999999940
v 0.340007990 0.067607000 -0.011003 0.999999940 0.999999940 0.999999940
v 0.343407660 0.061091657 0.024866487 0.999999940 0.999999940 0.999999940
v 0.340471983 0.065669655 -0.0009924 0.999999940 0.999999940 0.999999940
v 0.340102016 0.064252547 0.011842904 0.999999940 0.999999940 0.999999940
v 0.356496632 0.060106508 0.020200241 0.999999940 0.999999940 0.999999940
v 0.387388497 0.056859131 0.030471140 0.999999940 0.999999940 0.999999940
v 0.432664156 0.054740637 0.024780122 0.999999940 0.999999940 0.999999940
v 0.428236991 0.053035784 0.038787026 0.999999940 0.999999940 0.999999940
v 0.424455702 0.059594888 -0.00198844 0.999999940 0.999999940 0.999999940
v 0.441453874 0.056570619 0.010340929 0.999999940 0.999999940 0.999999940
v 0.458328396 0.052929889 0.026622396 0.999999940 0.999999940 0.999999940
v 0.458933144 0.050783008 0.040830172 0.999999940 0.999999940 0.999999940
v 0.408347189 0.053211037 0.048743642 0.999999940 0.999999940 0.999999940
v 0.429225415 0.051260355 0.052510604 0.999999940 0.999999940 0.999999940
v 0.457606256 0.049320012 0.052507355 0.999999940 0.999999940 0.999999940
v 0.359705835 0.057814750 0.040058404 0.999999940 0.999999940 0.999999940
v 0.351529508 0.058667581 0.048149168 0.999999940 0.999999940 0.999999940
v 0.344130009 0.060920998 0.034604001 0.999999940 0.999999940 0.999999940
v 0.339356005 0.063777700 0.021982200 0.999999940 0.999999940 0.999999940
v 0.340595006 0.061869401 0.029234999 0.999999940 0.999999940 0.999999940
v 0.338452011 0.064665496 0.026936100 0.999999940 0.999999940 0.999999940
v 0.339122116 0.069513693 -0.00366406 0.999999940 0.999999940 0.999999940
v 0.338285088 0.067516200 0.019699933 0.999999940 0.999999940 0.999999940
v 0.338838994 0.0720817 0.005413699 0.999999940 0.999999940 0.999999940
v 0.338324993 0.074105002 -0.010717 0.999999940 0.999999940 0.999999940
v 0.339343011 0.069390602 0.029950300 0.999999940 0.999999940 0.999999940
v 0.338829010 0.072973899 0.017100900 0.999999940 0.999999940 0.999999940
v 0.338322997 0.063150003 0.029184499 0.999999940 0.999999940 0.999999940
v 0.338181018 0.065438292 0.030046891 0.999999940 0.999999940 0.999999940
v 0.338883996 0.063033297 0.031195400 0.999999940 0.999999940 0.999999940
v 0.346825987 0.060523200 0.043159101 0.999999940 0.999999940 0.999999940
v 0.340553998 0.064262896 0.034651000 0.999999940 0.999999940 0.999999940
v 0.343463003 0.0636473 0.041825298 0.999999940 0.999999940 0.999999940
v 0.361106783 0.055839948 0.064646087 0.999999940 0.999999940 0.999999940
v 0.353451013 0.058196000 0.056758798 0.999999940 0.999999940 0.999999940
v 0.348304987 0.060926098 0.051593098 0.999999940 0.999999940 0.999999940
v 0.345762997 0.062637500 0.047015298 0.999999940 0.999999940 0.999999940
v 0.374894857 0.054737214 0.060067255 0.999999940 0.999999940 0.999999940
v 0.417505055 0.050229255 0.071118138 0.999999940 0.999999940 0.999999940
v 0.438164234 0.048481281 0.072489015 0.999999940 0.999999940 0.999999940
v 0.456086844 0.047809500 0.066455364 0.999999940 0.999999940 0.999999940
v 0.462865620 0.045810125 0.082280151 0.999999940 0.999999940 0.999999940
v 0.443287640 0.046570271 0.090447455 0.999999940 0.999999940 0.999999940
v 0.411843150 0.049741584 0.082505308 0.999999940 0.999999940 0.999999940
v 0.389312446 0.051400348 0.086834117 0.999999940 0.999999940 0.999999940
v 0.354901999 0.057766001 0.063366800 0.999999940 0.999999940 0.999999940
v 0.368589758 0.053808439 0.082958445 0.999999940 0.999999940 0.999999940
v 0.359055310 0.056329257 0.069288708 0.999999940 0.999999940 0.999999940
v 0.350181013 0.061085898 0.057770699 0.999999940 0.999999940 0.999999940
v 0.351837992 0.059604201 0.062062200 0.999999940 0.999999940 0.999999940
v 0.343809366 0.065209500 0.043822970 0.999999940 0.999999940 0.999999940
v 0.339059710 0.073076739 0.031444728 0.999999940 0.999999940 0.999999940
v 0.342711001 0.071725398 0.038933899 0.999999940 0.999999940 0.999999940
v 0.338999003 0.074273802 0.029508300 0.999999940 0.999999940 0.999999940
v 0.338542878 0.073544293 0.027803108 0.999999940 0.999999940 0.999999940
v 0.350872993 0.065591096 0.061710998 0.999999940 0.999999940 0.999999940
v 0.345815986 0.071185298 0.046216100 0.999999940 0.999999940 0.999999940
v 0.347755998 0.069542102 0.052511498 0.999999940 0.999999940 0.999999940
v 0.351058989 0.061282198 0.061707299 0.999999940 0.999999940 0.999999940
v 0.352672994 0.060376901 0.065179698 0.999999940 0.999999940 0.999999940
v 0.363229095 0.055039137 0.087752804 0.999999940 0.999999940 0.999999940
v 0.355340987 0.058641798 0.070769801 0.999999940 0.999999940 0.999999940
v 0.357190012 0.058015000 0.077350996 0.999999940 0.999999940 0.999999940
v 0.374451786 0.052332695 0.102045960 0.999999940 0.999999940 0.999999940
v 0.382567197 0.050135273 0.123823903 0.999999940 0.999999940 0.999999940
v 0.416071772 0.047334529 0.114776067 0.999999940 0.999999940 0.999999940
v 0.429605454 0.046923473 0.101314157 0.999999940 0.999999940 0.999999940
v 0.458838880 0.044507555 0.103171497 0.999999940 0.999999940 0.999999940
v 0.440516352 0.045132134 0.116631791 0.999999940 0.999999940 0.999999940
v 0.411439359 0.046665862 0.137912720 0.999999940 0.999999940 0.999999940
v 0.428514778 0.045584812 0.128102004 0.999999940 0.999999940 0.999999940
v 0.371476292 0.052715282 0.111937783 0.999999940 0.999999940 0.999999940
v 0.376262992 0.051829401 0.124927997 0.999999940 0.999999940 0.999999940
v 0.390215694 0.048339478 0.148658916 0.999999940 0.999999940 0.999999940
v 0.377642005 0.051382798 0.131856992 0.999999940 0.999999940 0.999999940
v 0.381999999 0.050486099 0.137946993 0.999999940 0.999999940 0.999999940
v 0.368891000 0.053959898 0.104397997 0.999999940 0.999999940 0.999999940
v 0.358108013 0.059005200 0.083115302 0.999999940 0.999999940 0.999999940
v 0.361368000 0.056646700 0.093587398 0.999999940 0.999999940 0.999999940
v 0.363436013 0.056375999 0.098457299 0.999999940 0.999999940 0.999999940
v 0.354845851 0.061266515 0.074227213 0.999999940 0.999999940 0.999999940
v 0.356628000 0.064044401 0.080166302 0.999999940 0.999999940 0.999999940
v 0.360757499 0.059116333 0.094920605 0.999999940 0.999999940 0.999999940
v 0.364760011 0.057646401 0.104392997 0.999999940 0.999999940 0.999999940
v 0.367704510 0.054815448 0.111975498 0.999999940 0.999999940 0.999999940
v 0.370683997 0.054146498 0.118711002 0.999999940 0.999999940 0.999999940
v 0.372267991 0.055234700 0.125135004 0.999999940 0.999999940 0.999999940
v 0.374329000 0.053149100 0.130366995 0.999999940 0.999999940 0.999999940
v 0.375232994 0.054093100 0.133107006 0.999999940 0.999999940 0.999999940
v 0.377961993 0.054864399 0.141168996 0.999999940 0.999999940 0.999999940
v 0.38377437 0.048863075 0.157707542 0.999999940 0.999999940 0.999999940
v 0.380643993 0.051451798 0.146604999 0.999999940 0.999999940 0.999999940
v 0.402526885 0.04653975 0.166439548 0.999999940 0.999999940 0.999999940
v 0.371298998 0.049335416 0.189511731 0.999999940 0.999999940 0.999999940
v 0.426636308 0.044820115 0.150375455 0.999999940 0.999999940 0.999999940
v 0.450512498 0.043490029 0.134174749 0.999999940 0.999999940 0.999999940
v 0.464901000 0.043127916 0.119794838 0.999999940 0.999999940 0.999999940
v 0.449550092 0.043007195 0.148098349 0.999999940 0.999999940 0.999999940
v 0.478408724 0.041457157 0.135622918 0.999999940 0.999999940 0.999999940
v 0.444682508 0.042735084 0.168700635 0.999999940 0.999999940 0.999999940
v 0.427140027 0.043923053 0.180196017 0.999999940 0.999999940 0.999999940
v 0.40162763 0.046142373 0.189269959 0.999999940 0.999999940 0.999999940
v 0.363614112 0.051105879 0.205127432 0.999999940 0.999999940 0.999999940
v 0.363564014 0.051353499 0.193693995 0.999999940 0.999999940 0.999999940
v 0.364152014 0.051190100 0.186877995 0.999999940 0.999999940 0.999999940
v 0.372307062 0.049132935 0.213103562 0.999999940 0.999999940 0.999999940
v 0.374980986 0.049558900 0.174537003 0.999999940 0.999999940 0.999999940
v 0.400281041 0.046047955 0.208874195 0.999999940 0.999999940 0.999999940
v 0.387048363 0.047353796 0.210331708 0.999999940 0.999999940 0.999999940
v 0.369022011 0.050543200 0.180879995 0.999999940 0.999999940 0.999999940
v 0.377676993 0.049708399 0.166567996 0.999999940 0.999999940 0.999999940
v 0.381065994 0.050600100 0.152652993 0.999999940 0.999999940 0.999999940
v 0.379525005 0.050556801 0.158886998 0.999999940 0.999999940 0.999999940
v 0.376397997 0.050931301 0.164222002 0.999999940 0.999999940 0.999999940
v 0.379362613 0.054493356 0.151548653 0.999999940 0.999999940 0.999999940
v 0.377369731 0.054467789 0.159110039 0.999999940 0.999999940 0.999999940
v 0.373980999 0.052416201 0.167218998 0.999999940 0.999999940 0.999999940
v 0.371466010 0.051383100 0.172157004 0.999999940 0.999999940 0.999999940
v 0.367826014 0.052124500 0.176844999 0.999999940 0.999999940 0.999999940
v 0.365143001 0.053561400 0.180399000 0.999999940 0.999999940 0.999999940
v 0.361892998 0.053554199 0.185202002 0.999999940 0.999999940 0.999999940
v 0.360790997 0.052804898 0.187911003 0.999999940 0.999999940 0.999999940
v 0.360466986 0.054691601 0.192610994 0.999999940 0.999999940 0.999999940
v 0.360321998 0.054425399 0.201600998 0.999999940 0.999999940 0.999999940
v 0.365500003 0.050912298 0.214544996 0.999999940 0.999999940 0.999999940
v 0.361003994 0.053041398 0.207332000 0.999999940 0.999999940 0.999999940
v 0.362237989 0.052532099 0.212711006 0.999999940 0.999999940 0.999999940
v 0.379296273 0.049209944 0.234783291 0.999999940 0.999999940 0.999999940
v 0.370088011 0.050524998 0.220666006 0.999999940 0.999999940 0.999999940
v 0.392149001 0.046901665 0.2400316 0.999999940 0.999999940 0.999999940
v 0.415408819 0.044521737 0.221160337 0.999999940 0.999999940 0.999999940
v 0.424969762 0.043821223 0.197518214 0.999999940 0.999999940 0.999999940
v 0.443803876 0.042100165 0.212296262 0.999999940 0.999999940 0.999999940
v 0.427978813 0.043429356 0.233537569 0.999999940 0.999999940 0.999999940
v 0.381935149 0.049036994 0.240720555 0.999999940 0.999999940 0.999999940
v 0.385902881 0.047869265 0.254587173 0.999999940 0.999999940 0.999999940
v 0.423225998 0.044006399 0.250724196 0.999999940 0.999999940 0.999999940
v 0.396482855 0.046737555 0.264030724 0.999999940 0.999999940 0.999999940
v 0.372242987 0.051758799 0.229411006 0.999999940 0.999999940 0.999999940
v 0.368945002 0.052244700 0.224498003 0.999999940 0.999999940 0.999999940
v 0.374543994 0.051665298 0.234540998 0.999999940 0.999999940 0.999999940
v 0.375191003 0.052797600 0.237434998 0.999999940 0.999999940 0.999999940
v 0.366580992 0.053619898 0.221461996 0.999999940 0.999999940 0.999999940
v 0.363741993 0.0525431 0.216264993 0.999999940 0.999999940 0.999999940
v 0.361635893 0.054829768 0.213052958 0.999999940 0.999999940 0.999999940
v 0.360320001 0.055878199 0.206688001 0.999999940 0.999999940 0.999999940
v 0.360345006 0.058936100 0.199909001 0.999999940 0.999999940 0.999999940
v 0.360543012 0.054381299 0.187497004 0.999999940 0.999999940 0.999999940
v 0.362554013 0.058597199 0.184792995 0.999999940 0.999999940 0.999999940
v 0.368034064 0.055943407 0.174296617 0.999999940 0.999999940 0.999999940
v 0.367267012 0.061308100 0.175876006 0.999999940 0.999999940 0.999999940
v 0.361199438 0.063081532 0.185829773 0.999999940 0.999999940 0.999999940
v 0.360960006 0.063175596 0.192543998 0.999999940 0.999999940 0.999999940
v 0.360843002 0.063467301 0.201599001 0.999999940 0.999999940 0.999999940
v 0.360715001 0.061954099 0.206793993 0.999999940 0.999999940 0.999999940
v 0.361972987 0.0587398 0.212141007 0.999999940 0.999999940 0.999999940
v 0.367799997 0.058754198 0.225113004 0.999999940 0.999999940 0.999999940
v 0.371040850 0.055238802 0.231614470 0.999999940 0.999999940 0.999999940
v 0.376702010 0.052546899 0.242538005 0.999999940 0.999999940 0.999999940
v 0.373762011 0.057646598 0.238692998 0.999999940 0.999999940 0.999999940
v 0.381944000 0.048870701 0.250088989 0.999999940 0.999999940 0.999999940
v 0.377379000 0.051383599 0.248059004 0.999999940 0.999999940 0.999999940
v 0.375404000 0.053835000 0.246859997 0.999999940 0.999999940 0.999999940
v 0.369433343 0.061682056 0.227497175 0.999999940 0.999999940 0.999999940
v 0.374022007 0.062055300 0.234432995 0.999999940 0.999999940 0.999999940
v 0.375557005 0.061857901 0.237821996 0.999999940 0.999999940 0.999999940
v 0.376765012 0.061955399 0.242641001 0.999999940 0.999999940 0.999999940
v 0.375218004 0.060422498 0.246969997 0.999999940 0.999999940 0.999999940
v 0.373676002 0.056937798 0.252180993 0.999999940 0.999999940 0.999999940
v 0.362367987 0.062515169 0.213782429 0.999999940 0.999999940 0.999999940
v 0.367154002 0.063148900 0.221909999 0.999999940 0.999999940 0.999999940
v 0.362980991 0.064831197 0.212997004 0.999999940 0.999999940 0.999999940
v 0.361651003 0.064687497 0.207384005 0.999999940 0.999999940 0.999999940
v 0.364208310 0.066300295 0.205249935 0.999999940 0.999999940 0.999999940
v 0.361515998 0.065543003 0.187787994 0.999999940 0.999999940 0.999999940
v 0.364183008 0.066325798 0.193620994 0.999999940 0.999999940 0.999999940
v 0.362700998 0.066012896 0.184718996 0.999999940 0.999999940 0.999999940
v 0.365200132 0.067004650 0.185994237 0.999999940 0.999999940 0.999999940
v 0.371107935 0.067212760 0.188448265 0.999999940 0.999999940 0.999999940
v 0.366964221 0.066338688 0.214221134 0.999999940 0.999999940 0.999999940
v 0.364618986 0.064408697 0.216957002 0.999999940 0.999999940 0.999999940
v 0.370806366 0.065492615 0.220953851 0.999999940 0.999999940 0.999999940
v 0.369314998 0.064066700 0.224527999 0.999999940 0.999999940 0.999999940
v 0.372341990 0.063587099 0.229269996 0.999999940 0.999999940 0.999999940
v 0.381476730 0.064414650 0.239657104 0.999999940 0.999999940 0.999999940
v 0.377480000 0.063364297 0.248403996 0.999999940 0.999999940 0.999999940
v 0.375299513 0.064147695 0.255668997 0.999999940 0.999999940 0.999999940
v 0.373771220 0.060651309 0.254795849 0.999999940 0.999999940 0.999999940
v 0.375515997 0.052533600 0.252220004 0.999999940 0.999999940 0.999999940
v 0.373470008 0.053279601 0.257544994 0.999999940 0.999999940 0.999999940
v 0.368952006 0.057331901 0.264501005 0.999999940 0.999999940 0.999999940
v 0.377716988 0.050036601 0.256033003 0.999999940 0.999999940 0.999999940
v 0.371452987 0.052497901 0.263220995 0.999999940 0.999999940 0.999999940
v 0.369200021 0.060978870 0.264467209 0.999999940 0.999999940 0.999999940
v 0.368537008 0.052669201 0.267253994 0.999999940 0.999999940 0.999999940
v 0.365139007 0.053705200 0.271587014 0.999999940 0.999999940 0.999999940
v 0.360431820 0.056321293 0.277394682 0.999999940 0.999999940 0.999999940
v 0.381492704 0.065127886 0.250489652 0.999999940 0.999999940 0.999999940
v 0.375194758 0.06677185 0.266230255 0.999999940 0.999999940 0.999999940
v 0.372132003 0.065053798 0.262968003 0.999999940 0.999999940 0.999999940
v 0.386035233 0.065159775 0.236437022 0.999999940 0.999999940 0.999999940
v 0.389496535 0.065299801 0.250614374 0.999999940 0.999999940 0.999999940
v 0.377598971 0.066282585 0.216906949 0.999999940 0.999999940 0.999999940
v 0.390535652 0.065125115 0.223626092 0.999999940 0.999999940 0.999999940
v 0.402318805 0.064198516 0.195259839 0.999999940 0.999999940 0.999999940
v 0.399182885 0.064346477 0.241142436 0.999999940 0.999999940 0.999999940
v 0.402284234 0.064919196 0.285843044 0.999999940 0.999999940 0.999999940
v 0.419257223 0.062803015 0.264952302 0.999999940 0.999999940 0.999999940
v 0.429893851 0.061529658 0.240972116 0.999999940 0.999999940 0.999999940
v 0.368651419 0.068556204 0.294757872 0.999999940 0.999999940 0.999999940
v 0.364168405 0.067867673 0.277626574 0.999999940 0.999999940 0.999999940
v 0.361000388 0.068800218 0.285723716 0.999999940 0.999999940 0.999999940
v 0.362699985 0.066614501 0.275518000 0.999999940 0.999999940 0.999999940
v 0.360350996 0.065571896 0.278573006 0.999999940 0.999999940 0.999999940
v 0.362156987 0.052071500 0.275696009 0.999999940 0.999999940 0.999999940
v 0.357241004 0.052675399 0.283668011 0.999999940 0.999999940 0.999999940
v 0.353758007 0.054346200 0.288264006 0.999999940 0.999999940 0.999999940
v 0.352113246 0.065401889 0.290262967 0.999999940 0.999999940 0.999999940
v 0.351356566 0.056195650 0.291316002 0.999999940 0.999999940 0.999999940
v 0.369046986 0.050565600 0.271005988 0.999999940 0.999999940 0.999999940
v 0.375158995 0.049694001 0.264468997 0.999999940 0.999999940 0.999999940
v 0.373821735 0.049367673 0.276031911 0.999999940 0.999999940 0.999999940
v 0.364042520 0.050672613 0.277303516 0.999999940 0.999999940 0.999999940
v 0.355408996 0.052113801 0.290794998 0.999999940 0.999999940 0.999999940
v 0.351879000 0.053301598 0.291575998 0.999999940 0.999999940 0.999999940
v 0.349290013 0.053730301 0.296647995 0.999999940 0.999999940 0.999999940
v 0.346622705 0.059866126 0.299442172 0.999999940 0.999999940 0.999999940
v 0.348242998 0.066788896 0.298198998 0.999999940 0.999999940 0.999999940
v 0.351958990 0.068423099 0.292147010 0.999999940 0.999999940 0.999999940
v 0.354263991 0.068270698 0.288540989 0.999999940 0.999999940 0.999999940
v 0.357616990 0.067356102 0.283771008 0.999999940 0.999999940 0.999999940
v 0.355821996 0.069242201 0.291007995 0.999999940 0.999999940 0.999999940
v 0.353523135 0.069774203 0.299277544 0.999999940 0.999999940 0.999999940
v 0.345849007 0.069296002 0.302653998 0.999999940 0.999999940 0.999999940
v 0.344770997 0.067947097 0.303535997 0.999999940 0.999999940 0.999999940
v 0.342739999 0.064001701 0.308587998 0.999999940 0.999999940 0.999999940
v 0.346336990 0.054797001 0.301162004 0.999999940 0.999999940 0.999999940
v 0.343856006 0.056572001 0.305577009 0.999999940 0.999999940 0.999999940
v 0.352969467 0.052371636 0.299183428 0.999999940 0.999999940 0.999999940
v 0.346303373 0.053479768 0.312796175 0.999999940 0.999999940 0.999999940
v 0.380924016 0.048924334 0.289682239 0.999999940 0.999999940 0.999999940
v 0.347882986 0.053529400 0.304508000 0.999999940 0.999999940 0.999999940
v 0.371697157 0.050722166 0.314285069 0.999999940 0.999999940 0.999999940
v 0.367739021 0.052540179 0.345687240 0.999999940 0.999999940 0.999999940
v 0.342734009 0.054839022 0.332794964 0.999999940 0.999999940 0.999999940
v 0.340666294 0.054919891 0.320263743 0.999999940 0.999999940 0.999999940
v 0.341958999 0.055505901 0.310698986 0.999999940 0.999999940 0.999999940
v 0.340162009 0.057185400 0.314639985 0.999999940 0.999999940 0.999999940
v 0.341486007 0.057618800 0.309778004 0.999999940 0.999999940 0.999999940
v 0.338851004 0.056192800 0.319909989 0.999999940 0.999999940 0.999999940
v 0.338264763 0.059445112 0.324749678 0.999999940 0.999999940 0.999999940
v 0.343739986 0.069034703 0.306407004 0.999999940 0.999999940 0.999999940
v 0.341726005 0.068696297 0.309810996 0.999999940 0.999999940 0.999999940
v 0.340741008 0.069002002 0.314040988 0.999999940 0.999999940 0.999999940
v 0.340079993 0.064765900 0.326451003 0.999999940 0.999999940 0.999999940
v 0.340131014 0.067204497 0.317256003 0.999999940 0.999999940 0.999999940
v 0.348015010 0.070292897 0.304942011 0.999999940 0.999999940 0.999999940
v 0.345979988 0.071030601 0.312846988 0.999999940 0.999999940 0.999999940
v 0.342317998 0.070143997 0.310710012 0.999999940 0.999999940 0.999999940
v 0.342182993 0.070905499 0.318273991 0.999999940 0.999999940 0.999999940
v 0.339706003 0.068946696 0.320282012 0.999999940 0.999999940 0.999999940
v 0.339493989 0.069344699 0.325753003 0.999999940 0.999999940 0.999999940
v 0.338886618 0.059987120 0.329764485 0.999999940 0.999999940 0.999999940
v 0.340240001 0.069244898 0.330282986 0.999999940 0.999999940 0.999999940
v 0.342424005 0.068670600 0.335458993 0.999999940 0.999999940 0.999999940
v 0.344582319 0.059887796 0.341060370 0.999999940 0.999999940 0.999999940
v 0.346780002 0.064558297 0.342770993 0.999999940 0.999999940 0.999999940
v 0.338420003 0.056305699 0.325672000 0.999999940 0.999999940 0.999999940
v 0.339002996 0.056516598 0.330763012 0.999999940 0.999999940 0.999999940
v 0.340384006 0.056561701 0.334105014 0.999999940 0.999999940 0.999999940
v 0.358902275 0.054249294 0.350684225 0.999999940 0.999999940 0.999999940
v 0.345051497 0.056438148 0.340580999 0.999999940 0.999999940 0.999999940
v 0.351905524 0.055892448 0.347665488 0.999999940 0.999999940 0.999999940
v 0.350192993 0.059551298 0.347754001 0.999999940 0.999999940 0.999999940
v 0.344496011 0.068715997 0.340223014 0.999999940 0.999999940 0.999999940
v 0.346742987 0.069273799 0.342449992 0.999999940 0.999999940 0.999999940
v 0.356012672 0.066482111 0.355337977 0.999999940 0.999999940 0.999999940
v 0.355211138 0.060958411 0.354825645 0.999999940 0.999999940 0.999999940
v 0.342929989 0.071064703 0.332653999 0.999999940 0.999999940 0.999999940
v 0.344572007 0.070156700 0.339417994 0.999999940 0.999999940 0.999999940
v 0.341866999 0.071344099 0.325630992 0.999999940 0.999999940 0.999999940
v 0.346378296 0.071834698 0.328565567 0.999999940 0.999999940 0.999999940
v 0.364173084 0.070920184 0.342900902 0.999999940 0.999999940 0.999999940
v 0.359819263 0.070968210 0.351937919 0.999999940 0.999999940 0.999999940
v 0.347535997 0.071270898 0.338721007 0.999999940 0.999999940 0.999999940
v 0.351846993 0.070253044 0.347303509 0.999999940 0.999999940 0.999999940
v 0.356597989 0.069597899 0.353181004 0.999999940 0.999999940 0.999999940
v 0.358842283 0.068213090 0.360049426 0.999999940 0.999999940 0.999999940
v 0.358548998 0.065442897 0.363357991 0.999999940 0.999999940 0.999999940
v 0.357955992 0.056472200 0.354784011 0.999999940 0.999999940 0.999999940
v 0.353787988 0.057999372 0.351710379 0.999999940 0.999999940 0.999999940
v 0.359880000 0.056797400 0.360022991 0.999999940 0.999999940 0.999999940
v 0.362244457 0.063022933 0.375520676 0.999999940 0.999999940 0.999999940
v 0.360724628 0.058314137 0.368459463 0.999999940 0.999999940 0.999999940
v 0.356622993 0.055596198 0.352308005 0.999999940 0.999999940 0.999999940
v 0.365170985 0.054112300 0.358512014 0.999999940 0.999999940 0.999999940
v 0.361339986 0.056591201 0.366952985 0.999999940 0.999999940 0.999999940
v 0.361431002 0.056751299 0.374123990 0.999999940 0.999999940 0.999999940
v 0.361251384 0.059383533 0.375401526 0.999999940 0.999999940 0.999999940
v 0.359869003 0.068636000 0.367760986 0.999999940 0.999999940 0.999999940
v 0.361503005 0.068785302 0.373154014 0.999999940 0.999999940 0.999999940
v 0.362060129 0.067413099 0.376312077 0.999999940 0.999999940 0.999999940
v 0.363916993 0.058267198 0.378681987 0.999999940 0.999999940 0.999999940
v 0.373021513 0.063489034 0.395579189 0.999999940 0.999999940 0.999999940
v 0.366448998 0.067767702 0.382420986 0.999999940 0.999999940 0.999999940
v 0.372001439 0.067443475 0.393089115 0.999999940 0.999999940 0.999999940
v 0.361773997 0.070453599 0.365561991 0.999999940 0.999999940 0.999999940
v 0.361171990 0.070312000 0.360000014 0.999999940 0.999999940 0.999999940
v 0.358978003 0.070280902 0.355455011 0.999999940 0.999999940 0.999999940
v 0.366904526 0.071243576 0.358466982 0.999999940 0.999999940 0.999999940
v 0.364608883 0.071043528 0.373485535 0.999999940 0.999999940 0.999999940
v 0.361312985 0.070180997 0.370036006 0.999999940 0.999999940 0.999999940
v 0.362497985 0.069781996 0.375624001 0.999999940 0.999999940 0.999999940
v 0.364695996 0.069493003 0.379177987 0.999999940 0.999999940 0.999999940
v 0.368061006 0.070756301 0.379253 0.999999940 0.999999940 0.999999940
v 0.370487004 0.069408901 0.387746989 0.999999940 0.999999940 0.999999940
v 0.374076992 0.068490296 0.395633012 0.999999940 0.999999940 0.999999940
v 0.372996985 0.069662198 0.392818003 0.999999940 0.999999940 0.999999940
v 0.366497993 0.057355899 0.382048994 0.999999940 0.999999940 0.999999940
v 0.370252013 0.057790301 0.387600988 0.999999940 0.999999940 0.999999940
v 0.372447997 0.059427700 0.392688989 0.999999940 0.999999940 0.999999940
v 0.377211004 0.060402501 0.402922004 0.999999940 0.999999940 0.999999940
v 0.376985997 0.067869402 0.401737004 0.999999940 0.999999940 0.999999940
v 0.378751009 0.065029896 0.409435987 0.999999940 0.999999940 0.999999940
v 0.367772012 0.055632401 0.379287987 0.999999940 0.999999940 0.999999940
v 0.362132996 0.057031698 0.375968992 0.999999940 0.999999940 0.999999940
v 0.365016967 0.055154334 0.373986899 0.999999940 0.999999940 0.999999940
v 0.374019026 0.053703680 0.375294864 0.999999940 0.999999940 0.999999940
v 0.376853555 0.055243384 0.390089243 0.999999940 0.999999940 0.999999940
v 0.375984996 0.056686099 0.394001990 0.999999940 0.999999940 0.999999940
v 0.380448997 0.056188501 0.400222986 0.999999940 0.999999940 0.999999940
v 0.379469990 0.058379299 0.407579988 0.999999940 0.999999940 0.999999940
v 0.380447328 0.062194898 0.414992690 0.999999940 0.999999940 0.999999940
v 0.380011975 0.068830847 0.408980011 0.999999940 0.999999940 0.999999940
v 0.38182199 0.068810500 0.416375011 0.999999940 0.999999940 0.999999940
v 0.380378991 0.065962702 0.423608988 0.999999940 0.999999940 0.999999940
v 0.380546987 0.071022599 0.399856001 0.999999940 0.999999940 0.999999940
v 0.376152008 0.070834599 0.393763989 0.999999940 0.999999940 0.999999940
v 0.374042868 0.071395613 0.385055273 0.999999940 0.999999940 0.999999940
v 0.375159055 0.071472644 0.375903695 0.999999940 0.999999940 0.999999940
v 0.388819724 0.071911722 0.400790542 0.999999940 0.999999940 0.999999940
v 0.386282175 0.071747250 0.413888752 0.999999940 0.999999940 0.999999940
v 0.382737010 0.0701885 0.424477994 0.999999940 0.999999940 0.999999940
v 0.381489008 0.062024001 0.423258006 0.999999940 0.999999940 0.999999940
v 0.379358410 0.062721118 0.433429837 0.999999940 0.999999940 0.999999940
v 0.378916055 0.069889202 0.435129195 0.999999940 0.999999940 0.999999940
v 0.375843048 0.066502355 0.438921392 0.999999940 0.999999940 0.999999940
v 0.380894005 0.057987399 0.410905003 0.999999940 0.999999940 0.999999940
v 0.382984995 0.058078698 0.416144013 0.999999940 0.999999940 0.999999940
v 0.382634013 0.056272000 0.408315986 0.999999940 0.999999940 0.999999940
v 0.387264221 0.054254487 0.399775594 0.999999940 0.999999940 0.999999940
v 0.394631624 0.051879432 0.377993911 0.999999940 0.999999940 0.999999940
v 0.397060662 0.052646800 0.392531573 0.999999940 0.999999940 0.999999940
v 0.394770532 0.055379662 0.426016777 0.999999940 0.999999940 0.999999940
v 0.386662006 0.055765200 0.414095997 0.999999940 0.999999940 0.999999940
v 0.383915007 0.058206800 0.422758996 0.999999940 0.999999940 0.999999940
v 0.383069008 0.058648198 0.429524004 0.999999940 0.999999940 0.999999940
v 0.381083995 0.058902900 0.435710996 0.999999940 0.999999940 0.999999940
v 0.378131985 0.059548001 0.440010011 0.999999940 0.999999940 0.999999940
v 0.376002997 0.061306599 0.441767007 0.999999940 0.999999940 0.999999940
v 0.369418025 0.074587300 0.449879497 0.999999940 0.999999940 0.999999940
v 0.363375306 0.073699049 0.456427812 0.999999940 0.999999940 0.999999940
v 0.375059992 0.072305098 0.442842990 0.999999940 0.999999940 0.999999940
v 0.368023783 0.066482931 0.450096130 0.999999940 0.999999940 0.999999940
v 0.370714992 0.063092403 0.447241991 0.999999940 0.999999940 0.999999940
v 0.377936005 0.073428601 0.440425008 0.999999940 0.999999940 0.999999940
v 0.381103009 0.073094598 0.435930013 0.999999940 0.999999940 0.999999940
v 0.382898002 0.072047300 0.430018991 0.999999940 0.999999940 0.999999940
v 0.387486994 0.072536401 0.422609001 0.999999940 0.999999940 0.999999940
v 0.395390242 0.072777971 0.419309854 0.999999940 0.999999940 0.999999940
v 0.385887861 0.074311964 0.436063408 0.999999940 0.999999940 0.999999940
v 0.378829985 0.075011402 0.444350004 0.999999940 0.999999940 0.999999940
v 0.366978645 0.076668292 0.456730574 0.999999940 0.999999940 0.999999940
v 0.364540994 0.075586900 0.455623000 0.999999940 0.999999940 0.999999940
v 0.363141000 0.074603900 0.458591997 0.999999940 0.999999940 0.999999940
v 0.362679004 0.069905199 0.459803998 0.999999940 0.999999940 0.999999940
v 0.367597997 0.061741400 0.451131999 0.999999940 0.999999940 0.999999940
v 0.363902002 0.061754401 0.455233991 0.999999940 0.999999940 0.999999940
v 0.361457139 0.06555558 0.458761006 0.999999940 0.999999940 0.999999940
v 0.371722996 0.059971101 0.451079994 0.999999940 0.999999940 0.999999940
v 0.378881990 0.058664199 0.443991988 0.999999940 0.999999940 0.999999940
v 0.387150377 0.056863546 0.432773619 0.999999940 0.999999940 0.999999940
v 0.381861180 0.058377109 0.452937543 0.999999940 0.999999940 0.999999940
v 0.365662127 0.060424629 0.459061384 0.999999940 0.999999940 0.999999940
v 0.362035989 0.062102798 0.458676010 0.999999940 0.999999940 0.999999940
v 0.361389994 0.062859401 0.464341998 0.999999940 0.999999940 0.999999940
v 0.360083699 0.068153217 0.471052378 0.999999940 0.999999940 0.999999940
v 0.362201988 0.074579298 0.464982986 0.999999940 0.999999940 0.999999940
v 0.358561366 0.071393847 0.479591250 0.999999940 0.999999940 0.999999940
v 0.372196555 0.077431455 0.459454327 0.999999940 0.999999940 0.999999940
v 0.364959269 0.078252151 0.480404496 0.999999940 0.999999940 0.999999940
v 0.384152919 0.076104231 0.450318455 0.999999940 0.999999940 0.999999940
v 0.361710995 0.075692601 0.471455991 0.999999940 0.999999940 0.999999940
v 0.372304439 0.079132087 0.481713444 0.999999940 0.999999940 0.999999940
v 0.400440275 0.077772274 0.484335273 0.999999940 0.999999940 0.999999940
v 0.398814648 0.074709564 0.445182889 0.999999940 0.999999940 0.999999940
v 0.356959939 0.078802846 0.495517522 0.999999940 0.999999940 0.999999940
v 0.360101997 0.077275097 0.484847009 0.999999940 0.999999940 0.999999940
v 0.358397990 0.078218802 0.490698009 0.999999940 0.999999940 0.999999940
v 0.360426008 0.075400799 0.478475987 0.999999940 0.999999940 0.999999940
v 0.358229458 0.067662894 0.484335601 0.999999940 0.999999940 0.999999940
v 0.356449246 0.075267337 0.489464491 0.999999940 0.999999940 0.999999940
v 0.356025993 0.071408599 0.489948004 0.999999940 0.999999940 0.999999940
v 0.361321985 0.063818201 0.471192002 0.999999940 0.999999940 0.999999940
v 0.361036002 0.064179398 0.478278994 0.999999940 0.999999940 0.999999940
v 0.372462958 0.061972431 0.489446312 0.999999940 0.999999940 0.999999940
v 0.362733215 0.063824974 0.491330981 0.999999940 0.999999940 0.999999940
v 0.360013008 0.064850598 0.484600007 0.999999940 0.999999940 0.999999940
v 0.357461005 0.066677101 0.489753007 0.999999940 0.999999940 0.999999940
v 0.354528009 0.068041198 0.496560990 0.999999940 0.999999940 0.999999940
v 0.354835003 0.072033800 0.495837986 0.999999940 0.999999940 0.999999940
v 0.354350835 0.065560132 0.495484232 0.999999940 0.999999940 0.999999940
v 0.354698002 0.076060302 0.496372014 0.999999940 0.999999940 0.999999940
v 0.354132801 0.077985875 0.495033443 0.999999940 0.999999940 0.999999940
v 0.356088012 0.078863896 0.494482010 0.999999940 0.999999940 0.999999940
v 0.357949972 0.076003730 0.497561931 0.999999940 0.999999940 0.999999940
v 0.386221826 0.074505247 0.498162418 0.999999940 0.999999940 0.999999940
v 0.383305579 0.077583573 0.495763391 0.999999940 0.999999940 0.999999940
v 0.396379172 0.078312434 0.491654366 0.999999940 0.999999940 0.999999940
v 0.355031997 0.078510500 0.495992004 0.999999940 0.999999940 0.999999940
v 0.404407143 0.078213967 0.497630953 0.999999940 0.999999940 0.999999940
v 0.398004025 0.073450498 0.498752176 0.999999940 0.999999940 0.999999940
v 0.357830315 0.068666189 0.498018503 0.999999940 0.999999940 0.999999940
v 0.354577988 0.065568797 0.496304005 0.999999940 0.999999940 0.999999940
v 0.357875049 0.065307401 0.495945781 0.999999940 0.999999940 0.999999940
v 0.406501323 0.058657433 0.478405267 0.999999940 0.999999940 0.999999940
v 0.397282749 0.060470160 0.492071270 0.999999940 0.999999940 0.999999940
v 0.383218079 0.063342496 0.496250242 0.999999940 0.999999940 0.999999940
v 0.393475502 0.065984256 0.498550504 0.999999940 0.999999940 0.999999940
v 0.409301191 0.060255251 0.498713553 0.999999940 0.999999940 0.999999940
v 0.413322746 0.078181423 0.498765379 0.999999940 0.999999940 0.999999940
v 0.428633570 0.075910411 0.482692360 0.999999940 0.999999940 0.999999940
v 0.454112559 0.074194476 0.480043917 0.999999940 0.999999940 0.999999940
v 0.463169992 0.075496085 0.498473733 0.999999940 0.999999940 0.999999940
v 0.471327155 0.067609213 0.498426705 0.999999940 0.999999940 0.999999940
v 0.436418384 0.058657079 0.498649328 0.999999940 0.999999940 0.999999940
v 0.457890868 0.057524748 0.498512238 0.999999940 0.999999940 0.999999940
v 0.426587402 0.057266637 0.476842045 0.999999940 0.999999940 0.999999940
v 0.407712757 0.056749720 0.456236720 0.999999940 0.999999940 0.999999940
v 0.404113203 0.054598480 0.426437497 0.999999940 0.999999940 0.999999940
v 0.418721199 0.054064039 0.433415114 0.999999940 0.999999940 0.999999940
v 0.433831125 0.054228760 0.447719514 0.999999940 0.999999940 0.999999940
v 0.455521285 0.056068610 0.481859624 0.999999940 0.999999940 0.999999940
v 0.444123625 0.055105224 0.464714676 0.999999940 0.999999940 0.999999940
v 0.484385728 0.056268822 0.498362422 0.999999940 0.999999940 0.999999940
v 0.472135722 0.054647948 0.476342946 0.999999940 0.999999940 0.999999940
v 0.486244291 0.074413217 0.498344749 0.999999940 0.999999940 0.999999940
v 0.503215432 0.055497750 0.498269289 0.999999940 0.999999940 0.999999940
v 0.483444929 0.072289548 0.476130545 0.999999940 0.999999940 0.999999940
v 0.443561613 0.072843760 0.458983331 0.999999940 0.999999940 0.999999940
v 0.462350875 0.071187496 0.453504771 0.999999940 0.999999940 0.999999940
v 0.477516621 0.071224071 0.462504416 0.999999940 0.999999940 0.999999940
v 0.420657962 0.074775502 0.464092284 0.999999940 0.999999940 0.999999940
v 0.427755832 0.072803460 0.447043299 0.999999940 0.999999940 0.999999940
v 0.454575836 0.070076145 0.436383545 0.999999940 0.999999940 0.999999940
v 0.476943790 0.068435102 0.433399677 0.999999940 0.999999940 0.999999940
v 0.503240525 0.067348405 0.436454445 0.999999940 0.999999940 0.999999940
v 0.513446509 0.068985991 0.456965237 0.999999940 0.999999940 0.999999940
v 0.498978227 0.072472795 0.484710902 0.999999940 0.999999940 0.999999940
v 0.517088234 0.073207512 0.498200744 0.999999940 0.999999940 0.999999940
v 0.520994126 0.054865688 0.498195827 0.999999940 0.999999940 0.999999940
v 0.508153438 0.053389310 0.48002249 0.999999940 0.999999940 0.999999940
v 0.493513435 0.052493911 0.465358376 0.999999940 0.999999940 0.999999940
v 0.464798271 0.052801638 0.453239083 0.999999940 0.999999940 0.999999940
v 0.489463657 0.049849681 0.436712712 0.999999940 0.999999940 0.999999940
v 0.454550951 0.052766636 0.446309030 0.999999940 0.999999940 0.999999940
v 0.462694197 0.049319826 0.413807541 0.999999940 0.999999940 0.999999940
v 0.435664981 0.052053581 0.424053579 0.999999940 0.999999940 0.999999940
v 0.477080255 0.049117419 0.421547800 0.999999940 0.999999940 0.999999940
v 0.508505463 0.050419453 0.451654791 0.999999940 0.999999940 0.999999940
v 0.513065278 0.047439858 0.423380881 0.999999940 0.999999940 0.999999940
v 0.503365218 0.0465094 0.408378094 0.999999940 0.999999940 0.999999940
v 0.529820263 0.051077503 0.465707272 0.999999940 0.999999940 0.999999940
v 0.545633137 0.063439533 0.498104482 0.999999940 0.999999940 0.999999940
v 0.541088223 0.054279457 0.498124837 0.999999940 0.999999940 0.999999940
v 0.547309994 0.051327798 0.472659558 0.999999940 0.999999940 0.999999940
v 0.523345351 0.071942724 0.488268315 0.999999940 0.999999940 0.999999940
v 0.547727525 0.072341427 0.498097837 0.999999940 0.999999940 0.999999940
v 0.528284966 0.070271335 0.474370747 0.999999940 0.999999940 0.999999940
v 0.538407087 0.067057617 0.447153419 0.999999940 0.999999940 0.999999940
v 0.523838341 0.065976426 0.431421876 0.999999940 0.999999940 0.999999940
v 0.549189627 0.068622291 0.464644759 0.999999940 0.999999940 0.999999940
v 0.561926126 0.069308504 0.473476946 0.999999940 0.999999940 0.999999940
v 0.574423313 0.071882568 0.498043686 0.999999940 0.999999940 0.999999940
v 0.569039464 0.053725220 0.498057186 0.999999940 0.999999940 0.999999940
v 0.563361346 0.051422137 0.476681321 0.999999940 0.999999940 0.999999940
v 0.568238019 0.048177857 0.447787672 0.999999940 0.999999940 0.999999940
v 0.548286378 0.048298288 0.444612920 0.999999940 0.999999940 0.999999940
v 0.526748180 0.048265930 0.437641739 0.999999940 0.999999940 0.999999940
v 0.536491870 0.045564539 0.413201481 0.999999940 0.999999940 0.999999940
v 0.521378457 0.045033391 0.400868594 0.999999940 0.999999940 0.999999940
v 0.483733266 0.046015229 0.389783233 0.999999940 0.999999940 0.999999940
v 0.501960218 0.045046642 0.390197634 0.999999940 0.999999940 0.999999940
v 0.470049023 0.046334665 0.382975816 0.999999940 0.999999940 0.999999940
v 0.498905807 0.043629158 0.369632899 0.999999940 0.999999940 0.999999940
v 0.477095842 0.044677216 0.36653018 0.999999940 0.999999940 0.999999940
v 0.516341626 0.043068639 0.373784124 0.999999940 0.999999940 0.999999940
v 0.534851431 0.043359920 0.387292802 0.999999940 0.999999940 0.999999940
v 0.550526857 0.045546390 0.417666971 0.999999940 0.999999940 0.999999940
v 0.55047369 0.043110482 0.390374034 0.999999940 0.999999940 0.999999940
v 0.569836556 0.045624431 0.423148036 0.999999940 0.999999940 0.999999940
v 0.586916148 0.049891702 0.465698450 0.999999940 0.999999940 0.999999940
v 0.583255469 0.053555853 0.498037636 0.999999940 0.999999940 0.999999940
v 0.598206102 0.071711339 0.498022258 0.999999940 0.999999940 0.999999940
v 0.593545377 0.068659611 0.471049636 0.999999940 0.999999940 0.999999940
v 0.578071475 0.069603331 0.478226810 0.999999940 0.999999940 0.999999940
v 0.563724756 0.066441044 0.447416782 0.999999940 0.999999940 0.999999940
v 0.583813965 0.066552884 0.451308995 0.999999940 0.999999940 0.999999940
v 0.580162644 0.064602278 0.432364642 0.999999940 0.999999940 0.999999940
v 0.551674664 0.064483486 0.425519049 0.999999940 0.999999940 0.999999940
v 0.604133784 0.065643191 0.443865776 0.999999940 0.999999940 0.999999940
v 0.615481674 0.068385891 0.468596756 0.999999940 0.999999940 0.999999940
v 0.60853374 0.069746874 0.480835914 0.999999940 0.999999940 0.999999940
v 0.623627603 0.071799628 0.498031944 0.999999940 0.999999940 0.999999940
v 0.612624287 0.053501036 0.498032271 0.999999940 0.999999940 0.999999940
v 0.599482417 0.053475484 0.498030960 0.999999940 0.999999940 0.999999940
v 0.609040498 0.049212239 0.460210949 0.999999940 0.999999940 0.999999940
v 0.544001340 0.041417725 0.365640908 0.999999940 0.999999940 0.999999940
v 0.526962518 0.041368093 0.355520099 0.999999940 0.999999940 0.999999940
v 0.506833076 0.041465185 0.342899709 0.999999940 0.999999940 0.999999940
v 0.522649109 0.040375359 0.336037457 0.999999940 0.999999940 0.999999940
v 0.482550501 0.043041128 0.346791833 0.999999940 0.999999940 0.999999940
v 0.483108222 0.041810847 0.324546039 0.999999940 0.999999940 0.999999940
v 0.500485777 0.040475405 0.316979080 0.999999940 0.999999940 0.999999940
v 0.499935001 0.039577614 0.293348044 0.999999940 0.999999940 0.999999940
v 0.485458731 0.041019812 0.310245215 0.999999940 0.999999940 0.999999940
v 0.457592368 0.043763082 0.329526573 0.999999940 0.999999940 0.999999940
v 0.461468964 0.042745783 0.314117550 0.999999940 0.999999940 0.999999940
v 0.456250667 0.044938340 0.348628550 0.999999940 0.999999940 0.999999940
v 0.439272999 0.046110205 0.346492976 0.999999940 0.999999940 0.999999940
v 0.433575004 0.045365538 0.323834180 0.999999940 0.999999940 0.999999940
v 0.448296338 0.04328949 0.303574234 0.999999940 0.999999940 0.999999940
v 0.468206793 0.041579499 0.296423822 0.999999940 0.999999940 0.999999940
v 0.483979553 0.040152009 0.283574670 0.999999940 0.999999940 0.999999940
v 0.467819839 0.040928680 0.273919522 0.999999940 0.999999940 0.999999940
v 0.483201235 0.039594672 0.255518883 0.999999940 0.999999940 0.999999940
v 0.448440611 0.042473539 0.279435098 0.999999940 0.999999940 0.999999940
v 0.419720381 0.045780189 0.306161016 0.999999940 0.999999940 0.999999940
v 0.430668801 0.044426057 0.295023083 0.999999940 0.999999940 0.999999940
v 0.408993005 0.047412678 0.321499675 0.999999940 0.999999940 0.999999940
v 0.416801184 0.047531869 0.338219970 0.999999940 0.999999940 0.999999940
v 0.419874310 0.048264596 0.355665296 0.999999940 0.999999940 0.999999940
v 0.445651382 0.047053605 0.369280308 0.999999940 0.999999940 0.999999940
v 0.423860341 0.049306854 0.376956909 0.999999940 0.999999940 0.999999940
v 0.446149379 0.048836924 0.394134789 0.999999940 0.999999940 0.999999940
v 0.396885335 0.049687564 0.344793558 0.999999940 0.999999940 0.999999940
v 0.385951578 0.049406260 0.317172229 0.999999940 0.999999940 0.999999940
v 0.409345418 0.046061139 0.286915570 0.999999940 0.999999940 0.999999940
v 0.434677898 0.043369770 0.270853608 0.999999940 0.999999940 0.999999940
v 0.462972700 0.040928233 0.257527709 0.999999940 0.999999940 0.999999940
v 0.447180777 0.041998390 0.250998348 0.999999940 0.999999940 0.999999940
v 0.474905401 0.039891175 0.234997972 0.999999940 0.999999940 0.999999940
v 0.455184042 0.041243806 0.236415743 0.999999940 0.999999940 0.999999940
v 0.420237839 0.044580481 0.267917662 0.999999940 0.999999940 0.999999940
v 0.423918724 0.051427323 0.405804872 0.999999940 0.999999940 0.999999940
v 0.461474597 0.040756404 0.220016703 0.999999940 0.999999940 0.999999940
v 0.479220837 0.039619680 0.210483968 0.999999940 0.999999940 0.999999940
v 0.468220710 0.040411900 0.200104683 0.999999940 0.999999940 0.999999940
v 0.453687697 0.041593965 0.189362570 0.999999940 0.999999940 0.999999940
v 0.472721874 0.040501792 0.176635906 0.999999940 0.999999940 0.999999940
v 0.464821189 0.041305601 0.165238931 0.999999940 0.999999940 0.999999940
v 0.480685353 0.042463298 0.112246885 0.999999940 0.999999940 0.999999940
v 0.502586066 0.041649304 0.104875169 0.999999940 0.999999940 0.999999940
v 0.479853928 0.044045865 0.089983187 0.999999940 0.999999940 0.999999940
v 0.506627678 0.042361434 0.092166058 0.999999940 0.999999940 0.999999940
v 0.497472137 0.043864857 0.080247700 0.999999940 0.999999940 0.999999940
v 0.480103403 0.045969024 0.069116912 0.999999940 0.999999940 0.999999940
v 0.521898269 0.042154256 0.085939087 0.999999940 0.999999940 0.999999940
v 0.498834639 0.045620665 0.062641918 0.999999940 0.999999940 0.999999940
v 0.485457897 0.047742050 0.051608353 0.999999940 0.999999940 0.999999940
v 0.504727423 0.047539264 0.045556012 0.999999940 0.999999940 0.999999940
v 0.479100585 0.049905601 0.038694769 0.999999940 0.999999940 0.999999940
v 0.488711953 0.050942108 0.028586970 0.999999940 0.999999940 0.999999940
v 0.631730377 0.053665131 0.498051643 0.999999940 0.999999940 0.999999940
v 0.637544333 0.071960441 0.498052895 0.999999940 0.999999940 0.999999940
v 0.655927538 0.072304777 0.498092293 0.999999940 0.999999940 0.999999940
v 0.632120907 0.069397613 0.476297706 0.999999940 0.999999940 0.999999940
v 0.653881847 0.069828964 0.476704150 0.999999940 0.999999940 0.999999940
v 0.637333631 0.066653199 0.451107174 0.999999940 0.999999940 0.999999940
v 0.617376089 0.065865598 0.445669025 0.999999940 0.999999940 0.999999940
v 0.656165897 0.065598741 0.437616229 0.999999940 0.999999940 0.999999940
v 0.622494578 0.063634663 0.423915892 0.999999940 0.999999940 0.999999940
v 0.641908943 0.063954405 0.424537599 0.999999940 0.999999940 0.999999940
v 0.655336320 0.062977343 0.411680251 0.999999940 0.999999940 0.999999940
v 0.642389118 0.061444889 0.398034215 0.999999940 0.999999940 0.999999940
v 0.599788427 0.062858797 0.416395425 0.999999940 0.999999940 0.999999940
v 0.612607479 0.061540726 0.402480751 0.999999940 0.999999940 0.999999940
v 0.586150944 0.062234126 0.408757001 0.999999940 0.999999940 0.999999940
v 0.594198167 0.059898886 0.382403552 0.999999940 0.999999940 0.999999940
v 0.621702551 0.059840817 0.381935268 0.999999940 0.999999940 0.999999940
v 0.647200286 0.059731729 0.376150935 0.999999940 0.999999940 0.999999940
v 0.665371298 0.060797434 0.384059995 0.999999940 0.999999940 0.999999940
v 0.684580445 0.060317255 0.369591027 0.999999940 0.999999940 0.999999940
v 0.684073030 0.061941675 0.390146344 0.999999940 0.999999940 0.999999940
v 0.665565908 0.059133291 0.361863136 0.999999940 0.999999940 0.999999940
v 0.642717123 0.058137413 0.354558438 0.999999940 0.999999940 0.999999940
v 0.629630088 0.058352068 0.360275685 0.999999940 0.999999940 0.999999940
v 0.609924495 0.058456432 0.363398671 0.999999940 0.999999940 0.999999940
v 0.577443480 0.060228657 0.384255588 0.999999940 0.999999940 0.999999940
v 0.580362319 0.058503169 0.361197590 0.999999940 0.999999940 0.999999940
v 0.567644774 0.062621302 0.409884899 0.999999940 0.999999940 0.999999940
v 0.554600238 0.061827268 0.397717893 0.999999940 0.999999940 0.999999940
v 0.560565173 0.059765461 0.373782068 0.999999940 0.999999940 0.999999940
v 0.573388218 0.057630434 0.345331072 0.999999940 0.999999940 0.999999940
v 0.548905372 0.059211742 0.361752748 0.999999940 0.999999940 0.999999940
v 0.597220301 0.057551793 0.348262161 0.999999940 0.999999940 0.999999940
v 0.618084847 0.057529270 0.348368704 0.999999940 0.999999940 0.999999940
v 0.657436788 0.057582069 0.340561091 0.999999940 0.999999940 0.999999940
v 0.632768988 0.056571450 0.328286826 0.999999940 0.999999940 0.999999940
v 0.686906755 0.058912277 0.347767204 0.999999940 0.999999940 0.999999940
v 0.706446230 0.0623434 0.383020222 0.999999940 0.999999940 0.999999940
v 0.708668589 0.060548540 0.357669174 0.999999940 0.999999940 0.999999940
v 0.726446509 0.064716257 0.397635281 0.999999940 0.999999940 0.999999940
v 0.726661384 0.063202984 0.379455566 0.999999940 0.999999940 0.999999940
v 0.726883590 0.061477761 0.356289416 0.999999940 0.999999940 0.999999940
v 0.701198756 0.058918289 0.337423414 0.999999940 0.999999940 0.999999940
v 0.719758212 0.059690032 0.334402978 0.999999940 0.999999940 0.999999940
v 0.675219774 0.057215239 0.324209034 0.999999940 0.999999940 0.999999940
v 0.690738022 0.057693842 0.322554618 0.999999940 0.999999940 0.999999940
v 0.653140604 0.056556142 0.321118146 0.999999940 0.999999940 0.999999940
v 0.611302852 0.056889772 0.336988359 0.999999940 0.999999940 0.999999940
v 0.615732073 0.055853854 0.312943637 0.999999940 0.999999940 0.999999940
v 0.640439450 0.055768985 0.305307775 0.999999940 0.999999940 0.999999940
v 0.594730675 0.056486900 0.327755600 0.999999940 0.999999940 0.999999940
v 0.571384191 0.056699033 0.326195210 0.999999940 0.999999940 0.999999940
v 0.553629398 0.057846829 0.341488599 0.999999940 0.999999940 0.999999940
v 0.534478962 0.058391317 0.340668529 0.999999940 0.999999940 0.999999940
v 0.525139331 0.060245446 0.364721715 0.999999940 0.999999940 0.999999940
v 0.538586795 0.061573140 0.388866484 0.999999940 0.999999940 0.999999940
v 0.517692267 0.062461294 0.389731288 0.999999940 0.999999940 0.999999940
v 0.521135866 0.063816674 0.407217979 0.999999940 0.999999940 0.999999940
v 0.536660671 0.063680164 0.412230014 0.999999940 0.999999940 0.999999940
v 0.513630509 0.059252701 0.340967416 0.999999940 0.999999940 0.999999940
v 0.502050995 0.060912404 0.358549684 0.999999940 0.999999940 0.999999940
v 0.509013414 0.061662931 0.374214291 0.999999940 0.999999940 0.999999940
v 0.541568636 0.057210233 0.321863085 0.999999940 0.999999940 0.999999940
v 0.515239417 0.058333940 0.325024336 0.999999940 0.999999940 0.999999940
v 0.554922044 0.056299239 0.308024495 0.999999940 0.999999940 0.999999940
v 0.578333795 0.056132692 0.314912527 0.999999940 0.999999940 0.999999940
v 0.593700707 0.055602610 0.303626328 0.999999940 0.999999940 0.999999940
v 0.617533803 0.055248692 0.292305320 0.999999940 0.999999940 0.999999940
v 0.666397213 0.056057285 0.300609648 0.999999940 0.999999940 0.999999940
v 0.652729928 0.055459722 0.288705468 0.999999940 0.999999940 0.999999940
v 0.689502298 0.056633438 0.297792106 0.999999940 0.999999940 0.999999940
v 0.706833303 0.057637024 0.305929839 0.999999940 0.999999940 0.999999940
v 0.711624920 0.058535412 0.320587724 0.999999940 0.999999940 0.999999940
v 0.697735846 0.056263279 0.272824317 0.999999940 0.999999940 0.999999940
v 0.711534202 0.057265974 0.288732796 0.999999940 0.999999940 0.999999940
v 0.677649319 0.055674925 0.274787366 0.999999940 0.999999940 0.999999940
v 0.642130315 0.055024914 0.271932482 0.999999940 0.999999940 0.999999940
v 0.668778955 0.055306553 0.265453904 0.999999940 0.999999940 0.999999940
v 0.587617218 0.055098120 0.281143933 0.999999940 0.999999940 0.999999940
v 0.614933431 0.054936021 0.275050878 0.999999940 0.999999940 0.999999940
v 0.573176741 0.055592317 0.295974701 0.999999940 0.999999940 0.999999940
v 0.548822462 0.055923584 0.291457057 0.999999940 0.999999940 0.999999940
v 0.528711617 0.056953873 0.304872781 0.999999940 0.999999940 0.999999940
v 0.506644606 0.057651761 0.299005031 0.999999940 0.999999940 0.999999940
v 0.492503166 0.058701507 0.307633042 0.999999940 0.999999940 0.999999940
v 0.493009388 0.060056228 0.336402028 0.999999940 0.999999940 0.999999940
v 0.476565361 0.061789762 0.349425137 0.999999940 0.999999940 0.999999940
v 0.490828156 0.062671482 0.374921649 0.999999940 0.999999940 0.999999940
v 0.501930892 0.064006872 0.399349927 0.999999940 0.999999940 0.999999940
v 0.470186203 0.064062736 0.376676976 0.999999940 0.999999940 0.999999940
v 0.476829469 0.065152905 0.396080851 0.999999940 0.999999940 0.999999940
v 0.471093773 0.060846395 0.326006829 0.999999940 0.999999940 0.999999940
v 0.452858924 0.062800571 0.338282883 0.999999940 0.999999940 0.999999940
v 0.456918060 0.063774563 0.359322309 0.999999940 0.999999940 0.999999940
v 0.479416400 0.058682195 0.285086870 0.999999940 0.999999940 0.999999940
v 0.469661295 0.060158692 0.308647871 0.999999940 0.999999940 0.999999940
v 0.506789922 0.056974772 0.275781333 0.999999940 0.999999940 0.999999940
v 0.528971672 0.056469988 0.289821624 0.999999940 0.999999940 0.999999940
v 0.562996387 0.055267214 0.274678349 0.999999940 0.999999940 0.999999940
v 0.535726308 0.055811416 0.271571725 0.999999940 0.999999940 0.999999940
v 0.597352385 0.054849613 0.266081243 0.999999940 0.999999940 0.999999940
v 0.569834232 0.054934982 0.255441308 0.999999940 0.999999940 0.999999940
v 0.612479448 0.054729700 0.252792775 0.999999940 0.999999940 0.999999940
v 0.637666106 0.054802440 0.254226326 0.999999940 0.999999940 0.999999940
v 0.658830225 0.054988715 0.251929402 0.999999940 0.999999940 0.999999940
v 0.651347458 0.054789140 0.223671883 0.999999940 0.999999940 0.999999940
v 0.630089223 0.054691866 0.231199011 0.999999940 0.999999940 0.999999940
v 0.590217828 0.054713022 0.240575313 0.999999940 0.999999940 0.999999940
v 0.613372325 0.054674930 0.228381663 0.999999940 0.999999940 0.999999940
v 0.546579718 0.055240556 0.249403506 0.999999940 0.999999940 0.999999940
v 0.562299728 0.054882668 0.233385905 0.999999940 0.999999940 0.999999940
v 0.532051682 0.055653791 0.253420680 0.999999940 0.999999940 0.999999940
v 0.515043437 0.056312967 0.259190112 0.999999940 0.999999940 0.999999940
v 0.500496625 0.05684264 0.251557439 0.999999940 0.999999940 0.999999940
v 0.483751058 0.057810220 0.257912218 0.999999940 0.999999940 0.999999940
v 0.467803895 0.059290621 0.279775232 0.999999940 0.999999940 0.999999940
v 0.454080432 0.060804192 0.296579837 0.999999940 0.999999940 0.999999940
v 0.446808010 0.062044002 0.313875943 0.999999940 0.999999940 0.999999940
v 0.433141171 0.063813760 0.328050077 0.999999940 0.999999940 0.999999940
v 0.434706658 0.065052919 0.352524757 0.999999940 0.999999940 0.999999940
v 0.421280801 0.063623689 0.300361126 0.999999940 0.999999940 0.999999940
v 0.432645738 0.062249139 0.288659751 0.999999940 0.999999940 0.999999940
v 0.443773448 0.060896553 0.273512005 0.999999940 0.999999940 0.999999940
v 0.462462782 0.059210367 0.259475827 0.999999940 0.999999940 0.999999940
v 0.493963837 0.056988630 0.231086701 0.999999940 0.999999940 0.999999940
v 0.466704338 0.058626402 0.235143780 0.999999940 0.999999940 0.999999940
v 0.518696367 0.055978320 0.241343811 0.999999940 0.999999940 0.999999940
v 0.534066915 0.055431306 0.227172732 0.999999940 0.999999940 0.999999940
v 0.557518065 0.054944116 0.219818368 0.999999940 0.999999940 0.999999940
v 0.578325748 0.054754525 0.211388200 0.999999940 0.999999940 0.999999940
v 0.599920630 0.054689325 0.208986252 0.999999940 0.999999940 0.999999940
v 0.633801221 0.054722599 0.204081475 0.999999940 0.999999940 0.999999940
v 0.658608973 0.054940354 0.197970092 0.999999940 0.999999940 0.999999940
v 0.626902699 0.054822206 0.182483524 0.999999940 0.999999940 0.999999940
v 0.602356314 0.054722264 0.194061100 0.999999940 0.999999940 0.999999940
v 0.569111049 0.054884705 0.196931436 0.999999940 0.999999940 0.999999940
v 0.547157704 0.055171500 0.205001518 0.999999940 0.999999940 0.999999940
v 0.512075901 0.056161612 0.217746019 0.999999940 0.999999940 0.999999940
v 0.52423805 0.055781517 0.201612129 0.999999940 0.999999940 0.999999940
v 0.496292114 0.056942690 0.202680751 0.999999940 0.999999940 0.999999940
v 0.476850241 0.057957273 0.218934029 0.999999940 0.999999940 0.999999940
v 0.447055995 0.060046032 0.227892711 0.999999940 0.999999940 0.999999940
v 0.442952811 0.060536362 0.250565230 0.999999940 0.999999940 0.999999940
v 0.461357176 0.059030085 0.206151902 0.999999940 0.999999940 0.999999940
v 0.391809046 0.066615477 0.305832713 0.999999940 0.999999940 0.999999940
v 0.412839740 0.065046109 0.316587299 0.999999940 0.999999940 0.999999940
v 0.380410373 0.068363398 0.321572989 0.999999940 0.999999940 0.999999940
v 0.403562516 0.066932238 0.337969988 0.999999940 0.999999940 0.999999940
v 0.399105280 0.068517513 0.358857095 0.999999940 0.999999940 0.999999940
v 0.419110238 0.066438011 0.353992909 0.999999940 0.999999940 0.999999940
v 0.402145624 0.069813482 0.383486449 0.999999940 0.999999940 0.999999940
v 0.427827268 0.067085720 0.375248253 0.999999940 0.999999940 0.999999940
v 0.413597315 0.069922320 0.398505330 0.999999940 0.999999940 0.999999940
v 0.441100239 0.066555000 0.382519781 0.999999940 0.999999940 0.999999940
v 0.426162719 0.069925703 0.411299556 0.999999940 0.999999940 0.999999940
v 0.422310173 0.071310281 0.424849063 0.999999940 0.999999940 0.999999940
v 0.442737340 0.069501712 0.420910030 0.999999940 0.999999940 0.999999940
v 0.451868832 0.067167677 0.400626063 0.999999940 0.999999940 0.999999940
v 0.465351194 0.067452065 0.414686262 0.999999940 0.999999940 0.999999940
v 0.489007473 0.065945632 0.413663774 0.999999940 0.999999940 0.999999940
v 0.424366623 0.061935003 0.225249156 0.999999940 0.999999940 0.999999940
v 0.439058542 0.060714915 0.209719345 0.999999940 0.999999940 0.999999940
v 0.413976132 0.062910355 0.214500695 0.999999940 0.999999940 0.999999940
v 0.441230148 0.060682315 0.195619583 0.999999940 0.999999940 0.999999940
v 0.422358900 0.062323823 0.194811344 0.999999940 0.999999940 0.999999940
v 0.480399102 0.057886164 0.197392791 0.999999940 0.999999940 0.999999940
v 0.465414077 0.059149943 0.178483828 0.999999940 0.999999940 0.999999940
v 0.427352160 0.062210843 0.176146298 0.999999940 0.999999940 0.999999940
v 0.447303891 0.060720797 0.169449523 0.999999940 0.999999940 0.999999940
v 0.409465223 0.063721917 0.182837456 0.999999940 0.999999940 0.999999940
v 0.390301793 0.066139482 0.158164545 0.999999940 0.999999940 0.999999940
v 0.437166988 0.061934229 0.156116321 0.999999940 0.999999940 0.999999940
v 0.419280618 0.06365747 0.151505336 0.999999940 0.999999940 0.999999940
v 0.461503058 0.060003418 0.157282754 0.999999940 0.999999940 0.999999940
v 0.490049481 0.057710304 0.175204351 0.999999940 0.999999940 0.999999940
v 0.479022115 0.058877296 0.155841797 0.999999940 0.999999940 0.999999940
v 0.509167015 0.056680135 0.178452819 0.999999940 0.999999940 0.999999940
v 0.503376483 0.057663444 0.151027545 0.999999940 0.999999940 0.999999940
v 0.487272977 0.059269711 0.132176384 0.999999940 0.999999940 0.999999940
v 0.467118144 0.060342378 0.137729495 0.999999940 0.999999940 0.999999940
v 0.448377221 0.061785638 0.136209204 0.999999940 0.999999940 0.999999940
v 0.428109347 0.063730396 0.130001440 0.999999940 0.999999940 0.999999940
v 0.405448287 0.065778672 0.129857152 0.999999940 0.999999940 0.999999940
v 0.390005439 0.066841483 0.138238653 0.999999940 0.999999940 0.999999940
v 0.376698285 0.066638045 0.170803174 0.999999940 0.999999940 0.999999940
v 0.384124934 0.066295452 0.149333432 0.999999940 0.999999940 0.999999940
v 0.382481008 0.066218696 0.160839006 0.999999940 0.999999940 0.999999940
v 0.382034987 0.066733896 0.137676999 0.999999940 0.999999940 0.999999940
v 0.371877014 0.065628796 0.172317996 0.999999940 0.999999940 0.999999940
v 0.368081986 0.065461099 0.177191004 0.999999940 0.999999940 0.999999940
v 0.376473993 0.065371796 0.164307996 0.999999940 0.999999940 0.999999940
v 0.378380000 0.063837900 0.159027993 0.999999940 0.999999940 0.999999940
v 0.380374014 0.064108602 0.152732998 0.999999940 0.999999940 0.999999940
v 0.380093991 0.064042598 0.147338002 0.999999940 0.999999940 0.999999940
v 0.377393990 0.063303403 0.139529004 0.999999940 0.999999940 0.999999940
v 0.378555387 0.067425333 0.132307842 0.999999940 0.999999940 0.999999940
v 0.375997006 0.066004201 0.134185999 0.999999940 0.999999940 0.999999940
v 0.381085038 0.069985173 0.092087425 0.999999940 0.999999940 0.999999940
v 0.377198606 0.067726708 0.125227987 0.999999940 0.999999940 0.999999940
v 0.422924637 0.065176047 0.110192321 0.999999940 0.999999940 0.999999940
v 0.456256657 0.061982035 0.119064614 0.999999940 0.999999940 0.999999940
v 0.514741838 0.057768803 0.134310737 0.999999940 0.999999940 0.999999940
v 0.478260874 0.060751956 0.113844879 0.999999940 0.999999940 0.999999940
v 0.499648124 0.059140007 0.120691828 0.999999940 0.999999940 0.999999940
v 0.522472798 0.056684687 0.155893296 0.999999940 0.999999940 0.999999940
v 0.543301284 0.056779366 0.132794171 0.999999940 0.999999940 0.999999940
v 0.520801484 0.058139171 0.120303958 0.999999940 0.999999940 0.999999940
v 0.500148832 0.059904478 0.106504187 0.999999940 0.999999940 0.999999940
v 0.470696777 0.062094058 0.100402735 0.999999940 0.999999940 0.999999940
v 0.443218171 0.063980013 0.102060526 0.999999940 0.999999940 0.999999940
v 0.416600108 0.066978164 0.090504042 0.999999940 0.999999940 0.999999940
v 0.385479748 0.071355834 0.068750485 0.999999940 0.999999940 0.999999940
v 0.367928832 0.072481207 0.070244997 0.999999940 0.999999940 0.999999940
v 0.374347001 0.069693975 0.099815681 0.999999940 0.999999940 0.999999940
v 0.371553361 0.068211048 0.111208431 0.999999940 0.999999940 0.999999940
v 0.373138994 0.064955696 0.126464992 0.999999940 0.999999940 0.999999940
v 0.374837994 0.066329501 0.130941003 0.999999940 0.999999940 0.999999940
v 0.371414005 0.066130198 0.119823001 0.999999940 0.999999940 0.999999940
v 0.374059855 0.064215198 0.131164401 0.999999940 0.999999940 0.999999940
v 0.368183046 0.063923612 0.115374669 0.999999940 0.999999940 0.999999940
v 0.373966008 0.059748999 0.131197005 0.999999940 0.999999940 0.999999940
v 0.369040995 0.066501803 0.114578999 0.999999940 0.999999940 0.999999940
v 0.369307994 0.0682595 0.104367002 0.999999940 0.999999940 0.999999940
v 0.367606997 0.065383099 0.111550003 0.999999940 0.999999940 0.999999940
v 0.366150856 0.069468393 0.094193853 0.999999940 0.999999940 0.999999940
v 0.362429589 0.071233324 0.080637522 0.999999940 0.999999940 0.999999940
v 0.359205991 0.071722298 0.068930603 0.999999940 0.999999940 0.999999940
v 0.354376614 0.073432937 0.056339830 0.999999940 0.999999940 0.999999940
v 0.406783938 0.070486404 0.059165522 0.999999940 0.999999940 0.999999940
v 0.381197869 0.074166961 0.042740829 0.999999940 0.999999940 0.999999940
v 0.35163185 0.077062159 0.032640360 0.999999940 0.999999940 0.999999940
v 0.353614270 0.075405031 0.043687187 0.999999940 0.999999940 0.999999940
v 0.419228911 0.068153314 0.073072537 0.999999940 0.999999940 0.999999940
v 0.433758467 0.065842658 0.086683034 0.999999940 0.999999940 0.999999940
v 0.464487433 0.063712865 0.084687404 0.999999940 0.999999940 0.999999940
v 0.494889199 0.061319723 0.090733699 0.999999940 0.999999940 0.999999940
v 0.486850142 0.063456296 0.072730399 0.999999940 0.999999940 0.999999940
v 0.457438796 0.066208668 0.064285039 0.999999940 0.999999940 0.999999940
v 0.448657453 0.065890118 0.073293983 0.999999940 0.999999940 0.999999940
v 0.424303352 0.069338195 0.057376388 0.999999940 0.999999940 0.999999940
v 0.416919350 0.071560174 0.042995579 0.999999940 0.999999940 0.999999940
v 0.379822671 0.075136154 0.034962527 0.999999940 0.999999940 0.999999940
v 0.341934740 0.076638482 0.029644478 0.999999940 0.999999940 0.999999940
v 0.367915689 0.078266680 0.015353517 0.999999940 0.999999940 0.999999940
v 0.344978630 0.080161541 0.000164160 0.999999940 0.999999940 0.999999940
v 0.350286155 0.080635540 0.002224834 0.999999940 0.999999940 0.999999940
v 0.349354147 0.073960110 0.045587889 0.999999940 0.999999940 0.999999940
v 0.355170011 0.072202898 0.062837101 0.999999940 0.999999940 0.999999940
v 0.350414991 0.070562697 0.057502500 0.999999940 0.999999940 0.999999940
v 0.352025985 0.071106903 0.061418898 0.999999940 0.999999940 0.999999940
v 0.348589003 0.071817897 0.051272001 0.999999940 0.999999940 0.999999940
v 0.355073005 0.068222597 0.0707957 0.999999940 0.999999940 0.999999940
v 0.352571994 0.069803603 0.063682101 0.999999940 0.999999940 0.999999940
v 0.351173996 0.069721698 0.061170801 0.999999940 0.999999940 0.999999940
v 0.341374993 0.074313797 0.034825101 0.999999940 0.999999940 0.999999940
v 0.339652001 0.0750551 0.031321201 0.999999940 0.999999940 0.999999940
v 0.339976996 0.076262399 0.022998200 0.999999940 0.999999940 0.999999940
v 0.339134991 0.075602203 0.027345400 0.999999940 0.999999940 0.999999940
v 0.340681999 0.077539600 0.009667670 0.999999940 0.999999940 0.999999940
v 0.340279012 0.076789498 0.004504149 0.999999940 0.999999940 0.999999940
v 0.339318990 0.075267396 0.009036949 0.999999940 0.999999940 0.999999940
v 0.340003013 0.076792903 -0.00345027 0.999999940 0.999999940 0.999999940
v 0.339778006 0.078201100 -0.0113513 0.999999940 0.999999940 0.999999940
v 0.337971985 0.078616902 -0.0193255 0.999999940 0.999999940 0.999999940
v 0.334722757 0.075622268 -0.0258825 0.999999940 0.999999940 0.999999940
v 0.342494994 0.082028500 -0.0191895 0.999999940 0.999999940 0.999999940
v 0.337211996 0.080911502 -0.0250996 0.999999940 0.999999940 0.999999940
v 0.335345149 0.078873656 -0.0256968 0.999999940 0.999999940 0.999999940
v 0.334154009 0.072748601 -0.0285781 0.999999940 0.999999940 0.999999940
v 0.331907987 0.079767897 -0.0337848 0.999999940 0.999999940 0.999999940
v 0.326817989 0.077987201 -0.0422682 0.999999940 0.999999940 0.999999940
v 0.334722012 0.081078000 -0.0298909 0.999999940 0.999999940 0.999999940
v 0.337833106 0.083873853 -0.03261245 0.999999940 0.999999940 0.999999940
v 0.348537564 0.084584966 -0.02690003 0.999999940 0.999999940 0.999999940
v 0.329508185 0.085940495 -0.04759102 0.999999940 0.999999940 0.999999940
v 0.330184996 0.082504801 -0.039479 0.999999940 0.999999940 0.999999940
v 0.324782699 0.081442147 -0.04614765 0.999999940 0.999999940 0.999999940
v 0.326633840 0.074815131 -0.04261183 0.999999940 0.999999940 0.999999940
v 0.320026963 0.075958080 -0.05571428 0.999999940 0.999999940 0.999999940
v 0.320100009 0.079603903 -0.0581248 0.999999940 0.999999940 0.999999940
v 0.319808006 0.076042302 -0.0589566 0.999999940 0.999999940 0.999999940
v 0.320818990 0.074386201 -0.0549897 0.999999940 0.999999940 0.999999940
v 0.321211993 0.083369903 -0.0556105 0.999999940 0.999999940 0.999999940
v 0.318928867 0.082803100 -0.06123583 0.999999940 0.999999940 0.999999940
v 0.317856013 0.081568002 -0.0730642 0.999999940 0.999999940 0.999999940
v 0.326655507 0.083698749 -0.0455303 0.999999940 0.999999940 0.999999940
v 0.323150992 0.083850503 -0.0515458 0.999999940 0.999999940 0.999999940
v 0.328479766 0.089681103 -0.06345658 0.999999940 0.999999940 0.999999940
v 0.324084371 0.086517430 -0.05582919 0.999999940 0.999999940 0.999999940
v 0.352645218 0.090444460 -0.06244828 0.999999940 0.999999940 0.999999940
v 0.363487482 0.082675844 -0.01519674 0.999999940 0.999999940 0.999999940
v 0.337748616 0.090770520 -0.06618106 0.999999940 0.999999940 0.999999940
v 0.376363009 0.084542296 -0.02914771 0.999999940 0.999999940 0.999999940
v 0.378521084 0.080873467 -0.00688071 0.999999940 0.999999940 0.999999940
v 0.364502817 0.087615869 -0.0458208 0.999999940 0.999999940 0.999999940
v 0.382050454 0.078049831 0.010910205 0.999999940 0.999999940 0.999999940
v 0.370834082 0.092291906 -0.07208715 0.999999940 0.999999940 0.999999940
v 0.355637043 0.095244132 -0.08978017 0.999999940 0.999999940 0.999999940
v 0.321622312 0.089358359 -0.07063489 0.999999940 0.999999940 0.999999940
v 0.322453916 0.091222345 -0.08076432 0.999999940 0.999999940 0.999999940
v 0.320156008 0.085372500 -0.0605218 0.999999940 0.999999940 0.999999940
v 0.318645000 0.087743699 -0.07314 0.999999940 0.999999940 0.999999940
v 0.317492008 0.084667801 -0.0729587 0.999999940 0.999999940 0.999999940
v 0.318330794 0.086630612 -0.08409689 0.999999940 0.999999940 0.999999940
v 0.317640006 0.080072999 -0.0800815 0.999999940 0.999999940 0.999999940
v 0.319959998 0.088452599 -0.087553 0.999999940 0.999999940 0.999999940
v 0.322793990 0.089088797 -0.0940896 0.999999940 0.999999940 0.999999940
v 0.318749010 0.088647998 -0.0794532 0.999999940 0.999999940 0.999999940
v 0.319292992 0.089244999 -0.0847483 0.999999940 0.999999940 0.999999940
v 0.326281637 0.092678293 -0.09333593 0.999999940 0.999999940 0.999999940
v 0.322113007 0.091075196 -0.0866426 0.999999940 0.999999940 0.999999940
v 0.374871552 0.096692852 -0.09493553 0.999999940 0.999999940 0.999999940
v 0.399560719 0.099969260 -0.10830475 0.999999940 0.999999940 0.999999940
v 0.391443908 0.095678053 -0.08811911 0.999999940 0.999999940 0.999999940
v 0.431847006 0.103410683 -0.12143254 0.999999940 0.999999940 0.999999940
v 0.417904645 0.098648600 -0.10056496 0.999999940 0.999999940 0.999999940
v 0.390069693 0.089917592 -0.05937393 0.999999940 0.999999940 0.999999940
v 0.404064178 0.093093544 -0.07510469 0.999999940 0.999999940 0.999999940
v 0.420348256 0.094393946 -0.08117899 0.999999940 0.999999940 0.999999940
v 0.432991564 0.097156383 -0.09355677 0.999999940 0.999999940 0.999999940
v 0.455869406 0.104440853 -0.12523448 0.999999940 0.999999940 0.999999940
v 0.450328886 0.098421566 -0.09924076 0.999999940 0.999999940 0.999999940
v 0.441073149 0.091679379 -0.07012411 0.999999940 0.999999940 0.999999940
v 0.425139814 0.088661357 -0.05537999 0.999999940 0.999999940 0.999999940
v 0.415354132 0.086510486 -0.04443923 0.999999940 0.999999940 0.999999940
v 0.398991584 0.084155030 -0.03044314 0.999999940 0.999999940 0.999999940
v 0.380861878 0.087520241 -0.04635065 0.999999940 0.999999940 0.999999940
v 0.429760783 0.082424074 -0.02648637 0.999999940 0.999999940 0.999999940
v 0.442588210 0.084071435 -0.03646044 0.999999940 0.999999940 0.999999940
v 0.453850835 0.087512932 -0.05328291 0.999999940 0.999999940 0.999999940
v 0.459095895 0.094318725 -0.08241946 0.999999940 0.999999940 0.999999940
v 0.468043327 0.104952983 -0.12749736 0.999999940 0.999999940 0.999999940
v 0.474514693 0.099658116 -0.10538395 0.999999940 0.999999940 0.999999940
v 0.489860773 0.105299003 -0.12990631 0.999999940 0.999999940 0.999999940
v 0.487667322 0.097483746 -0.09754958 0.999999940 0.999999940 0.999999940
v 0.474680870 0.093956209 -0.08216194 0.999999940 0.999999940 0.999999940
v 0.476385802 0.087422885 -0.05556274 0.999999940 0.999999940 0.999999940
v 0.468372970 0.083212971 -0.03657658 0.999999940 0.999999940 0.999999940
v 0.456646859 0.080086074 -0.02019929 0.999999940 0.999999940 0.999999940
v 0.453674078 0.077141672 -0.00512874 0.999999940 0.999999940 0.999999940
v 0.431447416 0.077863305 -0.00346615 0.999999940 0.999999940 0.999999940
v 0.416301727 0.081183195 -0.01770297 0.999999940 0.999999940 0.999999940
v 0.395211011 0.081053189 -0.01229799 0.999999940 0.999999940 0.999999940
v 0.405861914 0.077770568 0.004471974 0.999999940 0.999999940 0.999999940
v 0.431023925 0.074343204 0.017118135 0.999999940 0.999999940 0.999999940
v 0.452225804 0.074168726 0.011335067 0.999999940 0.999999940 0.999999940
v 0.480655670 0.072744794 0.011094543 0.999999940 0.999999940 0.999999940
v 0.486316472 0.075580738 -0.0048691 0.999999940 0.999999940 0.999999940
v 0.486771822 0.079193130 -0.02183594 0.999999940 0.999999940 0.999999940
v 0.493647187 0.081463351 -0.03305472 0.999999940 0.999999940 0.999999940
v 0.488960772 0.088643275 -0.06221599 0.999999940 0.999999940 0.999999940
v 0.503619611 0.084984682 -0.04945144 0.999999940 0.999999940 0.999999940
v 0.503617525 0.103512212 -0.12357499 0.999999940 0.999999940 0.999999940
v 0.511586129 0.097787797 -0.10128807 0.999999940 0.999999940 0.999999940
v 0.506248831 0.091065250 -0.07415226 0.999999940 0.999999940 0.999999940
v 0.514723420 0.107483871 -0.14176337 0.999999940 0.999999940 0.999999940
v 0.534793734 0.105514392 -0.13599969 0.999999940 0.999999940 0.999999940
v 0.526658177 0.099876515 -0.11164296 0.999999940 0.999999940 0.999999940
v 0.530631005 0.091684386 -0.08009739 0.999999940 0.999999940 0.999999940
v 0.526295483 0.085181213 -0.05381235 0.999999940 0.999999940 0.999999940
v 0.527128219 0.080518409 -0.03485544 0.999999940 0.999999940 0.999999940
v 0.536001980 0.078098215 -0.02613989 0.999999940 0.999999940 0.999999940
v 0.514359951 0.076152138 -0.01341262 0.999999940 0.999999940 0.999999940
v 0.531274437 0.071581572 0.004970805 0.999999940 0.999999940 0.999999940
v 0.504708409 0.07168331 0.010517671 0.999999940 0.999999940 0.999999940
v 0.485926479 0.06999892 0.025047432 0.999999940 0.999999940 0.999999940
v 0.459780186 0.071289591 0.025908784 0.999999940 0.999999940 0.999999940
v 0.429386526 0.072149641 0.032280486 0.999999940 0.999999940 0.999999940
v 0.402443110 0.076168447 0.016006564 0.999999940 0.999999940 0.999999940
v 0.392955541 0.075374461 0.025848778 0.999999940 0.999999940 0.999999940
v 0.469766974 0.068925537 0.037436828 0.999999940 0.999999940 0.999999940
v 0.475324273 0.067478805 0.045155223 0.999999940 0.999999940 0.999999940
v 0.449052482 0.068556435 0.049310505 0.999999940 0.999999940 0.999999940
v 0.499270886 0.067388713 0.036963805 0.999999940 0.999999940 0.999999940
v 0.515831887 0.069141276 0.021512476 0.999999940 0.999999940 0.999999940
v 0.538775205 0.074297890 -0.00960958 0.999999940 0.999999940 0.999999940
v 0.554438054 0.070925109 0.003649348 0.999999940 0.999999940 0.999999940
v 0.546191155 0.068545103 0.017768172 0.999999940 0.999999940 0.999999940
v 0.550128579 0.082402579 -0.04656775 0.999999940 0.999999940 0.999999940
v 0.568225741 0.078671328 -0.03418881 0.999999940 0.999999940 0.999999940
v 0.569446682 0.075660735 -0.02129508 0.999999940 0.999999940 0.999999940
v 0.548930227 0.086793132 -0.06390974 0.999999940 0.999999940 0.999999940
v 0.545792639 0.098638325 -0.10974222 0.999999940 0.999999940 0.999999940
v 0.547742962 0.090929247 -0.07990644 0.999999940 0.999999940 0.999999940
v 0.564170539 0.103796273 -0.13432479 0.999999940 0.999999940 0.999999940
v 0.559638917 0.097538590 -0.1078952 0.999999940 0.999999940 0.999999940
v 0.568227767 0.089980512 -0.079795 0.999999940 0.999999940 0.999999940
v 0.579756498 0.084667697 -0.06081752 0.999999940 0.999999940 0.999999940
v 0.592401146 0.082096420 -0.05258067 0.999999940 0.999999940 0.999999940
v 0.602974593 0.079045176 -0.04148377 0.999999940 0.999999940 0.999999940
v 0.600864172 0.074791051 -0.0224052 0.999999940 0.999999940 0.999999940
v 0.566372513 0.073250629 -0.00975115 0.999999940 0.999999940 0.999999940
v 0.582012772 0.070376291 0.001625102 0.999999940 0.999999940 0.999999940
v 0.584580898 0.067796252 0.014831234 0.999999940 0.999999940 0.999999940
v 0.528430759 0.066919058 0.031348422 0.999999940 0.999999940 0.999999940
v 0.555068910 0.065910160 0.031182918 0.999999940 0.999999940 0.999999940
v 0.506326854 0.064848579 0.052112426 0.999999940 0.999999940 0.999999940
v 0.526794433 0.064989700 0.044232618 0.999999940 0.999999940 0.999999940
v 0.481218665 0.065506964 0.057566501 0.999999940 0.999999940 0.999999940
v 0.501170516 0.063439056 0.065591737 0.999999940 0.999999940 0.999999940
v 0.528648912 0.062989339 0.058489274 0.999999940 0.999999940 0.999999940
v 0.553376734 0.063770815 0.045675996 0.999999940 0.999999940 0.999999940
v 0.588062524 0.065872229 0.025571256 0.999999940 0.999999940 0.999999940
v 0.577770113 0.064161986 0.038012296 0.999999940 0.999999940 0.999999940
v 0.602813422 0.070746466 -0.00320219 0.999999940 0.999999940 0.999999940
v 0.619749367 0.067944794 0.009838643 0.999999940 0.999999940 0.999999940
v 0.610251247 0.065745130 0.023696383 0.999999940 0.999999940 0.999999940
v 0.633305430 0.078089095 -0.04196785 0.999999940 0.999999940 0.999999940
v 0.626542031 0.072897471 -0.01672969 0.999999940 0.999999940 0.999999940
v 0.619037866 0.083782553 -0.06431817 0.999999940 0.999999940 0.999999940
v 0.595020651 0.088932491 -0.08077145 0.999999940 0.999999940 0.999999940
v 0.637565493 0.085176751 -0.07365614 0.999999940 0.999999940 0.999999940
v 0.618941485 0.089771851 -0.08907408 0.999999940 0.999999940 0.999999940
v 0.655928969 0.076189085 -0.03575704 0.999999940 0.999999940 0.999999940
v 0.664887070 0.080371677 -0.05665503 0.999999940 0.999999940 0.999999940
v 0.660223126 0.083794720 -0.0716456 0.999999940 0.999999940 0.999999940
v 0.637321949 0.071099683 -0.00874006 0.999999940 0.999999940 0.999999940
v 0.648169100 0.068698056 0.003831643 0.999999940 0.999999940 0.999999940
v 0.627866625 0.065506614 0.023938491 0.999999940 0.999999940 0.999999940
v 0.610069274 0.06352745 0.038191955 0.999999940 0.999999940 0.999999940
v 0.598773181 0.061954677 0.050942398 0.999999940 0.999999940 0.999999940
v 0.570666909 0.061760038 0.056907266 0.999999940 0.999999940 0.999999940
v 0.545099377 0.061878826 0.062334645 0.999999940 0.999999940 0.999999940
v 0.526043117 0.060837611 0.078923456 0.999999940 0.999999940 0.999999940
v 0.507801413 0.061566766 0.080289445 0.999999940 0.999999940 0.999999940
v 0.520792365 0.059717703 0.094857513 0.999999940 0.999999940 0.999999940
v 0.547520875 0.058752022 0.094306856 0.999999940 0.999999940 0.999999940
v 0.549813687 0.059886835 0.079865217 0.999999940 0.999999940 0.999999940
v 0.568281471 0.060206227 0.071300841 0.999999940 0.999999940 0.999999940
v 0.591400682 0.060354888 0.065742917 0.999999940 0.999999940 0.999999940
v 0.627047121 0.061211396 0.055606715 0.999999940 0.999999940 0.999999940
v 0.611799538 0.060161169 0.065709799 0.999999940 0.999999940 0.999999940
v 0.636724650 0.063641630 0.036392297 0.999999940 0.999999940 0.999999940
v 0.654363036 0.066861406 0.014950410 0.999999940 0.999999940 0.999999940
v 0.675235331 0.070706337 -0.00783734 0.999999940 0.999999940 0.999999940
v 0.665480792 0.073031105 -0.02054706 0.999999940 0.999999940 0.999999940
v 0.689977586 0.078911006 -0.05239879 0.999999940 0.999999940 0.999999940
v 0.680542945 0.080695852 -0.06027012 0.999999940 0.999999940 0.999999940
v 0.683734536 0.085207745 -0.08259901 0.999999940 0.999999940 0.999999940
v 0.647094190 0.088627457 -0.09061778 0.999999940 0.999999940 0.999999940
v 0.673396408 0.088781155 -0.09728856 0.999999940 0.999999940 0.999999940
v 0.693741321 0.087443016 -0.09577119 0.999999940 0.999999940 0.999999940
v 0.702144324 0.083422534 -0.07695653 0.999999940 0.999999940 0.999999940
v 0.701288104 0.076997898 -0.0429207 0.999999940 0.999999940 0.999999940
v 0.718509078 0.081389956 -0.06817522 0.999999940 0.999999940 0.999999940
v 0.678164839 0.067952312 0.009148074 0.999999940 0.999999940 0.999999940
v 0.696166455 0.071880891 -0.01389236 0.999999940 0.999999940 0.999999940
v 0.662480473 0.065331332 0.025575401 0.999999940 0.999999940 0.999999940
v 0.658215642 0.063494235 0.038721151 0.999999940 0.999999940 0.999999940
v 0.649174511 0.061932899 0.050707660 0.999999940 0.999999940 0.999999940
v 0.638439953 0.059857931 0.069432802 0.999999940 0.999999940 0.999999940
v 0.614356815 0.058911055 0.079027101 0.999999940 0.999999940 0.999999940
v 0.594252467 0.059108160 0.078054010 0.999999940 0.999999940 0.999999940
v 0.570302844 0.058828625 0.085897721 0.999999940 0.999999940 0.999999940
v 0.575781881 0.057967077 0.095737360 0.999999940 0.999999940 0.999999940
v 0.603922843 0.057999685 0.090860769 0.999999940 0.999999940 0.999999940
v 0.632514178 0.058419305 0.086071610 0.999999940 0.999999940 0.999999940
v 0.665891051 0.061364304 0.058649659 0.999999940 0.999999940 0.999999940
v 0.655347704 0.059316974 0.079029999 0.999999940 0.999999940 0.999999940
v 0.680417716 0.063963279 0.038738261 0.999999940 0.999999940 0.999999940
v 0.687639892 0.065813243 0.025430707 0.999999940 0.999999940 0.999999940
v 0.695590436 0.068489559 0.007736071 0.999999940 0.999999940 0.999999940
v 0.715642988 0.072677686 -0.01699411 0.999999940 0.999999940 0.999999940
v 0.717968106 0.077201962 -0.04416473 0.999999940 0.999999940 0.999999940
v 0.739905536 0.081086218 -0.06773296 0.999999940 0.999999940 0.999999940
v 0.737045288 0.084854289 -0.09017996 0.999999940 0.999999940 0.999999940
v 0.714859485 0.086716316 -0.09674849 0.999999940 0.999999940 0.999999940
v 0.681566774 0.092166960 -0.1157743 0.999999940 0.999999940 0.999999940
v 0.700591445 0.090611785 -0.11358484 0.999999940 0.999999940 0.999999940
v 0.723656833 0.089883312 -0.11681274 0.999999940 0.999999940 0.999999940
v 0.748213529 0.084451526 -0.08945745 0.999999940 0.999999940 0.999999940
v 0.746691703 0.088784150 -0.117004 0.999999940 0.999999940 0.999999940
v 0.738459467 0.090862259 -0.12756936 0.999999940 0.999999940 0.999999940
v 0.738376498 0.077670984 -0.04633851 0.999999940 0.999999940 0.999999940
v 0.750447511 0.078389346 -0.04996545 0.999999940 0.999999940 0.999999940
v 0.709951400 0.068984292 0.007008277 0.999999940 0.999999940 0.999999940
v 0.742353856 0.075804628 -0.03357271 0.999999940 0.999999940 0.999999940
v 0.700446069 0.064640805 0.038589783 0.999999940 0.999999940 0.999999940
v 0.718540251 0.067638434 0.019571989 0.999999940 0.999999940 0.999999940
v 0.684868454 0.062372047 0.054312724 0.999999940 0.999999940 0.999999940
v 0.679689288 0.059982482 0.078947126 0.999999940 0.999999940 0.999999940
v 0.669642806 0.058871969 0.089962549 0.999999940 0.999999940 0.999999940
v 0.653699815 0.058138765 0.094935774 0.999999940 0.999999940 0.999999940
v 0.630457341 0.057536099 0.098960809 0.999999940 0.999999940 0.999999940
v 0.672091305 0.057784907 0.108865380 0.999999940 0.999999940 0.999999940
v 0.641947329 0.057078689 0.109371706 0.999999940 0.999999940 0.999999940
v 0.690399706 0.058720562 0.104030914 0.999999940 0.999999940 0.999999940
v 0.704486191 0.060088127 0.092555977 0.999999940 0.999999940 0.999999940
v 0.700460135 0.061478663 0.070824988 0.999999940 0.999999940 0.999999940
v 0.711270153 0.063855007 0.050630386 0.999999940 0.999999940 0.999999940
v 0.730971038 0.066807106 0.032127987 0.999999940 0.999999940 0.999999940
v 0.738180458 0.072007842 -0.00767565 0.999999940 0.999999940 0.999999940
v 0.742890834 0.070095330 0.009029854 0.999999940 0.999999940 0.999999940
v 0.751484751 0.075715005 -0.03112558 0.999999940 0.999999940 0.999999940
v 0.746854186 0.079637199 -0.11392859 0.999999940 0.999999940 0.999999940
v 0.745323896 0.092839852 -0.14375049 0.999999940 0.999999940 0.999999940
v 0.723135650 0.093781173 -0.13960858 0.999999940 0.999999940 0.999999940
v 0.735077858 0.094405196 -0.14928389 0.999999940 0.999999940 0.999999940
v 0.744860708 0.082042291 -0.15302707 0.999999940 0.999999940 0.999999940
v 0.734247565 0.097670733 -0.1716532 0.999999940 0.999999940 0.999999940
v 0.744030475 0.096822753 -0.172272 0.999999940 0.999999940 0.999999940
v 0.746785998 0.070170000 -0.115264 0.999999940 0.999999940 0.999999940
v 0.745381474 0.074338778 -0.14287412 0.999999940 0.999999940 0.999999940
v 0.743582844 0.079931139 -0.18437399 0.999999940 0.999999940 0.999999940
v 0.743245959 0.091326981 -0.19214322 0.999999940 0.999999940 0.999999940
v 0.743236005 0.099370650 -0.19304225 0.999999940 0.999999940 0.999999940
v 0.729707837 0.101611219 -0.19960001 0.999999940 0.999999940 0.999999940
v 0.715487659 0.099815316 -0.17431834 0.999999940 0.999999940 0.999999940
v 0.719420015 0.101476028 -0.18915503 0.999999940 0.999999940 0.999999940
v 0.717067599 0.096412263 -0.15287556 0.999999940 0.999999940 0.999999940
v 0.694293737 0.095333948 -0.13642137 0.999999940 0.999999940 0.999999940
v 0.697350084 0.098929308 -0.15779714 0.999999940 0.999999940 0.999999940
v 0.700243294 0.101505629 -0.17550164 0.999999940 0.999999940 0.999999940
v 0.695002198 0.105994507 -0.20316222 0.999999940 0.999999940 0.999999940
v 0.684789717 0.106548041 -0.19879767 0.999999940 0.999999940 0.999999940
v 0.704651832 0.106377460 -0.21578488 0.999999940 0.999999940 0.999999940
v 0.742725014 0.101061500 -0.20863 0.999999940 0.999999940 0.999999940
v 0.728193700 0.104195565 -0.22254086 0.999999940 0.999999940 0.999999940
v 0.742743015 0.082678854 -0.208617 0.999999940 0.999999940 0.999999940
v 0.742358803 0.093621276 -0.22147867 0.999999940 0.999999940 0.999999940
v 0.726499438 0.080860018 -0.17788018 0.999999940 0.999999940 0.999999940
v 0.721249938 0.084398418 -0.20133503 0.999999940 0.999999940 0.999999940
v 0.724102854 0.086001224 -0.21964818 0.999999940 0.999999940 0.999999940
v 0.729927539 0.073280751 -0.12936227 0.999999940 0.999999940 0.999999940
v 0.732403814 0.076507039 -0.15107846 0.999999940 0.999999940 0.999999940
v 0.735919594 0.069575570 -0.10855316 0.999999940 0.999999940 0.999999940
v 0.714099824 0.077342383 -0.14713372 0.999999940 0.999999940 0.999999940
v 0.696788847 0.087837599 -0.20666713 0.999999940 0.999999940 0.999999940
v 0.693230629 0.090199917 -0.22350156 0.999999940 0.999999940 0.999999940
v 0.742359995 0.083989605 -0.222478 0.999999940 0.999999940 0.999999940
v 0.728856384 0.087327353 -0.24190243 0.999999940 0.999999940 0.999999940
v 0.681331157 0.093384437 -0.24051236 0.999999940 0.999999940 0.999999940
v 0.742340505 0.102375999 -0.2224915 0.999999940 0.999999940 0.999999940
v 0.741888761 0.103990748 -0.24328549 0.999999940 0.999999940 0.999999940
v 0.742007494 0.085241854 -0.2380745 0.999999940 0.999999940 0.999999940
v 0.741808772 0.095700770 -0.24696676 0.999999940 0.999999940 0.999999940
v 0.704854905 0.107982717 -0.23165227 0.999999940 0.999999940 0.999999940
v 0.718760967 0.107428953 -0.24714975 0.999999940 0.999999940 0.999999940
v 0.677172660 0.110954292 -0.22717519 0.999999940 0.999999940 0.999999940
v 0.681510806 0.112055815 -0.24389856 0.999999940 0.999999940 0.999999940
v 0.701800406 0.109763383 -0.24791656 0.999999940 0.999999940 0.999999940
v 0.695938885 0.112433441 -0.27791637 0.999999940 0.999999940 0.999999940
v 0.688380062 0.112839423 -0.26652977 0.999999940 0.999999940 0.999999940
v 0.731209814 0.106864683 -0.26582128 0.999999940 0.999999940 0.999999940
v 0.741472482 0.105585500 -0.27186865 0.999999940 0.999999940 0.999999940
v 0.741552889 0.086966052 -0.26752561 0.999999940 0.999999940 0.999999940
v 0.741497576 0.095103673 -0.26824054 0.999999940 0.999999940 0.999999940
v 0.686770498 0.093765109 -0.25344029 0.999999940 0.999999940 0.999999940
v 0.692260623 0.093624554 -0.2619808 0.999999940 0.999999940 0.999999940
v 0.724701225 0.089322559 -0.26522043 0.999999940 0.999999940 0.999999940
v 0.687728524 0.095171555 -0.27825943 0.999999940 0.999999940 0.999999940
v 0.713498890 0.091732621 -0.28248599 0.999999940 0.999999940 0.999999940
v 0.741278529 0.097147330 -0.29386437 0.999999940 0.999999940 0.999999940
v 0.730730235 0.089619703 -0.29595822 0.999999940 0.999999940 0.999999940
v 0.741270482 0.088137798 -0.30040699 0.999999940 0.999999940 0.999999940
v 0.725818216 0.108761787 -0.29618517 0.999999940 0.999999940 0.999999940
v 0.741228520 0.106614247 -0.303877 0.999999940 0.999999940 0.999999940
v 0.705432117 0.111754104 -0.29538846 0.999999940 0.999999940 0.999999940
v 0.672309696 0.114665456 -0.2623522 0.999999940 0.999999940 0.999999940
v 0.661454677 0.114996120 -0.2493781 0.999999940 0.999999940 0.999999940
v 0.656949937 0.110243208 -0.20380417 0.999999940 0.999999940 0.999999940
v 0.668868482 0.107064120 -0.19072974 0.999999940 0.999999940 0.999999940
v 0.640238881 0.109725914 -0.18985236 0.999999940 0.999999940 0.999999940
v 0.671081185 0.104240417 -0.17468819 0.999999940 0.999999940 0.999999940
v 0.605454325 0.113260254 -0.19311665 0.999999940 0.999999940 0.999999940
v 0.620172560 0.110272139 -0.18288748 0.999999940 0.999999940 0.999999940
v 0.640783011 0.106878884 -0.17380615 0.999999940 0.999999940 0.999999940
v 0.597428500 0.110261425 -0.17341888 0.999999940 0.999999940 0.999999940
v 0.585270881 0.112802110 -0.18261257 0.999999940 0.999999940 0.999999940
v 0.617755174 0.107790045 -0.16857541 0.999999940 0.999999940 0.999999940
v 0.637073278 0.103442087 -0.15438965 0.999999940 0.999999940 0.999999940
v 0.672170937 0.101063005 -0.1574448 0.999999940 0.999999940 0.999999940
v 0.671750962 0.099062375 -0.14662334 0.999999940 0.999999940 0.999999940
v 0.622664868 0.101087398 -0.13832091 0.999999940 0.999999940 0.999999940
v 0.653135955 0.096897959 -0.12914002 0.999999940 0.999999940 0.999999940
v 0.65482831 0.099178493 -0.14056307 0.999999940 0.999999940 0.999999940
v 0.600735962 0.106825076 -0.15766819 0.999999940 0.999999940 0.999999940
v 0.578417062 0.109834171 -0.16515087 0.999999940 0.999999940 0.999999940
v 0.561138153 0.109674021 -0.15976335 0.999999940 0.999999940 0.999999940
v 0.590270698 0.104818344 -0.14522582 0.999999940 0.999999940 0.999999940
v 0.648109674 0.094405025 -0.11622816 0.999999940 0.999999940 0.999999940
v 0.617875218 0.098236598 -0.12432946 0.999999940 0.999999940 0.999999940
v 0.680054068 0.095064595 -0.12963137 0.999999940 0.999999940 0.999999940
v 0.627575516 0.094470866 -0.11078338 0.999999940 0.999999940 0.999999940
v 0.588963091 0.099870204 -0.12360364 0.999999940 0.999999940 0.999999940
v 0.604021251 0.094741225 -0.10604883 0.999999940 0.999999940 0.999999940
v 0.553980648 0.107620790 -0.14886276 0.999999940 0.999999940 0.999999940
v 0.531934618 0.110116168 -0.15597692 0.999999940 0.999999940 0.999999940
v 0.573185026 0.098024368 -0.11254881 0.999999940 0.999999940 0.999999940
v 0.710190832 0.111443683 -0.31298009 0.999999940 0.999999940 0.999999940
v 0.741169214 0.106872752 -0.32114875 0.999999940 0.999999940 0.999999940
v 0.741175293 0.097282648 -0.31814489 0.999999940 0.999999940 0.999999940
v 0.74119699 0.088459894 -0.3194105 0.999999940 0.999999940 0.999999940
v 0.741191387 0.088484287 -0.34441325 0.999999940 0.999999940 0.999999940
v 0.729809582 0.090251348 -0.32351851 0.999999940 0.999999940 0.999999940
v 0.722585916 0.091318085 -0.34739697 0.999999940 0.999999940 0.999999940
v 0.741304159 0.087990984 -0.37495852 0.999999940 0.999999940 0.999999940
v 0.719961762 0.091575764 -0.35875094 0.999999940 0.999999940 0.999999940
v 0.708058416 0.093324631 -0.31198332 0.999999940 0.999999940 0.999999940
v 0.707010269 0.093670405 -0.32896754 0.999999940 0.999999940 0.999999940
v 0.697557389 0.095066383 -0.33709759 0.999999940 0.999999940 0.999999940
v 0.693184971 0.095610611 -0.35160872 0.999999940 0.999999940 0.999999940
v 0.706046760 0.093257829 -0.37643006 0.999999940 0.999999940 0.999999940
v 0.731549739 0.089402638 -0.37862921 0.999999940 0.999999940 0.999999940
v 0.720543444 0.090254575 -0.40055278 0.999999940 0.999999940 0.999999940
v 0.741559028 0.086879201 -0.40715575 0.999999940 0.999999940 0.999999940
v 0.688117623 0.095827624 -0.37582847 0.999999940 0.999999940 0.999999940
v 0.694064736 0.094166673 -0.39791828 0.999999940 0.999999940 0.999999940
v 0.674545586 0.098265491 -0.33533904 0.999999940 0.999999940 0.999999940
v 0.669352710 0.098847195 -0.35246152 0.999999940 0.999999940 0.999999940
v 0.673072934 0.098132409 -0.36595926 0.999999940 0.999999940 0.999999940
v 0.701984643 0.093925863 -0.29901069 0.999999940 0.999999940 0.999999940
v 0.654772162 0.100743949 -0.34401324 0.999999940 0.999999940 0.999999940
v 0.651961505 0.100840836 -0.36235601 0.999999940 0.999999940 0.999999940
v 0.650875926 0.100612558 -0.37681177 0.999999940 0.999999940 0.999999940
v 0.670061886 0.097870394 -0.38700584 0.999999940 0.999999940 0.999999940
v 0.679489016 0.095831930 -0.4046739 0.999999940 0.999999940 0.999999940
v 0.709689378 0.090778693 -0.42065945 0.999999940 0.999999940 0.999999940
v 0.727597832 0.088528335 -0.41534686 0.999999940 0.999999940 0.999999940
v 0.741940617 0.085211090 -0.43799448 0.999999940 0.999999940 0.999999940
v 0.721503496 0.088003486 -0.43881512 0.999999940 0.999999940 0.999999940
v 0.654024958 0.099591389 -0.39386898 0.999999940 0.999999940 0.999999940
v 0.634989917 0.102657750 -0.36617458 0.999999940 0.999999940 0.999999940
v 0.640404939 0.102361224 -0.34914318 0.999999940 0.999999940 0.999999940
v 0.742978990 0.080674201 -0.50125402 0.999999940 0.999999940 0.999999940
v 0.697828352 0.076545842 -0.13568857 0.999999940 0.999999940 0.999999940
v 0.75434798 0.068835929 0.026970423 0.999999940 0.999999940 0.999999940
v 0.740081071 0.065967410 0.046071808 0.999999940 0.999999940 0.999999940
v 0.755198478 0.066939398 0.047452122 0.999999940 0.999999940 0.999999940
v 0.724165558 0.063250862 0.065284162 0.999999940 0.999999940 0.999999940
v 0.743559777 0.063585743 0.076967820 0.999999940 0.999999940 0.999999940
v 0.740682005 0.061558771 0.103108242 0.999999940 0.999999940 0.999999940
v 0.727381050 0.062035825 0.083217464 0.999999940 0.999999940 0.999999940
v 0.721428394 0.060276836 0.103843919 0.999999940 0.999999940 0.999999940
v 0.729070186 0.059500217 0.125758826 0.999999940 0.999999940 0.999999940
v 0.745874762 0.060527831 0.127269521 0.999999940 0.999999940 0.999999940
v 0.757510244 0.061885900 0.119264751 0.999999940 0.999999940 0.999999940
v 0.758174002 0.060435850 0.152712494 0.999999940 0.999999940 0.999999940
v 0.747507572 0.059148855 0.164816364 0.999999940 0.999999940 0.999999940
v 0.732123732 0.058770284 0.146678730 0.999999940 0.999999940 0.999999940
v 0.708900272 0.058855809 0.116263434 0.999999940 0.999999940 0.999999940
v 0.711038231 0.057963896 0.137342840 0.999999940 0.999999940 0.999999940
v 0.688340723 0.057230632 0.131092757 0.999999940 0.999999940 0.999999940
v 0.722912371 0.05790966 0.155577838 0.999999940 0.999999940 0.999999940
v 0.700084745 0.056964311 0.150410443 0.999999940 0.999999940 0.999999940
v 0.75869596 0.059295419 0.20386976 0.999999940 0.999999940 0.999999940
v 0.743792891 0.058320820 0.189789027 0.999999940 0.999999940 0.999999940
v 0.732135295 0.057866383 0.175817325 0.999999940 0.999999940 0.999999940
v 0.758326292 0.051984477 0.160755425 0.999999940 0.999999940 0.999999940
v 0.758680403 0.049842845 0.195387005 0.999999940 0.999999940 0.999999940
v 0.758533239 0.041358098 0.182791501 0.999999940 0.999999940 0.999999940
v 0.758705139 0.059275299 0.243953257 0.999999940 0.999999940 0.999999940
v 0.758769154 0.049639083 0.226858124 0.999999940 0.999999940 0.999999940
v 0.751872003 0.058604519 0.217949986 0.999999940 0.999999940 0.999999940
v 0.733618557 0.057482939 0.206436738 0.999999940 0.999999940 0.999999940
v 0.720462322 0.056938856 0.190476909 0.999999940 0.999999940 0.999999940
v 0.709980309 0.056900784 0.167217090 0.999999940 0.999999940 0.999999940
v 0.674973726 0.056165680 0.148516818 0.999999940 0.999999940 0.999999940
v 0.681395411 0.055889152 0.164748698 0.999999940 0.999999940 0.999999940
v 0.664261519 0.056695912 0.126318186 0.999999940 0.999999940 0.999999940
v 0.646704077 0.055704213 0.144266709 0.999999940 0.999999940 0.999999940
v 0.651978671 0.055344294 0.161771148 0.999999940 0.999999940 0.999999940
v 0.705084860 0.056407585 0.180150777 0.999999940 0.999999940 0.999999940
v 0.667963147 0.055267915 0.181693434 0.999999940 0.999999940 0.999999940
v 0.684315621 0.055715572 0.178468927 0.999999940 0.999999940 0.999999940
v 0.701372087 0.055957917 0.201104372 0.999999940 0.999999940 0.999999940
v 0.721867442 0.056802559 0.213298216 0.999999940 0.999999940 0.999999940
v 0.737053394 0.057631406 0.226200550 0.999999940 0.999999940 0.999999940
v 0.746470451 0.058409869 0.250315874 0.999999940 0.999999940 0.999999940
v 0.758661687 0.051474601 0.252792596 0.999999940 0.999999940 0.999999940
v 0.758539021 0.059639200 0.267273008 0.999999940 0.999999940 0.999999940
v 0.749113261 0.040947306 0.169090837 0.999999940 0.999999940 0.999999940
v 0.744865715 0.058745253 0.272579908 0.999999940 0.999999940 0.999999940
v 0.758180022 0.060422912 0.294090390 0.999999940 0.999999940 0.999999940
v 0.746594131 0.059435717 0.291972130 0.999999940 0.999999940 0.999999940
v 0.729398489 0.057276673 0.243980467 0.999999940 0.999999940 0.999999940
v 0.729139626 0.057776082 0.274071246 0.999999940 0.999999940 0.999999940
v 0.713915348 0.056400135 0.233162850 0.999999940 0.999999940 0.999999940
v 0.680979728 0.055372629 0.198064565 0.999999940 0.999999940 0.999999940
v 0.691463887 0.055536355 0.225566849 0.999999940 0.999999940 0.999999940
v 0.641997933 0.055005170 0.174768462 0.999999940 0.999999940 0.999999940
v 0.669898450 0.055034127 0.222932934 0.999999940 0.999999940 0.999999940
v 0.677094996 0.055218603 0.238668456 0.999999940 0.999999940 0.999999940
v 0.687741935 0.055646892 0.256454318 0.999999940 0.999999940 0.999999940
v 0.701721787 0.056074746 0.251792907 0.999999940 0.999999940 0.999999940
v 0.715459048 0.056903746 0.26765576 0.999999940 0.999999940 0.999999940
v 0.730396151 0.058661457 0.299416393 0.999999940 0.999999940 0.999999940
v 0.747531056 0.060636699 0.318396836 0.999999940 0.999999940 0.999999940
v 0.731083095 0.059329427 0.314338207 0.999999940 0.999999940 0.999999940
v 0.743382155 0.061472833 0.339349210 0.999999940 0.999999940 0.999999940
v 0.622533798 0.055097919 0.161263585 0.999999940 0.999999940 0.999999940
v 0.604532003 0.054879132 0.174571335 0.999999940 0.999999940 0.999999940
v 0.618855357 0.055584918 0.140698030 0.999999940 0.999999940 0.999999940
v 0.600151181 0.055490803 0.143735051 0.999999940 0.999999940 0.999999940
v 0.586316168 0.054987635 0.171199098 0.999999940 0.999999940 0.999999940
v 0.568831801 0.055221475 0.168698221 0.999999940 0.999999940 0.999999940
v 0.576557695 0.055578824 0.148119613 0.999999940 0.999999940 0.999999940
v 0.613947272 0.056368738 0.119458623 0.999999940 0.999999940 0.999999940
v 0.585775196 0.056225843 0.125846996 0.999999940 0.999999940 0.999999940
v 0.63802737 0.056089453 0.130385369 0.999999940 0.999999940 0.999999940
v 0.612836062 0.056917797 0.108268089 0.999999940 0.999999940 0.999999940
v 0.589863240 0.057106126 0.106630437 0.999999940 0.999999940 0.999999940
v 0.566553771 0.056266576 0.131774768 0.999999940 0.999999940 0.999999940
v 0.565314412 0.056993812 0.115508645 0.999999940 0.999999940 0.999999940
v 0.550603508 0.055948313 0.151415497 0.999999940 0.999999940 0.999999940
v 0.553185761 0.055326886 0.177175521 0.999999940 0.999999940 0.999999940
v 0.541458845 0.055434402 0.189100101 0.999999940 0.999999940 0.999999940
v 0.532391548 0.056026630 0.168647304 0.999999940 0.999999940 0.999999940
v 0.549946129 0.057511217 0.112562395 0.999999940 0.999999940 0.999999940
v 0.527269065 0.058611080 0.107057414 0.999999940 0.999999940 0.999999940
v 0.741589725 0.063128501 0.365845620 0.999999940 0.999999940 0.999999940
v 0.327313989 0.093047097 -0.101516 0.999999940 0.999999940 0.999999940
v 0.324674010 0.091506101 -0.0970052 0.999999940 0.999999940 0.999999940
v 0.330462992 0.094622746 -0.1086345 0.999999940 0.999999940 0.999999940
v 0.333938002 0.096174702 -0.115148 0.999999940 0.999999940 0.999999940
v 0.335851997 0.096863001 -0.120007 0.999999940 0.999999940 0.999999940
v 0.357609987 0.068343497 0.079150199 0.999999940 0.999999940 0.999999940
v 0.358011066 0.067003458 0.084604144 0.999999940 0.999999940 0.999999940
v 0.361591994 0.062680997 0.0962715 0.999999940 0.999999940 0.999999940
v 0.359138011 0.069203600 0.083989702 0.999999940 0.999999940 0.999999940
v 0.360350012 0.068533897 0.089147500 0.999999940 0.999999940 0.999999940
v 0.361243993 0.067108303 0.0926321 0.999999940 0.999999940 0.999999940
v 0.366674006 0.060905199 0.111662998 0.999999940 0.999999940 0.999999940
v 0.363521993 0.066431902 0.097565501 0.999999940 0.999999940 0.999999940
v 0.365379005 0.065076299 0.104400999 0.999999940 0.999999940 0.999999940
v 0.366664528 0.057309765 0.112296529 0.999999940 0.999999940 0.999999940
v 0.373656988 0.054948698 0.130158007 0.999999940 0.999999940 0.999999940
v 0.376819998 0.059300899 0.140823006 0.999999940 0.999999940 0.999999940
v 0.377972006 0.059123400 0.152040004 0.999999940 0.999999940 0.999999940
v 0.375932544 0.062629394 0.162846371 0.999999940 0.999999940 0.999999940
v 0.372745990 0.058402299 0.166767999 0.999999940 0.999999940 0.999999940
v 0.433178573 0.069251053 -0.05163918 0.999999940 0.999999940 0.999999940
v 0.427279204 0.101745627 -0.21772736 0.999999940 0.999999940 0.999999940
v 0.404735684 0.101170256 -0.22438991 0.999999940 0.999999940 0.999999940
v 0.392397612 0.101451896 -0.23701836 0.999999940 0.999999940 0.999999940
v 0.410312265 0.102876320 -0.23809494 0.999999940 0.999999940 0.999999940
v 0.412847369 0.104220822 -0.25237018 0.999999940 0.999999940 0.999999940
v 0.376513868 0.100956708 -0.24860685 0.999999940 0.999999940 0.999999940
v 0.396290063 0.102986298 -0.25224259 0.999999940 0.999999940 0.999999940
v 0.373576104 0.099310882 -0.23249035 0.999999940 0.999999940 0.999999940
v 0.346475094 0.097254939 -0.24021587 0.999999940 0.999999940 0.999999940
v 0.352178603 0.099002212 -0.2541686 0.999999940 0.999999940 0.999999940
v 0.396351724 0.103866413 -0.26522279 0.999999940 0.999999940 0.999999940
v 0.418410241 0.105375185 -0.26477531 0.999999940 0.999999940 0.999999940
v 0.404055506 0.105116963 -0.2779907 0.999999940 0.999999940 0.999999940
v 0.382917881 0.103719249 -0.28600898 0.999999940 0.999999940 0.999999940
v 0.359863758 0.101362451 -0.28338137 0.999999940 0.999999940 0.999999940
v 0.347902 0.098484203 -0.248594 0.999999940 0.999999940 0.999999940
v 0.352970987 0.099972501 -0.261612 0.999999940 0.999999940 0.999999940
v 0.346009999 0.100891999 -0.252516 0.999999940 0.999999940 0.999999940
v 0.347855001 0.100149996 -0.256008 0.999999940 0.999999940 0.999999940
v 0.341517001 0.096135601 -0.226742 0.999999940 0.999999940 0.999999940
v 0.342231005 0.096836999 -0.23381899 0.999999940 0.999999940 0.999999940
v 0.340642988 0.099415399 -0.23576701 0.999999940 0.999999940 0.999999940
v 0.343046993 0.098948702 -0.241641 0.999999940 0.999999940 0.999999940
v 0.344949007 0.099285796 -0.248154 0.999999940 0.999999940 0.999999940
v 0.338490009 0.095418803 -0.21351901 0.999999940 0.999999940 0.999999940
v 0.338330000 0.096185199 -0.219485 0.999999940 0.999999940 0.999999940
v 0.338791012 0.098825499 -0.225347 0.999999940 0.999999940 0.999999940
v 0.339684009 0.097684197 -0.231962 0.999999940 0.999999940 0.999999940
v 0.343748301 0.103175669 -0.24772911 0.999999940 0.999999940 0.999999940
v 0.339318990 0.099512100 -0.231638 0.999999940 0.999999940 0.999999940
v 0.340109884 0.105652123 -0.23324935 0.999999940 0.999999940 0.999999940
v 0.346722990 0.101965002 -0.25635201 0.999999940 0.999999940 0.999999940
v 0.345964998 0.107556998 -0.255613 0.999999940 0.999999940 0.999999940
v 0.348336011 0.102008998 -0.260966 0.999999940 0.999999940 0.999999940
v 0.354598641 0.101403906 -0.28006929 0.999999940 0.999999940 0.999999940
v 0.349911987 0.101649001 -0.26827601 0.999999940 0.999999940 0.999999940
v 0.354197651 0.102158263 -0.29644239 0.999999940 0.999999940 0.999999940
v 0.359606504 0.102198869 -0.30739683 0.999999940 0.999999940 0.999999940
v 0.350656002 0.102324001 -0.27568901 0.999999940 0.999999940 0.999999940
v 0.350347995 0.104566998 -0.28309801 0.999999940 0.999999940 0.999999940
v 0.351060003 0.103376001 -0.289731 0.999999940 0.999999940 0.999999940
v 0.348534315 0.104601047 -0.26857632 0.999999940 0.999999940 0.999999940
v 0.346906006 0.112864002 -0.256533 0.999999940 0.999999940 0.999999940
v 0.348452001 0.113733999 -0.26089099 0.999999940 0.999999940 0.999999940
v 0.348473012 0.112248003 -0.26681 0.999999940 0.999999940 0.999999940
v 0.348912000 0.108797997 -0.274912 0.999999940 0.999999940 0.999999940
v 0.339421004 0.109863996 -0.231553 0.999999940 0.999999940 0.999999940
v 0.350165009 0.113810002 -0.274005 0.999999940 0.999999940 0.999999940
v 0.350499987 0.113296002 -0.284298 0.999999940 0.999999940 0.999999940
v 0.349357992 0.108850002 -0.29259899 0.999999940 0.999999940 0.999999940
v 0.350098997 0.104858003 -0.29029599 0.999999940 0.999999940 0.999999940
v 0.350326985 0.104312002 -0.295497 0.999999940 0.999999940 0.999999940
v 0.352656155 0.101974077 -0.31281605 0.999999940 0.999999940 0.999999940
v 0.349916011 0.103504002 -0.30217001 0.999999940 0.999999940 0.999999940
v 0.368169367 0.102979138 -0.3075549 0.999999940 0.999999940 0.999999940
v 0.353324651 0.101889669 -0.34979457 0.999999940 0.999999940 0.999999940
v 0.347751081 0.102323085 -0.3414728 0.999999940 0.999999940 0.999999940
v 0.347825586 0.102201134 -0.32864782 0.999999940 0.999999940 0.999999940
v 0.348612010 0.102411001 -0.31736901 0.999999940 0.999999940 0.999999940
v 0.348269999 0.103950999 -0.30804601 0.999999940 0.999999940 0.999999940
v 0.346816003 0.103284001 -0.314206 0.999999940 0.999999940 0.999999940
v 0.347410053 0.105885833 -0.3078109 0.999999940 0.999999940 0.999999940
v 0.350161999 0.113324001 -0.29077899 0.999999940 0.999999940 0.999999940
v 0.350335985 0.114171996 -0.29604799 0.999999940 0.999999940 0.999999940
v 0.347943007 0.112070024 -0.30540678 0.999999940 0.999999940 0.999999940
v 0.351161986 0.115171000 -0.29024699 0.999999940 0.999999940 0.999999940
v 0.354774922 0.117423482 -0.27962375 0.999999940 0.999999940 0.999999940
v 0.349927991 0.114885002 -0.2678 0.999999940 0.999999940 0.999999940
v 0.353064000 0.116788998 -0.26154399 0.999999940 0.999999940 0.999999940
v 0.354355424 0.118183814 -0.3015843 0.999999940 0.999999940 0.999999940
v 0.349920988 0.115502998 -0.30355799 0.999999940 0.999999940 0.999999940
v 0.348358988 0.115952 -0.312024 0.999999940 0.999999940 0.999999940
v 0.346089005 0.114854000 -0.318645 0.999999940 0.999999940 0.999999940
v 0.344696998 0.110243998 -0.32551301 0.999999940 0.999999940 0.999999940
v 0.346605002 0.104318998 -0.312159 0.999999940 0.999999940 0.999999940
v 0.345578998 0.104463003 -0.319653 0.999999940 0.999999940 0.999999940
v 0.345100998 0.103661000 -0.324536 0.999999940 0.999999940 0.999999940
v 0.344664990 0.104900002 -0.32967201 0.999999940 0.999999940 0.999999940
v 0.344839006 0.104116000 -0.33652699 0.999999940 0.999999940 0.999999940
v 0.348110139 0.102258890 -0.35709032 0.999999940 0.999999940 0.999999940
v 0.344716996 0.105281002 -0.34253001 0.999999940 0.999999940 0.999999940
v 0.344592988 0.106078997 -0.351962 0.999999940 0.999999940 0.999999940
v 0.343977123 0.108638800 -0.34131986 0.999999940 0.999999940 0.999999940
v 0.344462990 0.105361998 -0.32477501 0.999999940 0.999999940 0.999999940
v 0.344774991 0.114809997 -0.329965 0.999999940 0.999999940 0.999999940
v 0.344407975 0.113795846 -0.32377633 0.999999940 0.999999940 0.999999940
v 0.344023287 0.11294844 -0.33977267 0.999999940 0.999999940 0.999999940
v 0.348619014 0.117567002 -0.318721 0.999999940 0.999999940 0.999999940
v 0.345728009 0.115998998 -0.320813 0.999999940 0.999999940 0.999999940
v 0.348702400 0.118525497 -0.32888982 0.999999940 0.999999940 0.999999940
v 0.358596056 0.120296716 -0.31596223 0.999999940 0.999999940 0.999999940
v 0.348080992 0.114689 -0.25620699 0.999999940 0.999999940 0.999999940
v 0.389374196 0.123550832 -0.31500691 0.999999940 0.999999940 0.999999940
v 0.372267156 0.122094333 -0.32634637 0.999999940 0.999999940 0.999999940
v 0.354336440 0.119934938 -0.34574616 0.999999940 0.999999940 0.999999940
v 0.347936481 0.118140779 -0.33984336 0.999999940 0.999999940 0.999999940
v 0.345248013 0.116080001 -0.325046 0.999999940 0.999999940 0.999999940
v 0.34503299 0.115795001 -0.337044 0.999999940 0.999999940 0.999999940
v 0.345077991 0.115672998 -0.34416601 0.999999940 0.999999940 0.999999940
v 0.344574004 0.113742001 -0.35081801 0.999999940 0.999999940 0.999999940
v 0.343283444 0.109748028 -0.36183885 0.999999940 0.999999940 0.999999940
v 0.344413995 0.104875996 -0.36056101 0.999999940 0.999999940 0.999999940
v 0.344451993 0.114425003 -0.36035001 0.999999940 0.999999940 0.999999940
v 0.343427985 0.113568998 -0.36490899 0.999999940 0.999999940 0.999999940
v 0.342320263 0.106176786 -0.36972257 0.999999940 0.999999940 0.999999940
v 0.342498987 0.112897999 -0.37237799 0.999999940 0.999999940 0.999999940
v 0.339724987 0.108110003 -0.38310799 0.999999940 0.999999940 0.999999940
v 0.348421096 0.117837816 -0.35491893 0.999999940 0.999999940 0.999999940
v 0.355443418 0.119194805 -0.38873926 0.999999940 0.999999940 0.999999940
v 0.352292329 0.118976816 -0.37464625 0.999999940 0.999999940 0.999999940
v 0.370361805 0.121861763 -0.35439384 0.999999940 0.999999940 0.999999940
v 0.393575370 0.124092266 -0.33663628 0.999999940 0.999999940 0.999999940
v 0.409036368 0.124979317 -0.31516248 0.999999940 0.999999940 0.999999940
v 0.411739498 0.125339895 -0.33485052 0.999999940 0.999999940 0.999999940
v 0.425663024 0.125979006 -0.32119948 0.999999940 0.999999940 0.999999940
v 0.385930389 0.123124964 -0.3659578 0.999999940 0.999999940 0.999999940
v 0.409061074 0.124988876 -0.36118951 0.999999940 0.999999940 0.999999940
v 0.365338116 0.120498523 -0.38454202 0.999999940 0.999999940 0.999999940
v 0.347123384 0.116567730 -0.41474563 0.999999940 0.999999940 0.999999940
v 0.362601578 0.117936983 -0.42517111 0.999999940 0.999999940 0.999999940
v 0.377991616 0.120968543 -0.40294018 0.999999940 0.999999940 0.999999940
v 0.344874501 0.117380842 -0.38462037 0.999999940 0.999999940 0.999999940
v 0.346662014 0.117064997 -0.37290901 0.999999940 0.999999940 0.999999940
v 0.344229996 0.115203999 -0.365807 0.999999940 0.999999940 0.999999940
v 0.341975003 0.114837996 -0.379289 0.999999940 0.999999940 0.999999940
v 0.339885979 0.112270332 -0.38283873 0.999999940 0.999999940 0.999999940
v 0.342185705 0.116472020 -0.3869935 0.999999940 0.999999940 0.999999940
v 0.340156495 0.114750996 -0.38597852 0.999999940 0.999999940 0.999999940
v 0.335516631 0.112166576 -0.45263129 0.999999940 0.999999940 0.999999940
v 0.333471357 0.112768121 -0.42890462 0.999999940 0.999999940 0.999999940
v 0.33810395 0.113704107 -0.41545412 0.999999940 0.999999940 0.999999940
v 0.341034323 0.115129478 -0.40252355 0.999999940 0.999999940 0.999999940
v 0.348062217 0.112886428 -0.46303391 0.999999940 0.999999940 0.999999940
v 0.368992388 0.116470888 -0.45069659 0.999999940 0.999999940 0.999999940
v 0.370921820 0.118193820 -0.43336576 0.999999940 0.999999940 0.999999940
v 0.384054124 0.120732247 -0.41678947 0.999999940 0.999999940 0.999999940
v 0.398398965 0.123055197 -0.39808464 0.999999940 0.999999940 0.999999940
v 0.380112439 0.121907413 -0.38747025 0.999999940 0.999999940 0.999999940
v 0.40196383 0.124132841 -0.37720352 0.999999940 0.999999940 0.999999940
v 0.421899706 0.125008761 -0.38895416 0.999999940 0.999999940 0.999999940
v 0.429650157 0.125967472 -0.36741614 0.999999940 0.999999940 0.999999940
v 0.419291824 0.125688031 -0.34918693 0.999999940 0.999999940 0.999999940
v 0.409810006 0.123778447 -0.40017569 0.999999940 0.999999940 0.999999940
v 0.402739018 0.122139394 -0.41996974 0.999999940 0.999999940 0.999999940
v 0.389843612 0.120284885 -0.43050203 0.999999940 0.999999940 0.999999940
v 0.382920354 0.118242926 -0.44712254 0.999999940 0.999999940 0.999999940
v 0.370111167 0.115238100 -0.46450955 0.999999940 0.999999940 0.999999940
v 0.362348198 0.112228266 -0.4844209 0.999999940 0.999999940 0.999999940
v 0.347475409 0.109385758 -0.49309292 0.999999940 0.999999940 0.999999940
v 0.340684920 0.110112838 -0.47892264 0.999999940 0.999999940 0.999999940
v 0.333691567 0.109684653 -0.4703376 0.999999940 0.999999940 0.999999940
v 0.329521447 0.109915614 -0.45751572 0.999999940 0.999999940 0.999999940
v 0.328610420 0.110618621 -0.44278261 0.999999940 0.999999940 0.999999940
v 0.330197334 0.111821547 -0.43512455 0.999999940 0.999999940 0.999999940
v 0.327800989 0.109699003 -0.43095401 0.999999940 0.999999940 0.999999940
v 0.330949485 0.109853752 -0.42306101 0.999999940 0.999999940 0.999999940
v 0.334650009 0.110225997 -0.41264099 0.999999940 0.999999940 0.999999940
v 0.336793988 0.111542999 -0.40557599 0.999999940 0.999999940 0.999999940
v 0.327722996 0.107772998 -0.429773 0.999999940 0.999999940 0.999999940
v 0.330803006 0.106129996 -0.420674 0.999999940 0.999999940 0.999999940
v 0.326595991 0.108424000 -0.434986 0.999999940 0.999999940 0.999999940
v 0.326150000 0.108879998 -0.439895 0.999999940 0.999999940 0.999999940
v 0.325893014 0.106974996 -0.44493601 0.999999940 0.999999940 0.999999940
v 0.327935993 0.108085997 -0.46417099 0.999999940 0.999999940 0.999999940
v 0.326561987 0.107768997 -0.452957 0.999999940 0.999999940 0.999999940
v 0.334111988 0.108213 -0.48149499 0.999999940 0.999999940 0.999999940
v 0.329928994 0.107088998 -0.47456399 0.999999940 0.999999940 0.999999940
v 0.329275012 0.107982002 -0.46885699 0.999999940 0.999999940 0.999999940
v 0.332776844 0.107341617 -0.49325335 0.999999940 0.999999940 0.999999940
v 0.365874260 0.109589755 -0.50119001 0.999999940 0.999999940 0.999999940
v 0.382610619 0.112584903 -0.49847937 0.999999940 0.999999940 0.999999940
v 0.386167794 0.115340054 -0.47828612 0.999999940 0.999999940 0.999999940
v 0.394447773 0.117704041 -0.46352163 0.999999940 0.999999940 0.999999940
v 0.401533931 0.120122566 -0.44494641 0.999999940 0.999999940 0.999999940
v 0.413922488 0.121993713 -0.4334996 0.999999940 0.999999940 0.999999940
v 0.430753022 0.121611997 -0.45061019 0.999999940 0.999999940 0.999999940
v 0.411102414 0.119172982 -0.46237209 0.999999940 0.999999940 0.999999940
v 0.406219571 0.117148622 -0.47743255 0.999999940 0.999999940 0.999999940
v 0.415177375 0.116075761 -0.4919177 0.999999940 0.999999940 0.999999940
v 0.394636005 0.113029003 -0.502895 0.999999940 0.999999940 0.999999940
v 0.381092011 0.111639000 -0.50238001 0.999999940 0.999999940 0.999999940
v 0.375000923 0.105797350 -0.50273532 0.999999940 0.999999940 0.999999940
v 0.365317463 0.105896495 -0.50237644 0.999999940 0.999999940 0.999999940
v 0.329320013 0.104869000 -0.499401 0.999999940 0.999999940 0.999999940
v 0.327342003 0.105416998 -0.495406 0.999999940 0.999999940 0.999999940
v 0.328900992 0.104524999 -0.48656401 0.999999940 0.999999940 0.999999940
v 0.329506993 0.105228997 -0.4797 0.999999940 0.999999940 0.999999940
v 0.327079504 0.105129957 -0.46744195 0.999999940 0.999999940 0.999999940
v 0.325248092 0.104614839 -0.4502826 0.999999940 0.999999940 0.999999940
v 0.326267987 0.103468999 -0.43705499 0.999999940 0.999999940 0.999999940
v 0.325783014 0.097326099 -0.44553599 0.999999940 0.999999940 0.999999940
v 0.327648818 0.099902823 -0.48027557 0.999999940 0.999999940 0.999999940
v 0.326211988 0.096663601 -0.46038601 0.999999940 0.999999940 0.999999940
v 0.326437026 0.103622056 -0.49669543 0.999999940 0.999999940 0.999999940
v 0.326792001 0.104253999 -0.498757 0.999999940 0.999999940 0.999999940
v 0.329674780 0.100609257 -0.50170934 0.999999940 0.999999940 0.999999940
v 0.373188763 0.096961461 -0.50262469 0.999999940 0.999999940 0.999999940
v 0.358699888 0.095957174 -0.50228351 0.999999940 0.999999940 0.999999940
v 0.418394744 0.114784002 -0.50311249 0.999999940 0.999999940 0.999999940
v 0.419321268 0.104289032 -0.50312328 0.999999940 0.999999940 0.999999940
v 0.425030976 0.119273550 -0.47039491 0.999999940 0.999999940 0.999999940
v 0.439086586 0.117577761 -0.49154764 0.999999940 0.999999940 0.999999940
v 0.437526285 0.120005838 -0.47013724 0.999999940 0.999999940 0.999999940
v 0.452222347 0.120026417 -0.47591677 0.999999940 0.999999940 0.999999940
v 0.425225019 0.096807502 -0.50314999 0.999999940 0.999999940 0.999999940
v 0.409927755 0.095786750 -0.5030297 0.999999940 0.999999940 0.999999940
v 0.381125003 0.093599699 -0.50254899 0.999999940 0.999999940 0.999999940
v 0.367590010 0.093008197 -0.501522 0.999999940 0.999999940 0.999999940
v 0.350715994 0.091891706 -0.50050801 0.999999940 0.999999940 0.999999940
v 0.329082012 0.089780196 -0.49976799 0.999999940 0.999999940 0.999999940
v 0.329141020 0.092815853 -0.50140285 0.999999940 0.999999940 0.999999940
v 0.326507002 0.092279598 -0.50013298 0.999999940 0.999999940 0.999999940
v 0.326658994 0.101011999 -0.49952799 0.999999940 0.999999940 0.999999940
v 0.326842904 0.097562417 -0.49287948 0.999999940 0.999999940 0.999999940
v 0.326552987 0.089623503 -0.499354 0.999999940 0.999999940 0.999999940
v 0.326233923 0.089757338 -0.49788836 0.999999940 0.999999940 0.999999940
v 0.336504101 0.090009011 -0.49475887 0.999999940 0.999999940 0.999999940
v 0.329622000 0.089535899 -0.49492201 0.999999940 0.999999940 0.999999940
v 0.366845011 0.092992812 -0.49598479 0.999999940 0.999999940 0.999999940
v 0.381703823 0.094322882 -0.49647975 0.999999940 0.999999940 0.999999940
v 0.400927871 0.096998408 -0.48841798 0.999999940 0.999999940 0.999999940
v 0.418901264 0.100173719 -0.47276175 0.999999940 0.999999940 0.999999940
v 0.434648513 0.100720375 -0.47645032 0.999999940 0.999999940 0.999999940
v 0.385782301 0.098083794 -0.46744353 0.999999940 0.999999940 0.999999940
v 0.399318993 0.099246203 -0.46772274 0.999999940 0.999999940 0.999999940
v 0.345177799 0.092596426 -0.47772086 0.999999940 0.999999940 0.999999940
v 0.366241335 0.096173718 -0.46658325 0.999999940 0.999999940 0.999999940
v 0.334831625 0.091400407 -0.48090479 0.999999940 0.999999940 0.999999940
v 0.333099007 0.090667903 -0.48972699 0.999999940 0.999999940 0.999999940
v 0.326873987 0.089787297 -0.49614301 0.999999940 0.999999940 0.999999940
v 0.327576011 0.090424500 -0.49321601 0.999999940 0.999999940 0.999999940
v 0.328213989 0.093663603 -0.488051 0.999999940 0.999999940 0.999999940
v 0.329762011 0.092580400 -0.481305 0.999999940 0.999999940 0.999999940
v 0.327932983 0.095437429 -0.47638276 0.999999940 0.999999940 0.999999940
v 0.332825988 0.092641100 -0.46653101 0.999999940 0.999999940 0.999999940
v 0.329562991 0.092914603 -0.47400701 0.999999940 0.999999940 0.999999940
v 0.328884482 0.093266189 -0.45264786 0.999999940 0.999999940 0.999999940
v 0.334003895 0.094332240 -0.44701412 0.999999940 0.999999940 0.999999940
v 0.368917733 0.097825877 -0.45302549 0.999999940 0.999999940 0.999999940
v 0.404379576 0.101083278 -0.45397145 0.999999940 0.999999940 0.999999940
v 0.383373737 0.100457206 -0.44032007 0.999999940 0.999999940 0.999999940
v 0.428935617 0.102304406 -0.4586305 0.999999940 0.999999940 0.999999940
v 0.433737725 0.104120083 -0.44193366 0.999999940 0.999999940 0.999999940
v 0.413633137 0.102736786 -0.44330361 0.999999940 0.999999940 0.999999940
v 0.3963404 0.102024912 -0.43572098 0.999999940 0.999999940 0.999999940
v 0.366210579 0.099099673 -0.43512085 0.999999940 0.999999940 0.999999940
v 0.378419041 0.101597070 -0.41922349 0.999999940 0.999999940 0.999999940
v 0.328745007 0.095142997 -0.442076 0.999999940 0.999999940 0.999999940
v 0.350614309 0.098704189 -0.41709962 0.999999940 0.999999940 0.999999940
v 0.333355754 0.096559301 -0.42892805 0.999999940 0.999999940 0.999999940
v 0.326076000 0.094464801 -0.450104 0.999999940 0.999999940 0.999999940
v 0.326456993 0.093435697 -0.45512801 0.999999940 0.999999940 0.999999940
v 0.327035009 0.093475602 -0.46023399 0.999999940 0.999999940 0.999999940
v 0.329661995 0.0927414 -0.46136999 0.999999940 0.999999940 0.999999940
v 0.327556014 0.092886403 -0.463476 0.999999940 0.999999940 0.999999940
v 0.328161001 0.093593403 -0.46703601 0.999999940 0.999999940 0.999999940
v 0.326961010 0.093755997 -0.46395701 0.999999940 0.999999940 0.999999940
v 0.325490593 0.094615601 -0.45535091 0.999999940 0.999999940 0.999999940
v 0.329093992 0.095930397 -0.43454799 0.999999940 0.999999940 0.999999940
v 0.339830994 0.098029404 -0.41396207 0.999999940 0.999999940 0.999999940
v 0.328871995 0.100220002 -0.427697 0.999999940 0.999999940 0.999999940
v 0.327075004 0.097514696 -0.43256399 0.999999940 0.999999940 0.999999940
v 0.334778994 0.097695797 -0.42070299 0.999999940 0.999999940 0.999999940
v 0.331366986 0.099081799 -0.42182499 0.999999940 0.999999940 0.999999940
v 0.374167233 0.102031648 -0.4050265 0.999999940 0.999999940 0.999999940
v 0.350043684 0.100649789 -0.38012072 0.999999940 0.999999940 0.999999940
v 0.396401405 0.103837139 -0.41017151 0.999999940 0.999999940 0.999999940
v 0.414369732 0.104466408 -0.42156708 0.999999940 0.999999940 0.999999940
v 0.420264035 0.105797417 -0.40487874 0.999999940 0.999999940 0.999999940
v 0.430490493 0.105389833 -0.42200303 0.999999940 0.999999940 0.999999940
v 0.383305460 0.103832162 -0.38654077 0.999999940 0.999999940 0.999999940
v 0.404668539 0.105141691 -0.39715672 0.999999940 0.999999940 0.999999940
v 0.341165214 0.099393598 -0.3982445 0.999999940 0.999999940 0.999999940
v 0.342099994 0.100642003 -0.386392 0.999999940 0.999999940 0.999999940
v 0.345342993 0.100867003 -0.380923 0.999999940 0.999999940 0.999999940
v 0.374988675 0.103722378 -0.36316264 0.999999940 0.999999940 0.999999940
v 0.353701800 0.101630754 -0.35981333 0.999999940 0.999999940 0.999999940
v 0.335222989 0.099802397 -0.412783 0.999999940 0.999999940 0.999999940
v 0.337357997 0.100437000 -0.4032515 0.999999940 0.999999940 0.999999940
v 0.332931488 0.103600643 -0.41328925 0.999999940 0.999999940 0.999999940
v 0.325767368 0.099477395 -0.43540901 0.999999940 0.999999940 0.999999940
v 0.326229006 0.096776597 -0.43697599 0.999999940 0.999999940 0.999999940
v 0.325610995 0.107308000 -0.43919799 0.999999940 0.999999940 0.999999940
v 0.335700362 0.107419639 -0.40297678 0.999999940 0.999999940 0.999999940
v 0.336599320 0.104182168 -0.39953366 0.999999940 0.999999940 0.999999940
v 0.338735997 0.101571999 -0.39350799 0.999999940 0.999999940 0.999999940
v 0.339417994 0.102959998 -0.38733599 0.999999940 0.999999940 0.999999940
v 0.340315014 0.101954996 -0.38415501 0.999999940 0.999999940 0.999999940
v 0.341453999 0.103442996 -0.37938401 0.999999940 0.999999940 0.999999940
v 0.343293994 0.102922998 -0.372527 0.999999940 0.999999940 0.999999940
v 0.344318985 0.103114999 -0.36585599 0.999999940 0.999999940 0.999999940
v 0.378867864 0.104352504 -0.34111208 0.999999940 0.999999940 0.999999940
v 0.388055086 0.104982934 -0.36158416 0.999999940 0.999999940 0.999999940
v 0.378464043 0.104235507 -0.32209885 0.999999940 0.999999940 0.999999940
v 0.339906990 0.103545002 -0.38349399 0.999999940 0.999999940 0.999999940
v 0.338885009 0.113686002 -0.393323 0.999999940 0.999999940 0.999999940
v 0.337729990 0.112057998 -0.39915401 0.999999940 0.999999940 0.999999940
v 0.464560747 0.121162422 -0.46942624 0.999999940 0.999999940 0.999999940
v 0.482664883 0.120493762 -0.478995 0.999999940 0.999999940 0.999999940
v 0.454789549 0.122511535 -0.45289853 0.999999940 0.999999940 0.999999940
v 0.482296794 0.122647970 -0.45873272 0.999999940 0.999999940 0.999999940
v 0.471175253 0.123742103 -0.44376883 0.999999940 0.999999940 0.999999940
v 0.435456484 0.123105622 -0.43583143 0.999999940 0.999999940 0.999999940
v 0.454274117 0.124339930 -0.42944068 0.999999940 0.999999940 0.999999940
v 0.468584150 0.124828562 -0.42799589 0.999999940 0.999999940 0.999999940
v 0.485792547 0.125469639 -0.42169532 0.999999940 0.999999940 0.999999940
v 0.470212489 0.125774487 -0.41168764 0.999999940 0.999999940 0.999999940
v 0.449933588 0.125608444 -0.40433764 0.999999940 0.999999940 0.999999940
v 0.433233082 0.124523900 -0.4124991 0.999999940 0.999999940 0.999999940
v 0.421415001 0.123554416 -0.41817713 0.999999940 0.999999940 0.999999940
v 0.438201695 0.125557750 -0.39455572 0.999999940 0.999999940 0.999999940
v 0.473517566 0.126412838 -0.3971467 0.999999940 0.999999940 0.999999940
v 0.443722456 0.126318588 -0.37584761 0.999999940 0.999999940 0.999999940
v 0.492625892 0.126369655 -0.40306202 0.999999940 0.999999940 0.999999940
v 0.436107724 0.126471206 -0.34487414 0.999999940 0.999999940 0.999999940
vt 0.977750122 0.775244832
vt 0.970367610 0.768868565
vt 0.977853119 0.770323157
vt 0.979726016 0.758567690
vt 0.959280192 0.768397092
vt 0.953900456 0.746711611
vt 0.969978272 0.739336490
vt 0.633465588 0.232589781
vt 0.626211404 0.220545053
vt 0.963633120 0.782433390
vt 0.639118313 0.258085787
vt 0.980041921 0.742549657
vt 0.982238411 0.717803239
vt 0.972092390 0.715374231
vt 0.957317113 0.712750911
vt 0.945931792 0.726397514
vt 0.948291420 0.753565549
vt 0.936293005 0.740901112
vt 0.942541718 0.781185567
vt 0.944381475 0.767585158
vt 0.627013266 0.229226052
vt 0.618300139 0.233998715
vt 0.604440271 0.235845863
vt 0.591510534 0.241973817
vt 0.630213201 0.25154984
vt 0.635978817 0.283963203
vt 0.974474549 0.693940162
vt 0.984351575 0.693124413
vt 0.962240338 0.689915716
vt 0.947872877 0.689394235
vt 0.939562737 0.710270643
vt 0.928589105 0.724816083
vt 0.929121553 0.750417828
vt 0.922247231 0.766362845
vt 0.929608047 0.780538976
vt 0.576222717 0.240601003
vt 0.580352127 0.266263783
vt 0.599475085 0.256452024
vt 0.615763485 0.255348324
vt 0.619212687 0.280419886
vt 0.630251824 0.278996348
vt 0.630897581 0.290557861
vt 0.639482557 0.308154285
vt 0.985202431 0.682716131
vt 0.970661699 0.675919294
vt 0.952090024 0.670656859
vt 0.934196889 0.693336248
vt 0.935914576 0.674525558
vt 0.921121299 0.705573439
vt 0.920442879 0.737142860
vt 0.910580217 0.719459176
vt 0.912196159 0.749664425
vt 0.901495873 0.765590846
vt 0.918479621 0.780014514
vt 0.557502865 0.247366964
vt 0.564482808 0.255759894
vt 0.600910961 0.269890785
vt 0.590739786 0.286485672
vt 0.569171011 0.288060188
vt 0.563213229 0.275960207
vt 0.610054016 0.281917035
vt 0.621006071 0.300836563
vt 0.632202029 0.305975377
vt 0.647146761 0.324007988
vt 0.641049921 0.335941791
vt 0.633323013 0.325214982
vt 0.647430300 0.311608195
vt 0.961932718 0.657839000
vt 0.978176891 0.6656636
vt 0.938011467 0.656256079
vt 0.922463059 0.690604031
vt 0.926083266 0.671612858
vt 0.902867674 0.698087215
vt 0.904508292 0.738049507
vt 0.89237535 0.729642868
vt 0.895671665 0.714591562
vt 0.885977566 0.748835086
vt 0.875886857 0.723989307
vt 0.886427581 0.708812713
vt 0.88314116 0.693348646
vt 0.890319228 0.683837711
vt 0.908568203 0.683286070
vt 0.912354528 0.667482733
vt 0.916398108 0.655036926
vt 0.955505609 0.646635055
vt 0.923136830 0.639915823
vt 0.941629767 0.644152700
vt 0.970318675 0.639350712
vt 0.978238999 0.648871600
vt 0.987266480 0.650286316
vt 0.643063426 0.355918705
vt 0.634686946 0.345840990
vt 0.649703681 0.367906808
vt 0.981590151 0.626964569
vt 0.953507185 0.630762815
vt 0.969616115 0.624370038
vt 0.934070706 0.631277918
vt 0.903295874 0.638465285
vt 0.919197678 0.622798681
vt 0.90080446 0.654134273
vt 0.893935203 0.670582056
vt 0.876948893 0.675809562
vt 0.873000502 0.706443071
vt 0.861552536 0.691611170
vt 0.857388377 0.719542622
vt 0.856805324 0.700210094
vt 0.855021894 0.672024846
vt 0.841369867 0.686976492
vt 0.884064197 0.659981250
vt 0.869071304 0.666519284
vt 0.888062298 0.645519495
vt 0.904912233 0.616492331
vt 0.894007861 0.628298640
vt 0.939179897 0.619749486
vt 0.925193488 0.611441373
vt 0.950029015 0.613486886
vt 0.967664957 0.611357927
vt 0.983505189 0.603922486
vt 0.992265760 0.590130507
vt 0.642734468 0.378948926
vt 0.967743098 0.597516298
vt 0.985265791 0.584114730
vt 0.937100470 0.604433894
vt 0.951073348 0.592555582
vt 0.909165084 0.603699445
vt 0.926631689 0.598122954
vt 0.891815006 0.610121011
vt 0.877694726 0.626547813
vt 0.871624708 0.644834637
vt 0.864080607 0.65485394
vt 0.837850987 0.670881986
vt 0.842508196 0.656080246
vt 0.853242516 0.647447347
vt 0.859378278 0.63230443
vt 0.854358673 0.616578817
vt 0.872455358 0.609695315
vt 0.873892068 0.594518542
vt 0.891356468 0.591542959
vt 0.909712672 0.590600371
vt 0.938884615 0.584498643
vt 0.926382839 0.581935823
vt 0.963429570 0.584582805
vt 0.953490674 0.577089548
vt 0.974702179 0.578842997
vt 0.993794202 0.564070701
vt 0.985026240 0.564256668
vt 0.969432771 0.565328359
vt 0.943302214 0.568854033
vt 0.954021096 0.559026062
vt 0.928545057 0.561547040
vt 0.912852168 0.575516045
vt 0.901145994 0.573790907
vt 0.878755569 0.579614222
vt 0.856266498 0.599237918
vt 0.850591838 0.589587926
vt 0.862176835 0.575303077
vt 0.837864995 0.629260420
vt 0.832903981 0.617683053
vt 0.838358342 0.604799032
vt 0.839049279 0.638556122
vt 0.824466347 0.645081639
vt 0.816194474 0.623258590
vt 0.816878676 0.608897626
vt 0.830029010 0.592426538
vt 0.836199581 0.575412273
vt 0.849620223 0.565728128
vt 0.880449652 0.570407807
vt 0.863929092 0.556347608
vt 0.888218045 0.562063932
vt 0.906766891 0.558369815
vt 0.908569157 0.545063734
vt 0.930328011 0.542312979
vt 0.945185899 0.552216649
vt 0.970579683 0.550083756
vt 0.961152255 0.538962125
vt 0.986252367 0.542106747
vt 0.971652329 0.527881741
vt 0.951634228 0.525868892
vt 0.939615905 0.531194865
vt 0.910585999 0.525880217
vt 0.920644521 0.514867305
vt 0.885064959 0.548975825
vt 0.888185024 0.533220529
vt 0.860341370 0.541626334
vt 0.842936992 0.546259403
vt 0.834588587 0.557054400
vt 0.820776343 0.570761025
vt 0.812888741 0.591002285
vt 0.802852213 0.622948408
vt 0.802085399 0.603833913
vt 0.796806812 0.586246609
vt 0.803606033 0.566816449
vt 0.815093815 0.555143058
vt 0.827494144 0.539857566
vt 0.837738692 0.530255496
vt 0.851533949 0.530211746
vt 0.871027231 0.523438274
vt 0.892191648 0.520477533
vt 0.901325404 0.507746219
vt 0.938265502 0.513406276
vt 0.929139792 0.500153482
vt 0.914097964 0.494490265
vt 0.957610368 0.511810898
vt 0.951701700 0.499360799
vt 0.935405969 0.489244699
vt 0.918691694 0.483876943
vt 0.900271773 0.488016247
vt 0.879846870 0.509025216
vt 0.887348651 0.497662067
vt 0.858688533 0.515658021
vt 0.844508945 0.515472471
vt 0.827490747 0.518753528
vt 0.814310848 0.537470459
vt 0.799343407 0.544583559
vt 0.787330150 0.569739580
vt 0.786997616 0.549330592
vt 0.787909448 0.528266668
vt 0.803146600 0.529258489
vt 0.814588069 0.513509631
vt 0.832899272 0.502190828
vt 0.850680053 0.498860836
vt 0.867017805 0.503639757
vt 0.866595208 0.492392242
vt 0.885254144 0.481656074
vt 0.903593838 0.473316431
vt 0.927895069 0.474898397
vt 0.950332582 0.485122203
vt 0.972964346 0.499877393
vt 0.974815428 0.515320181
vt 0.988862156 0.507495343
vt 0.966092705 0.477775633
vt 0.981021046 0.481396734
vt 0.989875257 0.491139650
vt 0.949894309 0.473164796
vt 0.917854666 0.463871717
vt 0.936247885 0.460030496
vt 0.893955946 0.463481783
vt 0.872322738 0.476014077
vt 0.851918876 0.484562933
vt 0.816668689 0.493339300
vt 0.833614766 0.487074673
vt 0.799900353 0.506912231
vt 0.787477612 0.515134453
vt 0.784111976 0.502180993
vt 0.797762453 0.490165948
vt 0.818908155 0.476593613
vt 0.800694465 0.478129148
vt 0.832609772 0.471908867
vt 0.855670213 0.472243428
vt 0.872974932 0.462935149
vt 0.909088492 0.452057838
vt 0.888847410 0.455969095
vt 0.923793852 0.448393225
vt 0.955337643 0.463183939
vt 0.953576803 0.448538124
vt 0.941280961 0.444127023
vt 0.974872171 0.465102374
vt 0.988857388 0.465117871
vt 0.997240960 0.483803391
vt 0.996678888 0.511515498
vt 0.647183537 0.494028687
vt 0.646995246 0.517232894
vt 0.998581707 0.460752666
vt 0.974157691 0.450317978
vt 0.991808712 0.445915520
vt 0.967904210 0.442387521
vt 0.961128473 0.433385431
vt 0.933892071 0.434939682
vt 0.913666069 0.438208699
vt 0.897117316 0.444731414
vt 0.865786373 0.458949804
vt 0.874959170 0.447668790
vt 0.843560695 0.461750745
vt 0.821609616 0.461056232
vt 0.850037396 0.449209213
vt 0.831881701 0.450016677
vt 0.858737468 0.437744677
vt 0.881065249 0.440537571
vt 0.899605512 0.435694515
vt 0.091266788 0.358118414
vt 0.080116942 0.356437683
vt 0.061182636 0.360688149
vt 0.985132753 0.434390246
vt 0.020812042 0.363993644
vt 0.041450422 0.364182233
vt 0.999189734 0.436978876
vt 0.649913251 0.538233399
vt 0.640560984 0.517039895
vt 0.64080441 0.538015723
vt 0.646988809 0.560377836
vt 0.007158813 0.374756991
vt 0.652135431 0.570318460
vt 0.036329038 0.374415397
vt 0.018884709 0.375534057
vt 0.054748114 0.371079385
vt 0.068879559 0.368316888
vt 0.075467839 0.373975098
vt 0.105502232 0.359235823
vt 0.097703971 0.371547460
vt 0.879172980 0.432586371
vt 0.835431516 0.440786421
vt 0.839211285 0.429473578
vt 0.860988318 0.428134143
vt 0.817774415 0.444151282
vt 0.819750189 0.433037757
vt 0.157106727 0.360380709
vt 0.176341205 0.3608374
vt 0.133406028 0.363241732
vt 0.117569483 0.361123800
vt 0.121725022 0.373692691
vt 0.099533513 0.382312417
vt 0.078939214 0.385002911
vt 0.053035873 0.384960353
vt 0.060415908 0.392743766
vt 0.038937620 0.386611104
vt 0.018997676 0.390838444
vt 0.647375166 0.591061472
vt 0.654883205 0.591791153
vt 0.654527008 0.606584787
vt 0.64596802 0.615979075
vt 0.640670537 0.600464522
vt 0.641169667 0.584808707
vt 0.027982639 0.402907252
vt 0.014082358 0.409666061
vt 0.041484467 0.401062190
vt 0.062285762 0.410176158
vt 0.050205998 0.410082817
vt 0.070025853 0.397166848
vt 0.083437413 0.397973239
vt 0.131375923 0.380097329
vt 0.103472374 0.393573641
vt 0.158412814 0.369740724
vt 0.150762051 0.384417235
vt 0.181146696 0.370452165
vt 0.173676013 0.380425572
vt 0.128550559 0.395977437
vt 0.117498844 0.404340744
vt 0.096541382 0.402873456
vt 0.072319932 0.420451760
vt 0.049834001 0.428810000
vt 0.027709376 0.418843686
vt 0.033348344 0.431504428
vt 0.017630228 0.422227799
vt 0.007915129 0.427815318
vt 0.018667336 0.440699160
vt 0.646856665 0.648978471
vt 0.653656542 0.653678476
vt 0.040485903 0.439837575
vt 0.031105864 0.448318660
vt 0.054245676 0.437312543
vt 0.099324598 0.414918839
vt 0.082083687 0.435738146
vt 0.062343254 0.441929280
vt 0.128974199 0.409714102
vt 0.157083287 0.399486005
vt 0.175797477 0.393790662
vt 0.190369337 0.382952392
vt 0.190013364 0.360558211
vt 0.199638858 0.373861312
vt 0.215697944 0.383032381
vt 0.206233292 0.393260061
vt 0.200124278 0.403223872
vt 0.175675049 0.408631324
vt 0.146225184 0.411682725
vt 0.145796015 0.418839156
vt 0.127998799 0.426699638
vt 0.101455017 0.429866313
vt 0.091484718 0.450014412
vt 0.072816222 0.448448836
vt 0.050708692 0.456695675
vt 0.064971357 0.462154269
vt 0.040093381 0.461446881
vt 0.026858082 0.466500759
vt 0.055935125 0.477478146
vt 0.038623422 0.478415727
vt 0.080047652 0.460216462
vt 0.078079298 0.475518107
vt 0.106683343 0.443429946
vt 0.106060095 0.460607409
vt 0.094616003 0.468874216
vt 0.128018885 0.445183992
vt 0.146695330 0.430842936
vt 0.179171800 0.418580949
vt 0.164131507 0.430972874
vt 0.197944372 0.413736045
vt 0.232943773 0.405051350
vt 0.222008004 0.419178664
vt 0.227799743 0.393726885
vt 0.252767324 0.416175544
vt 0.239076197 0.420230686
vt 0.250647872 0.398255050
vt 0.234415441 0.437423706
vt 0.221729591 0.439593255
vt 0.212059259 0.428006589
vt 0.199270054 0.428968668
vt 0.184701994 0.432460486
vt 0.167570605 0.447270691
vt 0.146038517 0.444404780
vt 0.117297597 0.452940344
vt 0.138896256 0.465541303
vt 0.127189382 0.476396977
vt 0.116539493 0.480315983
vt 0.101293668 0.489491879
vt 0.073600225 0.489350676
vt 0.112738877 0.501890182
vt 0.106776796 0.511030316
vt 0.127281621 0.496590316
vt 0.146567568 0.484387338
vt 0.139268562 0.495367229
vt 0.159598410 0.459948003
vt 0.159353584 0.473401308
vt 0.193110987 0.448033630
vt 0.177857086 0.466776967
vt 0.209240481 0.447760760
vt 0.229642212 0.455182075
vt 0.213913351 0.469796419
vt 0.237938746 0.454356670
vt 0.248085230 0.449954986
vt 0.230622440 0.473902761
vt 0.208931222 0.487494170
vt 0.192956537 0.482029557
vt 0.198115050 0.466301322
vt 0.167749971 0.486775994
vt 0.164826020 0.498026371
vt 0.142128378 0.507058739
vt 0.129736945 0.512607753
vt 0.079907260 0.506822526
vt 0.102459110 0.522579550
vt 0.121055692 0.525689840
vt 0.061443470 0.495908439
vt 0.056097365 0.502008199
vt 0.075831443 0.520391404
vt 0.092827610 0.532742023
vt 0.117563165 0.538606882
vt 0.141460672 0.521253287
vt 0.133467569 0.537469387
vt 0.155111596 0.510787010
vt 0.189661160 0.493919134
vt 0.183659300 0.507459819
vt 0.170191720 0.512941122
vt 0.201937317 0.503051877
vt 0.221442773 0.491712212
vt 0.243547469 0.482323050
vt 0.248899057 0.465121269
vt 0.264185905 0.460019528
vt 0.269703567 0.468007683
vt 0.249679237 0.495685160
vt 0.223414748 0.499465882
vt 0.202123805 0.516782879
vt 0.184705361 0.521774947
vt 0.162911117 0.523842692
vt 0.152246564 0.529550552
vt 0.151363566 0.542368412
vt 0.144859299 0.552838027
vt 0.122566543 0.551200151
vt 0.103659048 0.547457456
vt 0.059480112 0.526367306
vt 0.080286458 0.541175663
vt 0.048158232 0.511409878
vt 0.035353455 0.515605688
vt 0.043717391 0.531939744
vt 0.060149174 0.548503875
vt 0.084334626 0.555153369
vt 0.116618044 0.560321569
vt 0.100061975 0.561474084
vt 0.140721678 0.560171604
vt 0.125025183 0.567775726
vt 0.158233419 0.561018466
vt 0.167812213 0.551166594
vt 0.170707956 0.535817861
vt 0.192155465 0.531049609
vt 0.210415542 0.529897987
vt 0.218151539 0.514864683
vt 0.234105274 0.510754108
vt 0.228043526 0.522793591
vt 0.197450444 0.544162392
vt 0.209408834 0.542785763
vt 0.220885470 0.535159349
vt 0.182907253 0.541131556
vt 0.176468044 0.560703992
vt 0.185126692 0.551946997
vt 0.165266826 0.567454457
vt 0.145710766 0.570343494
vt 0.104208886 0.572027444
vt 0.129803746 0.575686335
vt 0.114535853 0.580837726
vt 0.086550407 0.567893564
vt 0.069889724 0.562427878
vt 0.080910489 0.574426591
vt 0.096450246 0.584435343
vt 0.128774613 0.589022755
vt 0.116083435 0.595454990
vt 0.102423541 0.594258487
vt 0.142352640 0.584070444
vt 0.154871866 0.576596736
vt 0.173696473 0.574590265
vt 0.190851196 0.568127751
vt 0.199345678 0.559643268
vt 0.214797496 0.552336096
vt 0.232348620 0.536304831
vt 0.240521699 0.522924780
vt 0.253089249 0.509683907
vt 0.244168728 0.536977410
vt 0.253140479 0.523550868
vt 0.236390292 0.549447655
vt 0.224142178 0.560471057
vt 0.209502980 0.568838238
vt 0.203451290 0.578384757
vt 0.183080345 0.577847361
vt 0.173823848 0.586016833
vt 0.161231830 0.584879398
vt 0.152274638 0.592263817
vt 0.135026305 0.600103557
vt 0.098199777 0.605804681
vt 0.117300301 0.609281957
vt 0.084395997 0.595517754
vt 0.077270947 0.582421541
vt 0.069805011 0.589151740
vt 0.066432282 0.598378717
vt 0.077892281 0.608784914
vt 0.092736043 0.617315411
vt 0.109825618 0.619746208
vt 0.126055121 0.616347909
vt 0.155131742 0.602873265
vt 0.142149314 0.612627387
vt 0.167953893 0.593346834
vt 0.190826445 0.589747667
vt 0.228078454 0.583457171
vt 0.211211338 0.591687858
vt 0.224491998 0.572181582
vt 0.237534374 0.561671018
vt 0.245315015 0.573412239
vt 0.247365549 0.582974493
vt 0.241065383 0.597248196
vt 0.226322934 0.595625042
vt 0.214786067 0.606197595
vt 0.198677137 0.598328769
vt 0.181703820 0.603657841
vt 0.170568332 0.604884982
vt 0.156528636 0.613028168
vt 0.147395759 0.627928018
vt 0.130447402 0.624993085
vt 0.15971829 0.620865583
vt 0.118123211 0.632236480
vt 0.101370975 0.631473839
vt 0.073964625 0.619301676
vt 0.084987215 0.627321779
vt 0.059879463 0.612096309
vt 0.055729348 0.626987397
vt 0.071716070 0.632798314
vt 0.087257944 0.639775276
vt 0.096751667 0.652407228
vt 0.110135212 0.645503222
vt 0.127051934 0.643593788
vt 0.139072507 0.633464634
vt 0.140206098 0.648422837
vt 0.151053667 0.649615049
vt 0.162238359 0.632653832
vt 0.179735928 0.625292658
vt 0.184671476 0.614055037
vt 0.208720535 0.613597929
vt 0.229053318 0.615105688
vt 0.230900466 0.606618166
vt 0.249636441 0.608576476
vt 0.244201675 0.616460204
vt 0.233994141 0.630958318
vt 0.220077842 0.629973948
vt 0.202503532 0.625338435
vt 0.191906079 0.639751792
vt 0.178503856 0.643119216
vt 0.167555138 0.650138735
vt 0.147841498 0.669688224
vt 0.158969670 0.660086512
vt 0.127166524 0.664723336
vt 0.119036145 0.655686855
vt 0.109188348 0.662476420
vt 0.134146794 0.673985302
vt 0.121536597 0.679001331
vt 0.144055426 0.686180949
vt 0.158170774 0.689137458
vt 0.166777178 0.676712751
vt 0.188848450 0.659151434
vt 0.183386564 0.672413706
vt 0.208119347 0.645758152
vt 0.222186371 0.647582292
vt 0.243042111 0.641952931
vt 0.232791841 0.654397368
vt 0.253647148 0.627919137
vt 0.255972296 0.647173404
vt 0.271722883 0.632168412
vt 0.264853686 0.617905378
vt 0.242361187 0.662942528
vt 0.230786070 0.673753023
vt 0.219272568 0.666251897
vt 0.202428206 0.667391657
vt 0.200117439 0.684177279
vt 0.178961053 0.682260155
vt 0.173337057 0.691504001
vt 0.176663130 0.701952576
vt 0.155886143 0.70130229
vt 0.135732531 0.697239399
vt 0.131013453 0.687133550
vt 0.115736052 0.688875436
vt 0.106910176 0.679341554
vt 0.146623835 0.705877661
vt 0.134290784 0.713230311
vt 0.121629260 0.700664043
vt 0.162478551 0.714120745
vt 0.180105730 0.713774800
vt 0.191509366 0.699259758
vt 0.210440442 0.695511460
vt 0.220370411 0.685891270
vt 0.210654512 0.677769899
vt 0.238321006 0.682243824
vt 0.252730190 0.669378161
vt 0.267195105 0.651399791
vt 0.245349347 0.689899444
vt 0.261742949 0.672487556
vt 0.261921376 0.683750748
vt 0.229447022 0.699782252
vt 0.205109626 0.709740161
vt 0.216181695 0.709847688
vt 0.194273799 0.719886541
vt 0.182549849 0.732927203
vt 0.168598681 0.724660873
vt 0.155887872 0.729878902
vt 0.144643530 0.720496058
vt 0.130614802 0.725509643
vt 0.118685111 0.712889432
vt 0.108925268 0.704979777
vt 0.097605556 0.691375374
vt 0.096515826 0.674538373
vt 0.098373785 0.706730246
vt 0.087784044 0.702541470
vt 0.079553932 0.690406680
vt 0.107677444 0.721228003
vt 0.119982317 0.728783965
vt 0.141502425 0.735436081
vt 0.128289699 0.743793129
vt 0.152792230 0.745376586
vt 0.167229145 0.738140046
vt 0.186673805 0.741416811
vt 0.170584142 0.751821339
vt 0.201175481 0.733858346
vt 0.208145961 0.723739385
vt 0.219677746 0.726612806
vt 0.226402625 0.714541733
vt 0.200779497 0.743725240
vt 0.215325444 0.739437162
vt 0.182102665 0.760811924
vt 0.197730273 0.754556298
vt 0.158979877 0.761527657
vt 0.145702228 0.761993408
vt 0.140991255 0.744338810
vt 0.117478035 0.742923736
vt 0.115834616 0.758671581
vt 0.132781043 0.758775472
vt 0.105473548 0.737514913
vt 0.092083357 0.726052641
vt 0.080607362 0.711576104
vt 0.072123646 0.726797938
vt 0.061505001 0.718971788
vt 0.066956743 0.701551258
vt 0.084342531 0.739796876
vt 0.100027851 0.749207139
vt 0.121736869 0.768720805
vt 0.090862117 0.757192969
vt 0.099319763 0.768058180
vt 0.139685362 0.769409418
vt 0.162903949 0.770574808
vt 0.190388038 0.772194683
vt 0.209657132 0.765987217
vt 0.215129494 0.754535615
vt 0.225496754 0.744853615
vt 0.236394792 0.762301147
vt 0.224695369 0.774049758
vt 0.209522396 0.773087501
vt 0.474095702 0.986476898
vt 0.445245415 0.987412214
vt 0.507992386 0.983771622
vt 0.532425761 0.983118534
vt 0.553186237 0.980749607
vt 0.569993674 0.985932171
vt 0.066047631 0.766562879
vt 0.069923400 0.755505740
vt 0.057726711 0.753752648
vt 0.069411411 0.736996293
vt 0.046590708 0.730811953
vt 0.049362026 0.708790063
vt 0.032051753 0.713681340
vt 0.016933191 0.732982993
vt 0.024294387 0.743972599
vt 0.046751420 0.743809461
vt 0.046354930 0.764899969
vt 0.034975644 0.757005810
vt 0.602075338 0.976729571
vt 0.578924298 0.978212297
vt 0.565070986 0.972687363
vt 0.531439483 0.975672364
vt 0.511588513 0.976938009
vt 0.496491938 0.977865397
vt 0.464181155 0.979862928
vt 0.42247805 0.987909138
vt 0.427503436 0.981836915
vt 0.471043825 0.966096222
vt 0.484633505 0.969396829
vt 0.458884418 0.973818361
vt 0.440891474 0.971503019
vt 0.497481256 0.967312455
vt 0.513289213 0.965620279
vt 0.524626374 0.968622803
vt 0.540479719 0.968174934
vt 0.585618495 0.970494508
vt 0.571261107 0.962289094
vt 0.554510653 0.962800443
vt 0.619949042 0.970973849
vt 0.633069872 0.977036953
vt 0.635210454 0.981728911
vt 0.014743791 0.755241572
vt 0.001091574 0.739928364
vt 0.000110996 0.756738901
vt 0.005361904 0.762215793
vt 0.660434246 0.966129899
vt 0.655937254 0.964864969
vt 0.587665438 0.957173526
vt 0.614982724 0.960795640
vt 0.637830793 0.954815566
vt 0.646823823 0.963807940
vt 0.558500707 0.950875461
vt 0.569842457 0.946067154
vt 0.531661510 0.954948723
vt 0.543941319 0.951015114
vt 0.528323113 0.949129521
vt 0.504804313 0.953376889
vt 0.493477523 0.956369280
vt 0.492971479 0.943995118
vt 0.509445726 0.941942453
vt 0.518151044 0.934816896
vt 0.535071134 0.935367167
vt 0.552751243 0.938183426
vt 0.575943410 0.936001777
vt 0.593041718 0.949864208
vt 0.601726055 0.941344499
vt 0.621157646 0.950066387
vt 0.636691868 0.93740803
vt 0.651081383 0.941442608
vt 0.651702940 0.958632469
vt 0.65189749 0.962478339
vt 0.657334268 0.92969203
vt 0.650146186 0.931248903
vt 0.614968955 0.937037527
vt 0.623998224 0.924041390
vt 0.635193347 0.918850779
vt 0.580461144 0.921264052
vt 0.601608216 0.922791838
vt 0.563057541 0.923463165
vt 0.547456324 0.925243973
vt 0.531380772 0.925264179
vt 0.511532962 0.923141777
vt 0.496192932 0.935452222
vt 0.479868590 0.935906589
vt 0.481427252 0.950520396
vt 0.464566618 0.953393220
vt 0.466673910 0.941329002
vt 0.494507610 0.924172818
vt 0.459873914 0.929985880
vt 0.478535771 0.923539936
vt 0.510456621 0.914168894
vt 0.525394916 0.913076818
vt 0.538282573 0.908876121
vt 0.552785873 0.909759938
vt 0.561617136 0.912962675
vt 0.575524210 0.906030833
vt 0.590170502 0.910665929
vt 0.612388849 0.905707776
vt 0.632712960 0.903325557
vt 0.647515118 0.904050767
vt 0.600728869 0.896957755
vt 0.612978756 0.887853801
vt 0.626448035 0.887093067
vt 0.581739723 0.894075870
vt 0.566021263 0.895922184
vt 0.553079605 0.896548152
vt 0.523389220 0.897973060
vt 0.537997305 0.888708055
vt 0.507444024 0.904297113
vt 0.493508666 0.909659206
vt 0.471804946 0.912475287
vt 0.496834278 0.898275256
vt 0.477645278 0.901460170
vt 0.510339200 0.887346625
vt 0.522707819 0.888415753
vt 0.530521810 0.875628709
vt 0.546057045 0.879141151
vt 0.561182320 0.882339775
vt 0.579752206 0.883291482
vt 0.595335304 0.884841918
vt 0.604487061 0.874161839
vt 0.627021610 0.870665848
vt 0.646440684 0.877440631
vt 0.654905021 0.889706552
vt 0.655689895 0.910223245
vt 0.628746032 0.859063506
vt 0.643467605 0.845709562
vt 0.65036273 0.850597024
vt 0.653801739 0.870885908
vt 0.604522883 0.860382676
vt 0.589203596 0.873245596
vt 0.591152310 0.860087394
vt 0.5743469 0.869561076
vt 0.555901408 0.870052754
vt 0.547291278 0.860775113
vt 0.521036267 0.870464563
vt 0.534052431 0.855550110
vt 0.508442521 0.866381883
vt 0.498149007 0.884702086
vt 0.480115681 0.885878384
vt 0.492668211 0.866989076
vt 0.523007333 0.851699948
vt 0.499743044 0.845719337
vt 0.509858846 0.845307111
vt 0.523615717 0.838566958
vt 0.540565073 0.838619887
vt 0.547781944 0.847977280
vt 0.559795081 0.847458601
vt 0.569045603 0.856979548
vt 0.586174428 0.845646143
vt 0.602003812 0.846520066
vt 0.619775235 0.849310994
vt 0.621380686 0.835892856
vt 0.597172796 0.832592427
vt 0.577723145 0.838433682
vt 0.567319929 0.832276821
vt 0.553257882 0.828930497
vt 0.538193881 0.827777385
vt 0.524019360 0.825516462
vt 0.508263945 0.826346039
vt 0.485686093 0.842902004
vt 0.489054381 0.828420341
vt 0.476742625 0.858126103
vt 0.480617344 0.872457027
vt 0.460388600 0.881888389
vt 0.460290581 0.893910229
vt 0.464201778 0.867466449
vt 0.470092088 0.842560052
vt 0.458720505 0.855267643
vt 0.475758314 0.824164569
vt 0.492138594 0.816372752
vt 0.503388404 0.810944438
vt 0.523946583 0.814848482
vt 0.539271116 0.817413032
vt 0.555224180 0.812661409
vt 0.567324459 0.812801837
vt 0.581152558 0.825418472
vt 0.584615111 0.810288012
vt 0.596734762 0.814337611
vt 0.580998003 0.801389455
vt 0.562442064 0.791731596
vt 0.554774165 0.800377607
vt 0.540274739 0.806650281
vt 0.527385592 0.800046563
vt 0.506831049 0.801320493
vt 0.482726097 0.804072558
vt 0.490418195 0.800315320
vt 0.473791718 0.811414957
vt 0.459236979 0.825039744
vt 0.457940101 0.811648964
vt 0.450193107 0.842003285
vt 0.439511179 0.860357344
vt 0.442009657 0.871166765
vt 0.426736742 0.866949558
vt 0.430088877 0.886501848
vt 0.443275302 0.888164460
vt 0.42950207 0.843298554
vt 0.441217392 0.831287384
vt 0.443440288 0.818999350
vt 0.438925594 0.806561052
vt 0.462387979 0.802446007
vt 0.466467499 0.790735364
vt 0.482457846 0.789528727
vt 0.492730259 0.786138296
vt 0.507736444 0.785596847
vt 0.514674365 0.796664953
vt 0.542565643 0.793478965
vt 0.526713728 0.787108659
vt 0.548488080 0.780125200
vt 0.538715958 0.777484655
vt 0.520834624 0.776732146
vt 0.501651346 0.772763609
vt 0.484400183 0.773528873
vt 0.463782429 0.781080305
vt 0.444580167 0.786912143
vt 0.450840681 0.797044038
vt 0.433627277 0.796433210
vt 0.431557446 0.814584314
vt 0.420363456 0.805724620
vt 0.427721440 0.826097011
vt 0.418478637 0.849868416
vt 0.415326446 0.834392905
vt 0.418924629 0.818917095
vt 0.407020777 0.809425056
vt 0.408706188 0.795408606
vt 0.417450249 0.787916541
vt 0.428275793 0.782411634
vt 0.446145683 0.773345172
vt 0.463362425 0.766353488
vt 0.500163376 0.762610256
vt 0.482198715 0.763720691
vt 0.516195535 0.762340426
vt 0.535846591 0.764681756
vt 0.552477300 0.767290532
vt 0.566078364 0.775476217
vt 0.562714695 0.756550729
vt 0.573987066 0.759489238
vt 0.546823918 0.751969754
vt 0.528741300 0.751942336
vt 0.497204810 0.752036929
vt 0.511024475 0.745302915
vt 0.480755865 0.753044307
vt 0.466630160 0.751958608
vt 0.452418059 0.757674992
vt 0.434871166 0.768258929
vt 0.418061047 0.772281050
vt 0.40160954 0.780842125
vt 0.393276363 0.799374163
vt 0.406585454 0.821445763
vt 0.389202565 0.812148988
vt 0.405031681 0.832754373
vt 0.394470542 0.829703629
vt 0.380408585 0.827272057
vt 0.374294817 0.812243938
vt 0.377801597 0.800237417
vt 0.382837772 0.788407445
vt 0.383945673 0.778176069
vt 0.396491140 0.766092896
vt 0.417363733 0.762181460
vt 0.422237336 0.751677036
vt 0.440739899 0.755011081
vt 0.448040217 0.744556546
vt 0.478808224 0.740152120
vt 0.463504046 0.738543272
vt 0.492601960 0.741846084
vt 0.499085933 0.733290135
vt 0.481173008 0.726621568
vt 0.460926741 0.727921545
vt 0.447738289 0.733453869
vt 0.430388748 0.745153069
vt 0.431680232 0.732948422
vt 0.405100584 0.749944508
vt 0.409290403 0.738924086
vt 0.419400453 0.734289050
vt 0.39941293 0.757554709
vt 0.376907229 0.769227027
vt 0.38062343 0.755631744
vt 0.362790644 0.778752982
vt 0.359147846 0.797763168
vt 0.364123970 0.830104947
vt 0.362519621 0.811912238
vt 0.352156013 0.815710485
vt 0.343903750 0.791501998
vt 0.340701043 0.783068537
vt 0.361448735 0.760804474
vt 0.348170697 0.758628726
vt 0.391723036 0.746795535
vt 0.370837777 0.747402906
vt 0.375565588 0.738664209
vt 0.393666744 0.737804293
vt 0.398949116 0.730311393
vt 0.403483927 0.720800280
vt 0.422806054 0.719800889
vt 0.439094960 0.723956704
vt 0.453144788 0.716897070
vt 0.437474668 0.710680842
vt 0.414051145 0.710035800
vt 0.388242930 0.717505931
vt 0.390319228 0.704471886
vt 0.382519275 0.729971766
vt 0.348815739 0.741186261
vt 0.359018921 0.726909279
vt 0.368002116 0.725460767
vt 0.337327510 0.758972585
vt 0.339494466 0.790078997
vt 0.337056040 0.784064769
vt 0.335877358 0.777548313
vt 0.335312575 0.765103459
vt 0.343019306 0.799904465
vt 0.338049113 0.798204422
vt 0.334912717 0.790557742
vt 0.334588855 0.784682512
vt 0.334590703 0.782649993
vt 0.332976698 0.778306007
vt 0.332615256 0.767605245
vt 0.333587080 0.763869762
vt 0.334868729 0.758245170
vt 0.342858493 0.742777288
vt 0.337858587 0.749495863
vt 0.340964555 0.727628469
vt 0.341149181 0.720411062
vt 0.349838435 0.698846638
vt 0.337432622 0.703306675
vt 0.377418875 0.715304732
vt 0.367288857 0.707658410
vt 0.374566882 0.699968457
vt 0.351746708 0.686090350
vt 0.325738132 0.672776043
vt 0.325022250 0.690308094
vt 0.332820743 0.704413950
vt 0.337376415 0.714727759
vt 0.336300075 0.725149512
vt 0.335915684 0.719208717
vt 0.336070925 0.717316985
vt 0.338884264 0.735870242
vt 0.338259458 0.731525182
vt 0.339109718 0.745483040
vt 0.337605267 0.740038871
vt 0.336843550 0.744919955
vt 0.333388090 0.754830241
vt 0.331758707 0.764239907
vt 0.329153835 0.768502473
vt 0.329878985 0.756728410
vt 0.333334058 0.744929313
vt 0.336248934 0.732790350
vt 0.334117561 0.732733130
vt 0.329265117 0.716091811
vt 0.333103030 0.724509358
vt 0.334299683 0.716961026
vt 0.334038198 0.715099573
vt 0.333442896 0.711546540
vt 0.329116344 0.705784797
vt 0.325914979 0.700647056
vt 0.328164100 0.698790669
vt 0.331157356 0.710058629
vt 0.332332342 0.713062822
vt 0.315898031 0.499280035
vt 0.312852501 0.509089827
vt 0.310847669 0.515943169
vt 0.325574964 0.706762313
vt 0.309970051 0.523598194
vt 0.311199128 0.532595753
vt 0.314290911 0.547714114
vt 0.311307966 0.543766498
vt 0.310151189 0.540323615
vt 0.325430303 0.762695610
vt 0.326435953 0.758317112
vt 0.326624453 0.768270373
vt 0.312390685 0.548774004
vt 0.308509737 0.544098734
vt 0.308384060 0.537084341
vt 0.308120220 0.532351434
vt 0.308401137 0.527958869
vt 0.306030631 0.523028016
vt 0.305917620 0.517346978
vt 0.309619188 0.511581957
vt 0.310888230 0.506777644
vt 0.313265711 0.501378297
vt 0.314151167 0.493933260
vt 0.316422939 0.493935585
vt 0.319731742 0.489437460
vt 0.322374552 0.697774410
vt 0.317884624 0.489691317
vt 0.319162845 0.487117290
vt 0.322019606 0.483982026
vt 0.325481146 0.480355322
vt 0.309995442 0.488700687
vt 0.316767066 0.487986624
vt 0.309665739 0.503172814
vt 0.305076807 0.511438310
vt 0.300355196 0.520639300
vt 0.304655373 0.536382257
vt 0.301819235 0.539953589
vt 0.305474370 0.549797117
vt 0.312230169 0.553174614
vt 0.312463939 0.561222434
vt 0.286458313 0.559472858
vt 0.278281897 0.547428846
vt 0.289525449 0.535849809
vt 0.269108474 0.521546602
vt 0.276185661 0.534040570
vt 0.280809938 0.508797407
vt 0.286573171 0.495407462
vt 0.318435430 0.481189131
vt 0.290902406 0.477989018
vt 0.298231661 0.464466035
vt 0.320513159 0.483218908
vt 0.323259621 0.479046404
vt 0.326679080 0.473572611
vt 0.329761236 0.471876144
vt 0.332076668 0.474305272
vt 0.323897898 0.473774552
vt 0.309479713 0.452140688
vt 0.326157480 0.460431635
vt 0.279862910 0.473602652
vt 0.288159757 0.456453025
vt 0.296509653 0.441320538
vt 0.272486060 0.489208519
vt 0.268619209 0.506135821
vt 0.260517329 0.534294903
vt 0.263989329 0.545177340
vt 0.264212310 0.554787159
vt 0.251010537 0.547316193
vt 0.278971552 0.451993107
vt 0.286466449 0.433876872
vt 0.309640646 0.440627813
vt 0.299851268 0.429782927
vt 0.310215622 0.424969792
vt 0.331452965 0.454827964
vt 0.330332547 0.461442887
vt 0.326990664 0.43899405
vt 0.328013420 0.466505825
vt 0.328969061 0.469762802
vt 0.331006884 0.467072606
vt 0.331600606 0.462839126
vt 0.333481103 0.461913108
vt 0.335042417 0.463322997
vt 0.332345247 0.460138618
vt 0.331352382 0.437715470
vt 0.333133310 0.456448495
vt 0.334400653 0.452702820
vt 0.334847390 0.445908665
vt 0.328096598 0.429111897
vt 0.315586954 0.418250143
vt 0.288196921 0.413737833
vt 0.292590528 0.399649679
vt 0.294450879 0.391943454
vt 0.313696056 0.404011309
vt 0.272652417 0.443776249
vt 0.276378303 0.424430370
vt 0.258083969 0.446115791
vt 0.264182955 0.430727958
vt 0.266575932 0.411956250
vt 0.275729119 0.401008665
vt 0.275116503 0.388178050
vt 0.314031451 0.389293432
vt 0.296391755 0.383689284
vt 0.277492851 0.377771318
vt 0.318185716 0.397910893
vt 0.318635493 0.409584760
vt 0.320700049 0.417420208
vt 0.331483215 0.429966568
vt 0.332103371 0.434595704
vt 0.327923268 0.423794090
vt 0.330065757 0.427418828
vt 0.327422052 0.419280231
vt 0.662390470 0.358615756
vt 0.660513699 0.355135083
vt 0.665370345 0.365955293
vt 0.668970644 0.369087457
vt 0.319575667 0.376581013
vt 0.673231780 0.374597966
vt 0.677617967 0.382988870
vt 0.309850722 0.379730939
vt 0.287823289 0.371199548
vt 0.253694415 0.374033033
vt 0.257591515 0.363652825
vt 0.258834570 0.394537329
vt 0.246530085 0.384665310
vt 0.234413638 0.371767401
vt 0.234585687 0.361085057
vt 0.272829353 0.356825530
vt 0.257401913 0.353366911
vt 0.236162781 0.352391362
vt 0.308720290 0.364850282
vt 0.689024627 0.410827338
vt 0.684821128 0.399963855
vt 0.680489361 0.390176117
vt 0.682620942 0.395673573
vt 0.679901897 0.393807768
vt 0.670497715 0.373805642
vt 0.676797509 0.387744009
vt 0.670932471 0.379280090
vt 0.665786027 0.370414972
vt 0.676898002 0.396722197
vt 0.673109829 0.386718332
vt 0.680787384 0.395753145
vt 0.679274141 0.396482169
vt 0.681130230 0.397252202
vt 0.685998141 0.406675577
vt 0.681181728 0.400372564
vt 0.682992517 0.405771315
vt 0.695389688 0.425400674
vt 0.690171003 0.417916894
vt 0.686482250 0.413321912
vt 0.684561669 0.409847021
vt 0.705612897 0.422883033
vt 0.266727864 0.339617371
vt 0.251723349 0.338264405
vt 0.237931057 0.342088580
vt 0.769413769 0.446219444
vt 0.754172861 0.451190412
vt 0.730782806 0.443100392
vt 0.713354766 0.445006787
vt 0.690953850 0.423309981
vt 0.697887539 0.441580414
vt 0.693257510 0.428579270
vt 0.687157034 0.418092727
vt 0.688608825 0.421699702
vt 0.682328164 0.407657682
vt 0.675391316 0.398197233
vt 0.677428305 0.404031038
vt 0.674153983 0.396272838
vt 0.673947095 0.394332528
vt 0.684619545 0.421188771
vt 0.678630769 0.409588277
vt 0.680670857 0.414175927
vt 0.687411606 0.421298146
vt 0.688421428 0.424207925
vt 0.693726003 0.443660676
vt 0.690195202 0.429000496
vt 0.690788865 0.434332251
vt 0.700546085 0.455173969
vt 0.707004785 0.472272872
vt 0.732613086 0.467906355
vt 0.743334472 0.458493471
vt 0.765399575 0.461648404
vt 0.750889182 0.470801413
vt 0.726947963 0.485461115
vt 0.740981876 0.478876292
vt 0.699175298 0.462665319
vt 0.702372610 0.472285568
vt 0.708183825 0.492311239
vt 0.702512562 0.477638900
vt 0.704052388 0.483070015
vt 0.696468472 0.456312894
vt 0.690253436 0.438966333
vt 0.691792845 0.447101712
vt 0.692761719 0.451121211
vt 0.688399016 0.431502997
vt 0.687118947 0.436651468
vt 0.690152466 0.448112309
vt 0.692861199 0.455855786
vt 0.696213662 0.462175071
vt 0.698171496 0.467170774
vt 0.698427498 0.471665620
vt 0.700421869 0.475677788
vt 0.699838459 0.477904617
vt 0.698938369 0.484259128
vt 0.702022671 0.499016702
vt 0.701005816 0.489315867
vt 0.719241380 0.506049156
vt 0.695821464 0.522006869
vt 0.738693952 0.495534837
vt 0.757776200 0.484563827
vt 0.769375681 0.474611580
vt 0.756439924 0.495015740
vt 0.779013216 0.487291038
vt 0.751990199 0.510317862
vt 0.738129735 0.518042802
vt 0.718633294 0.523741185
vt 0.690588176 0.534322798
vt 0.690422833 0.525683999
vt 0.690803349 0.520653605
vt 0.696623921 0.540908396
vt 0.696582078 0.510509729
vt 0.717171967 0.538891911
vt 0.707417666 0.539435625
vt 0.693093776 0.515719175
vt 0.697831511 0.504699826
vt 0.700339078 0.493985235
vt 0.698538661 0.498468339
vt 0.696312487 0.502253532
vt 0.696941375 0.491859674
vt 0.694855809 0.497399866
vt 0.694026410 0.504699111
vt 0.693373918 0.509059369
vt 0.691353559 0.512986719
vt 0.689399182 0.515834212
vt 0.688476681 0.519572138
vt 0.688532948 0.521609902
vt 0.687266171 0.524914145
vt 0.687308847 0.531558990
vt 0.691699087 0.541669607
vt 0.688428044 0.535959482
vt 0.689302384 0.540040135
vt 0.698820471 0.556952953
vt 0.693943977 0.546829223
vt 0.708944082 0.56293571
vt 0.727847158 0.549208045
vt 0.736011326 0.531266927
vt 0.749749898 0.543466448
vt 0.736813485 0.559247255
vt 0.701299727 0.562845230
vt 0.703224241 0.574899017
vt 0.732290387 0.572317123
vt 0.710618019 0.582136869
vt 0.694428145 0.553875923
vt 0.692673683 0.550616860
vt 0.695505023 0.557458758
vt 0.695675134 0.560057401
vt 0.690704822 0.547376036
vt 0.690036773 0.542818427
vt 0.687746048 0.540438473
vt 0.686515271 0.535467147
vt 0.684143245 0.530000507
vt 0.687605917 0.521254122
vt 0.684858799 0.518944144
vt 0.688951611 0.510687112
vt 0.684808492 0.511096715
vt 0.681674063 0.519397378
vt 0.680784225 0.524361014
vt 0.681464374 0.531565368
vt 0.682735562 0.535800039
vt 0.685047030 0.540201246
vt 0.688129007 0.550361990
vt 0.69204247 0.555407524
vt 0.696715116 0.564168691
vt 0.692388594 0.560959160
vt 0.700773835 0.570887744
vt 0.697418868 0.568726956
vt 0.695365548 0.567427992
vt 0.687128305 0.552588820
vt 0.688068628 0.557683587
vt 0.688954770 0.560151219
vt 0.688906312 0.563371717
vt 0.690319240 0.566678524
vt 0.692743659 0.571135878
vt 0.683040201 0.541808962
vt 0.684343099 0.548359274
vt 0.681263089 0.541294574
vt 0.681090593 0.536319136
vt 0.679053127 0.534654498
vt 0.679808557 0.520435154
vt 0.67735672 0.524577140
vt 0.679799079 0.518036007
vt 0.677563846 0.518099069
vt 0.671864390 0.519587695
vt 0.678791582 0.543051242
vt 0.682173490 0.544449746
vt 0.681879878 0.550030112
vt 0.684583842 0.550789535
vt 0.685738444 0.554121494
vt 0.685453057 0.560847699
vt 0.687601745 0.566628515
vt 0.687142968 0.571410298
vt 0.689697206 0.572122514
vt 0.695726394 0.572078585
vt 0.693423986 0.576567471
vt 0.688030779 0.581569433
vt 0.697236299 0.575831174
vt 0.691465914 0.581954419
vt 0.686268866 0.579848408
vt 0.688764572 0.585799813
vt 0.685290336 0.588989913
vt 0.680229067 0.592147350
vt 0.350435733 0.410377800
vt 0.346480190 0.398215711
vt 0.344290882 0.400624752
vt 0.353464424 0.421305239
vt 0.355778247 0.410959422
vt 0.348152637 0.435972988
vt 0.356823563 0.431362330
vt 0.365439713 0.452227115
vt 0.362723141 0.418095231
vt 0.365075707 0.384683907
vt 0.377028644 0.400215625
vt 0.384416997 0.418187558
vt 0.343262195 0.376256048
vt 0.339903056 0.389198482
vt 0.338438421 0.382558822
vt 0.337648928 0.390270173
vt 0.677168250 0.589116811
vt 0.682214081 0.593389630
vt 0.676471293 0.597676813
vt 0.673108637 0.599288046
vt 0.666971683 0.596526324
vt 0.670068919 0.600286483
vt 0.688633024 0.589725732
vt 0.694120109 0.583462357
vt 0.691464662 0.593415737
vt 0.681294441 0.596325278
vt 0.675223588 0.602514207
vt 0.672202169 0.601998984
vt 0.671064615 0.606178402
vt 0.666464209 0.607918739
vt 0.663029372 0.604440271
vt 0.333266109 0.376710414
vt 0.334381252 0.379391074
vt 0.336030364 0.383339643
vt 0.335515439 0.377421081
vt 0.333970159 0.369576871
vt 0.330082595 0.368048191
vt 0.329110622 0.367630243
vt 0.324988871 0.364763557
vt 0.669779896 0.610284447
vt 0.667875468 0.614172458
vt 0.674421191 0.607927560
vt 0.672874748 0.619300484
vt 0.698320627 0.602872669
vt 0.671707987 0.612677812
vt 0.691923856 0.621177256
vt 0.688206851 0.644884049
vt 0.671235024 0.635186433
vt 0.669471621 0.625949621
vt 0.669012904 0.618327617
vt 0.667603850 0.621669471
vt 0.667323172 0.617829084
vt 0.668000102 0.625873565
vt 0.665694892 0.629491925
vt 0.328540831 0.365527331
vt 0.327094972 0.362901270
vt 0.326463460 0.359516143
vt 0.661716222 0.630980014
vt 0.324827879 0.357709825
vt 0.330951988 0.366565167
vt 0.329606473 0.360628366
vt 0.327761679 0.362131357
vt 0.327368140 0.355944097
vt 0.325026005 0.355527401
vt 0.324818223 0.352603673
vt 0.666033744 0.633462965
vt 0.324516922 0.348785698
vt 0.324256241 0.344226777
vt 0.669328093 0.642324686
vt 0.667429804 0.645197093
vt 0.667985558 0.629991531
vt 0.668432235 0.633589386
vt 0.669299721 0.636017322
vt 0.680718839 0.648183643
vt 0.671680569 0.641005158
vt 0.675909519 0.646354794
vt 0.673243820 0.647481322
vt 0.324977457 0.340637266
vt 0.326076358 0.338860094
vt 0.330834031 0.329831957
vt 0.327737242 0.326879441
vt 0.326267421 0.346549153
vt 0.325912624 0.341522634
vt 0.326629787 0.351306021
vt 0.329507112 0.349769592
vt 0.339647769 0.342593312
vt 0.335577517 0.334364771
vt 0.328468620 0.341852247
vt 0.330036014 0.336169958
vt 0.332915008 0.332428216
vt 0.333401650 0.327462971
vt 0.331902980 0.324051916
vt 0.679893791 0.652098059
vt 0.676528334 0.650125026
vt 0.681102335 0.656300187
vt 0.678952992 0.669388473
vt 0.680786788 0.663021862
vt 0.679070413 0.649809122
vt 0.685496211 0.654723882
vt 0.682101786 0.661523222
vt 0.682665109 0.666790068
vt 0.681259810 0.668230950
vt 0.333996385 0.322194933
vt 0.334652692 0.318705737
vt 0.334627866 0.316056013
vt 0.683608889 0.670660734
vt 0.338335096 0.299987018
vt 0.337319463 0.311089515
vt 0.339795798 0.303523778
vt 0.335788130 0.324039757
vt 0.335597485 0.327914118
vt 0.334853142 0.331200242
vt 0.339597433 0.329438865
vt 0.337429046 0.318631231
vt 0.335348695 0.320890903
vt 0.336068481 0.316941499
vt 0.337214797 0.314094185
vt 0.339694410 0.313755095
vt 0.340159028 0.307450950
vt 0.341744929 0.301155090
vt 0.341626912 0.303499877
vt 0.685803651 0.673218727
vt 0.687785744 0.678131103
vt 0.688602030 0.682126343
vt 0.691147565 0.689775109
vt 0.343988388 0.296731591
vt 0.689021825 0.695822119
vt 0.687059700 0.670680403
vt 0.683038175 0.668197929
vt 0.685225307 0.666434407
vt 0.691779255 0.667472779
vt 0.693011820 0.679200947
vt 0.691969215 0.682412445
vt 0.695012986 0.686925172
vt 0.693518340 0.692796886
vt 0.691833615 0.698997855
vt 0.346955686 0.291725099
vt 0.348519921 0.286376953
vt 0.689596831 0.705767869
vt 0.347656220 0.298340261
vt 0.344420760 0.302558362
vt 0.343525320 0.308347523
vt 0.344305336 0.315792858
vt 0.353703707 0.298410892
vt 0.351957559 0.288097024
vt 0.349657714 0.280371546
vt 0.692581653 0.705256819
vt 0.691458880 0.713139057
vt 0.346093028 0.272582113
vt 0.687886774 0.718173205
vt 0.694476246 0.695252537
vt 0.695475459 0.699355125
vt 0.696255564 0.693058073
vt 0.700370430 0.686503768
vt 0.707208395 0.669704258
vt 0.708433210 0.680815935
vt 0.704786717 0.705917716
vt 0.698767185 0.69768852
vt 0.695980250 0.704358100
vt 0.695604205 0.709571838
vt 0.694692730 0.714536428
vt 0.693012952 0.717973351
vt 0.691215157 0.720305562
vt 0.343382537 0.259829759
vt 0.339786887 0.254389524
vt 0.345166802 0.265747129
vt 0.684344708 0.728976011
vt 0.687908709 0.726059436
vt 0.347248554 0.267393589
vt 0.348576217 0.271597027
vt 0.349798649 0.275913715
vt 0.352828025 0.281445026
vt 0.357877403 0.284331798
vt 0.352178990 0.271103799
vt 0.34864676 0.263594508
vt 0.343207180 0.255342364
vt 0.341632306 0.255078494
vt 0.676837384 0.736750006
vt 0.678923308 0.737805604
vt 0.687233626 0.730032086
vt 0.684994220 0.734351992
vt 0.681646704 0.737346768
vt 0.690202474 0.728785276
vt 0.694165229 0.721344113
vt 0.699110329 0.711791098
vt 0.697383761 0.727853298
vt 0.685782790 0.737518966
vt 0.683633506 0.737287759
vt 0.682403504 0.741288602
vt 0.678169369 0.745955586
vt 0.674552917 0.741621375
vt 0.674283802 0.751897931
vt 0.345512121 0.252447187
vt 0.339514344 0.237851619
vt 0.352412819 0.259348332
vt 0.671495795 0.745505392
vt 0.344472497 0.236373782
vt 0.362047016 0.235433280
vt 0.36130023 0.26415205
vt 0.343555331 0.220669508
vt 0.669216334 0.755211234
vt 0.671298205 0.762106180
vt 0.670309186 0.750356793
vt 0.677446246 0.755312740
vt 0.672787070 0.759951591
vt 0.675342261 0.760454714
vt 0.681599676 0.745880484
vt 0.681218922 0.750588774
vt 0.691304206 0.755738735
vt 0.682956278 0.758411169
vt 0.680061757 0.755007028
vt 0.678771078 0.759421587
vt 0.679153502 0.765041410
vt 0.677836895 0.766428887
vt 0.679692924 0.763380169
vt 0.675768077 0.766763269
vt 0.674430549 0.766516685
vt 0.673571169 0.766916155
vt 0.680827677 0.769018113
vt 0.697700202 0.776916623
vt 0.696920335 0.780093908
vt 0.358189255 0.230143785
vt 0.675129056 0.767924845
vt 0.363305777 0.225724577
vt 0.704287886 0.775584697
vt 0.683892548 0.765653491
vt 0.680206179 0.763397991
vt 0.683228552 0.762485981
vt 0.715373516 0.746401786
vt 0.707669854 0.757628917
vt 0.697317183 0.761434495
vt 0.701679050 0.765473067
vt 0.715205371 0.762769818
vt 0.718287348 0.775593221
vt 0.380457192 0.236368894
vt 0.398809403 0.238790392
vt 0.405133664 0.225026130
vt 0.763136088 0.770466983
vt 0.736765444 0.761979281
vt 0.753298103 0.762096524
vt 0.729860305 0.745541095
vt 0.716325461 0.729289650
vt 0.712205290 0.706242203
vt 0.723839879 0.711651086
vt 0.735663890 0.722777247
vt 0.751740932 0.749315619
vt 0.743235290 0.736097574
vt 0.773570060 0.762361049
vt 0.764524579 0.745244503
vt 0.773982703 0.776446342
vt 0.787918746 0.762571811
vt 0.420078545 0.241652309
vt 0.391831547 0.254518985
vt 0.405256837 0.258657991
vt 0.415964305 0.251927733
vt 0.375899970 0.250850319
vt 0.380818873 0.26369977
vt 0.399710178 0.271433293
vt 0.416021168 0.273543477
vt 0.435380041 0.270955860
vt 0.44279024 0.255441188
vt 0.431543856 0.234967052
vt 0.444753229 0.224453866
vt 0.801578462 0.762679696
vt 0.792038381 0.748587489
vt 0.781052291 0.737159967
vt 0.759132564 0.727489352
vt 0.778279006 0.715171694
vt 0.751434683 0.722067415
vt 0.758140504 0.697336733
vt 0.737239778 0.704847693
vt 0.769031107 0.703454613
vt 0.792720258 0.726833760
vt 0.796705484 0.705360531
vt 0.789567530 0.693774461
vt 0.808830261 0.737900495
vt 0.819909870 0.770136833
vt 0.816858232 0.762989997
vt 0.822079420 0.743581473
vt 0.449680894 0.231799721
vt 0.467828095 0.224022567
vt 0.453680127 0.242115616
vt 0.461886376 0.262160539
vt 0.451130956 0.274177670
vt 0.469727516 0.248965501
vt 0.479247868 0.242117643
vt 0.488338470 0.223616004
vt 0.838177800 0.763524472
vt 0.834255695 0.747018694
vt 0.838589847 0.725045442
vt 0.823348105 0.722178816
vt 0.806950807 0.716467499
vt 0.814961731 0.698095560
vt 0.803653121 0.688425302
vt 0.774994909 0.679376006
vt 0.789029121 0.679957866
vt 0.764693439 0.674001097
vt 0.787302672 0.664287447
vt 0.770629346 0.661565899
vt 0.800587475 0.667734444
vt 0.814400970 0.678420603
vt 0.825662851 0.701770067
vt 0.826318860 0.681131005
vt 0.840395569 0.706399917
vt 0.852514565 0.739147782
vt 0.849064350 0.76372087
vt 0.859807133 0.778007030
vt 0.503323376 0.243394553
vt 0.491387456 0.238324880
vt 0.481091857 0.261437118
vt 0.496288836 0.258182585
vt 0.493877977 0.272245228
vt 0.472422033 0.277929365
vt 0.511916399 0.263341009
vt 0.520147562 0.244791328
vt 0.514619529 0.235800266
vt 0.526092529 0.222790420
vt 0.871537566 0.764452815
vt 0.861485540 0.764084219
vt 0.869619011 0.735518097
vt 0.822116017 0.662238359
vt 0.809331238 0.654116213
vt 0.794255673 0.644091367
vt 0.806670427 0.639242410
vt 0.775486171 0.646625518
vt 0.776657342 0.629647016
vt 0.790253102 0.624261856
vt 0.790590047 0.606323361
vt 0.778900504 0.618809938
vt 0.756939947 0.633063793
vt 0.760357260 0.621336460
vt 0.755290627 0.647629976
vt 0.742357432 0.645737528
vt 0.738745629 0.628291845
vt 0.750497221 0.613059043
vt 0.766021132 0.607967436
vt 0.778562545 0.598537325
vt 0.766306936 0.590887188
vt 0.778792321 0.577360987
vt 0.751223444 0.594688117
vt 0.728478550 0.614489555
vt 0.737033665 0.606164991
vt 0.720139443 0.626384854
vt 0.725543260 0.639227747
vt 0.727259814 0.652597665
vt 0.746446371 0.663249254
vt 0.729507863 0.668896794
vt 0.745929241 0.682223618
vt 0.710191249 0.644224047
vt 0.702778995 0.623328208
vt 0.720427751 0.599674820
vt 0.740675330 0.587889075
vt 0.763011932 0.578364253
vt 0.750947713 0.573032558
vt 0.772992253 0.561689734
vt 0.757668972 0.562181353
vt 0.729366540 0.585357368
vt 0.728584051 0.690895736
vt 0.763088464 0.550002098
vt 0.777125358 0.543444037
vt 0.768924474 0.535238564
vt 0.758090019 0.526481032
vt 0.773164510 0.517791569
vt 0.767546236 0.508800387
vt 0.781711161 0.470126688
vt 0.798762977 0.465890646
vt 0.781891107 0.453770816
vt 0.802422523 0.456993758
vt 0.795918881 0.447947800
vt 0.783329188 0.438940584
vt 0.814391911 0.453459978
vt 0.797916829 0.435655772
vt 0.215189263 0.351979553
vt 0.200327366 0.355825364
vt 0.219308689 0.361920177
vt 0.211577579 0.369166612
vt 0.886039793 0.764941275
vt 0.889404594 0.779319942
vt 0.904192686 0.779365956
vt 0.532800376 0.238759398
vt 0.549663186 0.238139092
vt 0.537402749 0.257404863
vt 0.522063016 0.261722087
vt 0.552360057 0.266955435
vt 0.526393890 0.277753770
vt 0.541496634 0.276912093
vt 0.552203297 0.286089420
vt 0.542331159 0.296452820
vt 0.509178459 0.283794283
vt 0.519264817 0.293833077
vt 0.498944878 0.289719462
vt 0.505552113 0.309191584
vt 0.526695609 0.308849930
vt 0.546668648 0.312491834
vt 0.560624897 0.3061921
vt 0.576018273 0.316540181
vt 0.575320124 0.301365375
vt 0.561235368 0.322645425
vt 0.543640494 0.328575015
vt 0.533395588 0.324655056
vt 0.518057286 0.322945296
vt 0.492789834 0.308123648
vt 0.495417296 0.325286030
vt 0.48493132 0.289212524
vt 0.475232988 0.298459112
vt 0.480205982 0.316151142
vt 0.490496397 0.337123811
vt 0.471670746 0.325318634
vt 0.508652985 0.334445297
vt 0.524688363 0.333734989
vt 0.555491328 0.338575780
vt 0.536638915 0.348271966
vt 0.578406631 0.332621574
vt 0.593038141 0.306197941
vt 0.595269858 0.324871420
vt 0.608590245 0.294907808
vt 0.609161734 0.308334648
vt 0.609795451 0.325436651
vt 0.589959561 0.339965999
vt 0.604699671 0.341789424
vt 0.569949567 0.350312352
vt 0.582173049 0.351192116
vt 0.552755773 0.353100657
vt 0.519811153 0.342426359
vt 0.523773491 0.360199153
vt 0.543267309 0.365134000
vt 0.507241725 0.349736809
vt 0.489467084 0.351320326
vt 0.475717932 0.340324759
vt 0.461330652 0.341355085
vt 0.453627914 0.323695659
vt 0.463248044 0.305420279
vt 0.447380185 0.305281341
vt 0.449601113 0.292214393
vt 0.461288332 0.288134157
vt 0.445539861 0.341604828
vt 0.436327248 0.328859388
vt 0.441209554 0.317021906
vt 0.467119813 0.355144500
vt 0.447177618 0.353449046
vt 0.477487802 0.365180790
vt 0.495064079 0.359569311
vt 0.507090985 0.367552280
vt 0.525763630 0.375508964
vt 0.563739717 0.367950677
vt 0.553365230 0.377063155
vt 0.581923067 0.369507849
vt 0.595307052 0.363126814
vt 0.598669588 0.352167129
vt 0.589055180 0.387776255
vt 0.599447011 0.375747919
vt 0.573247432 0.386767864
vt 0.545551657 0.389801263
vt 0.566585183 0.393877863
vt 0.502935469 0.384402871
vt 0.524124205 0.388603448
vt 0.491580158 0.373780250
vt 0.473352849 0.377617657
vt 0.457841545 0.368067801
vt 0.441323608 0.372913420
vt 0.430363535 0.366789281
vt 0.430007189 0.345475792
vt 0.417198449 0.336141347
vt 0.427457392 0.316909194
vt 0.435186356 0.298470914
vt 0.411869943 0.316112995
vt 0.416612684 0.301584243
vt 0.413750618 0.353663444
vt 0.400026053 0.344838798
vt 0.402260124 0.329248189
vt 0.421000599 0.383947730
vt 0.413311868 0.366698563
vt 0.442066788 0.390159070
vt 0.458419323 0.379245400
vt 0.484305709 0.389873623
vt 0.463944286 0.392669856
vt 0.510797560 0.395478665
vt 0.490055322 0.403942585
vt 0.522984325 0.404852032
vt 0.542691171 0.402978718
vt 0.559235811 0.404136300
vt 0.554143965 0.425208389
vt 0.537401974 0.420199155
vt 0.506073236 0.414433538
vt 0.524461925 0.422763705
vt 0.472690105 0.408964276
vt 0.484915107 0.420502245
vt 0.461660563 0.406264007
vt 0.448718011 0.402360975
vt 0.437930136 0.408267378
vt 0.425045967 0.404025137
vt 0.412386477 0.388261973
vt 0.401804059 0.375873982
vt 0.396076113 0.363194286
vt 0.385729879 0.352753400
vt 0.386602252 0.334393143
vt 0.378059506 0.373420357
vt 0.386217653 0.382110118
vt 0.394759178 0.393454551
vt 0.408967614 0.403510868
vt 0.433464378 0.423646569
vt 0.412596225 0.421493470
vt 0.451886206 0.415504634
vt 0.463783294 0.425738930
vt 0.481657832 0.430776774
vt 0.497844308 0.436399877
vt 0.514587938 0.437461316
vt 0.541025102 0.440150380
vt 0.560547053 0.443993210
vt 0.536393821 0.456317961
vt 0.516982436 0.448434114
vt 0.491113960 0.447375178
vt 0.474034696 0.442181408
vt 0.447407603 0.433225333
vt 0.456968039 0.444890976
vt 0.436069279 0.445055007
vt 0.420818388 0.433231174
vt 0.397735804 0.427412152
vt 0.394387364 0.410570144
vt 0.409275829 0.443140149
vt 0.358489483 0.369192838
vt 0.372282564 0.361074626
vt 0.350517928 0.357371926
vt 0.365342944 0.345096111
vt 0.361612767 0.329445838
vt 0.375573664 0.333197355
vt 0.363128632 0.311054170
vt 0.381393224 0.317414283
vt 0.371012330 0.299941659
vt 0.390539079 0.311853289
vt 0.379730463 0.290348589
vt 0.376600474 0.280271887
vt 0.391334950 0.283142805
vt 0.398192882 0.298285484
vt 0.407836973 0.287699997
vt 0.425293296 0.288160204
vt 0.380906015 0.429992318
vt 0.392316252 0.441266477
vt 0.373728662 0.438073635
vt 0.394081890 0.451633632
vt 0.379991322 0.452831566
vt 0.424004763 0.449138283
vt 0.413203090 0.463569104
vt 0.383845329 0.466548085
vt 0.399453401 0.470871746
vt 0.370454698 0.462456226
vt 0.355823397 0.480830848
vt 0.392141282 0.481178939
vt 0.378535747 0.485163092
vt 0.410593628 0.479517042
vt 0.431807816 0.465449392
vt 0.423937201 0.480135023
vt 0.446104139 0.462548792
vt 0.442263096 0.483193457
vt 0.430600971 0.497631549
vt 0.415359616 0.493983209
vt 0.401304662 0.495748698
vt 0.385964870 0.501084327
vt 0.368626385 0.501709580
vt 0.356153160 0.495710492
vt 0.680017530 0.504315376
vt 0.685520410 0.486909389
vt 0.683082044 0.495663583
vt 0.688578188 0.479610741
vt 0.682290852 0.506769537
vt 0.681472837 0.511226058
vt 0.684619545 0.500066041
vt 0.687039256 0.495625376
vt 0.687918424 0.490301013
vt 0.689393460 0.486528396
vt 0.692705810 0.481478571
vt 0.688994646 0.475420475
vt 0.691356897 0.476915955
vt 0.349980384 0.530155658
vt 0.687181592 0.470052540
vt 0.382741123 0.516402840
vt 0.407751560 0.508275508
vt 0.451207041 0.495515108
vt 0.424348652 0.511569857
vt 0.440155386 0.506132781
vt 0.456542581 0.479220747
vt 0.473108559 0.495652675
vt 0.456128805 0.505734086
vt 0.440857529 0.516949653
vt 0.419090151 0.521786809
vt 0.398473829 0.521634221
vt 0.378197491 0.531070232
vt 0.355999827 0.548711121
vt 0.675485789 0.431124508
vt 0.681122958 0.453346908
vt 0.686263382 0.460983037
vt 0.691441416 0.471780300
vt 0.691179513 0.474661350
vt 0.689488947 0.466989517
vt 0.692892193 0.475159406
vt 0.690818607 0.464320361
vt 0.696100533 0.475704789
vt 0.688976347 0.463197350
vt 0.685247361 0.456124723
vt 0.689203977 0.461021602
vt 0.683429598 0.448421299
vt 0.681419432 0.437604785
vt 0.679907798 0.428228914
vt 0.677470326 0.418527424
vt 0.372132211 0.554380655
vt 0.354656845 0.569495916
vt 0.333512067 0.579324603
vt 0.672528326 0.410176277
vt 0.381739199 0.543536901
vt 0.391916334 0.533219158
vt 0.414816528 0.533874392
vt 0.437369614 0.528796076
vt 0.431847244 0.542582511
vt 0.410036981 0.549626112
vt 0.403250247 0.543000519
vt 0.385894984 0.555764257
vt 0.380266338 0.567871570
vt 0.35391891 0.575735569
vt 0.672199785 0.397033989
vt 0.345819234 0.591601252
vt 0.663693547 0.377974033
vt 0.333962857 0.602303028
vt 0.675722539 0.410143077
vt 0.679818034 0.423124909
vt 0.680696845 0.418109059
vt 0.681015074 0.421178400
vt 0.678800165 0.413512170
vt 0.683600604 0.428892910
vt 0.682078838 0.422999858
vt 0.681919097 0.420858025
vt 0.675119340 0.40091151
vt 0.674176335 0.397830486
vt 0.671566188 0.390923202
vt 0.672978103 0.394482970
vt 0.668526053 0.382920801
vt 0.667914569 0.379578590
vt 0.669887363 0.381996452
vt 0.665877223 0.374885916
vt 0.663616836 0.369809448
vt 0.662360250 0.364002943
vt 0.661247313 0.357881903
vt 0.328446418 0.618741810
vt 0.323917776 0.623071193
vt 0.321825951 0.623229980
vt 0.660751462 0.356048941
vt 0.319200456 0.629478335
vt 0.314902275 0.635620355
vt 0.321983814 0.626770019
vt 0.324808001 0.629043817
vt 0.332938641 0.625059843
vt 0.320013284 0.640600502
vt 0.319203794 0.634321391
vt 0.315349370 0.639637589
vt 0.331223517 0.426234483
vt 0.333983331 0.437410354
vt 0.337123781 0.440189421
vt 0.334256887 0.440386235
vt 0.333013594 0.437438964
vt 0.314070701 0.647574126
vt 0.312260329 0.651803016
vt 0.337143927 0.452391266
vt 0.317443907 0.639419317
vt 0.315520376 0.644384741
vt 0.320612311 0.653449535
vt 0.316878885 0.647933602
vt 0.338476747 0.651279568
vt 0.343754440 0.615238189
vt 0.327712982 0.655405640
vt 0.353785067 0.625331819
vt 0.354361563 0.608192503
vt 0.346033722 0.638377428
vt 0.356276750 0.594409823
vt 0.351976901 0.658249259
vt 0.341561287 0.672755599
vt 0.316408008 0.659236490
vt 0.318689435 0.667046666
vt 0.314230650 0.651779055
vt 0.314135730 0.660760223
vt 0.311953932 0.660536587
vt 0.313249230 0.669142305
vt 0.334643691 0.457101762
vt 0.315001308 0.672098636
vt 0.315686315 0.677023172
vt 0.314895600 0.665877461
vt 0.315931052 0.669787645
vt 0.320077449 0.676971077
vt 0.317951738 0.671733617
vt 0.355513960 0.675951063
vt 0.373920798 0.685345113
vt 0.367319732 0.670104205
vt 0.398333966 0.694477617
vt 0.387340664 0.678780973
vt 0.365183472 0.647976040
vt 0.376103520 0.659607648
vt 0.388349682 0.663667202
vt 0.398335337 0.672792971
vt 0.416352242 0.696354627
vt 0.41153723 0.676538944
vt 0.403262794 0.654396176
vt 0.390866339 0.643603086
vt 0.383193969 0.635518074
vt 0.370369046 0.625541746
vt 0.357915282 0.638263940
vt 0.393001675 0.621081233
vt 0.403021127 0.628275036
vt 0.412081420 0.640871346
vt 0.417239517 0.663065552
vt 0.425576984 0.697699308
vt 0.429655194 0.680320620
vt 0.442143231 0.698685109
vt 0.439174503 0.673768639
vt 0.428878635 0.662326574
vt 0.429098129 0.641707181
vt 0.422289609 0.627425432
vt 0.412934333 0.615247726
vt 0.410090684 0.603829503
vt 0.393364697 0.603309154
vt 0.382706314 0.614949941
vt 0.366917789 0.611742138
vt 0.374067902 0.598341643
vt 0.392232537 0.587452888
vt 0.408305645 0.591227948
vt 0.429583996 0.59005934
vt 0.434629648 0.602019250
vt 0.435605526 0.615176975
vt 0.441210687 0.623589396
vt 0.438822776 0.646407604
vt 0.449310571 0.635862350
vt 0.452281415 0.693165421
vt 0.457380265 0.675562381
vt 0.452266305 0.654832005
vt 0.461496591 0.706628918
vt 0.476417452 0.701190292
vt 0.469229072 0.682824373
vt 0.470934867 0.658280968
vt 0.466570735 0.638201177
vt 0.466362118 0.623534560
vt 0.472811222 0.616298556
vt 0.455983132 0.607406735
vt 0.467887103 0.592350244
vt 0.447618365 0.589021801
vt 0.432740300 0.579140067
vt 0.413265079 0.579670369
vt 0.390419542 0.575752139
vt 0.370980382 0.589654207
vt 0.363643616 0.582534730
vt 0.420312762 0.570318222
vt 0.424179911 0.564134001
vt 0.404332846 0.561740815
vt 0.442546725 0.569260954
vt 0.455977827 0.580021143
vt 0.474175810 0.603329777
vt 0.485787242 0.592407286
vt 0.479006022 0.581954181
vt 0.484354734 0.631357848
vt 0.497669816 0.620861351
vt 0.498178869 0.610843181
vt 0.484139353 0.644783139
vt 0.483649551 0.680360019
vt 0.483912855 0.657213151
vt 0.498583704 0.698373079
vt 0.494057357 0.678216934
vt 0.499464094 0.656056642
vt 0.507428288 0.640822589
vt 0.516884625 0.633811712
vt 0.524729013 0.624727487
vt 0.522575616 0.610243320
vt 0.495416700 0.602129340
vt 0.507196486 0.592767953
vt 0.508694708 0.582620620
vt 0.465167909 0.572088599
vt 0.485368877 0.571368813
vt 0.447389721 0.557388722
vt 0.463492989 0.562392473
vt 0.428174912 0.554312586
vt 0.442981541 0.547413587
vt 0.464303493 0.551590025
vt 0.483646750 0.560425639
vt 0.511032044 0.574347257
vt 0.502647221 0.565306067
vt 0.523578405 0.595613598
vt 0.536316752 0.585064649
vt 0.528424978 0.574961781
vt 0.548226475 0.624050140
vt 0.542385339 0.605033814
vt 0.537637770 0.641660332
vt 0.519840538 0.655482649
vt 0.552040815 0.648340344
vt 0.538275599 0.660860717
vt 0.565483510 0.618589282
vt 0.572826385 0.634383082
vt 0.569323897 0.646185517
vt 0.550603032 0.598616838
vt 0.558645188 0.588738441
vt 0.542184591 0.574175298
vt 0.527763545 0.564054191
vt 0.518551886 0.554842948
vt 0.496558964 0.551316738
vt 0.476810991 0.548140108
vt 0.461513221 0.536382675
vt 0.447372645 0.536111474
vt 0.456966370 0.524736583
vt 0.477550894 0.524084806
vt 0.479804664 0.534829020
vt 0.494325965 0.540596723
vt 0.512391328 0.543991386
vt 0.540421783 0.550519228
vt 0.528212904 0.543397069
vt 0.548679709 0.564573526
vt 0.563126146 0.580192685
vt 0.579985439 0.596747696
vt 0.572614431 0.606688261
vt 0.592294156 0.630119025
vt 0.585113406 0.636501073
vt 0.588014781 0.653312921
vt 0.559755563 0.661118269
vt 0.580206036 0.665018856
vt 0.596111655 0.663039445
vt 0.602269649 0.648438811
vt 0.600884497 0.622547864
vt 0.614901900 0.641236305
vt 0.581843912 0.583858072
vt 0.596325635 0.600721061
vt 0.569121837 0.571955502
vt 0.565435051 0.562211751
vt 0.557923138 0.553571701
vt 0.548968613 0.539993703
vt 0.529835283 0.533391952
vt 0.514192223 0.534662365
vt 0.495424509 0.529609799
vt 0.499354213 0.522079944
vt 0.521413385 0.524851560
vt 0.543876409 0.527756512
vt 0.570746123 0.547170698
vt 0.561881542 0.532322168
vt 0.582723915 0.561617374
vt 0.588749826 0.571398913
vt 0.595541477 0.584444582
vt 0.611769616 0.602539420
vt 0.614059567 0.623103380
vt 0.631815850 0.640091657
vt 0.630247116 0.657267212
vt 0.612779915 0.662902712
vt 0.587252199 0.678766608
vt 0.602061510 0.676211535
vt 0.620223999 0.677674889
vt 0.639193058 0.656173825
vt 0.638957440 0.676987648
vt 0.632791698 0.685220360
vt 0.630192279 0.623946547
vt 0.639912307 0.626459479
vt 0.606866717 0.584573328
vt 0.633003532 0.614055216
vt 0.598336517 0.561258435
vt 0.613135576 0.574858188
vt 0.585715055 0.549858033
vt 0.580800890 0.531750559
vt 0.572608351 0.523811578
vt 0.560065150 0.520539522
vt 0.541878342 0.518196344
vt 0.573879897 0.509670913
vt 0.550487816 0.510120570
vt 0.588228762 0.512817382
vt 0.599584162 0.520946145
vt 0.597262918 0.537181198
vt 0.606363058 0.552019000
vt 0.622500896 0.565124273
vt 0.629226625 0.594562888
vt 0.632593333 0.582011282
vt 0.640000879 0.611922264
vt 0.645781278 0.674095869
vt 0.638244390 0.697058856
vt 0.620837748 0.695128440
vt 0.630396962 0.701814353
vt 0.648550868 0.703351318
vt 0.630304217 0.718940615
vt 0.638384223 0.718670368
vt 0.652698159 0.674155473
vt 0.653975367 0.695201396
vt 0.653854966 0.726736605
vt 0.644944727 0.732715904
vt 0.638805508 0.734294772
vt 0.628525912 0.740041256
vt 0.616106450 0.721842050
vt 0.619943976 0.732782244
vt 0.616455853 0.705655694
vt 0.597835481 0.693857789
vt 0.601252436 0.710085868
vt 0.604095935 0.723449707
vt 0.601234614 0.744504213
vt 0.593056261 0.741737842
vt 0.609312772 0.753544807
vt 0.638886749 0.746049940
vt 0.628038466 0.757281065
vt 0.652731776 0.74414289
vt 0.645555913 0.754866123
vt 0.022170463 0.520482540
vt 0.025666477 0.538390815
vt 0.023130131 0.552088737
vt 0.021804809 0.483488917
vt 0.018582025 0.499822080
vt 0.017658060 0.467018008
vt 0.032989464 0.497180759
vt 0.044551387 0.543094635
vt 0.046890132 0.555894732
vt 0.008857499 0.553817987
vt 0.019942857 0.568830251
vt 0.055696699 0.569055855
vt 0.638971030 0.756455183
vt 0.639492929 0.772050976
vt 0.653154969 0.766241371
vt 0.646048188 0.774001181
vt 0.610092997 0.765441417
vt 0.621669113 0.776230692
vt 0.588236808 0.763546228
vt 0.592333793 0.775894224
vt 0.608387708 0.777794063
vt 0.605039954 0.800611376
vt 0.598656654 0.792500257
vt 0.632250845 0.789505302
vt 0.640505313 0.793418467
vt 0.654282629 0.788591027
vt 0.648167491 0.789810717
vt 0.051166676 0.578765571
vt 0.046619456 0.585076153
vt 0.021606210 0.586637318
vt 0.049493849 0.597449779
vt 0.029532302 0.599927067
vt 0.648381829 0.809096157
vt 0.015693035 0.609429121
vt 0.007299868 0.612414419
vt 0.629386186 0.812508523
vt 0.641785442 0.817357420
vt 0.613319456 0.813079714
vt 0.585933744 0.790246963
vt 0.576994359 0.781059682
vt 0.571562767 0.746907055
vt 0.580313801 0.736440420
vt 0.558026611 0.737242102
vt 0.581393778 0.724191308
vt 0.531888246 0.741575360
vt 0.542619943 0.732996523
vt 0.557986497 0.724987268
vt 0.525102973 0.726907491
vt 0.516291797 0.734524369
vt 0.540274858 0.722194552
vt 0.554447293 0.710328340
vt 0.581624150 0.711060404
vt 0.580914020 0.702802658
vt 0.542762637 0.698686242
vt 0.565513014 0.690373420
vt 0.567474246 0.699015736
vt 0.527031600 0.714662075
vt 0.510544657 0.721497833
vt 0.497340947 0.718115627
vt 0.518654823 0.705596983
vt 0.561326026 0.680597782
vt 0.538646519 0.688131094
vt 0.586572051 0.689370393
vt 0.545526325 0.677280664
vt 0.516848683 0.688949227
vt 0.527516603 0.674620747
vt 0.491497695 0.710083007
vt 0.475204139 0.716633558
vt 0.504519224 0.681146800
vt 0.617801070 0.825944244
vt 0.642452120 0.830234348
vt 0.649713814 0.827317714
vt 0.656463623 0.827584087
vt 0.657854616 0.846301674
vt 0.015957994 0.629848241
vt 0.021088130 0.647706151
vt 0.660220444 0.869612991
vt 0.022667506 0.656202077
vt 0.033110991 0.621890783
vt 0.033557202 0.634629488
vt 0.040576659 0.641054153
vt 0.043544970 0.652032375
vt 0.032748758 0.669907689
vt 0.013131797 0.670470714
vt 0.020587747 0.687255740
vt 0.004020169 0.691451609
vt 0.046512626 0.670156598
vt 0.041081395 0.686347067
vt 0.058231934 0.640569508
vt 0.061685390 0.653459370
vt 0.058405600 0.663383424
vt 0.038163799 0.612517118
vt 0.073074735 0.647643327
vt 0.074604623 0.661399185
vt 0.074845016 0.672182798
vt 0.059844661 0.679158926
vt 0.051970161 0.691937923
vt 0.028279572 0.702678501
vt 0.014603972 0.698024690
vt 0.663459241 0.916470527
vt 0.018394043 0.715764105
vt 0.071744568 0.684749364
vt 0.087266050 0.664852798
vt 0.083779998 0.651931285
vt 0.664524316 0.966662287
vt 0.046008355 0.488764882
vt 0.641767382 0.567978203
vt 0.629177928 0.554534614
vt 0.641485869 0.552932858
vt 0.615957498 0.540728926
vt 0.630774557 0.531545043
vt 0.627621293 0.512218952
vt 0.617825925 0.527292132
vt 0.612489342 0.512130022
vt 0.617935657 0.495724141
vt 0.63118577 0.494351029
vt 0.640648722 0.499877214
vt 0.640187740 0.475138902
vt 0.631551623 0.466354727
vt 0.619704246 0.480272412
vt 0.602259576 0.503239214
vt 0.603355228 0.487584352
vt 0.585790872 0.492767989
vt 0.612178623 0.473825693
vt 0.594356000 0.478190541
vt 0.639263987 0.437697649
vt 0.627784669 0.448164165
vt 0.618963420 0.458665609
vt 0.646638453 0.468562364
vt 0.647203385 0.442680776
vt 0.654692888 0.452211320
vt 0.637772679 0.407830834
vt 0.646330654 0.420059144
vt 0.633344888 0.427117526
vt 0.619213938 0.436076760
vt 0.609230279 0.448130726
vt 0.601648569 0.465534448
vt 0.574795484 0.48027879
vt 0.579379320 0.468011319
vt 0.567278206 0.496913433
vt 0.553054809 0.484078049
vt 0.556501865 0.470952212
vt 0.597454190 0.456077754
vt 0.568359375 0.455805420
vt 0.581260442 0.457787513
vt 0.593938052 0.440680921
vt 0.609677314 0.431264698
vt 0.621193707 0.421416819
vt 0.627794265 0.403572857
vt 0.643443286 0.401117086
vt 0.637002468 0.390626967
vt 0.988803565 0.523777008
vt 0.626140713 0.386931598
vt 0.635960936 0.370767593
vt 0.627136588 0.372390925
vt 0.614643335 0.408407568
vt 0.613753497 0.386107504
vt 0.602887332 0.416725933
vt 0.578007638 0.443388283
vt 0.585485279 0.422850132
vt 0.548367679 0.461607039
vt 0.568664789 0.425287187
vt 0.573870778 0.413495600
vt 0.581660628 0.400090754
vt 0.592776477 0.403234422
vt 0.603128910 0.391193270
vt 0.614083111 0.367378115
vt 0.627079725 0.352967739
vt 0.614192366 0.356347262
vt 0.623278319 0.337602853
vt 0.533742547 0.472207605
vt 0.519351303 0.462821841
vt 0.531547486 0.487545430
vt 0.516935169 0.485765993
vt 0.505335092 0.465863585
vt 0.491805583 0.468221187
vt 0.498464852 0.483190655
vt 0.528347909 0.503416180
vt 0.506291508 0.499413967
vt 0.546769559 0.494642853
vt 0.527867496 0.511740803
vt 0.509978115 0.513568401
vt 0.491173744 0.495609164
vt 0.490695565 0.507680952
vt 0.478233575 0.481561660
vt 0.479354530 0.462432622
vt 0.470142215 0.454059958
vt 0.463719099 0.469461083
vt 0.478888332 0.510409116
vt 0.461580216 0.515332162
vt 0.621257305 0.318080663
vt 0.319170177 0.682915806
vt 0.317682296 0.679376363
vt 0.320510119 0.688544392
vt 0.323627531 0.694124639
vt 0.325184673 0.698019504
vt 0.684342622 0.435866355
vt 0.685830891 0.441074848
vt 0.688310265 0.449674129
vt 0.684283316 0.440058708
vt 0.684970378 0.444128692
vt 0.685805320 0.446770846
vt 0.691913962 0.461179673
vt 0.686257839 0.450780034
vt 0.688140571 0.455792486
vt 0.694495916 0.462447285
vt 0.699153184 0.475373089
vt 0.695514023 0.483071863
vt 0.692632913 0.490911781
vt 0.687343418 0.499275505
vt 0.689570844 0.503516197
vt 0.250579476 0.432378590
vt 0.248482093 0.559775531
vt 0.265275329 0.565545797
vt 0.273927032 0.575527966
vt 0.260538220 0.575705289
vt 0.258284598 0.586379885
vt 0.285657256 0.584991574
vt 0.270710974 0.586922586
vt 0.288237303 0.573019087
vt 0.308432251 0.579505205
vt 0.304471880 0.589533686
vt 0.270344138 0.596769750
vt 0.253548115 0.595363676
vt 0.263901412 0.605921268
vt 0.279576182 0.612803220
vt 0.297288388 0.611831307
vt 0.307541221 0.586243510
vt 0.304450422 0.595200419
vt 0.309251457 0.590723633
vt 0.307521939 0.591575980
vt 0.312829881 0.569955468
vt 0.311835080 0.575132131
vt 0.312829256 0.577462554
vt 0.311270654 0.580799341
vt 0.309292346 0.585484206
vt 0.314647406 0.559853673
vt 0.315341502 0.564505875
vt 0.316592365 0.569070518
vt 0.314128369 0.574370622
vt 0.328992486 0.794628858
vt 0.326653540 0.782038092
vt 0.330627948 0.784161686
vt 0.329536825 0.801573336
vt 0.333627313 0.799973487
vt 0.330581307 0.805201530
vt 0.301292359 0.610100626
vt 0.330711215 0.810874104
vt 0.301000297 0.621889710
vt 0.296053975 0.629994392
vt 0.331883043 0.816405117
vt 0.334191441 0.821638584
vt 0.334467619 0.826269507
vt 0.333395928 0.811110675
vt 0.337892592 0.800755381
vt 0.339043498 0.804378330
vt 0.337694972 0.809130787
vt 0.336835444 0.816035211
vt 0.333443760 0.782509446
vt 0.340626508 0.814725935
vt 0.341959476 0.821899533
vt 0.338769018 0.827813565
vt 0.335688531 0.826604187
vt 0.335325986 0.830695152
vt 0.301146000 0.634186148
vt 0.334160566 0.836093664
vt 0.289444297 0.629923880
vt 0.298922449 0.661787390
vt 0.304008930 0.656617641
vt 0.331228762 0.854730248
vt 0.331633091 0.847286582
vt 0.334130108 0.840932011
vt 0.333519429 0.845442891
vt 0.336479872 0.840325355
vt 0.342231392 0.826319396
vt 0.342270910 0.830102264
vt 0.340092748 0.837545275
vt 0.343928009 0.825927019
vt 0.347276121 0.818416237
vt 0.340878874 0.810105502
vt 0.343768864 0.805615425
vt 0.346905827 0.834387064
vt 0.343108534 0.835813641
vt 0.342347651 0.842394292
vt 0.340240240 0.846954107
vt 0.336803227 0.852099895
vt 0.334844946 0.844860792
vt 0.333852291 0.848843574
vt 0.333192020 0.851951360
vt 0.333803534 0.855874121
vt 0.333552032 0.861015677
vt 0.302303731 0.667645156
vt 0.334475129 0.865452170
vt 0.334731102 0.872586965
vt 0.337194621 0.864802300
vt 0.334185510 0.851981163
vt 0.341028899 0.856274426
vt 0.338613867 0.851485490
vt 0.340173989 0.863543272
vt 0.343621194 0.847399234
vt 0.341324716 0.849544286
vt 0.345171630 0.854621052
vt 0.351811319 0.844587802
vt 0.339576035 0.800793051
vt 0.375674843 0.842680156
vt 0.363741815 0.851849079
vt 0.351205319 0.867830336
vt 0.345669835 0.863668680
vt 0.341243058 0.852476537
vt 0.342372238 0.861769437
vt 0.342708796 0.866843938
vt 0.341391474 0.871704101
vt 0.338534444 0.879530966
vt 0.334146410 0.87901932
vt 0.341783285 0.878361403
vt 0.340838849 0.881720602
vt 0.336208820 0.885233998
vt 0.340594977 0.887733221
vt 0.337126821 0.895330727
vt 0.345535427 0.875249624
vt 0.352301538 0.898582518
vt 0.349355280 0.887417852
vt 0.363127887 0.873239159
vt 0.379513204 0.858734488
vt 0.390075415 0.842111706
vt 0.392940044 0.856663942
vt 0.402701228 0.845735073
vt 0.375042587 0.880934357
vt 0.391897559 0.876507997
vt 0.360754698 0.895393431
vt 0.347409635 0.91823107
vt 0.360206574 0.926027774
vt 0.370453417 0.908896505
vt 0.343942254 0.897242665
vt 0.344593823 0.887374162
vt 0.342063486 0.882135510
vt 0.341389924 0.893263995
vt 0.339010655 0.896164
vt 0.341493994 0.899574041
vt 0.339904040 0.898501277
vt 0.342872679 0.949348509
vt 0.339618623 0.930990755
vt 0.340362072 0.920672774
vt 0.341002523 0.910929262
vt 0.351996272 0.956637263
vt 0.366233497 0.945404887
vt 0.366831004 0.932078898
vt 0.375656813 0.919129729
vt 0.385404735 0.904568135
vt 0.371670335 0.897294163
vt 0.387262463 0.888729572
vt 0.402354598 0.896925509
vt 0.407394617 0.880381584
vt 0.399053365 0.867115974
vt 0.393938630 0.905748426
vt 0.389683902 0.920818626
vt 0.380672574 0.929242909
vt 0.376174986 0.942076683
vt 0.367796033 0.955725669
vt 0.362896859 0.971244633
vt 0.352419316 0.977930128
vt 0.345919340 0.967685401
vt 0.340334981 0.962130308
vt 0.337402671 0.952967941
vt 0.335981398 0.942527115
vt 0.338192343 0.937316119
vt 0.336069136 0.932416081
vt 0.335836768 0.926152586
vt 0.336075693 0.918876051
vt 0.337420702 0.913502931
vt 0.334334552 0.932024478
vt 0.332725137 0.925251960
vt 0.334647655 0.935912907
vt 0.333663076 0.939922928
vt 0.332458764 0.944943189
vt 0.335764974 0.958224117
vt 0.333952903 0.950902879
vt 0.340772748 0.970285296
vt 0.336863756 0.965748548
vt 0.336561590 0.961574852
vt 0.342177301 0.978029072
vt 0.363596826 0.983963012
vt 0.377605259 0.981020927
vt 0.379935890 0.965446591
vt 0.385544806 0.953936457
vt 0.389944285 0.939635038
vt 0.398602157 0.930520594
vt 0.411818593 0.942722201
vt 0.397790908 0.952411353
vt 0.394731789 0.964029014
vt 0.401827752 0.974685132
vt 0.387522548 0.983839631
vt 0.375550419 0.984348952
vt 0.368256509 0.988773465
vt 0.361885726 0.986999869
vt 0.341309368 0.982961475
vt 0.338090330 0.980921566
vt 0.336613118 0.974792957
vt 0.335829705 0.969757199
vt 0.333523154 0.961417198
vt 0.330788552 0.950746595
vt 0.330490291 0.937198996
vt 0.326316505 0.944078683
vt 0.331235975 0.970576345
vt 0.326275229 0.955744624
vt 0.336290985 0.981981515
vt 0.338549405 0.982997834
vt 0.341199219 0.986459791
vt 0.370714932 0.994606196
vt 0.355323016 0.995808124
vt 0.404969871 0.983311414
vt 0.405246883 0.991419434
vt 0.408429682 0.957890033
vt 0.419996470 0.973256349
vt 0.417766273 0.957149028
vt 0.429009735 0.960937678
vt 0.410925507 0.997116088
vt 0.397887677 0.997755765
vt 0.375115811 0.999162495
vt 0.365634232 0.999621510
vt 0.349187284 0.996671617
vt 0.330873817 0.990617990
vt 0.334723174 0.989075899
vt 0.333529949 0.986787438
vt 0.336448460 0.984218597
vt 0.331658303 0.980113387
vt 0.330099999 0.987007021
vt 0.328741371 0.986216962
vt 0.304780244 0.772971034
vt 0.309888273 0.774258971
vt 0.283392846 0.771748900
vt 0.272339016 0.771433055
vt 0.258495837 0.764393806
vt 0.246162608 0.751519441
vt 0.234266236 0.753601968
vt 0.270719617 0.748956084
vt 0.260682553 0.748679041
vt 0.300290077 0.759225964
vt 0.284957081 0.749363899
vt 0.307040810 0.762828648
vt 0.307917654 0.769876658
vt 0.312396287 0.775490045
vt 0.311761528 0.773527801
vt 0.327417284 0.977408111
vt 0.310726791 0.763892769
vt 0.313204288 0.760842561
vt 0.310249954 0.751611292
vt 0.311411321 0.758192598
vt 0.312485188 0.741408228
vt 0.308921247 0.736423969
vt 0.283400446 0.738970875
vt 0.257259577 0.738079786
vt 0.273110032 0.728947639
vt 0.238939851 0.740394115
vt 0.235821917 0.727717995
vt 0.250662744 0.729662895
vt 0.263643384 0.724815607
vt 0.285981535 0.725579381
vt 0.277509272 0.713223457
vt 0.313050299 0.733114361
vt 0.298134326 0.712918400
vt 0.310043811 0.722610950
vt 0.314735531 0.739298224
vt 0.314696699 0.742929101
vt 0.315567255 0.746618866
vt 0.312824040 0.747682213
vt 0.314464986 0.749126553
vt 0.313982725 0.752459168
vt 0.315189361 0.749618768
vt 0.315768718 0.743000328
vt 0.313007384 0.727338612
vt 0.306654155 0.710918784
vt 0.313843756 0.721869468
vt 0.314093977 0.724851489
vt 0.309730619 0.716303408
vt 0.312399894 0.717137932
vt 0.281219750 0.702770948
vt 0.300204068 0.685008764
vt 0.264562726 0.705693960
vt 0.250668048 0.713379740
vt 0.247215256 0.700678110
vt 0.238819003 0.713012576
vt 0.275138884 0.688531518
vt 0.258967697 0.695524156
vt 0.306497871 0.699061751
vt 0.305677115 0.689892649
vt 0.30358392 0.685682177
vt 0.282178342 0.671206593
vt 0.298116505 0.669407665
vt 0.309833198 0.710719823
vt 0.310348004 0.702982962
vt 0.331350296 0.919334352
vt 0.328102529 0.936346411
vt 0.315158337 0.729113221
vt 0.332741856 0.939243853
vt 0.334336459 0.910957872
vt 0.332927465 0.908293247
vt 0.308847963 0.695133924
vt 0.333266764 0.898752868
vt 0.333782732 0.896148681
vt 0.334647923 0.892292797
vt 0.333714336 0.887255728
vt 0.332998931 0.882648348
vt 0.280064493 0.654488205
vt 0.272491842 0.669474721
vt 0.281045615 0.640295803
vt 0.335170805 0.895513057
vt 0.338775724 0.904191255
vt 0.337686091 0.908477783
vt 0.437961012 0.955522716
vt 0.452055662 0.962047696
vt 0.429856151 0.943465232
vt 0.450811535 0.946821868
vt 0.441808402 0.935969710
vt 0.414590627 0.931241035
vt 0.428315341 0.925992906
vt 0.439095854 0.924228549
vt 0.451860249 0.918801069
vt 0.439589828 0.911897063
vt 0.424293369 0.906804740
vt 0.412190586 0.914224147
vt 0.403501540 0.918714761
vt 0.414847165 0.900323987
vt 0.441558659 0.900794923
vt 0.418173641 0.886111497
vt 0.456173747 0.904531121
vt 0.411349624 0.863202214
vt 0.642260849 0.230440437
vt 0.640302002 0.220235586
vt 0.634496569 0.219986319
vt 0.977269768 0.784116268
vt 0.645411014 0.246362626
vt 0.611855030 0.220455467
vt 0.590327799 0.221080839
vt 0.643466591 0.270407140
vt 0.645062446 0.294557094
vt 0.577208876 0.221493840
vt 0.645980775 0.304290413
vt 0.565658867 0.221827685
vt 0.985772669 0.675112724
vt 0.986821234 0.663547039
vt 0.648212671 0.338118732
vt 0.990336000 0.618944525
vt 0.650964260 0.396402776
vt 0.654822468 0.504251241
vt 0.654557943 0.474869668
vt 0.655091941 0.528174221
vt 0.090499006 0.344625771
vt 0.070504754 0.349248051
vt 0.104310028 0.346877932
vt 0.044127967 0.352612733
vt 0.020426809 0.352916061
vt 0.660605549 0.55486238
vt 0.006982651 0.350958943
vt 0.656617283 0.577875852
vt 0.125145107 0.350110709
vt 0.164785489 0.351842284
vt 0.143219694 0.35432899
vt 0.184110358 0.347004830
vt 0.007330688 0.388787269
vt 0.007425988 0.403711557
vt 0.655260920 0.629537463
vt 0.007748763 0.451076448
vt 0.459936827 0.993881464
vt 0.488945603 0.991819798
vt 0.437873661 0.995805501
vt 0.513639509 0.990650117
vt 0.531596720 0.989384353
vt 0.554718017 0.987298071
vt 0.084229067 0.767222344
vt 0.588410675 0.984565436
vt 0.609792530 0.983065247
vt 0.424486964 0.995970428
vt 0.025795871 0.763726830
vt 0.657583952 0.972215354
vt 0.665923893 0.942250251
vt 0.316727250 0.507689237
vt 0.313728809 0.516899704
vt 0.319321125 0.497467339
vt 0.313550174 0.525604426
vt 0.313202828 0.536978125
vt 0.327814966 0.755174994
vt 0.314362108 0.551513075
vt 0.325703978 0.488912880
vt 0.314564228 0.555622100
vt 0.661070585 0.354856729
vt 0.658348381 0.352157712
vt 0.666289627 0.364130437
vt 0.674039483 0.371919155
vt 0.685586452 0.392042398
vt 0.695146501 0.405437290
vt 0.735958933 0.434686899
vt 0.751356840 0.437371552
vt 0.233527794 0.330138027
vt 0.346265167 0.406296968
vt 0.347686916 0.411795914
vt 0.684720158 0.576499998
vt 0.350134164 0.4186306
vt 0.343454241 0.432674169
vt 0.341062307 0.437776863
vt 0.344358891 0.456869423
vt 0.677674055 0.586419343
vt 0.331599503 0.378480196
vt 0.331165939 0.371823728
vt 0.337256014 0.387812435
vt 0.662607550 0.616427540
vt 0.321652203 0.351863086
vt 0.322352707 0.337110161
vt 0.676530718 0.653840482
vt 0.331925422 0.315181791
vt 0.330435931 0.311003625
vt 0.686767697 0.685266256
vt 0.344283253 0.290390074
vt 0.346987694 0.281602799
vt 0.342693090 0.269450843
vt 0.678051114 0.735086023
vt 0.676784813 0.734239101
vt 0.675237119 0.735252261
vt 0.664308130 0.748492837
vt 0.673760592 0.768947184
vt 0.355132997 0.223315775
vt 0.711050033 0.780407428
vt 0.368247121 0.223926484
vt 0.756619989 0.776081323
vt 0.421727657 0.225058734
vt 0.797771036 0.776491284
vt 0.821079909 0.776999592
vt 0.841485917 0.777572333
vt 0.506274342 0.223282516
vt 0.879430472 0.778542935
vt 0.219959422 0.339036107
vt 0.205627694 0.343247771
vt 0.536729276 0.222584784
vt 0.550896346 0.222229778
vt 0.679222166 0.491651594
vt 0.683453559 0.478493571
vt 0.675442278 0.448969662
vt 0.342443704 0.549754142
vt 0.668596983 0.401890933
vt 0.330204188 0.603762626
vt 0.324393749 0.618350267
vt 0.319741040 0.622845768
vt 0.653751432 0.345295548
vt 0.333083331 0.425170958
vt 0.31121099 0.648353159
vt 0.309834420 0.660430491
vt 0.311703085 0.671595215
vt 0.316016584 0.681463718
vt 0.008706037 0.524982333
vt 0.008692579 0.493305146
vt 0.008504917 0.543694436
vt 0.010268486 0.472675859
vt 0.652774095 0.754709601
vt 0.010211183 0.565473556
vt 0.008345633 0.587409973
vt 0.655664980 0.813298761
vt 0.006539860 0.644990682
vt 0.007090237 0.626522302
vt 0.005446091 0.667419433
vt 0.661779761 0.893415987
vt 0.002517030 0.714132607
vt 0.666636169 0.961134195
vt 0.000361147 0.762269854
vt 0.653755068 0.421881675
vt 0.995595276 0.534274816
vt 0.326357215 0.785547733
vt 0.325370550 0.790542483
vt 0.325329184 0.782240867
vt 0.3254143 0.795988977
vt 0.327533632 0.799277842
vt 0.328005582 0.801935255
vt 0.327644735 0.806980013
vt 0.329954117 0.820322990
vt 0.332428842 0.830448031
vt 0.326991856 0.776732385
vt 0.325419277 0.772167682
vt 0.324705272 0.767275810
vt 0.328334122 0.842857062
vt 0.331187486 0.864222526
vt 0.329723477 0.876603901
vt 0.295599490 0.777651906
vt 0.309708774 0.777705133
vt 0.311788529 0.776962280
vt 0.282527595 0.775883257
vt 0.272516310 0.776106298
vt 0.251026958 0.775313735
vt 0.239681303 0.774739742
vt 0.312438398 0.776728153
vt 0.326945871 0.982370078
vt 0.327899962 0.984851300
vt 0.312250852 0.768940985
vt 0.326938539 0.968826472
vt 0.318410158 0.746721625
vt 0.315963476 0.735561132
vt 0.327496647 0.925248265
vt 0.328981101 0.930223822
vt 0.328856289 0.918106615
vt 0.327091097 0.934177339
vt 0.326334267 0.937504470
vt 0.330280453 0.910835444
vt 0.330709666 0.903237998
vt 0.331079572 0.896459221
vt 0.331989824 0.893066048
s 0
f 1/1 2/2 3/3
f 3/3 2/2 4/4
f 5/5 2/2 1/1
f 5/5 6/6 2/2
f 2/2 6/6 7/7
f 2/2 7/7 4/4
f 1/2769 3/2768 4/2767
f 1/2769 4/2767 8/8
f 9/9 1/2769 8/8
f 10/10 1/1 9/2770
f 10/10 5/5 1/1
f 8/8 4/2767 11/11
f 4/4 7/7 12/12
f 11/11 4/2767 12/2771
f 12/12 7/7 13/13
f 7/7 14/14 13/13
f 7/7 15/15 14/14
f 7/7 16/16 15/15
f 6/6 16/16 7/7
f 5/5 17/17 6/6
f 6/6 18/18 16/16
f 17/17 18/18 6/6
f 19/19 5/5 10/10
f 19/19 20/20 5/5
f 5/5 20/20 17/17
f 21/21 22/22 10/2772
f 21/21 10/2772 9/9
f 22/22 23/23 10/2772
f 23/23 24/24 10/2772
f 24/24 19/2773 10/2772
f 9/9 8/8 21/21
f 21/21 8/8 25/25
f 25/25 8/8 11/11
f 11/11 12/2771 13/2774
f 11/11 26/26 25/25
f 11/11 13/2774 26/26
f 13/13 27/27 28/28
f 26/26 13/2774 28/2775
f 14/14 27/27 13/13
f 14/14 29/29 27/27
f 14/14 15/15 29/29
f 15/15 30/30 29/29
f 15/15 31/31 30/30
f 16/16 31/31 15/15
f 16/16 32/32 31/31
f 18/18 32/32 16/16
f 33/33 32/32 18/18
f 33/33 18/18 17/17
f 20/20 33/33 17/17
f 20/20 34/34 33/33
f 35/35 34/34 20/20
f 35/35 20/20 19/19
f 19/2773 36/36 35/2776
f 24/24 36/36 19/2773
f 37/37 36/36 24/24
f 38/38 37/37 24/24
f 38/38 24/24 23/23
f 39/39 38/38 23/23
f 39/39 23/23 22/22
f 25/25 39/39 22/22
f 25/25 22/22 21/21
f 25/25 40/40 39/39
f 25/25 26/26 41/41
f 41/41 40/40 25/25
f 41/41 26/26 42/42
f 26/26 43/43 42/42
f 26/26 28/2775 43/43
f 28/28 27/27 44/44
f 43/43 28/2775 44/2777
f 27/27 45/45 44/44
f 27/27 29/29 45/45
f 29/29 30/30 46/46
f 29/29 46/46 45/45
f 31/31 47/47 30/30
f 47/47 48/48 30/30
f 30/30 48/48 46/46
f 32/32 49/49 31/31
f 31/31 49/49 47/47
f 50/50 51/51 32/32
f 32/32 51/51 49/49
f 33/33 50/50 32/32
f 33/33 52/52 50/50
f 34/34 52/52 33/33
f 34/34 53/53 52/52
f 53/53 34/34 54/54
f 54/54 34/34 35/35
f 36/36 54/2778 35/2776
f 36/36 55/55 54/2778
f 56/56 55/55 36/36
f 37/37 56/56 36/36
f 57/57 37/37 38/38
f 58/58 37/37 57/57
f 58/58 59/59 37/37
f 37/37 60/60 56/56
f 59/59 60/60 37/37
f 57/57 38/38 39/39
f 40/40 57/57 39/39
f 61/61 57/57 40/40
f 42/42 40/40 41/41
f 40/40 62/62 61/61
f 42/42 62/62 40/40
f 42/42 43/43 63/63
f 63/63 62/62 42/42
f 43/43 64/64 65/65
f 66/66 43/43 65/65
f 63/63 43/43 66/66
f 43/43 67/67 64/64
f 43/43 44/2777 67/67
f 44/44 45/45 67/2779
f 45/45 46/46 68/68
f 69/69 45/45 68/68
f 45/45 69/69 67/2779
f 46/46 70/70 68/68
f 46/46 48/48 70/70
f 47/47 71/71 48/48
f 71/71 72/72 48/48
f 48/48 72/72 70/70
f 49/49 71/71 47/47
f 51/51 73/73 49/49
f 49/49 73/73 71/71
f 50/50 74/74 51/51
f 74/74 75/75 51/51
f 75/75 76/76 51/51
f 51/51 76/76 73/73
f 52/52 74/74 50/50
f 53/53 74/74 52/52
f 53/53 77/77 74/74
f 74/74 77/77 75/75
f 77/77 78/78 75/75
f 75/75 78/78 79/79
f 75/75 79/79 76/76
f 76/76 79/79 73/73
f 79/79 80/80 73/73
f 73/73 80/80 81/81
f 82/82 73/73 81/81
f 71/71 73/73 82/82
f 71/71 82/82 72/72
f 72/72 82/82 83/83
f 72/72 84/84 70/70
f 72/72 83/83 84/84
f 68/68 70/70 85/85
f 70/70 84/84 86/86
f 70/70 86/86 87/87
f 70/70 87/87 85/85
f 68/68 85/85 88/88
f 89/89 68/68 88/88
f 69/69 68/68 89/89
f 64/2780 69/69 90/90
f 69/69 89/89 90/90
f 67/2779 69/69 64/2780
f 65/65 64/64 90/2781
f 65/65 91/91 92/92
f 65/65 90/2781 91/91
f 66/66 65/65 92/92
f 90/2781 93/93 91/91
f 90/90 89/89 94/94
f 90/90 94/94 93/2782
f 89/89 88/88 94/94
f 85/85 95/95 88/88
f 88/88 95/95 96/96
f 88/88 96/96 94/94
f 85/85 87/87 95/95
f 87/87 86/86 97/97
f 87/87 97/97 95/95
f 84/84 98/98 86/86
f 86/86 99/99 97/97
f 86/86 98/98 99/99
f 83/83 100/100 84/84
f 84/84 100/100 98/98
f 82/82 101/101 83/83
f 83/83 101/101 100/100
f 81/81 101/101 82/82
f 80/80 102/102 81/81
f 81/81 102/102 101/101
f 103/103 104/104 80/80
f 79/79 103/103 80/80
f 80/80 104/104 102/102
f 78/78 103/103 79/79
f 78/78 105/105 103/103
f 105/105 106/106 103/103
f 103/103 106/106 104/104
f 102/102 104/104 107/107
f 104/104 108/108 107/107
f 106/106 108/108 104/104
f 101/101 102/102 109/109
f 102/102 110/110 109/109
f 102/102 107/107 110/110
f 101/101 109/109 100/100
f 109/109 111/111 100/100
f 100/100 111/111 98/98
f 98/98 112/112 99/99
f 98/98 113/113 112/112
f 98/98 111/111 113/113
f 97/97 99/99 114/114
f 99/99 112/112 115/115
f 114/114 99/99 115/115
f 97/97 114/114 95/95
f 95/95 114/114 116/116
f 95/95 116/116 117/117
f 96/96 95/95 117/117
f 94/94 96/96 117/117
f 94/94 118/118 93/2782
f 94/94 117/117 118/118
f 93/2782 118/118 119/119
f 120/120 93/93 119/2783
f 91/91 93/93 120/120
f 117/117 121/121 118/118
f 118/118 122/122 119/119
f 118/118 121/121 122/122
f 117/117 116/116 121/121
f 114/114 123/123 116/116
f 116/116 124/124 121/121
f 116/116 123/123 124/124
f 114/114 115/115 123/123
f 115/115 125/125 126/126
f 115/115 126/126 123/123
f 115/115 112/112 125/125
f 112/112 127/127 125/125
f 113/113 127/127 112/112
f 113/113 128/128 127/127
f 111/111 128/128 113/113
f 111/111 129/129 128/128
f 109/109 129/129 111/111
f 109/109 130/130 129/129
f 110/110 130/130 109/109
f 110/110 107/107 130/130
f 108/108 131/131 107/107
f 107/107 131/131 132/132
f 107/107 132/132 130/130
f 130/130 132/132 133/133
f 130/130 133/133 129/129
f 133/133 134/134 129/129
f 129/129 134/134 128/128
f 134/134 135/135 128/128
f 128/128 136/136 127/127
f 128/128 135/135 136/136
f 127/127 136/136 137/137
f 127/127 137/137 138/138
f 125/125 127/127 139/139
f 127/127 138/138 139/139
f 125/125 139/139 126/126
f 123/123 126/126 140/140
f 126/126 141/141 140/140
f 126/126 139/139 141/141
f 123/123 140/140 124/124
f 121/121 124/124 142/142
f 124/124 143/143 142/142
f 124/124 140/140 143/143
f 121/121 142/142 144/144
f 121/121 144/144 122/122
f 119/119 122/122 145/145
f 122/122 146/146 145/145
f 122/122 144/144 146/146
f 142/142 147/147 144/144
f 144/144 147/147 146/146
f 142/142 143/143 147/147
f 140/140 148/148 143/143
f 143/143 149/149 147/147
f 143/143 148/148 149/149
f 140/140 150/150 148/148
f 140/140 141/141 150/150
f 141/141 151/151 150/150
f 139/139 151/151 141/141
f 138/138 152/152 139/139
f 139/139 152/152 151/151
f 138/138 153/153 152/152
f 138/138 137/137 153/153
f 136/136 154/154 137/137
f 154/154 155/155 137/137
f 137/137 156/156 153/153
f 137/137 155/155 156/156
f 136/136 135/135 154/154
f 134/134 157/157 135/135
f 157/157 158/158 135/135
f 158/158 159/159 135/135
f 135/135 159/159 154/154
f 133/133 160/160 134/134
f 160/160 157/157 134/134
f 132/132 160/160 133/133
f 132/132 161/161 160/160
f 160/160 161/161 157/157
f 161/161 162/162 157/157
f 157/157 162/162 158/158
f 158/158 162/162 163/163
f 158/158 163/163 159/159
f 159/159 163/163 164/164
f 159/159 164/164 155/155
f 154/154 159/159 155/155
f 155/155 164/164 165/165
f 155/155 166/166 156/156
f 155/155 165/165 166/166
f 153/153 156/156 167/167
f 156/156 166/166 168/168
f 156/156 168/168 167/167
f 152/152 153/153 167/167
f 167/167 169/169 152/152
f 151/151 152/152 170/170
f 152/152 169/169 170/170
f 151/151 170/170 150/150
f 170/170 171/171 150/150
f 150/150 171/171 172/172
f 150/150 172/172 173/173
f 148/148 150/150 173/173
f 148/148 173/173 149/149
f 147/147 149/149 174/174
f 149/149 175/175 174/174
f 149/149 173/173 175/175
f 147/147 174/174 146/146
f 146/146 174/174 176/176
f 174/174 175/175 177/177
f 174/174 177/177 176/176
f 175/175 178/178 177/177
f 175/175 179/179 178/178
f 173/173 179/179 175/175
f 173/173 172/172 179/179
f 171/171 180/180 172/172
f 172/172 180/180 181/181
f 172/172 181/181 179/179
f 170/170 182/182 171/171
f 182/182 183/183 171/171
f 171/171 183/183 180/180
f 169/169 182/182 170/170
f 167/167 168/168 169/169
f 169/169 168/168 182/182
f 168/168 166/166 184/184
f 168/168 184/184 182/182
f 166/166 185/185 184/184
f 166/166 165/165 186/186
f 166/166 186/186 185/185
f 164/164 187/187 165/165
f 165/165 187/187 186/186
f 163/163 188/188 164/164
f 164/164 188/188 187/187
f 162/162 189/189 163/163
f 189/189 190/190 163/163
f 163/163 190/190 188/188
f 190/190 191/191 188/188
f 188/188 191/191 192/192
f 188/188 192/192 187/187
f 192/192 193/193 187/187
f 187/187 193/193 186/186
f 186/186 193/193 194/194
f 186/186 194/194 185/185
f 185/185 194/194 195/195
f 185/185 195/195 196/196
f 185/185 196/196 184/184
f 182/182 184/184 183/183
f 184/184 197/197 183/183
f 184/184 196/196 197/197
f 183/183 198/198 180/180
f 183/183 197/197 198/198
f 198/198 199/199 180/180
f 180/180 199/199 181/181
f 179/179 181/181 200/200
f 181/181 201/201 200/200
f 181/181 202/202 201/201
f 181/181 199/199 202/202
f 179/179 200/200 178/178
f 178/178 200/200 203/203
f 178/178 203/203 177/177
f 200/200 201/201 204/204
f 203/203 200/200 204/204
f 204/204 201/201 205/205
f 201/201 202/202 206/206
f 201/201 206/206 205/205
f 199/199 207/207 202/202
f 202/202 207/207 206/206
f 198/198 208/208 199/199
f 199/199 208/208 209/209
f 199/199 209/209 207/207
f 197/197 208/208 198/198
f 196/196 210/210 197/197
f 197/197 210/210 208/208
f 196/196 195/195 211/211
f 196/196 211/211 210/210
f 194/194 212/212 195/195
f 195/195 212/212 211/211
f 193/193 213/213 194/194
f 194/194 213/213 212/212
f 192/192 214/214 193/193
f 193/193 214/214 213/213
f 191/191 215/215 192/192
f 215/215 216/216 192/192
f 192/192 216/216 214/214
f 216/216 217/217 214/214
f 213/213 214/214 218/218
f 214/214 217/217 218/218
f 213/213 219/219 212/212
f 213/213 218/218 219/219
f 212/212 219/219 220/220
f 211/211 212/212 220/220
f 211/211 220/220 221/221
f 210/210 211/211 221/221
f 210/210 222/222 208/208
f 210/210 221/221 222/222
f 208/208 222/222 209/209
f 222/222 223/223 209/209
f 209/209 224/224 207/207
f 209/209 223/223 224/224
f 207/207 224/224 225/225
f 206/206 207/207 225/225
f 206/206 225/225 226/226
f 205/205 206/206 226/226
f 204/204 205/205 227/227
f 227/227 205/205 226/226
f 204/204 227/227 228/228
f 203/203 204/204 228/228
f 229/229 203/203 228/228
f 177/177 203/203 229/229
f 229/229 228/228 230/230
f 228/228 227/227 231/231
f 228/228 231/231 232/232
f 228/228 232/232 233/233
f 230/230 228/228 233/233
f 227/227 226/226 234/234
f 231/231 227/227 234/234
f 226/226 225/225 235/235
f 226/226 235/235 236/236
f 234/234 226/226 236/236
f 224/224 237/237 225/225
f 225/225 237/237 235/235
f 223/223 238/238 224/224
f 224/224 238/238 237/237
f 222/222 221/221 223/223
f 223/223 221/221 239/239
f 223/223 239/239 238/238
f 220/220 239/239 221/221
f 219/219 240/240 220/220
f 220/220 241/241 239/239
f 220/220 240/240 241/241
f 218/218 242/242 219/219
f 219/219 242/242 240/240
f 218/218 217/217 242/242
f 217/217 243/243 242/242
f 243/243 244/244 242/242
f 242/242 245/245 240/240
f 242/242 244/244 245/245
f 240/240 246/246 241/241
f 240/240 247/247 246/246
f 240/240 245/245 247/247
f 241/241 246/246 248/248
f 239/239 241/241 248/248
f 239/239 248/248 249/249
f 238/238 239/239 249/249
f 237/237 238/238 250/250
f 238/238 249/249 250/250
f 235/235 237/237 251/251
f 237/237 250/250 252/252
f 237/237 252/252 251/251
f 236/236 235/235 253/253
f 235/235 251/251 253/253
f 234/234 236/236 254/254
f 254/254 236/236 255/255
f 236/236 253/253 256/256
f 255/255 236/236 256/256
f 231/231 234/234 254/254
f 231/231 254/254 257/257
f 232/232 231/231 257/257
f 232/232 257/257 258/258
f 232/232 258/258 259/259
f 233/233 232/232 259/259
f 230/230 233/233 260/260
f 260/260 233/233 259/259
f 261/261 260/2785 259/2784
f 261/261 259/2784 262/262
f 259/259 258/258 263/263
f 262/262 259/2784 263/2786
f 258/258 257/257 264/264
f 258/258 264/264 265/265
f 258/258 265/265 263/263
f 257/257 254/254 264/264
f 254/254 255/255 264/264
f 264/264 255/255 266/266
f 266/266 255/255 267/267
f 255/255 256/256 267/267
f 253/253 268/268 256/256
f 256/256 268/268 267/267
f 253/253 251/251 269/269
f 253/253 269/269 268/268
f 251/251 252/252 270/270
f 251/251 270/270 269/269
f 252/252 250/250 271/271
f 252/252 271/271 272/272
f 252/252 272/272 270/270
f 249/249 271/271 250/250
f 249/249 248/248 273/273
f 249/249 273/273 271/271
f 246/246 274/274 248/248
f 248/248 274/274 273/273
f 271/271 273/273 275/275
f 273/273 274/274 276/276
f 273/273 276/276 275/275
f 271/271 275/275 272/272
f 272/272 275/275 277/277
f 272/272 277/277 278/278
f 270/270 272/272 278/278
f 269/269 270/270 279/279
f 270/270 278/278 279/279
f 269/2787 280/280 281/281
f 268/2788 269/2787 281/281
f 269/2787 279/2789 280/280
f 267/2790 268/2788 282/282
f 268/2788 281/281 282/282
f 283/283 266/266 267/267
f 283/2791 267/2790 284/284
f 267/2790 282/282 285/285
f 284/284 267/2790 285/285
f 264/264 266/266 283/283
f 265/265 264/264 283/283
f 286/286 265/265 283/283
f 263/263 265/265 286/286
f 287/287 263/2786 286/2792
f 262/262 263/2786 287/287
f 261/261 262/262 288/288
f 288/288 262/262 289/289
f 289/289 262/262 287/287
f 289/289 287/287 290/290
f 287/287 286/2792 290/290
f 286/2793 283/2791 284/284
f 286/2793 284/284 291/291
f 286/2792 291/2794 292/292
f 290/290 286/2792 292/292
f 284/284 285/285 293/293
f 284/284 293/293 294/294
f 291/291 284/284 294/294
f 285/285 282/282 295/295
f 285/285 295/295 293/293
f 282/282 281/281 296/296
f 282/282 296/296 295/295
f 281/281 280/280 296/296
f 296/296 280/280 297/297
f 279/2789 298/298 280/280
f 280/280 298/298 299/299
f 280/280 299/299 297/297
f 278/278 300/300 279/279
f 279/2789 300/2795 298/298
f 278/278 277/277 300/300
f 275/275 301/301 277/277
f 277/277 301/301 302/302
f 277/277 302/302 303/303
f 277/277 303/303 300/300
f 275/275 276/276 301/301
f 276/276 304/304 301/301
f 301/301 304/304 305/305
f 301/301 305/305 302/302
f 303/2797 302/2796 306/306
f 302/2796 305/2798 307/307
f 302/2796 307/307 306/306
f 300/2795 303/2797 308/308
f 303/2797 306/306 308/308
f 300/2795 309/309 298/298
f 300/2795 308/308 309/309
f 298/298 309/309 299/299
f 309/309 310/310 299/299
f 299/299 310/310 311/311
f 299/299 311/311 312/312
f 297/297 299/299 312/312
f 296/296 297/297 313/313
f 313/313 297/297 314/314
f 297/297 312/312 314/314
f 295/295 296/296 313/313
f 293/293 295/295 315/315
f 295/295 313/313 315/315
f 294/294 293/293 316/316
f 293/293 315/315 316/316
f 291/291 294/294 316/316
f 292/292 291/2794 317/317
f 291/2794 318/318 317/317
f 291/291 316/316 318/2799
f 290/290 292/292 317/317
f 318/318 319/319 317/317
f 317/317 319/319 320/320
f 317/317 320/320 321/321
f 322/322 317/317 321/321
f 290/290 317/317 322/322
f 318/2799 316/316 319/2800
f 316/316 315/315 323/323
f 316/316 323/323 324/324
f 319/2800 316/316 324/324
f 315/315 313/313 325/325
f 315/315 325/325 323/323
f 313/313 314/314 325/325
f 314/314 326/326 327/327
f 325/325 314/314 327/327
f 314/314 312/312 328/328
f 314/314 328/328 326/326
f 312/312 311/311 329/329
f 312/312 329/329 328/328
f 310/310 330/330 311/311
f 311/311 330/330 331/331
f 311/311 331/331 329/329
f 308/308 330/330 310/310
f 309/309 308/308 310/310
f 308/308 306/306 332/332
f 308/308 332/332 330/330
f 306/306 307/307 332/332
f 332/332 333/333 330/330
f 307/307 334/334 332/332
f 332/332 334/334 335/335
f 332/332 335/335 333/333
f 330/330 333/333 336/336
f 330/330 336/336 331/331
f 331/331 336/336 337/337
f 331/331 337/337 338/338
f 329/329 331/331 338/338
f 328/328 329/329 326/326
f 329/329 338/338 339/339
f 326/326 329/329 339/339
f 326/326 339/339 340/340
f 327/327 326/326 340/340
f 325/325 327/327 341/341
f 341/341 327/327 342/342
f 327/327 340/340 342/342
f 323/323 325/325 341/341
f 324/324 323/323 343/343
f 323/323 341/341 343/343
f 319/2800 324/324 344/344
f 344/344 324/324 343/343
f 319/319 344/2801 320/320
f 344/344 343/343 345/345
f 320/320 344/2801 346/346
f 344/2801 347/347 346/346
f 344/344 345/345 347/2802
f 343/343 341/341 345/345
f 341/341 342/342 345/345
f 342/342 340/340 348/348
f 342/342 348/348 349/349
f 345/345 342/342 349/349
f 340/340 339/339 350/350
f 340/340 350/350 348/348
f 338/338 351/351 339/339
f 339/339 351/351 352/352
f 339/339 352/352 353/353
f 339/339 353/353 350/350
f 338/338 337/337 351/351
f 336/336 354/354 337/337
f 337/337 354/354 351/351
f 336/336 355/355 354/354
f 333/333 355/355 336/336
f 333/333 335/335 356/356
f 333/333 356/356 355/355
f 334/334 357/357 335/335
f 335/335 357/357 356/356
f 358/358 359/359 334/334
f 307/307 358/358 334/334
f 334/334 359/359 357/357
f 357/357 359/359 360/360
f 357/357 360/360 361/361
f 357/357 361/361 356/356
f 356/356 361/361 362/362
f 356/356 363/363 355/355
f 356/356 362/362 363/363
f 355/355 363/363 364/364
f 354/354 355/355 364/364
f 354/354 364/364 365/365
f 354/354 365/365 366/366
f 354/354 366/366 367/367
f 351/351 354/354 367/367
f 351/351 367/367 352/352
f 352/352 367/367 368/368
f 353/353 352/352 369/369
f 352/352 368/368 369/369
f 350/350 353/353 370/370
f 353/353 369/369 371/371
f 353/353 371/371 370/370
f 348/348 350/350 370/370
f 348/348 370/370 372/372
f 349/349 348/348 372/372
f 349/349 372/372 373/373
f 345/345 349/349 373/373
f 372/372 370/370 374/374
f 372/372 374/374 375/375
f 373/373 372/372 375/375
f 370/370 371/371 374/374
f 371/371 369/369 376/376
f 371/371 376/376 377/377
f 371/371 377/377 374/374
f 369/369 368/368 376/376
f 367/367 378/378 368/368
f 368/368 378/378 379/379
f 376/376 368/368 380/380
f 368/368 379/379 380/380
f 367/367 366/366 378/378
f 366/366 381/381 378/378
f 365/365 382/382 366/366
f 366/366 382/382 381/381
f 364/364 363/363 365/365
f 363/363 383/383 365/365
f 365/365 384/384 382/382
f 365/365 383/383 384/384
f 363/363 362/362 385/385
f 363/363 385/385 383/383
f 361/361 386/386 362/362
f 362/362 386/386 387/387
f 362/362 387/387 385/385
f 360/360 388/388 361/361
f 361/361 388/388 386/386
f 386/386 389/389 390/390
f 386/386 391/391 389/389
f 386/386 390/390 387/387
f 388/388 391/391 386/386
f 387/387 390/390 392/392
f 393/393 387/387 392/392
f 385/385 387/387 394/394
f 394/394 387/387 393/393
f 385/385 394/394 395/395
f 385/385 395/395 383/383
f 383/383 396/396 384/384
f 383/383 395/395 396/396
f 384/384 396/396 397/397
f 384/384 397/397 398/398
f 382/382 384/384 398/398
f 381/381 382/382 398/398
f 378/378 381/381 399/399
f 381/381 398/398 400/400
f 399/399 381/381 401/401
f 381/381 400/400 401/401
f 378/378 399/399 379/379
f 380/380 379/379 402/402
f 399/399 401/401 379/379
f 379/379 401/401 402/402
f 376/376 380/380 377/377
f 377/377 380/380 403/403
f 380/380 402/402 403/403
f 374/374 377/377 404/404
f 377/377 403/403 404/404
f 403/403 405/405 406/406
f 404/404 403/403 406/406
f 402/402 407/407 403/403
f 403/403 407/407 405/405
f 402/402 401/401 407/407
f 400/400 408/408 401/401
f 401/401 409/409 407/407
f 401/401 408/408 409/409
f 398/398 410/410 400/400
f 400/400 410/410 411/411
f 400/400 411/411 408/408
f 398/398 397/397 410/410
f 397/397 396/396 412/412
f 397/397 412/412 413/413
f 397/397 413/413 410/410
f 396/396 395/395 412/412
f 395/395 414/414 412/412
f 395/395 394/394 414/414
f 394/394 393/393 414/414
f 393/393 415/415 416/416
f 393/393 392/392 415/415
f 414/414 393/393 416/416
f 392/392 417/417 415/415
f 392/392 390/390 418/418
f 392/392 418/418 417/417
f 416/416 415/415 419/419
f 415/415 417/417 419/419
f 416/416 419/419 420/420
f 421/421 416/416 420/420
f 422/422 416/416 421/421
f 414/414 416/416 422/422
f 412/412 414/414 422/422
f 413/413 412/412 422/422
f 410/410 413/413 411/411
f 413/413 422/422 421/421
f 413/413 423/423 411/411
f 413/413 421/421 423/423
f 411/411 423/423 408/408
f 408/408 423/423 424/424
f 408/408 424/424 409/409
f 409/409 424/424 425/425
f 409/409 425/425 407/407
f 405/405 407/407 426/426
f 407/407 425/425 426/426
f 405/405 426/426 406/406
f 404/404 406/406 427/427
f 406/406 428/428 427/427
f 406/406 429/429 428/428
f 406/406 426/426 429/429
f 374/374 404/404 430/430
f 404/404 427/427 430/430
f 430/430 427/427 431/431
f 427/427 428/428 432/432
f 431/431 427/427 432/432
f 432/432 428/428 433/433
f 428/428 429/429 434/434
f 428/428 434/434 433/433
f 426/426 435/435 429/429
f 429/429 435/435 436/436
f 429/429 436/436 434/434
f 425/425 435/435 426/426
f 424/424 437/437 425/425
f 425/425 437/437 435/435
f 423/423 438/438 424/424
f 424/424 439/439 440/440
f 424/424 440/440 437/437
f 424/424 438/438 439/439
f 421/421 438/438 423/423
f 421/421 420/420 438/438
f 420/420 441/441 438/438
f 420/420 442/442 441/441
f 420/420 419/419 442/442
f 419/419 443/443 442/442
f 419/419 444/444 443/443
f 417/417 444/444 419/419
f 417/417 418/418 444/444
f 444/444 445/445 446/446
f 444/444 446/446 443/443
f 418/418 445/445 444/444
f 443/443 447/447 448/448
f 442/442 443/443 448/448
f 443/443 446/446 447/447
f 442/442 448/448 441/441
f 439/439 441/441 449/449
f 438/438 441/441 439/439
f 441/441 448/448 449/449
f 439/439 449/449 450/450
f 440/440 439/439 450/450
f 437/437 440/440 451/451
f 440/440 450/450 451/451
f 437/437 451/451 435/435
f 435/435 451/451 452/452
f 435/435 452/452 436/436
f 452/452 453/453 436/436
f 436/436 453/453 454/454
f 436/436 454/454 455/455
f 434/434 436/436 455/455
f 433/433 434/434 456/456
f 434/434 455/455 456/456
f 432/432 433/433 457/457
f 433/433 456/456 458/458
f 457/457 433/433 458/458
f 459/459 431/431 432/432
f 459/459 432/432 457/457
f 460/460 459/459 457/457
f 460/460 457/457 461/461
f 457/457 458/458 461/461
f 461/461 458/458 462/462
f 458/458 456/456 463/463
f 458/458 463/463 462/462
f 455/455 464/464 456/456
f 456/456 465/465 463/463
f 456/456 464/464 465/465
f 455/455 454/454 466/466
f 455/455 467/467 464/464
f 455/455 466/466 467/467
f 454/454 468/468 466/466
f 454/454 469/469 468/468
f 453/453 469/469 454/454
f 452/452 470/470 453/453
f 453/453 470/470 469/469
f 452/452 451/451 470/470
f 451/451 450/450 470/470
f 450/450 471/471 470/470
f 450/450 449/449 471/471
f 449/449 472/472 471/471
f 449/449 473/473 472/472
f 448/448 473/473 449/449
f 448/448 474/474 473/473
f 448/448 447/447 474/474
f 473/473 475/475 472/472
f 473/473 474/474 475/475
f 471/471 472/472 476/476
f 472/472 477/477 476/476
f 472/472 478/478 477/477
f 472/472 475/475 478/478
f 470/470 471/471 479/479
f 471/471 476/476 479/479
f 470/470 479/479 469/469
f 469/469 480/480 468/468
f 469/469 481/481 480/480
f 479/479 481/481 469/469
f 468/468 480/480 482/482
f 466/466 468/468 483/483
f 468/468 482/482 483/483
f 467/467 466/466 483/483
f 464/464 467/467 484/484
f 467/467 483/483 485/485
f 467/467 485/485 486/486
f 484/484 467/467 486/486
f 465/465 464/464 484/484
f 463/463 465/465 487/487
f 465/465 484/484 487/487
f 463/463 487/487 488/488
f 462/462 463/463 488/488
f 488/488 487/487 489/489
f 487/487 484/484 489/489
f 489/489 484/484 490/490
f 484/484 486/486 490/490
f 486/486 485/485 491/491
f 486/486 491/491 492/492
f 486/486 492/492 493/493
f 486/486 493/493 490/490
f 485/485 483/483 494/494
f 485/485 494/494 491/491
f 483/483 495/495 494/494
f 483/483 482/482 495/495
f 482/482 496/496 495/495
f 482/482 480/480 496/496
f 480/480 497/497 496/496
f 480/480 498/498 497/497
f 481/481 498/498 480/480
f 481/481 476/476 498/498
f 479/479 476/476 481/481
f 476/476 499/499 498/498
f 476/476 477/477 499/499
f 478/478 499/499 477/477
f 478/478 500/500 499/499
f 475/475 500/500 478/478
f 475/475 501/501 500/500
f 474/474 501/501 475/475
f 474/474 502/502 501/501
f 447/447 502/502 474/474
f 501/501 503/503 500/500
f 501/501 504/504 503/503
f 502/502 504/504 501/501
f 500/500 503/503 505/505
f 500/500 505/505 499/499
f 499/499 506/506 507/507
f 499/499 507/507 498/498
f 499/499 505/505 506/506
f 498/498 507/507 497/497
f 497/497 507/507 508/508
f 497/497 508/508 509/509
f 496/496 497/497 509/509
f 496/496 509/509 510/510
f 496/496 510/510 511/511
f 495/495 496/496 511/511
f 495/495 511/511 494/494
f 494/494 511/511 512/512
f 491/491 494/494 513/513
f 494/494 512/512 513/513
f 492/492 491/491 513/513
f 493/493 492/492 514/514
f 514/514 492/492 515/515
f 492/492 513/513 515/515
f 490/490 493/493 516/516
f 516/516 493/493 514/514
f 489/489 490/490 517/517
f 517/517 490/490 516/516
f 517/517 516/516 518/518
f 518/518 516/516 519/519
f 516/516 514/514 520/520
f 519/519 516/516 520/520
f 514/514 521/521 520/520
f 514/514 522/522 521/521
f 514/514 515/515 522/522
f 515/515 523/523 522/522
f 515/515 513/513 523/523
f 513/513 524/524 525/525
f 513/513 512/512 524/524
f 513/513 525/525 523/523
f 512/512 526/526 524/524
f 511/511 526/526 512/512
f 511/511 510/510 526/526
f 510/510 527/527 526/526
f 509/509 527/527 510/510
f 509/509 508/508 527/527
f 508/508 528/528 529/529
f 508/508 529/529 527/527
f 530/530 528/528 508/508
f 507/507 530/530 508/508
f 507/507 506/506 530/530
f 506/506 531/531 530/530
f 505/505 531/531 506/506
f 530/530 532/532 528/528
f 531/531 532/532 530/530
f 528/528 533/533 534/534
f 528/528 534/534 535/535
f 532/532 533/533 528/528
f 528/528 535/535 529/529
f 529/529 536/536 537/537
f 527/527 529/529 537/537
f 529/529 535/535 536/536
f 526/526 527/527 538/538
f 527/527 537/537 538/538
f 526/526 539/539 524/524
f 526/526 538/538 539/539
f 524/524 540/540 525/525
f 524/524 539/539 540/540
f 525/525 541/541 542/542
f 525/525 540/540 543/543
f 525/525 543/543 541/541
f 523/523 525/525 542/542
f 522/522 523/523 544/544
f 523/523 542/542 544/544
f 521/521 522/522 545/545
f 522/522 544/544 545/545
f 520/520 521/521 546/546
f 546/546 521/521 547/547
f 521/521 545/545 547/547
f 519/519 520/520 548/548
f 520/520 546/546 548/548
f 548/548 546/546 549/549
f 546/546 547/547 550/550
f 549/549 546/546 550/550
f 547/547 545/545 551/551
f 550/550 547/547 551/551
f 551/551 545/545 552/552
f 545/545 553/553 552/552
f 545/545 544/544 553/553
f 544/544 542/542 554/554
f 544/544 554/554 553/553
f 542/542 555/555 554/554
f 542/542 541/541 555/555
f 555/555 541/541 556/556
f 541/541 557/557 556/556
f 541/541 558/558 557/557
f 543/543 558/558 541/541
f 543/543 559/559 558/558
f 543/543 560/560 559/559
f 539/539 560/560 543/543
f 540/540 539/539 543/543
f 539/539 538/538 560/560
f 538/538 537/537 560/560
f 537/537 561/561 560/560
f 537/537 536/536 561/561
f 536/536 562/562 561/561
f 536/536 563/563 562/562
f 535/535 563/563 536/536
f 535/535 534/534 563/563
f 563/563 564/564 565/565
f 563/563 565/565 562/562
f 563/563 534/534 564/564
f 562/562 565/565 566/566
f 562/562 566/566 567/567
f 561/561 562/562 567/567
f 561/561 567/567 568/568
f 561/561 568/568 560/560
f 560/560 568/568 559/559
f 559/559 569/569 570/570
f 558/558 559/559 570/570
f 559/559 568/568 569/569
f 558/558 571/571 557/557
f 558/558 570/570 571/571
f 556/556 557/557 572/572
f 557/557 573/573 572/572
f 557/557 571/571 573/573
f 556/556 572/572 574/574
f 554/554 556/556 574/574
f 554/554 555/555 556/556
f 575/575 554/554 574/574
f 553/553 554/554 575/575
f 552/552 553/553 576/576
f 553/553 575/575 576/576
f 575/575 574/574 576/576
f 574/574 577/577 578/578
f 576/576 574/574 578/578
f 574/574 572/572 577/577
f 577/577 572/572 579/579
f 572/572 580/580 579/579
f 572/572 581/581 580/580
f 573/573 581/581 572/572
f 573/573 571/571 581/581
f 571/571 582/582 583/583
f 571/571 583/583 581/581
f 571/571 570/570 582/582
f 570/570 569/569 582/582
f 569/569 584/584 582/582
f 568/568 584/584 569/569
f 568/568 567/567 584/584
f 567/567 585/585 584/584
f 567/567 566/566 585/585
f 566/566 586/586 587/587
f 585/585 566/566 587/587
f 566/566 588/588 586/586
f 565/565 588/588 566/566
f 565/565 564/564 588/588
f 586/586 588/588 589/589
f 588/588 590/590 589/589
f 588/588 591/591 590/590
f 564/564 591/591 588/588
f 586/586 589/589 592/592
f 587/587 586/586 592/592
f 587/587 592/592 593/593
f 594/594 587/587 593/593
f 585/585 587/587 594/594
f 584/584 585/585 594/594
f 584/584 594/594 595/595
f 582/582 584/584 595/595
f 582/582 595/595 583/583
f 583/583 596/596 597/597
f 595/595 596/596 583/583
f 581/581 583/583 597/597
f 581/581 597/597 598/598
f 581/581 598/598 580/580
f 580/580 598/598 599/599
f 580/580 599/599 600/600
f 579/579 580/580 600/600
f 579/579 600/600 601/601
f 602/602 579/579 601/601
f 577/577 579/579 602/602
f 578/578 577/577 602/602
f 578/578 602/602 603/603
f 604/604 578/578 603/603
f 576/576 578/578 604/604
f 603/603 602/602 601/601
f 601/601 605/605 606/606
f 607/607 601/601 606/606
f 601/601 600/600 605/605
f 603/603 601/601 607/607
f 600/600 599/599 608/608
f 605/605 600/600 608/608
f 599/599 609/609 608/608
f 599/599 610/610 609/609
f 598/598 610/610 599/599
f 598/598 597/597 610/610
f 596/596 610/610 597/597
f 596/596 611/611 610/610
f 596/596 612/612 611/611
f 613/613 612/612 596/596
f 595/595 613/613 596/596
f 595/595 594/594 613/613
f 613/613 594/594 612/612
f 594/594 593/593 612/612
f 593/593 614/614 612/612
f 593/593 592/592 614/614
f 592/592 615/615 614/614
f 592/592 589/589 615/615
f 589/589 616/616 615/615
f 589/589 590/590 616/616
f 614/614 615/615 617/617
f 615/615 616/616 618/618
f 615/615 618/618 619/619
f 615/615 619/619 617/617
f 612/612 614/614 620/620
f 614/614 617/617 620/620
f 612/612 620/620 611/611
f 611/611 621/621 610/610
f 611/611 622/622 621/621
f 611/611 620/620 622/622
f 610/610 623/623 609/609
f 610/610 621/621 623/623
f 609/609 623/623 624/624
f 609/609 624/624 625/625
f 608/608 609/609 625/625
f 608/608 625/625 626/626
f 605/605 608/608 627/627
f 627/627 608/608 626/626
f 606/606 605/605 627/627
f 606/606 627/627 628/628
f 629/629 606/606 628/628
f 607/607 606/606 629/629
f 630/630 607/607 629/629
f 603/603 607/607 630/630
f 631/631 603/603 630/630
f 604/604 603/603 631/631
f 632/632 576/576 604/604
f 632/632 604/604 631/631
f 631/631 633/633 634/634
f 631/631 630/630 633/633
f 635/635 632/632 631/631
f 635/635 631/631 634/634
f 630/630 629/629 636/636
f 633/633 630/630 636/636
f 629/629 637/637 636/636
f 629/629 628/628 637/637
f 628/628 638/638 639/639
f 637/637 628/628 639/639
f 628/628 627/627 638/638
f 627/627 626/626 638/638
f 638/638 626/626 640/640
f 626/626 641/641 640/640
f 626/626 625/625 641/641
f 625/625 624/624 641/641
f 624/624 642/642 643/643
f 624/624 643/643 641/641
f 624/624 644/644 642/642
f 624/624 623/623 644/644
f 623/623 645/645 644/644
f 621/621 645/645 623/623
f 621/621 622/622 645/645
f 622/622 646/646 645/645
f 622/622 647/647 646/646
f 622/622 620/620 647/647
f 645/645 646/646 644/644
f 642/642 644/644 648/648
f 644/644 649/649 648/648
f 644/644 646/646 649/649
f 643/643 642/642 650/650
f 642/642 651/651 650/650
f 642/642 648/648 651/651
f 643/643 650/650 652/652
f 640/640 643/643 652/652
f 640/640 641/641 643/643
f 653/653 640/640 652/652
f 654/654 640/640 653/653
f 638/638 640/640 654/654
f 639/639 638/638 654/654
f 655/655 639/639 656/656
f 639/639 657/657 656/656
f 637/637 639/639 655/655
f 639/639 654/654 657/657
f 658/658 637/637 655/655
f 636/636 637/637 658/658
f 659/659 636/636 658/658
f 633/633 636/636 659/659
f 660/660 633/633 659/659
f 634/634 633/633 660/660
f 635/635 634/634 660/660
f 660/660 659/659 661/661
f 662/662 660/660 661/661
f 663/663 660/660 662/662
f 635/635 660/660 663/663
f 659/659 658/658 664/664
f 661/661 659/659 664/664
f 658/658 655/655 665/665
f 664/664 658/658 665/665
f 665/665 655/655 656/656
f 656/656 657/657 666/666
f 667/667 656/656 668/668
f 656/656 666/666 668/668
f 665/665 656/656 667/667
f 657/657 669/669 666/666
f 657/657 653/653 669/669
f 654/654 653/653 657/657
f 653/653 670/670 669/669
f 653/653 652/652 670/670
f 652/652 650/650 670/670
f 650/650 671/671 670/670
f 650/650 672/672 671/671
f 651/651 672/672 650/650
f 648/648 673/673 651/651
f 651/651 673/673 672/672
f 649/649 673/673 648/648
f 646/646 674/674 649/649
f 649/649 674/674 673/673
f 674/674 675/675 673/673
f 673/673 675/675 672/672
f 672/672 675/675 676/676
f 672/672 676/676 677/677
f 672/672 677/677 671/671
f 678/678 670/2804 671/2803
f 678/678 671/2803 679/679
f 679/679 671/2803 677/2805
f 680/680 670/2804 678/678
f 669/2806 670/2804 680/680
f 681/681 666/2807 669/2806
f 681/681 669/2806 680/680
f 668/2808 666/2807 682/682
f 682/682 666/2807 681/681
f 683/683 668/2808 682/682
f 667/667 668/668 683/2809
f 667/667 683/2809 684/684
f 685/685 667/667 684/684
f 664/664 667/667 685/685
f 664/664 665/665 667/667
f 686/686 664/664 685/685
f 687/687 664/664 686/686
f 661/661 664/664 687/687
f 688/688 661/661 687/687
f 662/662 661/661 688/688
f 689/689 662/662 688/688
f 689/689 663/663 662/662
f 690/690 689/689 688/688
f 690/690 688/688 691/691
f 691/691 688/688 692/692
f 692/692 688/688 693/693
f 688/688 687/687 693/693
f 693/693 687/687 686/686
f 686/686 685/685 684/684
f 686/686 684/684 694/694
f 695/695 686/686 694/694
f 693/693 686/686 695/695
f 694/2811 684/2810 696/696
f 696/696 684/2810 697/697
f 684/2810 683/683 697/697
f 697/697 683/683 682/682
f 698/698 682/682 699/699
f 697/697 682/682 698/698
f 699/699 682/682 681/681
f 699/699 681/681 680/680
f 699/699 680/680 700/700
f 700/700 680/680 701/701
f 701/701 680/680 678/678
f 701/701 678/678 702/702
f 702/702 678/678 679/679
f 679/679 703/703 704/704
f 677/2805 676/2812 679/679
f 679/679 676/2812 703/703
f 702/702 679/679 704/704
f 702/702 705/705 706/706
f 701/701 702/702 706/706
f 702/702 707/707 705/705
f 702/702 708/708 707/707
f 702/702 704/704 708/708
f 701/701 706/706 709/709
f 701/701 709/709 710/710
f 700/700 701/701 710/710
f 699/699 700/700 710/710
f 699/699 710/710 711/711
f 699/699 711/711 712/712
f 698/698 699/699 712/712
f 713/713 698/698 714/714
f 698/698 715/715 714/714
f 698/698 712/712 715/715
f 713/713 697/697 698/698
f 696/696 697/697 713/713
f 716/716 696/696 713/713
f 717/717 696/696 716/716
f 717/717 694/2811 696/696
f 718/718 694/2811 717/717
f 695/695 694/694 718/2813
f 692/692 693/693 695/695
f 692/692 695/695 719/719
f 719/719 695/695 718/2813
f 691/691 692/692 719/719
f 720/720 691/691 719/719
f 720/720 719/719 721/721
f 721/721 719/719 722/722
f 719/719 718/2813 722/722
f 722/2814 718/718 717/717
f 723/723 722/2814 717/717
f 724/724 717/717 716/716
f 724/724 723/723 717/717
f 716/716 725/725 726/726
f 716/716 713/713 725/725
f 716/716 726/726 727/727
f 728/728 716/716 727/727
f 728/728 724/724 716/716
f 713/713 714/714 725/725
f 714/714 715/715 729/729
f 714/714 729/729 730/730
f 714/714 730/730 725/725
f 715/715 731/731 732/732
f 715/715 732/732 729/729
f 715/715 712/712 731/731
f 712/712 711/711 731/731
f 711/711 710/710 731/731
f 710/710 733/733 731/731
f 710/710 734/734 733/733
f 710/710 709/709 734/734
f 709/709 735/735 734/734
f 709/709 706/706 735/735
f 734/734 736/736 737/737
f 733/733 734/734 737/737
f 734/734 735/735 736/736
f 733/733 738/738 739/739
f 733/733 737/737 738/738
f 740/740 733/733 739/739
f 732/732 733/733 740/740
f 732/732 731/731 733/733
f 729/729 732/732 740/740
f 729/729 740/740 730/730
f 730/730 740/740 741/741
f 725/725 730/730 741/741
f 725/725 741/741 742/742
f 725/725 742/742 726/726
f 726/726 742/742 743/743
f 726/726 743/743 744/744
f 726/726 744/744 727/727
f 727/727 744/744 745/745
f 727/727 745/745 746/746
f 747/747 727/727 746/746
f 728/728 727/727 747/747
f 748/748 728/728 747/747
f 748/748 724/724 728/728
f 746/746 724/724 747/747
f 747/747 724/724 748/748
f 749/749 720/2815 724/724
f 749/749 724/724 746/746
f 724/724 720/2815 723/723
f 750/750 749/749 746/746
f 746/746 745/745 750/750
f 745/745 751/751 752/752
f 744/744 751/751 745/745
f 745/745 753/753 750/750
f 745/745 752/752 753/753
f 744/744 743/743 751/751
f 743/743 741/741 754/754
f 743/743 754/754 755/755
f 751/751 743/743 755/755
f 742/742 741/741 743/743
f 741/741 756/756 754/754
f 740/740 756/756 741/741
f 740/740 739/739 757/757
f 740/740 757/757 756/756
f 739/739 738/738 758/758
f 739/739 758/758 757/757
f 738/738 759/759 758/758
f 737/737 759/759 738/738
f 737/737 760/760 759/759
f 737/737 736/736 760/760
f 736/736 761/761 760/760
f 736/736 762/762 761/761
f 735/735 762/762 736/736
f 706/706 762/762 735/735
f 706/706 705/705 762/762
f 705/705 763/763 762/762
f 763/763 764/764 762/762
f 762/762 764/764 761/761
f 760/760 761/761 765/765
f 761/761 766/766 767/767
f 761/761 764/764 766/766
f 761/761 767/767 765/765
f 759/759 760/760 765/765
f 759/759 768/768 769/769
f 759/759 765/765 768/768
f 758/758 759/759 769/769
f 758/758 769/769 770/770
f 757/757 758/758 770/770
f 757/757 770/770 771/771
f 756/756 757/757 772/772
f 757/757 771/771 772/772
f 754/754 756/756 772/772
f 754/754 772/772 773/773
f 774/774 754/754 773/773
f 755/755 754/754 774/774
f 752/752 755/755 775/775
f 755/755 774/774 775/775
f 751/751 755/755 752/752
f 752/752 775/775 753/753
f 753/753 775/775 776/776
f 750/750 753/753 777/777
f 753/753 776/776 777/777
f 775/775 778/778 779/779
f 776/776 775/775 780/780
f 775/775 779/779 780/780
f 775/775 774/774 778/778
f 774/774 773/773 781/781
f 774/774 781/781 778/778
f 773/773 772/772 782/782
f 773/773 782/782 781/781
f 772/772 771/771 782/782
f 771/771 770/770 783/783
f 771/771 783/783 782/782
f 770/770 784/784 785/785
f 770/770 785/785 783/783
f 769/769 784/784 770/770
f 769/769 768/768 784/784
f 768/768 786/786 784/784
f 768/768 765/765 787/787
f 768/768 787/787 786/786
f 765/765 767/767 787/787
f 767/767 766/766 788/788
f 767/767 788/788 787/787
f 787/787 789/789 786/786
f 787/787 790/790 789/789
f 787/787 788/788 790/790
f 786/786 791/791 784/784
f 786/786 789/789 791/791
f 784/784 791/791 792/792
f 784/784 792/792 785/785
f 785/785 793/793 794/794
f 785/785 792/792 793/793
f 783/783 785/785 794/794
f 783/783 794/794 795/795
f 783/783 795/795 782/782
f 782/782 795/795 796/796
f 781/781 782/782 796/796
f 797/797 781/781 796/796
f 778/778 781/781 797/797
f 778/778 797/797 779/779
f 779/779 797/797 798/798
f 779/779 798/798 799/799
f 780/780 779/779 799/799
f 780/780 799/799 800/800
f 777/777 780/780 800/800
f 776/776 780/780 777/777
f 800/800 801/801 777/777
f 777/777 801/801 802/802
f 777/777 802/802 750/750
f 800/800 803/803 804/804
f 804/804 805/805 800/800
f 805/805 806/806 800/800
f 799/799 803/803 800/800
f 800/800 806/806 801/801
f 799/799 798/798 807/807
f 799/799 807/807 803/803
f 798/798 808/808 809/809
f 798/798 809/809 807/807
f 797/797 808/808 798/798
f 797/797 796/796 808/808
f 796/796 795/795 810/810
f 796/796 810/810 808/808
f 795/795 811/811 810/810
f 794/794 811/811 795/795
f 794/794 793/793 812/812
f 811/811 794/794 812/812
f 793/793 813/813 814/814
f 793/793 814/814 812/812
f 792/792 813/813 793/793
f 792/792 791/791 813/813
f 791/791 815/815 813/813
f 789/789 816/816 791/791
f 791/791 816/816 815/815
f 789/789 790/790 816/816
f 790/790 817/817 816/816
f 816/816 817/817 818/818
f 816/816 818/818 815/815
f 813/813 815/815 819/819
f 815/815 818/818 820/820
f 815/815 820/820 821/821
f 815/815 821/821 819/819
f 813/813 819/819 814/814
f 814/814 822/822 823/823
f 814/814 819/819 822/822
f 824/824 814/814 823/823
f 812/812 814/814 824/824
f 812/812 824/824 825/825
f 826/826 812/812 825/825
f 811/811 812/812 826/826
f 810/810 811/811 826/826
f 810/810 826/826 809/809
f 808/808 810/810 809/809
f 809/809 826/826 827/827
f 807/807 809/809 828/828
f 828/828 809/809 827/827
f 807/807 828/828 829/829
f 803/803 807/807 829/829
f 803/803 829/829 804/804
f 804/804 829/829 830/830
f 829/829 828/828 830/830
f 830/830 828/828 831/831
f 828/828 827/827 831/831
f 827/827 832/832 831/831
f 826/826 832/832 827/827
f 826/826 825/825 832/832
f 832/832 825/825 833/833
f 825/825 834/834 833/833
f 825/825 824/824 834/834
f 824/824 823/823 834/834
f 823/823 835/835 834/834
f 823/823 822/822 835/835
f 822/822 836/836 835/835
f 819/819 821/821 822/822
f 821/821 837/837 822/822
f 822/822 837/837 836/836
f 821/821 820/820 837/837
f 820/820 838/838 839/839
f 818/818 838/838 820/820
f 820/820 839/839 837/837
f 818/818 840/840 838/838
f 841/841 840/840 818/818
f 817/817 841/841 818/818
f 817/817 842/842 841/841
f 843/843 842/842 817/817
f 790/790 843/843 817/817
f 841/841 844/844 840/840
f 841/841 842/842 844/844
f 840/840 845/845 838/838
f 840/840 846/846 845/845
f 844/844 846/846 840/840
f 838/838 847/847 839/839
f 845/845 847/847 838/838
f 837/837 839/839 848/848
f 839/839 847/847 848/848
f 837/837 848/848 849/849
f 836/836 837/837 850/850
f 837/837 849/849 850/850
f 835/835 836/836 850/850
f 835/835 851/851 834/834
f 835/835 850/850 851/851
f 834/834 851/851 852/852
f 853/853 834/834 852/852
f 833/833 834/834 853/853
f 854/854 833/833 853/853
f 832/832 833/833 854/854
f 831/831 832/832 854/854
f 854/854 855/855 856/856
f 854/854 853/853 855/855
f 831/831 854/854 856/856
f 857/857 853/853 858/858
f 853/853 859/859 858/858
f 853/853 852/852 859/859
f 855/855 853/853 857/857
f 852/852 860/860 859/859
f 852/852 851/851 860/860
f 851/851 850/850 860/860
f 860/860 850/850 861/861
f 850/850 862/862 861/861
f 850/850 849/849 862/862
f 849/849 863/863 864/864
f 849/849 864/864 862/862
f 848/848 863/863 849/849
f 848/848 865/865 863/863
f 847/847 865/865 848/848
f 847/847 866/866 867/867
f 847/847 867/867 865/865
f 845/845 866/866 847/847
f 845/845 868/868 866/866
f 846/846 868/868 845/845
f 846/846 869/869 868/868
f 870/870 869/869 846/846
f 844/844 870/870 846/846
f 842/842 870/870 844/844
f 870/870 871/871 869/869
f 872/872 871/871 870/870
f 873/873 872/872 870/870
f 873/873 870/870 842/842
f 869/869 874/874 868/868
f 871/871 874/874 869/869
f 866/866 868/868 875/875
f 868/868 874/874 875/875
f 866/866 876/876 867/867
f 866/866 875/875 876/876
f 867/867 877/877 878/878
f 865/865 867/867 878/878
f 876/876 877/877 867/867
f 865/865 878/878 863/863
f 863/863 878/878 879/879
f 864/864 863/863 880/880
f 863/863 879/879 880/880
f 864/864 880/880 881/881
f 862/862 864/864 881/881
f 862/862 881/881 882/882
f 883/883 862/862 882/882
f 862/862 883/883 861/861
f 860/860 861/861 884/884
f 861/861 883/883 885/885
f 884/884 861/861 885/885
f 859/859 860/860 884/884
f 859/859 884/884 858/858
f 858/858 884/884 886/886
f 884/884 885/885 887/887
f 884/884 887/887 886/886
f 885/885 882/882 888/888
f 883/883 882/882 885/885
f 885/885 888/888 887/887
f 882/882 889/889 888/888
f 882/882 881/881 889/889
f 881/881 890/890 889/889
f 881/881 891/891 890/890
f 880/880 891/891 881/881
f 880/880 879/879 891/891
f 879/879 892/892 891/891
f 879/879 893/893 892/892
f 878/878 893/893 879/879
f 878/878 877/877 893/893
f 877/877 894/894 893/893
f 876/876 895/895 877/877
f 895/895 896/896 877/877
f 877/877 896/896 894/894
f 875/875 897/897 876/876
f 876/876 897/897 895/895
f 874/874 897/897 875/875
f 871/871 898/898 874/874
f 898/898 899/899 874/874
f 874/874 899/899 897/897
f 899/899 900/900 897/897
f 897/897 900/900 895/895
f 895/895 900/900 896/896
f 900/900 901/901 896/896
f 901/901 902/902 896/896
f 894/894 896/896 903/903
f 896/896 902/902 903/903
f 893/893 894/894 892/892
f 892/892 894/894 904/904
f 894/894 903/903 904/904
f 892/892 904/904 905/905
f 892/892 905/905 891/891
f 891/891 905/905 906/906
f 891/891 906/906 890/890
f 889/889 890/890 907/907
f 890/890 908/908 907/907
f 890/890 906/906 908/908
f 889/889 907/907 909/909
f 888/888 889/889 909/909
f 888/888 909/909 910/910
f 887/887 888/888 910/910
f 886/886 887/887 911/911
f 911/911 887/887 910/910
f 912/912 886/886 911/911
f 858/858 886/886 912/912
f 911/911 913/913 914/914
f 912/912 911/911 914/914
f 911/911 910/910 915/915
f 911/911 915/915 913/913
f 910/910 909/909 916/916
f 910/910 916/916 915/915
f 909/909 917/917 918/918
f 909/909 918/918 916/916
f 909/909 907/907 917/917
f 907/907 908/908 917/917
f 908/908 919/919 917/917
f 908/908 920/920 919/919
f 908/908 906/906 920/920
f 906/906 921/921 920/920
f 905/905 921/921 906/906
f 905/905 904/904 922/922
f 905/905 922/922 921/921
f 904/904 923/923 922/922
f 904/904 903/903 923/923
f 902/902 924/924 903/903
f 903/903 924/924 923/923
f 902/902 901/901 925/925
f 902/902 925/925 924/924
f 926/926 927/927 901/901
f 900/900 926/926 901/901
f 901/901 927/927 925/925
f 899/899 926/926 900/900
f 899/899 928/928 926/926
f 928/928 929/929 926/926
f 929/929 927/927 926/926
f 929/929 930/930 927/927
f 930/930 931/931 927/927
f 927/927 931/931 932/932
f 927/927 932/932 925/925
f 925/925 932/932 933/933
f 925/925 933/933 924/924
f 924/924 933/933 934/934
f 924/924 934/934 935/935
f 924/924 935/935 923/923
f 922/922 923/923 936/936
f 923/923 935/935 936/936
f 922/922 936/936 937/937
f 922/922 937/937 938/938
f 922/922 938/938 921/921
f 921/921 938/938 939/939
f 921/921 939/939 920/920
f 919/919 920/920 940/940
f 920/920 941/941 940/940
f 920/920 939/939 941/941
f 917/917 919/919 940/940
f 917/917 942/942 918/918
f 917/917 940/940 942/942
f 943/943 940/940 944/944
f 942/942 940/940 943/943
f 940/940 945/945 944/944
f 940/940 941/941 945/945
f 939/939 946/946 941/941
f 941/941 946/946 945/945
f 938/938 947/947 939/939
f 939/939 947/947 948/948
f 939/939 948/948 946/946
f 938/938 937/937 947/947
f 936/936 949/949 937/937
f 937/937 949/949 950/950
f 937/937 950/950 951/951
f 947/947 937/937 951/951
f 936/936 935/935 952/952
f 936/936 952/952 949/949
f 934/934 953/953 935/935
f 953/953 954/954 935/935
f 935/935 954/954 952/952
f 933/933 955/955 934/934
f 934/934 955/955 953/953
f 932/932 956/956 933/933
f 933/933 956/956 955/955
f 931/931 956/956 932/932
f 930/930 957/957 931/931
f 931/931 957/957 958/958
f 931/931 958/958 956/956
f 958/958 959/959 956/956
f 956/956 959/959 960/960
f 960/960 961/961 956/956
f 956/956 961/961 955/955
f 955/955 962/962 953/953
f 955/955 961/961 963/963
f 955/955 963/963 962/962
f 953/953 962/962 954/954
f 952/952 954/954 964/964
f 954/954 962/962 965/965
f 954/954 965/965 966/966
f 954/954 966/966 964/964
f 952/952 964/964 949/949
f 949/949 964/964 967/967
f 949/949 967/967 950/950
f 950/950 967/967 968/968
f 950/950 968/968 969/969
f 951/951 950/950 969/969
f 947/947 951/951 948/948
f 948/948 951/951 970/970
f 951/951 969/969 970/970
f 946/946 948/948 971/971
f 948/948 970/970 971/971
f 946/946 971/971 945/945
f 945/945 971/971 972/972
f 971/971 970/970 973/973
f 971/971 973/973 972/972
f 969/969 974/974 970/970
f 970/970 974/974 973/973
f 968/968 975/975 969/969
f 969/969 976/976 974/974
f 969/969 975/975 976/976
f 967/967 977/977 968/968
f 968/968 977/977 975/975
f 964/964 966/966 967/967
f 967/967 966/966 977/977
f 965/965 978/978 966/966
f 978/978 979/979 966/966
f 966/966 980/980 977/977
f 966/966 979/979 980/980
f 962/962 978/978 965/965
f 962/962 963/963 978/978
f 961/961 981/981 963/963
f 963/963 981/981 978/978
f 960/960 982/982 961/961
f 983/983 984/984 961/961
f 961/961 984/984 985/985
f 961/961 985/985 981/981
f 982/982 983/983 961/961
f 959/959 986/986 960/960
f 986/986 982/982 960/960
f 986/986 987/987 982/982
f 987/987 988/988 982/982
f 982/982 988/988 983/983
f 988/988 989/989 983/983
f 990/990 983/983 989/989
f 983/983 990/990 984/984
f 990/990 991/991 984/984
f 991/991 992/992 984/984
f 984/984 992/992 985/985
f 985/985 992/992 993/993
f 985/985 993/993 994/994
f 985/985 994/994 981/981
f 981/981 995/995 978/978
f 994/994 996/996 981/981
f 981/981 996/996 995/995
f 978/978 995/995 997/997
f 978/978 997/997 998/998
f 978/978 998/998 979/979
f 980/980 979/979 999/999
f 998/998 1000/1000 979/979
f 979/979 1000/1000 999/999
f 977/977 980/980 1001/1001
f 980/980 999/999 1002/1002
f 1001/1001 980/980 1002/1002
f 977/977 1001/1001 975/975
f 975/975 1001/1001 976/976
f 1001/1001 1002/1002 1003/1003
f 1001/1001 1003/1003 976/976
f 1002/1002 1004/1004 1003/1003
f 1002/1002 999/999 1004/1004
f 999/999 1005/1005 1004/1004
f 1000/1000 1005/1005 999/999
f 1000/1000 1006/1006 1005/1005
f 1000/1000 1007/1007 1006/1006
f 998/998 1008/1008 1000/1000
f 1008/1008 1007/1007 1000/1000
f 997/997 1009/1009 998/998
f 1009/1009 1010/1010 998/998
f 998/998 1010/1010 1011/1011
f 998/998 1011/1011 1008/1008
f 995/995 1012/1012 997/997
f 1012/1012 1013/1013 997/997
f 1013/1013 1009/1009 997/997
f 996/996 1014/1014 995/995
f 1014/1014 1015/1015 995/995
f 995/995 1015/1015 1012/1012
f 1014/1014 996/996 1016/1016
f 996/996 1017/1017 1016/1016
f 996/996 994/994 1017/1017
f 994/994 1018/1018 1017/1017
f 994/994 993/993 1018/1018
f 993/993 992/992 1018/1018
f 991/991 1019/1019 992/992
f 1019/1019 1018/1018 992/992
f 1018/1018 1020/1020 1017/1017
f 1020/1020 1018/1018 1019/1019
f 1017/1017 1021/1021 1016/1016
f 1017/1017 1020/1020 1021/1021
f 1015/1015 1014/1014 1016/1016
f 1016/1016 1021/1021 1015/1015
f 1012/1012 1015/1015 1022/1022
f 1015/1015 1023/1023 1022/1022
f 1015/1015 1021/1021 1023/1023
f 1013/1013 1012/1012 1022/1022
f 1009/1009 1013/1013 1022/1022
f 1009/1009 1024/1024 1010/1010
f 1022/1022 1023/1023 1009/1009
f 1023/1023 1025/1025 1009/1009
f 1025/1025 1024/1024 1009/1009
f 1011/1011 1010/1010 1026/1026
f 1010/1010 1024/1024 1026/1026
f 1027/1027 1008/1008 1011/1011
f 1027/1027 1011/1011 1026/1026
f 1008/1008 1028/1028 1007/1007
f 1008/1008 1027/1027 1028/1028
f 1007/1007 1029/1029 1030/1030
f 1007/1007 1030/1030 1031/1031
f 1007/1007 1031/1031 1006/1006
f 1028/1028 1032/1032 1007/1007
f 1029/1029 1007/1007 1032/1032
f 1032/1032 1028/1028 1033/1033
f 1028/1028 1027/1027 1033/1033
f 1027/1027 1024/1024 1033/1033
f 1026/1026 1024/1024 1027/1027
f 1033/1033 1024/1024 1032/1032
f 1034/1034 1024/2816 1035/1035
f 1035/1035 1024/2816 1036/1036
f 1029/1029 1024/1024 1037/1037
f 1024/2816 1025/2817 1036/1036
f 1024/1024 1029/1029 1032/1032
f 1037/2818 1024/2816 1034/1034
f 1025/2817 1023/2819 1036/1036
f 1036/1036 1023/2819 1038/1038
f 1038/1038 1023/2819 1039/1039
f 1021/2820 1039/1039 1023/2819
f 1040/1040 1041/1041 1021/2820
f 1041/1041 1042/1042 1021/2820
f 1039/1039 1021/2820 1042/1042
f 1021/1021 1020/1020 1040/2821
f 1043/1043 1044/1044 1020/1020
f 1043/1043 1020/1020 1045/1045
f 1044/1044 1040/2821 1020/1020
f 1020/1020 1019/1019 1045/1045
f 1041/1041 1040/1040 1046/1046
f 1044/2822 1046/1046 1040/1040
f 1047/1047 1041/1041 1046/1046
f 1041/1041 1047/1047 1042/1042
f 1048/1048 1042/1042 1047/1047
f 1042/1042 1048/1048 1039/1039
f 1048/1048 1049/1049 1039/1039
f 1049/1049 1050/1050 1039/1039
f 1050/1050 1038/1038 1039/1039
f 1051/1051 1038/1038 1050/1050
f 1036/1036 1038/1038 1051/1051
f 1052/1052 1036/1036 1051/1051
f 1053/1053 1036/1036 1052/1052
f 1036/1036 1053/1053 1035/1035
f 1053/1053 1054/1054 1035/1035
f 1054/1054 1055/1055 1035/1035
f 1055/1055 1034/1034 1035/1035
f 1034/1034 1056/1056 1057/1057
f 1056/1056 1034/1034 1055/1055
f 1034/1034 1057/1057 1058/1058
f 1058/1058 1037/2818 1034/1034
f 1059/1059 1029/1029 1037/1037
f 1058/1058 1059/2823 1037/2818
f 1057/1057 1060/1060 1058/1058
f 1060/1060 1061/1061 1058/1058
f 1061/1061 1062/1062 1058/1058
f 1063/1063 1059/2823 1058/1058
f 1063/1063 1058/1058 1062/1062
f 1060/1060 1057/1057 1056/1056
f 1064/1064 1065/1065 1056/1056
f 1056/1056 1055/1055 1066/1066
f 1056/1056 1066/1066 1064/1064
f 1065/1065 1060/1060 1056/1056
f 1066/1066 1055/1055 1054/1054
f 1066/1066 1054/1054 1067/1067
f 1054/1054 1053/1053 1067/1067
f 1067/1067 1053/1053 1052/1052
f 1052/1052 1051/1051 1068/1068
f 1067/1067 1052/1052 1068/1068
f 1068/1068 1051/1051 1069/1069
f 1051/1051 1050/1050 1069/1069
f 1050/1050 1049/1049 1069/1069
f 1049/1049 1048/1048 1069/1069
f 1069/1069 1048/1048 1047/1047
f 1070/1070 1047/1047 1071/1071
f 1047/1047 1072/1072 1071/1071
f 1047/1047 1046/1046 1072/1072
f 1069/1069 1047/1047 1070/1070
f 1046/1046 1044/2822 1072/1072
f 1044/2822 1043/2824 1072/1072
f 1072/1072 1073/1073 1071/1071
f 1072/1072 1043/2824 1073/1073
f 1071/1071 1073/1073 1074/1074
f 1070/1070 1071/1071 1074/1074
f 1075/1075 1070/1070 1074/1074
f 1076/1076 1070/1070 1075/1075
f 1068/1068 1070/1070 1076/1076
f 1068/1068 1069/1069 1070/1070
f 1067/1067 1068/1068 1076/1076
f 1077/1077 1067/1067 1078/1078
f 1067/1067 1076/1076 1078/1078
f 1079/1079 1067/1067 1077/1077
f 1080/1080 1067/1067 1079/1079
f 1064/1064 1066/1066 1067/1067
f 1080/1080 1064/1064 1067/1067
f 1081/1081 1065/1065 1064/1064
f 1082/1082 1064/1064 1080/1080
f 1083/1083 1081/1081 1064/1064
f 1082/1082 1083/1083 1064/1064
f 1060/1060 1065/1065 1061/1061
f 1081/1081 1061/1061 1065/1065
f 1081/1081 1084/1084 1061/1061
f 1061/1061 1084/1084 1062/1062
f 1084/1084 1085/1085 1062/1062
f 1085/1085 1063/1063 1062/1062
f 1085/1085 1086/1086 1063/1063
f 1086/1086 1087/1087 1063/1063
f 1088/1088 1063/1063 1087/1087
f 1059/2823 1063/1063 1088/1088
f 1089/1089 1085/1085 1081/1081
f 1085/1085 1084/1084 1081/1081
f 1089/1089 1086/1086 1085/1085
f 1083/1083 1090/1090 1081/1081
f 1091/1091 1089/1089 1081/1081
f 1090/1090 1091/1091 1081/1081
f 1092/1092 1083/1083 1082/1082
f 1093/1093 1083/1083 1092/1092
f 1094/1094 1090/1090 1083/1083
f 1093/1093 1094/1094 1083/1083
f 1095/1095 1082/1082 1080/1080
f 1092/1092 1082/1082 1095/1095
f 1096/1096 1080/1080 1079/1079
f 1095/1095 1080/1080 1096/1096
f 1096/1096 1079/1079 1077/1077
f 1077/1077 1078/1078 1097/1097
f 504/504 1077/1077 1097/1097
f 1096/1096 1077/1077 504/504
f 1078/1078 1076/1076 1075/1075
f 1078/1078 1075/1075 1098/1098
f 1097/1097 1078/1078 1098/1098
f 1075/1075 1074/1074 1099/1099
f 1098/1098 1075/1075 1099/1099
f 1100/1100 1098/1098 1099/1099
f 1097/1097 1098/1098 1100/1100
f 504/504 1097/1097 503/503
f 503/503 1097/1097 1100/1100
f 502/502 1096/1096 504/504
f 1095/1095 1096/1096 502/502
f 447/447 1095/1095 502/502
f 447/447 1092/1092 1095/1095
f 446/446 1092/1092 447/447
f 446/446 1093/1093 1092/1092
f 1101/1101 1093/1093 446/446
f 1102/1102 1093/1093 1101/1101
f 1102/1102 1094/1094 1093/1093
f 1094/1094 1103/1103 1090/1090
f 1094/1094 1104/1104 1103/1103
f 1102/1102 1104/1104 1094/1094
f 1090/1090 1105/1105 1091/1091
f 1103/1103 1105/1105 1090/1090
f 1106/1106 1107/1107 1091/1091
f 1108/1108 1106/1106 1091/1091
f 1108/1108 1091/1091 1105/1105
f 1109/1109 1089/1089 1091/1091
f 1107/1107 1109/1109 1091/1091
f 1109/1109 1110/1110 1089/1089
f 1110/1110 1086/1086 1089/1089
f 1086/1086 1110/1110 1087/1087
f 1110/1110 1109/1109 1111/1111
f 1110/1110 1111/1111 1087/1087
f 1088/1088 1087/1087 1111/1111
f 1112/1112 1111/1111 1109/1109
f 1111/1111 1112/1112 1113/1113
f 1088/1088 1111/1111 1114/1114
f 1113/1113 1114/1114 1111/1111
f 1107/1107 1112/1112 1109/1109
f 1112/1112 1107/1107 1115/1115
f 1106/1106 1115/1115 1107/1107
f 1108/1108 1116/1116 1106/1106
f 1106/1106 1117/1117 1115/1115
f 1106/1106 1118/1118 1117/1117
f 1116/1116 1119/1119 1106/1106
f 1119/1119 1118/1118 1106/1106
f 1120/1120 1116/1116 1108/1108
f 1121/1121 1120/1120 1108/1108
f 1121/1121 1108/1108 1105/1105
f 1105/1105 1103/1103 1104/1104
f 1122/1122 1105/1105 1104/1104
f 1123/1123 1105/1105 1122/1122
f 1124/1124 1125/1125 1105/1105
f 1123/1123 1124/1124 1105/1105
f 1125/1125 1121/1121 1105/1105
f 1122/1122 1104/1104 1102/1102
f 1126/1126 1102/1102 1101/1101
f 1127/1127 1102/1102 1126/1126
f 1127/1127 1122/1122 1102/1102
f 445/445 1101/1101 446/446
f 1126/1126 1101/1101 445/445
f 1128/1128 1126/1126 445/445
f 1129/1129 1126/1126 1128/1128
f 1129/1129 1127/1127 1126/1126
f 1130/1130 1127/1127 1129/1129
f 1130/1130 1122/1122 1127/1127
f 1131/1131 1122/1122 1130/1130
f 1131/1131 1123/1123 1122/1122
f 1132/1132 1123/1123 1131/1131
f 1132/1132 1124/1124 1123/1123
f 1124/1124 1133/1133 1125/1125
f 1134/1134 1133/1133 1124/1124
f 1135/1135 1134/1134 1124/1124
f 1135/1135 1124/1124 1132/1132
f 1125/1125 1136/1136 1137/1137
f 1125/1125 1137/1137 1121/1121
f 1133/1133 1136/1136 1125/1125
f 1121/1121 1138/1138 1120/1120
f 1121/1121 1137/1137 1138/1138
f 1120/1120 1139/1139 1140/1140
f 1120/1120 1140/1140 1116/1116
f 1120/1120 1141/1141 1142/1142
f 1139/1139 1120/1120 1142/1142
f 1138/1138 1141/1141 1120/1120
f 1138/1138 1143/1143 1141/1141
f 1138/2825 1144/1144 1145/1145
f 1143/2826 1138/2825 1145/1145
f 1137/2827 1144/1144 1138/2825
f 1137/2827 1146/1146 1144/1144
f 1136/2828 1147/1147 1137/2827
f 1147/1147 1146/1146 1137/2827
f 1148/1148 1136/1136 1133/1133
f 1149/1149 1147/1147 1136/2828
f 1148/2829 1150/1150 1136/2828
f 1136/2828 1150/1150 1149/1149
f 1134/1134 1151/1151 1133/1133
f 1148/1148 1133/1133 1151/1151
f 1152/1152 1151/1151 1134/1134
f 1152/1152 1134/1134 1135/1135
f 1153/1153 1135/1135 1132/1132
f 1154/1154 1135/1135 1153/1153
f 1154/1154 1152/1152 1135/1135
f 1155/1155 1132/1132 1131/1131
f 1156/1156 1132/1132 1155/1155
f 1153/1153 1132/1132 1156/1156
f 1155/1155 1131/1131 1130/1130
f 1155/1155 1130/1130 391/391
f 1156/1156 1155/1155 391/391
f 389/389 1130/1130 1129/1129
f 391/391 1130/1130 389/389
f 1156/1156 391/391 388/388
f 1157/1157 1156/1156 360/360
f 360/360 1156/1156 388/388
f 1157/1157 1153/1153 1156/1156
f 1158/1158 1153/1153 1157/1157
f 1158/1158 1154/1154 1153/1153
f 1159/1159 1152/1152 1154/1154
f 1160/1160 1159/1159 1154/1154
f 1161/1161 1154/1154 1158/1158
f 1161/1161 1160/1160 1154/1154
f 1162/1162 1151/1151 1152/1152
f 1162/1162 1152/1152 1159/1159
f 1162/1162 1148/1148 1151/1151
f 1163/1163 1164/1164 1148/2829
f 1162/2830 1163/1163 1148/2829
f 1148/2829 1165/1165 1150/1150
f 1166/1166 1167/1167 1148/2829
f 1167/1167 1165/1165 1148/2829
f 1164/1164 1166/1166 1148/2829
f 1149/1149 1150/1150 1168/1168
f 1150/1150 1169/1169 1168/1168
f 1150/1150 1165/1165 1169/1169
f 1147/1147 1149/1149 1168/1168
f 1146/1146 1147/1147 1168/1168
f 1169/1169 1170/1170 1168/1168
f 1168/1168 1171/1171 1146/1146
f 1171/1171 1168/1168 1170/1170
f 1165/1165 1167/1167 1169/1169
f 1167/1167 1172/1172 1169/1169
f 1170/1170 1169/1169 1173/1173
f 1169/1169 1172/1172 1173/1173
f 1167/1167 1166/1166 1174/1174
f 1167/1167 1174/1174 1175/1175
f 1175/1175 1172/1172 1167/1167
f 1164/1164 1176/1176 1166/1166
f 1174/1174 1166/1166 1176/1176
f 1163/1163 1177/1177 1164/1164
f 1164/1164 1178/1178 1176/1176
f 1177/1177 1179/1179 1164/1164
f 1179/1179 1178/1178 1164/1164
f 1180/1180 1163/1163 1162/2830
f 1180/1180 1181/1181 1163/1163
f 1163/1163 1182/1182 1183/1183
f 1163/1163 1183/1183 1177/1177
f 1181/1181 1182/1182 1163/1163
f 1184/1184 1180/1180 1162/2830
f 1185/1185 1162/1162 1159/1159
f 1185/2831 1184/1184 1162/2830
f 1186/1186 1185/1185 1159/1159
f 1186/1186 1159/1159 1160/1160
f 1187/1187 1186/1186 1160/1160
f 1187/1187 1160/1160 1161/1161
f 1188/1188 1189/1189 1186/2832
f 1189/1189 1185/2831 1186/2832
f 1188/2833 1186/1186 1187/1187
f 1185/2831 1190/1190 1184/1184
f 1189/1189 1190/1190 1185/2831
f 1191/1191 1180/1180 1184/1184
f 1190/1190 1191/1191 1184/1184
f 1180/1180 1192/1192 1181/1181
f 1193/1193 1194/1194 1180/1180
f 1193/1193 1180/1180 1191/1191
f 1194/1194 1192/1192 1180/1180
f 1181/1181 1195/1195 1182/1182
f 1192/1192 1196/1196 1181/1181
f 1196/1196 1195/1195 1181/1181
f 1183/1183 1182/1182 1197/1197
f 1182/1182 1195/1195 1197/1197
f 1179/1179 1177/1177 1183/1183
f 1183/1183 1197/1197 1179/1179
f 1179/1179 1197/1197 1178/1178
f 1176/1176 1178/1178 1175/1175
f 1178/1178 1172/1172 1175/1175
f 1197/1197 1172/1172 1178/1178
f 1174/1174 1176/1176 1175/1175
f 1198/1198 1172/1172 1199/1199
f 1200/1200 1172/1172 1198/1198
f 1201/1201 1172/1172 1200/1200
f 1173/1173 1172/1172 1201/1201
f 1197/1197 1199/1199 1172/1172
f 1195/1195 1202/1202 1197/1197
f 1203/1203 1197/1197 1204/1204
f 1199/1199 1197/1197 1203/1203
f 1204/1204 1197/1197 1202/1202
f 1195/1195 1196/1196 1205/1205
f 1202/1202 1195/1195 1205/1205
f 1196/1196 1192/1192 1206/1206
f 1196/1196 1206/1206 1205/1205
f 1194/1194 1206/1206 1192/1192
f 1193/1193 1207/1207 1194/1194
f 1194/1194 1208/1208 1206/1206
f 1209/1209 1208/1208 1194/1194
f 1207/1207 1209/1209 1194/1194
f 1210/1210 1207/1207 1193/1193
f 1211/1211 1193/1193 1191/1191
f 1211/1211 1210/1210 1193/1193
f 1212/1212 1211/1211 1191/1191
f 1212/1212 1191/1191 1213/1213
f 1213/1213 1191/1191 1190/1190
f 1213/1213 1190/1190 1189/1189
f 1214/1214 1213/1213 1189/1189
f 1214/1214 1189/1189 1188/1188
f 1215/1215 1212/1212 1213/1213
f 1215/1215 1213/1213 1214/1214
f 1216/1216 1211/1211 1212/1212
f 1217/1217 1216/1216 1212/1212
f 1217/1217 1212/1212 1215/1215
f 1218/1218 1210/1210 1211/1211
f 1211/1211 1219/1219 1218/1218
f 1216/1216 1220/1220 1211/1211
f 1211/1211 1221/1221 1219/1219
f 1220/1220 1222/1222 1211/1211
f 1222/1222 1221/1221 1211/1211
f 1210/1210 1223/1223 1207/1207
f 1218/1218 1223/1223 1210/1210
f 1207/1207 1224/1224 1209/1209
f 1225/1225 1224/1224 1207/1207
f 1207/1207 1226/1226 1225/1225
f 1223/1223 1226/1226 1207/1207
f 1208/1208 1209/1209 1227/1227
f 1209/1209 1224/1224 1227/1227
f 1206/1206 1208/1208 1227/1227
f 1206/1206 1202/1202 1205/1205
f 1202/1202 1206/1206 1227/1227
f 1224/1224 1228/1228 1227/1227
f 1202/1202 1227/1227 1228/1228
f 1224/1224 1225/1225 1229/1229
f 1229/1229 1228/1228 1224/1224
f 1225/1225 1226/1226 1229/1229
f 1223/1223 1230/1230 1226/1226
f 1226/1226 1230/1230 1229/1229
f 1218/1218 1231/1231 1223/1223
f 1231/1231 1230/1230 1223/1223
f 1218/1218 1232/1232 1231/1231
f 1219/1219 1232/1232 1218/1218
f 1219/1219 1233/1233 1232/1232
f 1221/1221 1234/1234 1219/1219
f 1234/1234 1233/1233 1219/1219
f 1234/1234 1221/1221 1235/1235
f 1222/1222 1236/1236 1221/1221
f 1236/1236 1235/1235 1221/1221
f 1220/1220 1237/1237 1222/1222
f 1237/1237 1238/1238 1222/1222
f 1238/1238 1236/1236 1222/1222
f 1216/1216 1239/1239 1220/1220
f 1239/1239 1240/1240 1220/1220
f 1240/1240 1237/1237 1220/1220
f 1241/1241 1216/1216 1217/1217
f 1239/1239 1216/1216 1241/1241
f 1241/1241 1217/1217 1242/1242
f 1242/1242 1217/1217 1215/1215
f 1242/1242 1215/1215 1243/1243
f 1243/1243 1215/1215 1214/1214
f 1244/1244 1241/1241 1242/1242
f 1244/1244 1242/1242 1245/1245
f 1245/1245 1242/1242 1243/1243
f 1246/1246 1241/1241 1244/1244
f 1247/1247 1239/1239 1241/1241
f 1246/1246 1247/1247 1241/1241
f 1248/1248 1240/1240 1239/1239
f 1248/1248 1239/1239 1247/1247
f 1249/1249 1250/1250 1240/1240
f 1250/1250 1251/1251 1240/1240
f 1252/1252 1249/1249 1240/1240
f 1240/1240 1253/1253 1237/1237
f 1254/1254 1240/1240 1248/1248
f 1252/1252 1240/1240 1255/1255
f 1255/1255 1240/1240 1254/1254
f 1256/1256 1253/1253 1240/1240
f 1251/1251 1256/1256 1240/1240
f 1253/1253 1257/1257 1237/1237
f 1258/1258 1238/1238 1237/1237
f 1237/1237 1259/1259 1258/1258
f 1257/1257 1260/1260 1237/1237
f 1260/1260 1259/1259 1237/1237
f 1236/1236 1238/1238 1261/1261
f 1238/1238 1258/1258 1261/1261
f 1258/1258 1259/1259 1261/1261
f 1259/1259 1262/1262 1261/1261
f 1259/1259 1260/1260 1262/1262
f 1260/1260 1257/1257 1263/1263
f 1260/1260 1263/1263 1262/1262
f 1253/1253 1263/1263 1257/1257
f 1253/1253 1264/1264 1263/1263
f 1256/1256 1265/1265 1253/1253
f 1265/1265 1264/1264 1253/1253
f 1265/1265 1256/1256 1266/1266
f 1251/1251 1267/1267 1256/1256
f 1267/1267 1266/1266 1256/1256
f 1267/1267 1251/1251 1268/1268
f 1250/1250 1268/1268 1251/1251
f 1250/1250 1269/1269 1268/1268
f 1249/1249 1270/1270 1250/1250
f 1270/1270 1269/1269 1250/1250
f 1252/1252 1271/1271 1249/1249
f 1272/1272 1270/1270 1249/1249
f 1271/1271 1273/1273 1249/1249
f 1273/1273 1272/1272 1249/1249
f 1274/1274 1275/1275 1252/1252
f 1276/1276 1274/1274 1252/1252
f 1276/1276 1252/1252 1255/1255
f 1275/1275 1271/1271 1252/1252
f 1277/1277 1255/1255 1254/1254
f 1277/1277 1276/1276 1255/1255
f 1278/1278 1254/1254 1248/1248
f 1277/1277 1254/1254 1278/1278
f 1279/1279 1277/1277 1278/1278
f 1279/1279 1280/1280 1277/1277
f 1276/1276 1277/1277 1280/1280
f 1276/1276 1281/1281 1274/1274
f 1282/1282 1281/1281 1276/1276
f 1283/1283 1276/1276 1280/1280
f 1283/1283 1284/1284 1276/1276
f 1284/1284 1282/1282 1276/1276
f 1274/1274 1285/1285 1286/1286
f 1274/1274 1286/1286 1275/1275
f 1287/1287 1285/1285 1274/1274
f 1287/1287 1274/1274 1288/1288
f 1281/1281 1288/1288 1274/1274
f 1275/1275 1289/1289 1290/1290
f 1275/1275 1290/1290 1271/1271
f 1289/1289 1275/1275 1286/1286
f 1273/1273 1271/1271 1290/1290
f 1272/1272 1273/1273 1291/1291
f 1273/1273 1290/1290 1291/1291
f 1270/1270 1272/1272 1292/1292
f 1272/1272 1291/1291 1292/1292
f 1270/1270 1293/1293 1269/1269
f 1292/1292 1293/1293 1270/1270
f 1268/1268 1269/1269 1294/1294
f 1269/1269 1295/1295 1294/1294
f 1269/1269 1293/1293 1295/1295
f 1267/1267 1268/1268 1294/1294
f 1294/1294 1295/1295 1267/1267
f 1267/1267 1295/1295 1266/1266
f 1266/1266 1295/1295 1296/1296
f 1297/1297 1295/1295 1298/1298
f 1298/1298 1295/1295 1299/1299
f 1293/1293 1299/1299 1295/1295
f 1296/1296 1295/1295 1297/1297
f 1299/1299 1293/1293 1300/1300
f 1300/1300 1293/1293 1301/1301
f 1292/1292 1302/1302 1293/1293
f 1302/1302 1301/1301 1293/1293
f 1291/1291 1302/1302 1292/1292
f 1290/1290 1289/1289 1291/1291
f 1289/1289 1303/1303 1291/1291
f 1303/1303 1302/1302 1291/1291
f 1289/1289 1286/1286 1304/1304
f 1304/1304 1303/1303 1289/1289
f 1286/1286 1285/1285 1304/1304
f 1285/1285 1287/1287 1304/1304
f 1287/1287 1288/1288 1304/1304
f 1281/1281 1305/1305 1288/1288
f 1288/1288 1306/1306 1304/1304
f 1305/1305 1306/1306 1288/1288
f 1282/1282 1307/1307 1281/1281
f 1307/1307 1308/1308 1281/1281
f 1308/1308 1305/1305 1281/1281
f 1305/1305 1308/1308 1309/1309
f 1309/1309 1306/1306 1305/1305
f 1310/1310 1306/1306 1311/1311
f 1311/1311 1306/1306 1312/1312
f 1312/1312 1306/1306 1313/1313
f 1313/1313 1306/1306 1314/1314
f 1303/1303 1304/1304 1306/1306
f 1315/1315 1314/1314 1306/1306
f 1310/1310 1303/1303 1306/1306
f 1309/1309 1315/1315 1306/1306
f 1316/1316 1303/1303 1317/1317
f 1317/1317 1303/1303 1310/1310
f 1303/1303 1316/1316 1302/1302
f 1301/1301 1302/1302 1316/1316
f 1318/1318 1319/1319 1301/1301
f 1318/1318 1301/1301 1316/1316
f 1319/1319 1300/1300 1301/1301
f 1299/1299 1300/1300 1320/1320
f 1320/1320 1300/1300 1319/1319
f 1321/1321 1299/1299 1322/1322
f 1322/1322 1299/1299 1320/1320
f 1299/1299 1321/1321 1298/1298
f 1321/1321 1323/1323 1298/1298
f 1323/1323 1297/1297 1298/1298
f 1321/1321 1324/1324 1323/1323
f 1324/1324 1321/1321 1322/1322
f 1325/1325 1324/1324 1322/1322
f 1325/1325 1322/1322 1326/1326
f 1326/1326 1322/1322 1320/1320
f 1320/1320 1319/1319 1318/1318
f 1320/1320 1318/1318 1326/1326
f 1327/1327 1326/1326 1318/1318
f 1327/1327 1318/1318 1316/1316
f 1317/1317 1327/1327 1316/1316
f 1327/1327 1317/1317 1328/1328
f 1329/1329 1328/1328 1317/1317
f 1329/1329 1317/1317 1310/1310
f 1311/1311 1330/1330 1310/1310
f 1330/1330 1329/1329 1310/1310
f 1312/1312 1331/1331 1311/1311
f 1330/1330 1311/1311 1331/1331
f 1312/1312 1313/1313 1331/1331
f 1331/1331 1313/1313 1332/1332
f 1332/1332 1313/1313 1314/1314
f 1333/1333 1332/1332 1314/1314
f 1333/1333 1314/1314 1334/1334
f 1314/1314 1315/1315 1334/1334
f 1335/1335 1315/1315 1309/1309
f 1336/1336 1315/1315 1335/1335
f 1315/1315 1336/1336 1337/1337
f 1334/1334 1315/1315 1337/1337
f 1308/1308 1335/1335 1309/1309
f 1335/1335 1308/1308 1307/1307
f 1335/1335 1338/1338 1336/1336
f 1338/1338 1335/1335 1307/1307
f 1339/1339 1336/1336 1338/1338
f 1339/1339 1337/1337 1336/1336
f 1334/1334 1337/1337 1340/1340
f 1341/1341 1337/1337 1339/1339
f 1342/1342 1337/1337 1341/1341
f 1337/1337 1342/1342 1343/1343
f 1340/1340 1337/1337 1343/1343
f 1333/1333 1334/1334 1340/1340
f 1344/1344 1333/2834 1345/1345
f 1333/2834 1346/1346 1345/1345
f 1344/1344 1332/2835 1333/2834
f 1346/2836 1333/1333 1340/1340
f 1331/2837 1332/2835 1344/1344
f 1347/1347 1331/2837 1348/1348
f 1331/2837 1344/1344 1348/1348
f 1328/2838 1331/2837 1347/1347
f 1328/1328 1330/1330 1331/1331
f 1349/1349 1328/2838 1347/1347
f 1349/1349 1326/2839 1328/2838
f 1329/1329 1330/1330 1328/1328
f 1326/1326 1327/1327 1328/1328
f 1325/2840 1326/2839 1349/1349
f 1349/1349 1347/1347 1350/1350
f 1350/1350 1351/1351 1349/1349
f 1325/2840 1349/1349 1351/1351
f 1347/1347 1348/1348 1352/1352
f 1350/1350 1347/1347 1352/1352
f 1348/1348 1345/1345 1353/1353
f 1354/1354 1348/1348 1353/1353
f 1348/1348 1344/1344 1345/1345
f 1355/1355 1352/1352 1348/1348
f 1355/1355 1348/1348 1354/1354
f 1345/1345 1356/1356 1353/1353
f 1345/1345 1357/1357 1358/1358
f 1345/1345 1358/1358 1356/1356
f 1345/1345 1346/1346 1357/1357
f 1357/1357 1346/1346 1359/1359
f 1359/2841 1346/2836 1340/1340
f 1360/1360 1359/2841 1340/1340
f 1340/1340 1343/1343 1360/1360
f 1342/1342 1361/1361 1343/1343
f 1361/1361 1362/1362 1343/1343
f 1362/1362 1363/1363 1343/1343
f 1360/1360 1343/1343 1364/1364
f 1363/1363 1365/1365 1343/1343
f 1365/1365 1364/1364 1343/1343
f 1341/1341 1366/1366 1342/1342
f 1361/1361 1342/1342 1366/1366
f 1366/1366 1341/1341 1367/1367
f 1341/1341 1339/1339 1367/1367
f 1367/1367 1339/1339 1338/1338
f 1367/1367 1338/1338 1282/1282
f 1368/1368 1367/1367 1282/1282
f 1366/1366 1367/1367 1368/1368
f 1368/1368 1369/1369 1366/1366
f 1369/1369 1361/1361 1366/1366
f 1369/1369 1362/1362 1361/1361
f 1370/1370 1363/1363 1362/1362
f 1370/1370 1362/1362 1369/1369
f 1363/1363 1370/1370 1371/1371
f 1363/1363 1371/1371 1365/1365
f 1371/1371 1372/1372 1365/1365
f 1372/1372 1373/1373 1365/1365
f 1364/1364 1365/1365 1374/1374
f 1365/1365 1373/1373 1374/1374
f 1374/2843 1375/1375 1364/2842
f 1375/1375 1376/1376 1364/2842
f 1376/1376 1377/1377 1364/2842
f 1377/1377 1360/2844 1364/2842
f 1357/1357 1360/2844 1358/1358
f 1360/2844 1377/1377 1358/1358
f 1360/2844 1357/1357 1359/1359
f 1358/1358 1378/1378 1379/1379
f 1356/1356 1358/1358 1379/1379
f 1358/1358 1377/1377 1376/1376
f 1358/1358 1376/1376 1378/1378
f 1375/1375 1378/1378 1376/1376
f 1378/1378 1375/1375 1379/1379
f 1375/1375 1374/2843 1379/1379
f 1379/1379 1374/2843 1380/1380
f 1380/1380 1374/2843 1381/1381
f 1374/2843 1382/1382 1381/1381
f 1373/1373 1382/2845 1374/1374
f 1372/1372 1383/1383 1373/1373
f 1383/1383 1384/1384 1373/1373
f 1384/1384 1382/2845 1373/1373
f 1385/1385 1372/1372 1371/1371
f 1383/1383 1372/1372 1385/1385
f 1385/1385 1371/1371 1370/1370
f 1385/1385 1370/1370 1369/1369
f 1386/1386 1385/1385 1369/1369
f 1386/1386 1369/1369 1368/1368
f 1284/1284 1368/1368 1282/1282
f 1387/1387 1368/1368 1284/1284
f 1387/1387 1386/1386 1368/1368
f 1338/1338 1307/1307 1282/1282
f 1386/1386 1388/1388 1385/1385
f 1389/1389 1386/1386 1387/1387
f 1390/1390 1386/1386 1389/1389
f 1390/1390 1391/1391 1386/1386
f 1391/1391 1392/1392 1386/1386
f 1386/1386 1393/1393 1388/1388
f 1392/1392 1394/1394 1386/1386
f 1394/1394 1393/1393 1386/1386
f 1388/1388 1383/1383 1385/1385
f 1383/1383 1388/1388 1384/1384
f 1393/1393 1384/1384 1388/1388
f 1384/1384 1393/1393 1395/1395
f 1395/1395 1382/2845 1384/1384
f 1393/1393 1394/1394 1395/1395
f 1394/1394 1392/1392 1396/1396
f 1394/1394 1396/1396 1397/1397
f 1394/1394 1382/2845 1395/1395
f 1397/1397 1382/2845 1394/1394
f 1381/1381 1382/1382 1398/1398
f 1398/1398 1382/1382 1399/1399
f 1399/1399 1382/1382 1400/1400
f 1397/1397 1401/1401 1382/2845
f 1401/2846 1402/1402 1382/1382
f 1402/1402 1400/1400 1382/1382
f 1398/1398 1380/1380 1381/1381
f 1379/1379 1380/1380 1403/1403
f 1398/1398 1403/1403 1380/1380
f 1403/1403 1398/1398 1404/1404
f 1398/1398 1405/1405 1404/1404
f 1405/1405 1398/1398 1399/1399
f 1400/1400 1405/1405 1399/1399
f 1404/1404 1405/1405 1400/1400
f 1404/1404 1400/1400 1406/1406
f 1407/1407 1406/1406 1400/1400
f 1400/1400 1402/1402 1407/1407
f 1402/1402 1401/2846 1407/1407
f 1407/1407 1401/2846 1408/1408
f 1409/1409 1401/1401 1397/1397
f 1408/1408 1401/2846 1410/1410
f 1410/1410 1401/2846 1411/1411
f 1412/1412 1413/1413 1401/1401
f 1412/1412 1401/1401 1409/1409
f 1413/2847 1411/1411 1401/2846
f 1396/1396 1414/1414 1397/1397
f 1414/1414 1415/1415 1397/1397
f 1415/1415 1409/1409 1397/1397
f 1392/1392 1414/1414 1396/1396
f 1391/1391 1414/1414 1392/1392
f 1391/1391 1415/1415 1414/1414
f 1415/1415 1391/1391 1416/1416
f 1415/1415 1416/1416 1409/1409
f 1417/1417 1391/1391 1390/1390
f 1391/1391 1418/1418 1416/1416
f 1417/1417 1418/1418 1391/1391
f 1416/1416 1418/1418 1412/1412
f 1416/1416 1412/1412 1409/1409
f 1418/1418 1419/1419 1412/1412
f 1419/1419 1420/1420 1412/1412
f 1420/1420 1413/1413 1412/1412
f 1411/1411 1413/2847 1421/1421
f 1421/1421 1413/2847 1422/1422
f 1422/1422 1413/2847 1423/1423
f 1424/1424 1423/1423 1413/2847
f 1413/1413 1420/1420 1424/2848
f 1411/1411 1425/1425 1410/1410
f 1425/1425 1411/1411 1426/1426
f 1426/1426 1411/1411 1421/1421
f 1427/1427 1408/1408 1410/1410
f 1427/1427 1410/1410 1425/1425
f 1406/1406 1407/1407 1408/1408
f 1406/1406 1408/1408 1427/1427
f 1428/1428 1406/1406 1427/1427
f 1404/1404 1406/1406 1428/1428
f 1379/1379 1404/1404 1428/1428
f 1379/1379 1403/1403 1404/1404
f 1429/1429 1428/1428 1430/1430
f 1427/1427 1425/1425 1428/1428
f 1429/1429 1379/1379 1428/1428
f 1431/1431 1430/1430 1428/1428
f 1425/1425 1431/1431 1428/1428
f 1425/1425 1426/1426 1431/1431
f 1422/1422 1431/1431 1426/1426
f 1422/1422 1426/1426 1421/1421
f 1431/1431 1422/1422 1432/1432
f 1432/1432 1422/1422 1423/1423
f 1433/1433 1432/1432 1423/1423
f 1433/1433 1423/1423 1434/1434
f 1434/1434 1423/1423 1435/1435
f 1423/1423 1424/1424 1435/1435
f 1436/1436 1424/2848 1437/1437
f 1436/1436 1438/1438 1424/2848
f 1437/1437 1424/2848 1420/1420
f 1439/1439 1424/2848 1440/1440
f 1424/1424 1439/2849 1435/1435
f 1424/2848 1438/1438 1440/1440
f 1419/1419 1437/1437 1420/1420
f 1417/1417 1419/1419 1418/1418
f 1441/1441 1419/1419 1417/1417
f 1419/1419 1441/1441 1437/1437
f 1442/1442 1436/1436 1417/1417
f 1442/1442 1417/1417 1390/1390
f 1441/1441 1417/1417 1436/1436
f 1442/1442 1438/1438 1436/1436
f 1441/1441 1436/1436 1437/1437
f 1443/1443 1438/1438 1442/1442
f 1440/1440 1438/1438 1443/1443
f 1443/1443 1444/1444 1440/1440
f 1444/1444 1445/1445 1440/1440
f 1445/1445 1439/1439 1440/1440
f 1446/1446 1435/1435 1439/2849
f 1446/1446 1439/2849 1447/1447
f 1447/1447 1439/2849 1448/1448
f 1449/1449 1439/1439 1445/1445
f 1450/1450 1439/2849 1449/2850
f 1448/1448 1439/2849 1451/1451
f 1451/1451 1439/2849 1452/1452
f 1452/1452 1439/2849 1450/1450
f 1434/1434 1435/1435 1446/1446
f 1453/1453 1434/1434 1446/1446
f 1453/1453 1454/1454 1434/1434
f 1454/1454 1455/1455 1434/1434
f 1455/1455 1433/1433 1434/1434
f 1455/1455 1430/1430 1433/1433
f 1432/1432 1433/1433 1430/1430
f 1431/1431 1432/1432 1430/1430
f 1430/1430 1455/1455 1456/1456
f 1430/1430 1456/1456 1429/1429
f 1455/1455 1454/1454 1456/1456
f 1456/1456 1454/1454 1453/1453
f 1457/1457 1453/1453 1458/1458
f 1456/1456 1453/1453 1457/1457
f 1458/1458 1453/1453 1446/1446
f 1447/1447 1458/1458 1446/1446
f 1459/1459 1457/1457 1447/1447
f 1447/1447 1457/1457 1458/1458
f 1459/1459 1447/1447 1448/1448
f 1451/1451 1460/1460 1448/1448
f 1460/1460 1459/1459 1448/1448
f 1461/1461 1451/1451 1462/1462
f 1451/1451 1461/1461 1460/1460
f 1462/1462 1451/1451 1452/1452
f 1463/1463 1464/1464 1452/1452
f 1464/1464 1462/1462 1452/1452
f 1452/1452 1450/1450 1463/1463
f 1449/1449 1465/1465 1450/2851
f 1465/1465 1466/1466 1450/2851
f 1466/1466 1467/1467 1450/2851
f 1468/1468 1450/2851 1467/1467
f 1463/1463 1450/1450 1469/1469
f 1450/2851 1468/1468 1470/1470
f 1469/1469 1450/1450 1470/2852
f 1471/1471 1449/1449 1472/1472
f 1449/1449 1471/1471 1465/1465
f 1472/1472 1449/1449 1445/1445
f 1444/1444 1472/1472 1445/1445
f 1444/1444 1473/1473 1472/1472
f 1471/1471 1472/1472 1473/1473
f 1444/1444 1443/1443 1473/1473
f 1474/1474 1473/1473 1442/1442
f 1471/1471 1473/1473 1474/1474
f 1473/1473 1443/1443 1442/1442
f 1475/1475 1465/1465 1471/1471
f 1475/1475 1471/1471 1474/1474
f 1475/1475 1466/1466 1465/1465
f 1476/1476 1467/1467 1466/1466
f 1476/1476 1466/1466 1475/1475
f 1477/1477 1468/1468 1467/1467
f 1477/1477 1467/1467 1476/1476
f 1478/1478 1468/1468 1477/1477
f 1468/1468 1478/1478 1479/1479
f 1479/1479 1470/1470 1468/1468
f 1469/1469 1470/2852 1480/1480
f 1480/1480 1470/2852 1481/1481
f 1470/1470 1479/1479 1482/1482
f 1481/1481 1470/2852 1482/2853
f 1463/1463 1469/1469 1483/1483
f 1483/1483 1469/1469 1480/1480
f 1463/1463 1484/1484 1464/1464
f 1484/1484 1463/1463 1483/1483
f 1485/1485 1462/1462 1464/1464
f 1485/1485 1464/1464 1484/1484
f 1461/1461 1462/1462 1485/1485
f 1486/1486 1485/1485 1487/1487
f 1485/1485 1483/1483 1487/1487
f 1484/1484 1483/1483 1485/1485
f 1461/1461 1485/1485 1486/1486
f 1487/1487 1483/1483 1488/1488
f 1483/1483 1480/1480 1488/1488
f 1480/1480 1481/1481 1488/1488
f 1488/1488 1481/1481 1489/1489
f 1481/1481 1482/2853 1489/1489
f 1490/1490 1482/1482 1479/1479
f 1491/1491 1482/1482 1490/1490
f 1489/1489 1482/2853 1492/1492
f 1482/1482 1491/1491 1493/1493
f 1492/1492 1482/2853 1493/2854
f 1478/1478 1494/1494 1479/1479
f 1494/1494 1495/1495 1479/1479
f 1495/1495 1490/1490 1479/1479
f 1496/1496 1478/1478 1477/1477
f 1478/1478 1496/1496 1494/1494
f 1497/1497 1477/1477 1475/1475
f 1497/1497 1496/1496 1477/1477
f 1477/1477 1476/1476 1475/1475
f 1497/1497 1475/1475 1474/1474
f 1497/1497 1474/1474 1498/1498
f 1499/1499 1497/1497 1498/1498
f 1500/1500 1497/1497 1499/1499
f 1500/1500 1501/1501 1497/1497
f 1501/1501 1496/1496 1497/1497
f 1501/1501 1494/1494 1496/1496
f 1501/1501 1495/1495 1494/1494
f 1502/1502 1495/1495 1501/1501
f 1495/1495 1502/1502 1490/1490
f 1502/1502 1491/1491 1490/1490
f 1502/1502 1503/1503 1491/1491
f 1503/1503 1504/1504 1491/1491
f 1504/1504 1505/1505 1491/1491
f 1505/1505 1506/1506 1491/1491
f 1506/1506 1493/1493 1491/1491
f 1507/1507 1493/2854 1508/1508
f 1507/1507 1509/1509 1493/2854
f 1510/1510 1493/1493 1511/1511
f 1492/1492 1493/2854 1509/1509
f 1511/1511 1493/1493 1506/1506
f 1508/2855 1493/1493 1510/1510
f 1509/1509 1512/1512 1492/1492
f 1512/1512 1513/1513 1492/1492
f 1513/1513 1514/1514 1492/1492
f 1514/1514 1489/1489 1492/1492
f 1515/1515 1489/1489 1514/1514
f 1488/1488 1489/1489 1515/1515
f 1488/1488 1515/1515 1516/1516
f 1487/1487 1488/1488 1516/1516
f 1516/1516 1515/1515 1517/1517
f 1515/1515 1514/1514 1517/1517
f 1514/1514 1513/1513 1517/1517
f 1517/1517 1513/1513 1512/1512
f 1517/1517 1512/1512 1518/1518
f 1509/1509 1518/1518 1512/1512
f 1518/1518 1509/1509 1507/1507
f 1519/1519 1507/1507 1520/1520
f 1518/1518 1507/1507 1519/1519
f 1520/1520 1507/1507 1508/1508
f 1521/1521 1520/2856 1508/2855
f 1522/1522 1521/1521 1508/2855
f 1522/1522 1508/2855 1510/1510
f 1511/1511 1523/1523 1510/1510
f 1523/1523 1524/1524 1510/1510
f 1524/1524 1525/1525 1510/1510
f 1525/1525 1522/1522 1510/1510
f 1526/1526 1511/1511 1506/1506
f 1511/1511 1526/1526 1523/1523
f 1505/1505 1527/1527 1506/1506
f 1526/1526 1506/1506 1527/1527
f 1527/1527 1505/1505 1528/1528
f 1505/1505 1504/1504 1528/1528
f 1528/1528 1504/1504 1503/1503
f 1528/1528 1503/1503 1502/1502
f 1528/1528 1502/1502 1501/1501
f 1500/1500 1528/1528 1501/1501
f 1529/1529 1528/1528 1500/1500
f 1527/1527 1528/1528 1529/1529
f 1526/1526 1527/1527 1529/1529
f 1529/1529 1530/1530 1526/1526
f 1530/1530 1524/1524 1526/1526
f 1524/1524 1523/1523 1526/1526
f 1524/1524 1530/1530 1531/1531
f 1524/1524 1531/1531 1525/1525
f 1531/1531 1532/1532 1525/1525
f 1532/1532 1533/1533 1525/1525
f 1533/1533 1522/1522 1525/1525
f 1521/1521 1522/1522 1534/1534
f 1534/1534 1522/1522 1535/1535
f 1535/1535 1522/1522 1533/1533
f 1521/1521 1534/1534 1519/2857
f 1521/1521 1519/2857 1520/2856
f 1536/1536 1519/1519 1537/1537
f 1519/1519 1536/1536 1538/1538
f 1519/2857 1539/1539 1537/2858
f 1519/2857 1534/1534 1539/1539
f 1518/1518 1519/1519 1538/1538
f 1517/1517 1518/1518 1538/1538
f 1516/1516 1517/1517 1538/1538
f 1538/1538 1536/1536 1540/1540
f 1538/1538 1540/1540 1541/1541
f 1542/1542 1538/1538 1541/1541
f 1542/1542 1516/1516 1538/1538
f 1536/1536 1537/1537 1540/1540
f 1540/1540 1537/1537 1543/1543
f 1537/2858 1544/1544 1545/1545
f 1537/2858 1545/1545 1543/2859
f 1537/2858 1546/1546 1544/1544
f 1539/1539 1546/1546 1537/2858
f 1546/1546 1539/1539 1535/1535
f 1539/1539 1534/1534 1535/1535
f 1547/1547 1535/1535 1533/1533
f 1546/1546 1535/1535 1548/1548
f 1549/1549 1548/1548 1535/1535
f 1547/1547 1549/1549 1535/1535
f 1532/1532 1550/1550 1533/1533
f 1550/1550 1551/1551 1533/1533
f 1551/1551 1547/1547 1533/1533
f 1530/1530 1532/1532 1531/1531
f 1530/1530 1550/1550 1532/1532
f 1552/1552 1530/1530 1529/1529
f 1552/1552 1553/1553 1530/1530
f 1553/1553 1550/1550 1530/1530
f 1553/1553 1551/1551 1550/1550
f 1553/1553 1554/1554 1551/1551
f 1551/1551 1554/1554 1547/1547
f 1554/1554 1555/1555 1547/1547
f 1549/1549 1547/1547 1555/1555
f 1556/1556 1557/1557 1549/1549
f 1556/1556 1549/1549 1558/1558
f 1557/1557 1559/1559 1549/1549
f 1559/1559 1560/1560 1549/1549
f 1549/1549 1560/1560 1548/1548
f 1555/1555 1558/1558 1549/1549
f 1545/1545 1548/1548 1560/1560
f 1545/1545 1544/1544 1548/1548
f 1544/1544 1546/1546 1548/1548
f 1543/2859 1545/1545 1561/1561
f 1561/1561 1545/1545 1560/1560
f 1543/2859 1562/1562 1563/1563
f 1543/2859 1563/1563 1564/1564
f 1565/1565 1543/1543 1564/2860
f 1540/1540 1543/1543 1565/1565
f 1562/1562 1543/2859 1566/1566
f 1566/1566 1543/2859 1561/1561
f 1541/1541 1540/1540 1565/1565
f 1565/1565 1564/2860 1567/1567
f 1541/1541 1565/1565 1567/1567
f 1564/1564 1563/1563 1567/2861
f 1562/1562 1568/1568 1563/1563
f 1563/1563 1568/1568 1567/2861
f 1562/1562 1569/1569 1568/1568
f 1557/1557 1569/1569 1562/1562
f 1557/1557 1562/1562 1559/1559
f 1559/1559 1562/1562 1566/1566
f 1556/1556 1569/1569 1557/1557
f 1570/1570 1571/1571 1556/1556
f 1571/1571 1569/1569 1556/1556
f 1570/1570 1556/1556 1558/1558
f 1555/1555 1570/1570 1558/1558
f 1553/1553 1555/1555 1554/1554
f 1571/1571 1570/1570 1555/1555
f 1571/1571 1555/1555 1553/1553
f 1571/1571 1553/1553 1552/1552
f 1552/1552 1529/1529 1572/1572
f 1572/1572 1573/1573 1552/1552
f 1574/1574 1571/1571 1552/1552
f 1574/1574 1552/1552 1573/1573
f 1575/1575 1571/1571 1574/1574
f 1569/1569 1571/1571 1575/1575
f 1569/1569 1575/1575 1568/1568
f 1575/1575 1576/1576 1568/1568
f 1568/1568 1576/1576 1577/1577
f 1567/2861 1568/1568 1577/1577
f 1578/1578 1541/1541 1567/1567
f 1578/1578 1567/1567 1577/2862
f 1579/1579 1577/2862 1580/1580
f 1579/1579 1578/1578 1577/2862
f 1580/2863 1577/1577 1581/1581
f 1577/1577 1582/1582 1583/1583
f 1577/1577 1583/1583 1581/1581
f 1577/1577 1576/1576 1582/1582
f 1576/1576 1574/1574 1573/1573
f 1576/1576 1573/1573 1572/1572
f 1575/1575 1574/1574 1576/1576
f 1576/1576 1572/1572 1584/1584
f 1582/1582 1576/1576 1584/1584
f 1572/1572 1529/1529 1585/1585
f 1584/1584 1572/1572 1585/1585
f 1585/1585 1529/1529 1586/1586
f 1529/1529 1500/1500 1586/1586
f 1585/1585 1587/1587 1588/1588
f 1585/1585 1586/1586 1587/1587
f 1584/1584 1585/1585 1588/1588
f 1582/1582 1584/1584 1589/1589
f 1589/1589 1584/1584 1590/1590
f 1590/1590 1584/1584 1588/1588
f 1583/1583 1582/1582 1589/1589
f 1581/1581 1583/1583 1591/1591
f 1591/1591 1583/1583 1592/1592
f 1583/1583 1589/1589 1592/1592
f 1580/2863 1581/1581 1593/1593
f 1581/1581 1594/1594 1593/1593
f 1581/1581 1591/1591 1594/1594
f 1595/1595 1579/1579 1580/1580
f 1595/1595 1580/1580 1593/2864
f 1596/1596 1578/1578 1579/1579
f 1597/1597 1596/1596 1579/1579
f 1598/1598 1597/1597 1579/1579
f 1598/1598 1579/1579 1595/1595
f 1599/1599 1541/1541 1578/1578
f 1596/1596 1599/1599 1578/1578
f 1599/1599 1542/1542 1541/1541
f 1599/1599 1600/1600 1542/1542
f 1600/1600 1599/1599 1596/1596
f 1601/1601 1600/1600 1596/1596
f 1597/1597 1601/1601 1596/1596
f 1602/1602 1601/1601 1597/1597
f 1602/1602 1597/1597 1598/1598
f 1603/1603 1602/1602 1598/1598
f 1603/1603 1598/1598 1595/1595
f 1603/1603 1595/1595 1604/1604
f 1604/1604 1595/1595 1605/1605
f 1605/1605 1595/1595 1593/2864
f 1606/1606 1605/1605 1593/2864
f 1593/1593 1594/1594 1606/2865
f 1594/1594 1607/1607 1606/2865
f 1594/1594 1591/1591 1608/1608
f 1594/1594 1608/1608 1607/1607
f 1591/1591 1609/1609 1608/1608
f 1591/1591 1592/1592 1609/1609
f 1589/1589 1610/1610 1592/1592
f 1609/1609 1592/1592 1611/1611
f 1592/1592 1610/1610 1611/1611
f 1589/1589 1590/1590 1610/1610
f 1590/1590 1612/1612 1610/1610
f 1612/1612 1590/1590 1588/1588
f 1612/1612 1588/1588 1613/1613
f 1588/1588 1614/1614 1613/1613
f 1588/1588 1587/1587 1614/1614
f 1610/1610 1612/1612 1615/1615
f 1612/1612 1613/1613 1615/1615
f 1610/1610 1615/1615 1611/1611
f 1609/1609 1611/1611 1616/1616
f 1616/1616 1611/1611 1617/1617
f 1611/1611 1618/1618 1617/1617
f 1611/1611 1615/1615 1618/1618
f 1608/1608 1609/1609 1616/1616
f 1607/1607 1608/1608 1619/1619
f 1608/1608 1616/1616 1619/1619
f 1606/2865 1607/1607 1620/1620
f 1607/1607 1621/1621 1620/1620
f 1621/1621 1607/1607 1622/1622
f 1607/1607 1619/1619 1622/1622
f 1623/1623 1605/1605 1606/1606
f 1624/1624 1623/1623 1606/1606
f 1606/2865 1620/1620 1624/2866
f 1625/1625 1604/1604 1605/1605
f 1625/1625 1605/1605 1623/1623
f 1626/1626 1627/1627 1604/1604
f 1626/1626 1604/1604 1625/1625
f 1627/1627 1603/1603 1604/1604
f 1628/1628 1626/1626 1625/1625
f 1625/1625 1623/1623 1624/1624
f 1628/1628 1625/1625 1624/1624
f 1629/1629 1628/1628 1624/1624
f 1629/1629 1624/1624 1630/1630
f 1624/2866 1620/1620 1630/2867
f 1620/1620 1631/1631 1630/2867
f 1620/1620 1621/1621 1631/1631
f 1621/1621 1622/1622 1632/1632
f 1631/1631 1621/1621 1632/1632
f 1632/1632 1622/1622 1633/1633
f 1622/1622 1634/1634 1633/1633
f 1622/1622 1619/1619 1634/1634
f 1619/1619 1635/1635 1634/1634
f 1619/1619 1616/1616 1635/1635
f 1616/1616 1617/1617 1635/1635
f 1635/1635 1617/1617 1636/1636
f 1617/1617 1618/1618 1637/1637
f 1617/1617 1637/1637 1636/1636
f 1615/1615 1638/1638 1618/1618
f 1618/1618 1639/1639 1637/1637
f 1618/1618 1638/1638 1639/1639
f 1615/1615 1613/1613 1638/1638
f 1613/1613 1640/1640 1638/1638
f 1639/1639 1638/1638 1641/1641
f 1638/1638 1642/1642 1641/1641
f 1638/1638 1640/1640 1642/1642
f 1637/1637 1639/1639 1643/1643
f 1639/1639 1641/1641 1643/1643
f 1636/1636 1637/1637 1644/1644
f 1637/1637 1643/1643 1644/1644
f 1635/1635 1636/1636 1645/1645
f 1645/1645 1636/1636 1646/1646
f 1636/1636 1644/1644 1646/1646
f 1634/1634 1635/1635 1645/1645
f 1634/1634 1645/1645 1647/1647
f 1633/1633 1634/1634 1647/1647
f 1632/1632 1633/1633 1648/1648
f 1648/1648 1633/1633 105/105
f 1633/1633 1647/1647 105/105
f 1631/1631 1632/1632 1649/1649
f 1649/1649 1632/1632 1648/1648
f 1630/2867 1631/1631 1650/1650
f 1631/1631 1649/1649 1650/1650
f 1651/1651 1652/1652 1630/1630
f 1651/1651 1630/1630 1650/2868
f 1652/1652 1629/1629 1630/1630
f 1653/1653 1628/1628 1629/1629
f 1654/1654 1653/1653 1629/1629
f 1654/1654 1629/1629 1652/1652
f 1653/1653 1626/1626 1628/1628
f 1655/1655 1656/1656 1653/1653
f 1655/1655 1653/1653 1654/1654
f 1653/1653 1656/1656 1626/1626
f 1657/1657 1655/1655 1654/1654
f 1657/1657 1654/1654 1651/1651
f 1651/1651 1654/1654 1652/1652
f 1657/1657 1651/1651 1658/1658
f 1658/1658 1651/1651 1659/1659
f 1659/1659 1651/1651 1650/2868
f 1659/1659 1650/2868 1660/1660
f 1650/1650 1649/1649 1661/1661
f 1650/1650 1661/1661 1660/2869
f 1649/1649 1662/1662 1661/1661
f 1662/1662 1649/1649 1648/1648
f 1662/1662 1648/1648 1663/1663
f 1663/1663 1648/1648 105/105
f 1663/1663 105/105 78/78
f 105/105 1647/1647 106/106
f 1647/1647 1645/1645 108/108
f 1647/1647 108/108 106/106
f 1645/1645 1646/1646 108/108
f 108/108 1646/1646 131/131
f 1646/1646 1644/1644 1664/1664
f 1646/1646 1664/1664 131/131
f 1644/1644 1643/1643 1664/1664
f 131/131 1664/1664 132/132
f 1664/1664 1643/1643 1665/1665
f 132/132 1664/1664 161/161
f 1664/1664 1665/1665 161/161
f 1643/1643 1666/1666 1665/1665
f 1665/1665 1666/1666 1667/1667
f 1665/1665 1667/1667 161/161
f 161/161 1667/1667 162/162
f 1667/1667 189/189 162/162
f 1667/1667 1666/1666 189/189
f 1643/1643 1641/1641 1666/1666
f 1641/1641 1668/1668 1666/1666
f 1668/1668 1669/1669 1666/1666
f 1666/1666 1669/1669 1670/1670
f 1666/1666 1670/1670 189/189
f 1670/1670 1671/1671 189/189
f 189/189 1671/1671 190/190
f 1669/1669 1672/1672 1670/1670
f 1670/1670 1672/1672 1671/1671
f 1668/1668 1673/1673 1669/1669
f 1673/1673 1674/1674 1669/1669
f 1669/1669 1674/1674 1672/1672
f 1642/1642 1668/1668 1641/1641
f 1642/1642 1675/1675 1668/1668
f 1668/1668 1675/1675 1673/1673
f 1675/1675 1676/1676 1673/1673
f 1676/1676 1677/1677 1673/1673
f 1673/1673 1677/1677 1674/1674
f 1677/1677 1678/1678 1674/1674
f 1674/1674 1679/1679 1672/1672
f 1674/1674 1678/1678 1679/1679
f 1672/1672 1679/1679 1680/1680
f 1672/1672 1680/1680 1671/1671
f 190/190 1671/1671 191/191
f 1671/1671 1680/1680 191/191
f 1679/1679 1681/1681 1680/1680
f 1680/1680 1682/1682 191/191
f 1680/1680 1681/1681 1682/1682
f 1678/1678 1683/1683 1679/1679
f 1679/1679 1683/1683 1681/1681
f 1677/1677 1684/1684 1678/1678
f 1678/1678 1684/1684 1685/1685
f 1678/1678 1685/1685 1683/1683
f 1677/1677 1686/1686 1684/1684
f 1687/1687 1686/1686 1677/1677
f 1676/1676 1687/1687 1677/1677
f 1688/1688 1687/1687 1676/1676
f 1689/1689 1688/1688 1676/1676
f 1689/1689 1676/1676 1675/1675
f 1689/1689 1675/1675 1642/1642
f 1640/1640 1689/1689 1642/1642
f 1689/1689 1690/1690 1688/1688
f 1691/1691 1690/1690 1689/1689
f 1691/1691 1689/1689 1640/1640
f 1688/1688 1692/1692 1687/1687
f 1498/1498 1692/1692 1688/1688
f 1690/1690 1498/1498 1688/1688
f 1687/1687 1692/1692 1686/1686
f 1686/1686 1693/1693 1684/1684
f 1692/1692 1693/1693 1686/1686
f 1684/1684 1693/1693 1694/1694
f 1684/1684 1694/1694 1685/1685
f 1685/1685 1694/1694 1695/1695
f 1683/1683 1685/1685 1695/1695
f 1683/1683 1696/1696 1681/1681
f 1683/1683 1697/1697 1696/1696
f 1683/1683 1695/1695 1697/1697
f 1681/1681 1696/1696 1682/1682
f 191/191 1682/1682 215/215
f 1696/1696 1698/1698 1682/1682
f 1682/1682 1698/1698 215/215
f 1696/1696 1697/1697 1699/1699
f 1696/1696 1699/1699 1698/1698
f 1697/1697 1280/1280 1699/1699
f 1697/1697 1283/1283 1280/1280
f 1695/1695 1283/1283 1697/1697
f 1695/1695 1700/1700 1283/1283
f 1694/1694 1700/1700 1695/1695
f 1694/1694 1387/1387 1284/1284
f 1693/1693 1387/1387 1694/1694
f 1694/1694 1284/1284 1700/1700
f 1693/1693 1389/1389 1387/1387
f 1693/1693 1390/1390 1389/1389
f 1692/1692 1390/1390 1693/1693
f 1474/1474 1390/1390 1692/1692
f 1498/1498 1474/1474 1692/1692
f 1499/1499 1498/1498 1690/1690
f 1701/1701 1499/1499 1690/1690
f 1701/1701 1690/1690 1691/1691
f 1613/1613 1691/1691 1640/1640
f 1614/1614 1691/1691 1613/1613
f 1614/1614 1701/1701 1691/1691
f 1586/1586 1499/1499 1701/1701
f 1614/1614 1587/1587 1701/1701
f 1587/1587 1586/1586 1701/1701
f 1586/1586 1500/1500 1499/1499
f 1474/1474 1442/1442 1390/1390
f 1700/1700 1284/1284 1283/1283
f 1280/1280 1279/1279 1699/1699
f 1698/1698 1699/1699 1702/1702
f 1699/1699 1279/1279 1702/1702
f 215/215 1698/1698 216/216
f 1698/1698 1703/1703 216/216
f 1698/1698 1702/1702 1703/1703
f 1703/1703 1702/1702 1704/1704
f 1702/1702 1279/1279 1704/1704
f 1279/1279 1278/1278 1705/1705
f 1279/1279 1705/1705 1704/1704
f 1703/1703 1704/1704 217/217
f 1704/1704 1706/1706 217/217
f 1704/1704 1705/1705 1706/1706
f 216/216 1703/1703 217/217
f 217/217 1706/1706 243/243
f 1705/1705 1707/1707 1706/1706
f 243/243 1706/1706 244/244
f 1706/1706 1707/1707 244/244
f 1705/1705 1246/1246 1707/1707
f 1705/1705 1247/1247 1246/1246
f 1278/1278 1247/1247 1705/1705
f 1248/1248 1247/1247 1278/1278
f 1707/1707 1246/1246 1244/1244
f 1707/1707 1245/1245 244/244
f 1707/1707 1244/1244 1245/1245
f 244/244 1245/1245 245/245
f 1245/1245 1243/1243 1708/1708
f 245/245 1245/1245 247/247
f 1245/1245 1708/1708 247/247
f 1243/1243 1214/1214 1708/1708
f 247/247 1708/1708 1709/1709
f 1708/1708 1214/1214 1710/1710
f 1709/1709 1708/1708 1710/1710
f 247/247 1709/1709 246/246
f 246/246 1709/1709 274/274
f 1709/1709 1711/1711 274/274
f 1709/1709 1710/1710 1711/1711
f 1710/1710 1214/1214 1188/1188
f 1711/1711 1710/1710 1712/1712
f 1712/1712 1710/1710 1713/1713
f 1710/1710 1188/1188 1713/1713
f 274/274 1711/1711 1714/1714
f 1711/1711 1712/1712 1714/1714
f 274/274 1714/1714 276/276
f 276/276 1714/1714 304/304
f 1714/1714 1712/1712 304/304
f 1712/1712 1713/1713 1715/1715
f 304/304 1712/1712 1715/1715
f 1188/2833 1187/1187 1713/2870
f 1713/2870 1187/1187 1161/1161
f 1713/2870 1161/1161 1716/1716
f 1715/2871 1713/2870 1716/1716
f 304/304 1715/1715 305/305
f 305/2798 1715/2871 1717/1717
f 1715/2871 1716/1716 1717/1717
f 1716/1716 1161/1161 1158/1158
f 1716/1716 1158/1158 1718/1718
f 1716/1716 1718/1718 1717/1717
f 305/2798 1717/1717 358/358
f 1717/1717 1719/1719 358/358
f 1717/1717 1718/1718 1719/1719
f 305/2798 358/358 307/307
f 358/358 1719/1719 359/359
f 1718/1718 1157/1157 1719/1719
f 1719/1719 1157/1157 360/360
f 1719/1719 360/360 359/359
f 1158/1158 1157/1157 1718/1718
f 1663/1663 78/78 77/77
f 1661/1661 1663/1663 77/77
f 1661/1661 1662/1662 1663/1663
f 1661/1661 77/77 1720/1720
f 53/53 1720/1720 77/77
f 1661/1661 1720/1720 1660/2869
f 1660/2869 1720/1720 53/53
f 1721/1721 1660/2869 53/53
f 1722/1722 53/53 54/54
f 1721/1721 53/53 1722/1722
f 1723/1723 1660/1660 1721/2872
f 1723/1723 1659/1659 1660/1660
f 1724/1724 1723/1723 1721/2872
f 1724/1724 1721/2872 1722/2873
f 1724/1724 1722/2873 54/2778
f 55/55 1724/1724 54/2778
f 1725/1725 1723/1723 1724/1724
f 55/55 1725/1725 1724/1724
f 1723/1723 1726/1726 1658/1658
f 1658/1658 1659/1659 1723/1723
f 1725/1725 1726/1726 1723/1723
f 1727/1727 1725/1725 55/55
f 1728/1728 1726/1726 1725/1725
f 1729/1729 1728/1728 1725/1725
f 1727/1727 1729/1729 1725/1725
f 56/56 1727/1727 55/55
f 60/60 1727/1727 56/56
f 1730/1730 1729/1729 1727/1727
f 60/60 1730/1730 1727/1727
f 1731/1731 1728/1728 1729/1729
f 1730/1730 1731/1731 1729/1729
f 1728/1728 1732/1732 1657/1657
f 1728/1728 1657/1657 1726/1726
f 1733/1733 1732/1732 1728/1728
f 1731/1731 1733/1733 1728/1728
f 1726/1726 1657/1657 1658/1658
f 1732/1732 1655/1655 1657/1657
f 1733/1733 1734/1734 1732/1732
f 1732/1732 1734/1734 1655/1655
f 1733/1733 1735/1735 1734/1734
f 1736/1736 1733/1733 1731/1731
f 1736/1736 1735/1735 1733/1733
f 1737/1737 1731/1731 1738/1738
f 1738/1738 1731/1731 1730/1730
f 1737/1737 1736/1736 1731/1731
f 1738/1738 1730/1730 59/59
f 59/59 1730/1730 60/60
f 1739/1739 1738/1738 1740/1740
f 1740/1740 1738/1738 59/59
f 1741/1741 1738/1738 1739/1739
f 1741/1741 1737/1737 1738/1738
f 1741/1741 1742/1742 1737/1737
f 1742/1742 1743/1743 1737/1737
f 1743/1743 1736/1736 1737/1737
f 1744/1744 1735/1735 1736/1736
f 1743/1743 1744/1744 1736/1736
f 1735/1735 1745/1745 1734/1734
f 1746/1746 1745/1745 1735/1735
f 1744/1744 1746/1746 1735/1735
f 1745/1745 1747/1747 1734/1734
f 1734/1734 1747/1747 1655/1655
f 1747/1747 1656/1656 1655/1655
f 1745/1745 1748/1748 1747/1747
f 1747/1747 1748/1748 1656/1656
f 1746/1746 1749/1749 1745/1745
f 1745/1745 1749/1749 1748/1748
f 1750/1750 1751/1751 1746/1746
f 1746/1746 1751/1751 1749/1749
f 1752/1752 1750/1750 1746/1746
f 1752/1752 1746/1746 1744/1744
f 1743/1743 1753/1753 1744/1744
f 1753/1753 1752/1752 1744/1744
f 1742/1742 1753/1753 1743/1743
f 1754/1754 1742/1742 1741/1741
f 1754/1754 1755/1755 1742/1742
f 1755/1755 1753/1753 1742/1742
f 1756/1756 1741/1741 1739/1739
f 1756/1756 1754/1754 1741/1741
f 1757/1757 1739/1739 1740/1740
f 1758/1758 1739/1739 1757/1757
f 1758/1758 1756/1756 1739/1739
f 1757/1757 1740/1740 58/58
f 1740/1740 59/59 58/58
f 1759/1759 1757/1757 58/58
f 1760/1760 1757/1757 1759/1759
f 1761/1761 1757/1757 1760/1760
f 1761/1761 1758/1758 1757/1757
f 1762/1762 1756/1756 1758/1758
f 1763/1763 1762/1762 1758/1758
f 1761/1761 1763/1763 1758/1758
f 1764/1764 1754/1754 1756/1756
f 1765/1765 1764/1764 1756/1756
f 1762/1762 1765/1765 1756/1756
f 1764/1764 1766/1766 1754/1754
f 1766/1766 1755/1755 1754/1754
f 1755/1755 1767/1767 1753/1753
f 1755/1755 1768/1768 1767/1767
f 1769/1769 1755/1755 1766/1766
f 1769/1769 1768/1768 1755/1755
f 1767/1767 1752/1752 1753/1753
f 1770/1770 1750/1750 1752/1752
f 1767/1767 1770/1770 1752/1752
f 1771/1771 1772/1772 1750/1750
f 1750/1750 1772/1772 1751/1751
f 1771/1771 1750/1750 1770/1770
f 1772/1772 1773/1773 1751/1751
f 1773/1773 1774/1774 1751/1751
f 1751/1751 1774/1774 1775/1775
f 1751/1751 1775/1775 1749/1749
f 1749/1749 1775/1775 1748/1748
f 1774/1774 1776/1776 1775/1775
f 1775/1775 1777/1777 1778/1778
f 1775/1775 1776/1776 1777/1777
f 1748/1748 1775/1775 1778/1778
f 1773/1773 1779/1779 1774/1774
f 1774/1774 1779/1779 1780/1780
f 1774/1774 1780/1780 1781/1781
f 1774/1774 1781/1781 1776/1776
f 1782/1782 1783/1783 1773/1773
f 1773/1773 1783/1783 1779/1779
f 1772/1772 1782/1782 1773/1773
f 1771/1771 1782/1782 1772/1772
f 1784/1784 1782/1782 1771/1771
f 1785/1785 1771/1771 1770/1770
f 1785/1785 1784/1784 1771/1771
f 1768/1768 1770/1770 1767/1767
f 1768/1768 1786/1786 1770/1770
f 1786/1786 1785/1785 1770/1770
f 1787/1787 1786/1786 1768/1768
f 1787/1787 1768/1768 1769/1769
f 1788/1788 1769/1769 1766/1766
f 1789/1789 1769/1769 1788/1788
f 1789/1789 1787/1787 1769/1769
f 1764/1764 1788/1788 1766/1766
f 1790/1790 1764/1764 1765/1765
f 1790/1790 1788/1788 1764/1764
f 1791/1791 1790/1790 1765/1765
f 1791/1791 1765/1765 1792/1792
f 1792/1792 1765/1765 1762/1762
f 1793/1793 1790/1790 1794/1794
f 1795/1795 1788/1788 1790/1790
f 1793/1793 1795/1795 1790/1790
f 1794/1794 1790/1790 1791/1791
f 1795/1795 1789/1789 1788/1788
f 1796/1796 1787/1787 1789/1789
f 1797/1797 1796/1796 1789/1789
f 1795/1795 1797/1797 1789/1789
f 1798/1798 1786/1786 1787/1787
f 1799/1799 1798/1798 1787/1787
f 1796/1796 1799/1799 1787/1787
f 1786/1786 1800/1800 1785/1785
f 1798/1798 1800/1800 1786/1786
f 1800/1800 1784/1784 1785/1785
f 1801/1801 1802/1802 1784/1784
f 1784/1784 1802/1802 1782/1782
f 1800/1800 1801/1801 1784/1784
f 1802/1802 1783/1783 1782/1782
f 1802/1802 1803/1803 1783/1783
f 1804/1804 1805/1805 1783/1783
f 1803/1803 1804/1804 1783/1783
f 1783/1783 1805/1805 1779/1779
f 1779/1779 1805/1805 1780/1780
f 1805/1805 1806/1806 1780/1780
f 1780/1780 1806/1806 1807/1807
f 1780/1780 1807/1807 1781/1781
f 1776/1776 1781/1781 1808/1808
f 1781/1781 1807/1807 1808/1808
f 1806/1806 1809/1809 1807/1807
f 1808/1808 1807/1807 1810/1810
f 1807/1807 1809/1809 1810/1810
f 1811/1811 1812/1812 1806/1806
f 1805/1805 1811/1811 1806/1806
f 1812/1812 1813/1813 1806/1806
f 1806/1806 1813/1813 1809/1809
f 1804/1804 1811/1811 1805/1805
f 1803/1803 1814/1814 1804/1804
f 1804/1804 1814/1814 1815/1815
f 1804/1804 1815/1815 1811/1811
f 1816/1816 1814/1814 1803/1803
f 1817/1817 1816/1816 1803/1803
f 1817/1817 1803/1803 1802/1802
f 1801/1801 1817/1817 1802/1802
f 1818/1818 1801/1801 1800/1800
f 1819/1819 1817/1817 1801/1801
f 1818/1818 1819/1819 1801/1801
f 1798/1798 1818/1818 1800/1800
f 1820/1820 1798/1798 1799/1799
f 1821/1821 1818/1818 1798/1798
f 1820/1820 1821/1821 1798/1798
f 1822/1822 1820/1820 1799/1799
f 1823/1823 1822/1822 1799/1799
f 1823/1823 1799/1799 1796/1796
f 1824/1824 1823/1823 1796/1796
f 1824/1824 1796/1796 1797/1797
f 1825/1825 1823/1823 1824/1824
f 1826/1826 1822/1822 1823/1823
f 1825/1825 1826/1826 1823/1823
f 1822/1822 1827/1827 1820/1820
f 1828/1828 1827/1827 1822/1822
f 1826/1826 1828/1828 1822/1822
f 1827/1827 1821/1821 1820/1820
f 1821/1821 1829/1829 1818/1818
f 1827/1827 1830/1830 1821/1821
f 1830/1830 1829/1829 1821/1821
f 1829/1829 1819/1819 1818/1818
f 1829/1829 1831/1831 1819/1819
f 1831/1831 1832/1832 1819/1819
f 1819/1819 1832/1832 1816/1816
f 1819/1819 1816/1816 1817/1817
f 1833/1833 1834/1834 1816/1816
f 1832/1832 1833/1833 1816/1816
f 1816/1816 1834/1834 1814/1814
f 1834/1834 1835/1835 1814/1814
f 1814/1814 1835/1835 1836/1836
f 1814/1814 1836/1836 1815/1815
f 1836/1836 1837/1837 1815/1815
f 1815/1815 1837/1837 1811/1811
f 1811/1811 1837/1837 1812/1812
f 1837/1837 1838/1838 1812/1812
f 1812/1812 1838/1838 1839/1839
f 1812/1812 1839/1839 1813/1813
f 1837/1837 1840/1840 1838/1838
f 1841/1841 1840/1840 1837/1837
f 1836/1836 1841/1841 1837/1837
f 1842/1842 1836/1836 1835/1835
f 1842/1842 1841/1841 1836/1836
f 1834/1834 1843/1843 1835/1835
f 1843/1843 1842/1842 1835/1835
f 1833/1833 1844/1844 1834/1834
f 1844/1844 1845/1845 1834/1834
f 1834/1834 1845/1845 1843/1843
f 1846/1846 1833/1833 1832/1832
f 1846/1846 1844/1844 1833/1833
f 1846/1846 1832/1832 1831/1831
f 1847/1847 1846/1846 1831/1831
f 1829/1829 1847/1847 1831/1831
f 1830/1830 1847/1847 1829/1829
f 1848/1848 1847/1847 1830/1830
f 1849/1849 1848/1848 1830/1830
f 1849/1849 1830/1830 1827/1827
f 1850/1850 1849/1849 1827/1827
f 1828/1828 1850/1850 1827/1827
f 1851/1851 1850/1850 1828/1828
f 1851/1851 1828/1828 1826/1826
f 1851/1851 1826/1826 1825/1825
f 1852/1852 1853/1853 1851/1851
f 1852/1852 1851/1851 1825/1825
f 1854/1854 1850/1850 1851/1851
f 1853/1853 1854/1854 1851/1851
f 1854/1854 1849/1849 1850/1850
f 1849/1849 1855/1855 1848/1848
f 1854/1854 1855/1855 1849/1849
f 1856/1856 1847/1847 1848/1848
f 1855/1855 1856/1856 1848/1848
f 1847/1847 1857/1857 1846/1846
f 1858/1858 1857/1857 1847/1847
f 1856/1856 1858/1858 1847/1847
f 1857/1857 1844/1844 1846/1846
f 1857/1857 1859/1859 1844/1844
f 1859/1859 1860/1860 1844/1844
f 1844/1844 1860/1860 1845/1845
f 1845/1845 1861/1861 1862/1862
f 1845/1845 1862/1862 1843/1843
f 1845/1845 1863/1863 1861/1861
f 1863/1863 1845/1845 1860/1860
f 1862/1862 1842/1842 1843/1843
f 1842/1842 1354/1354 1841/1841
f 1862/1862 1354/1354 1842/1842
f 1841/1841 1353/1353 1840/1840
f 1354/1354 1353/1353 1841/1841
f 1840/1840 1864/1864 1865/1865
f 1840/1840 1353/1353 1864/1864
f 1840/1840 1865/1865 1838/1838
f 1353/1353 1356/1356 1864/1864
f 1865/1865 1864/1864 1866/1866
f 1864/1864 1356/1356 1866/1866
f 1865/1865 1866/1866 1867/1867
f 1865/1865 1867/1867 1838/1838
f 1866/1866 1429/1429 1867/1867
f 1356/1356 1429/1429 1866/1866
f 1356/1356 1379/1379 1429/1429
f 1867/1867 1429/1429 1456/1456
f 1867/1867 1456/1456 1868/1868
f 1869/1869 1867/1867 1868/1868
f 1838/1838 1867/1867 1869/1869
f 1838/1838 1869/1869 1839/1839
f 1869/1869 1870/1870 1871/1871
f 1869/1869 1868/1868 1870/1870
f 1839/1839 1869/1869 1871/1871
f 1868/1868 1486/1486 1870/1870
f 1456/1456 1486/1486 1868/1868
f 1456/1456 1457/1457 1486/1486
f 1486/1486 1457/1457 1461/1461
f 1870/1870 1486/1486 1487/1487
f 1870/1870 1487/1487 1516/1516
f 1872/1872 1870/1870 1516/1516
f 1871/1871 1870/1870 1872/1872
f 1873/1873 1871/1871 1872/1872
f 1813/1813 1839/1839 1871/1871
f 1813/1813 1871/1871 1873/1873
f 1874/1874 1872/1872 1875/1875
f 1872/1872 1516/1516 1875/1875
f 1873/1873 1872/1872 1874/1874
f 1516/1516 1542/1542 1875/1875
f 1876/1876 1875/1875 1600/1600
f 1875/1875 1542/1542 1600/1600
f 1876/1876 1874/1874 1875/1875
f 1877/1877 1874/1874 1876/1876
f 1877/1877 1873/1873 1874/1874
f 1809/1809 1873/1873 1877/1877
f 1813/1813 1873/1873 1809/1809
f 1877/1877 1876/1876 1878/1878
f 1810/1810 1877/1877 1878/1878
f 1809/1809 1877/1877 1810/1810
f 1601/1601 1876/1876 1600/1600
f 1878/1878 1876/1876 1601/1601
f 1810/1810 1878/1878 1879/1879
f 1879/1879 1878/1878 1602/1602
f 1602/1602 1878/1878 1601/1601
f 1808/1808 1810/1810 1879/1879
f 1808/1808 1879/1879 1603/1603
f 1603/1603 1879/1879 1602/1602
f 1776/1776 1808/1808 1777/1777
f 1777/1777 1808/1808 1603/1603
f 1777/1777 1603/1603 1627/1627
f 1778/1778 1777/1777 1627/1627
f 1656/1656 1778/1778 1627/1627
f 1656/1656 1627/1627 1626/1626
f 1748/1748 1778/1778 1656/1656
f 1457/1457 1459/1459 1461/1461
f 1459/1459 1460/1460 1461/1461
f 1862/1862 1355/1355 1354/1354
f 1861/1861 1355/1355 1862/1862
f 1880/1880 1352/1352 1355/1355
f 1880/1880 1355/1355 1861/1861
f 1881/1881 1880/1880 1861/1861
f 1863/1863 1881/1881 1861/1861
f 1880/1880 1350/1350 1352/1352
f 1882/1882 1350/1350 1880/1880
f 1881/1881 1882/1882 1880/1880
f 1863/1863 1883/1883 1881/1881
f 1883/1883 1884/1884 1881/1881
f 1884/1884 1882/1882 1881/1881
f 1885/1885 1886/1886 1863/1863
f 1885/1885 1863/1863 1860/1860
f 1886/1886 1883/1883 1863/1863
f 1887/1887 1884/1884 1883/1883
f 1888/1888 1887/1887 1883/1883
f 1886/1886 1888/1888 1883/1883
f 1884/1884 1351/1351 1882/1882
f 1887/1887 1889/1889 1884/1884
f 1889/1889 1351/1351 1884/1884
f 1351/1351 1350/1350 1882/1882
f 1325/2840 1351/1351 1889/1889
f 1887/1887 1890/1890 1889/1889
f 1890/1890 1325/2840 1889/1889
f 1891/1891 1892/1892 1887/1887
f 1891/1891 1887/1887 1888/1888
f 1892/1892 1890/1890 1887/1887
f 1893/1893 1888/1888 1886/1886
f 1893/1893 1891/1891 1888/1888
f 1894/1894 1886/1886 1885/1885
f 1895/1895 1893/1893 1886/1886
f 1894/1894 1895/1895 1886/1886
f 1859/1859 1885/1885 1860/1860
f 1894/1894 1885/1885 1859/1859
f 1896/1896 1894/1894 1859/1859
f 1897/1897 1894/1894 1896/1896
f 1897/1897 1895/1895 1894/1894
f 1898/1898 1895/1895 1897/1897
f 1895/1895 1899/1899 1893/1893
f 1898/1898 1899/1899 1895/1895
f 1900/1900 1891/1891 1893/1893
f 1899/1899 1900/1900 1893/1893
f 1901/1901 1892/1892 1891/1891
f 1900/1900 1901/1901 1891/1891
f 1901/1901 1902/1902 1892/1892
f 1892/1892 1903/1903 1890/1890
f 1902/1902 1903/1903 1892/1892
f 1890/2874 1904/1904 1325/1325
f 1890/2874 1905/1905 1906/1906
f 1903/2875 1907/1907 1890/2874
f 1907/1907 1905/1905 1890/2874
f 1906/1906 1904/1904 1890/2874
f 1904/1904 1324/1324 1325/1325
f 1904/1904 1908/1908 1909/1909
f 1904/1904 1909/1909 1324/1324
f 1910/1910 1908/1908 1904/1904
f 1906/1906 1910/1910 1904/1904
f 1906/1906 1911/1911 1910/1910
f 1905/1905 1912/1912 1906/1906
f 1912/1912 1911/1911 1906/1906
f 1905/1905 1913/1913 1912/1912
f 1907/1907 1914/1914 1905/1905
f 1914/1914 1913/1913 1905/1905
f 1915/1915 1907/1907 1903/2875
f 1915/1915 1916/1916 1907/1907
f 1916/1916 1914/1914 1907/1907
f 1917/1917 1903/1903 1902/1902
f 1917/2876 1918/1918 1903/2875
f 1903/2875 1918/1918 1915/1915
f 1901/1901 1919/1919 1902/1902
f 1919/1919 1917/1917 1902/1902
f 1920/1920 1901/1901 1900/1900
f 1920/1920 1919/1919 1901/1901
f 1920/1920 1900/1900 1899/1899
f 1898/1898 1920/1920 1899/1899
f 1921/1921 1898/1898 1897/1897
f 1922/1922 1920/1920 1898/1898
f 1923/1923 1898/1898 1921/1921
f 1923/1923 1922/1922 1898/1898
f 1924/1924 1897/1897 1896/1896
f 1921/1921 1897/1897 1924/1924
f 1925/1925 1921/1921 1924/1924
f 1926/1926 1921/1921 1925/1925
f 1926/1926 1923/1923 1921/1921
f 1927/1927 1923/1923 1926/1926
f 1927/1927 1922/1922 1923/1923
f 1928/1928 1920/1920 1922/1922
f 1927/1927 1928/1928 1922/1922
f 1929/1929 1919/1919 1920/1920
f 1928/1928 1929/1929 1920/1920
f 1930/1930 1919/1919 1929/1929
f 1930/1930 1917/1917 1919/1919
f 1931/1931 1917/1917 1930/1930
f 1917/2876 1932/1932 1933/1933
f 1931/1931 1932/2877 1917/1917
f 1917/2876 1933/1933 1918/1918
f 1933/1933 1934/1934 1918/1918
f 1918/1918 1935/1935 1936/1936
f 1918/1918 1936/1936 1915/1915
f 1934/1934 1937/1937 1918/1918
f 1937/1937 1935/1935 1918/1918
f 1916/1916 1915/1915 1936/1936
f 1914/1914 1916/1916 1938/1938
f 1916/1916 1936/1936 1938/1938
f 1936/1936 1935/1935 1938/1938
f 1935/1935 1937/1937 1939/1939
f 1939/1939 1940/1940 1935/1935
f 1935/1935 1940/1940 1938/1938
f 1941/1941 1937/1937 1934/1934
f 1937/1937 1941/1941 1939/1939
f 1942/1942 1934/1934 1933/1933
f 1941/1941 1934/1934 1943/1943
f 1942/1942 1943/1943 1934/1934
f 1944/1944 1942/1942 1933/1933
f 1945/1945 1944/1944 1933/1933
f 1932/1932 1945/1945 1933/1933
f 1932/1932 1946/1946 1945/1945
f 1947/1947 1946/1946 1932/1932
f 1948/1948 1932/2877 1931/1931
f 1949/1949 1932/2877 1948/1948
f 1949/1949 1950/1950 1932/2877
f 1950/2878 1951/1951 1932/1932
f 1951/1951 1947/1947 1932/1932
f 1952/1952 1931/1931 1930/1930
f 1948/1948 1931/1931 1952/1952
f 1953/1953 1930/1930 1929/1929
f 1952/1952 1930/1930 1953/1953
f 1954/1954 1953/1953 1929/1929
f 1954/1954 1929/1929 1928/1928
f 1954/1954 1928/1928 1955/1955
f 1955/1955 1928/1928 1927/1927
f 1956/1956 1954/1954 1955/1955
f 1957/1957 1954/1954 1956/1956
f 1958/1958 1953/1953 1954/1954
f 1957/1957 1958/1958 1954/1954
f 1958/1958 1952/1952 1953/1953
f 1959/1959 1948/1948 1952/1952
f 1959/1959 1952/1952 1958/1958
f 1959/1959 1949/1949 1948/1948
f 1960/1960 1961/1961 1949/1949
f 1961/1961 1950/1950 1949/1949
f 1960/1960 1949/1949 1959/1959
f 1950/2878 1962/1962 1951/1951
f 1963/1963 1950/1950 1961/1961
f 1950/2878 1964/1964 1962/1962
f 1963/1963 1965/1965 1950/1950
f 1965/1965 1964/2879 1950/1950
f 1951/1951 1966/1966 1947/1947
f 1962/1962 1966/1966 1951/1951
f 1967/1967 1946/1946 1947/1947
f 1947/1947 1968/1968 1969/1969
f 1947/1947 1969/1969 1967/1967
f 1966/1966 1970/1970 1947/1947
f 1970/1970 1968/1968 1947/1947
f 1946/1946 1971/1971 1945/1945
f 1967/1967 1971/1971 1946/1946
f 1967/1967 1972/1972 1971/1971
f 1972/1972 1967/1967 1969/1969
f 1972/1972 1969/1969 1973/1973
f 1969/1969 1968/1968 1973/1973
f 1968/1968 1970/1970 1204/1204
f 1204/1204 1202/1202 1968/1968
f 1202/1202 1973/1973 1968/1968
f 1203/1203 1970/1970 1966/1966
f 1970/1970 1203/1203 1204/1204
f 1203/1203 1966/1966 1199/1199
f 1962/1962 1974/1974 1966/1966
f 1974/1974 1199/1199 1966/1966
f 1975/1975 1962/1962 1200/1200
f 1975/1975 1974/1974 1962/1962
f 1962/1962 1976/1976 1977/1977
f 1200/1200 1962/1962 1977/1977
f 1964/1964 1976/1976 1962/1962
f 1199/1199 1974/1974 1198/1198
f 1974/1974 1975/1975 1198/1198
f 1975/1975 1200/1200 1198/1198
f 1200/1200 1977/1977 1201/1201
f 1977/1977 1976/1976 1201/1201
f 1978/1978 1976/1976 1964/1964
f 1976/1976 1173/1173 1201/1201
f 1976/1976 1978/1978 1173/1173
f 1964/1964 1979/1979 1978/1978
f 1978/1978 1980/1980 1173/1173
f 1978/1978 1979/1979 1980/1980
f 1980/1980 1170/1170 1173/1173
f 1979/1979 1170/1170 1980/1980
f 1981/1981 1979/1979 1964/1964
f 1981/1981 1170/1170 1979/1979
f 1981/1981 1171/1171 1170/1170
f 1964/1964 1982/1982 1981/1981
f 1982/1982 1171/1171 1981/1981
f 1983/1983 1171/1171 1982/1982
f 1984/1984 1146/1146 1171/1171
f 1983/1983 1984/1984 1171/1171
f 1983/1983 1982/1982 1964/1964
f 1985/1985 1983/2880 1964/2879
f 1986/1986 1983/2880 1985/1985
f 1983/2880 1986/1986 1987/1987
f 1987/1987 1984/2881 1983/2880
f 1146/1146 1984/1984 1144/1144
f 1144/1144 1984/1984 1988/1988
f 1989/1989 1984/2881 1987/1987
f 1988/1988 1984/1984 1143/2826
f 1990/1990 1984/2881 1989/1989
f 1984/1984 1990/2882 1143/2826
f 1986/1986 1991/1991 1987/1987
f 1991/1991 1989/1989 1987/1987
f 1991/1991 1986/1986 1992/1992
f 1992/1992 1986/1986 1985/1985
f 1992/1992 1985/1985 1993/1993
f 1993/1993 1985/1985 1965/1965
f 1985/1985 1964/2879 1965/1965
f 1993/1993 1994/1994 1992/1992
f 1994/1994 1995/1995 1992/1992
f 1995/1995 1989/1989 1992/1992
f 1991/1991 1992/1992 1989/1989
f 1989/1989 1995/1995 1996/1996
f 1996/1996 1990/1990 1989/1989
f 1143/1143 1990/2883 1997/1997
f 1997/1997 1990/2883 1139/1139
f 1139/1139 1990/2883 1998/1998
f 1990/2883 1999/1999 1998/1998
f 1990/1990 1996/1996 1999/2884
f 1141/1141 1143/1143 1997/1997
f 1143/2826 1145/1145 1988/1988
f 1145/1145 1144/1144 1988/1988
f 1139/1139 1142/1142 1997/1997
f 1142/1142 1141/1141 1997/1997
f 1140/1140 1139/1139 1998/1998
f 2000/2000 2001/2001 1998/1998
f 2001/2001 1140/1140 1998/1998
f 1998/1998 1999/1999 2000/2000
f 2002/2002 1999/2884 1996/1996
f 2003/2003 1999/2884 2002/2002
f 2000/2000 1999/1999 1119/1119
f 2004/2004 1119/1119 1999/1999
f 2003/2003 2004/2885 1999/2884
f 1995/1995 2005/2005 1996/1996
f 2005/2005 2006/2006 1996/1996
f 2006/2006 2002/2002 1996/1996
f 2005/2005 1995/1995 1994/1994
f 2007/2007 1994/1994 1993/1993
f 2007/2007 2008/2008 1994/1994
f 2008/2008 2006/2006 1994/1994
f 2006/2006 2005/2005 1994/1994
f 2009/2009 1993/1993 2010/2010
f 2011/2011 1993/1993 2009/2009
f 2011/2011 2007/2007 1993/1993
f 2010/2010 1993/1993 1965/1965
f 2010/2010 1965/1965 1963/1963
f 2012/2012 2010/2010 2013/2013
f 2014/2014 2010/2010 2012/2012
f 2014/2014 2009/2009 2010/2010
f 2013/2013 2010/2010 2015/2015
f 2010/2010 1963/1963 2015/2015
f 2009/2009 2014/2014 2016/2016
f 2017/2017 2011/2011 2009/2009
f 2017/2017 2009/2009 2016/2016
f 1005/1005 2007/2007 2011/2011
f 1005/1005 2011/2011 2017/2017
f 2007/2007 2018/2018 2008/2008
f 2019/2019 2018/2018 2007/2007
f 1005/1005 2019/2019 2007/2007
f 2018/2018 2020/2020 2008/2008
f 2020/2020 2002/2002 2008/2008
f 2006/2006 2008/2008 2002/2002
f 2002/2002 2020/2020 2003/2003
f 2020/2020 2021/2021 2003/2003
f 2021/2021 2022/2022 2003/2003
f 2022/2022 2004/2885 2003/2003
f 1119/1119 2004/2004 1118/1118
f 2023/2023 2004/2885 2022/2022
f 1118/1118 2004/2004 2024/2024
f 2023/2023 1114/2886 2004/2885
f 1114/1114 2024/2024 2004/2004
f 1116/1116 2000/2000 1119/1119
f 2001/2001 2000/2000 1116/1116
f 2001/2001 1116/1116 1140/1140
f 1117/1117 2024/2024 1113/1113
f 1117/1117 1118/1118 2024/2024
f 2024/2024 1114/1114 1113/1113
f 2025/2025 1114/2886 2023/2023
f 2026/2026 1114/2886 2025/2025
f 2026/2026 1088/2887 1114/2886
f 2021/2021 2027/2027 2023/2023
f 2021/2021 2023/2023 2022/2022
f 2027/2027 2028/2028 2023/2023
f 2028/2028 2025/2025 2023/2023
f 2027/2027 2021/2021 2018/2018
f 2021/2021 2020/2020 2018/2018
f 2019/2019 2027/2027 2018/2018
f 2029/2029 2019/2019 1005/1005
f 2030/2030 2028/2028 2019/2019
f 2028/2028 2027/2027 2019/2019
f 2029/2029 2030/2030 2019/2019
f 1005/1005 2017/2017 1004/1004
f 1006/1006 2029/2029 1005/1005
f 2031/2031 2017/2017 2016/2016
f 1004/1004 2017/2017 2031/2031
f 1003/1003 1004/1004 2032/2032
f 1004/1004 2031/2031 2032/2032
f 2031/2031 2016/2016 2033/2033
f 2032/2032 2031/2031 2033/2033
f 976/976 2032/2032 2034/2034
f 976/976 1003/1003 2032/2032
f 2032/2032 2033/2033 2035/2035
f 2034/2034 2032/2032 2035/2035
f 2033/2033 2016/2016 2036/2036
f 2033/2033 2036/2036 2037/2037
f 2035/2035 2033/2033 2038/2038
f 2033/2033 2037/2037 2038/2038
f 2034/2034 2035/2035 2039/2039
f 2035/2035 2038/2038 2039/2039
f 974/974 2034/2034 2040/2040
f 974/974 976/976 2034/2034
f 2034/2034 2039/2039 2040/2040
f 2040/2040 2039/2039 2041/2041
f 2041/2041 2039/2039 2042/2042
f 2039/2039 2038/2038 2042/2042
f 2038/2038 2043/2043 2042/2042
f 2038/2038 2037/2037 2043/2043
f 2037/2037 2036/2036 2044/2044
f 2043/2043 2037/2037 2044/2044
f 2036/2036 2045/2045 2044/2044
f 2036/2036 2046/2046 2045/2045
f 2016/2016 2046/2046 2036/2036
f 2044/2044 2045/2045 2047/2047
f 2044/2044 2047/2047 2048/2048
f 2043/2043 2044/2044 2048/2048
f 2042/2042 2043/2043 2049/2049
f 2049/2049 2043/2043 2048/2048
f 2041/2041 2042/2042 2050/2050
f 2050/2050 2042/2042 2049/2049
f 2051/2051 2041/2041 2052/2052
f 2051/2051 2040/2040 2041/2041
f 2052/2052 2041/2041 2050/2050
f 974/974 2040/2040 2051/2051
f 973/973 974/974 2051/2051
f 973/973 2051/2051 2053/2053
f 2053/2053 2051/2051 2052/2052
f 2053/2053 2052/2052 2054/2054
f 2052/2052 2050/2050 2055/2055
f 2052/2052 2055/2055 2054/2054
f 2055/2055 2050/2050 2056/2056
f 2050/2050 2049/2049 2056/2056
f 2056/2056 2049/2049 2057/2057
f 2049/2049 2048/2048 2057/2057
f 2048/2048 2047/2047 2058/2058
f 2048/2048 2058/2058 2057/2057
f 2058/2058 2047/2047 2059/2059
f 2047/2047 2060/2060 2059/2059
f 2047/2047 2061/2061 2060/2060
f 2047/2047 2045/2045 2061/2061
f 2061/2061 2045/2045 2062/2062
f 2045/2045 2012/2012 2062/2062
f 2046/2046 2012/2012 2045/2045
f 2046/2046 2014/2014 2012/2012
f 2016/2016 2014/2014 2046/2046
f 2012/2012 2013/2013 2062/2062
f 2061/2061 2062/2062 2060/2060
f 2062/2062 2063/2063 2060/2060
f 2062/2062 2013/2013 2063/2063
f 2060/2060 2063/2063 2064/2064
f 2060/2060 2064/2064 2065/2065
f 2059/2059 2060/2060 2065/2065
f 2059/2059 2065/2065 2066/2066
f 2067/2067 2059/2059 2066/2066
f 2058/2058 2059/2059 2067/2067
f 2057/2057 2058/2058 2068/2068
f 2068/2068 2058/2058 2067/2067
f 2056/2056 2057/2057 2069/2069
f 2069/2069 2057/2057 2068/2068
f 2055/2055 2056/2056 2070/2070
f 2070/2070 2056/2056 2071/2071
f 2056/2056 2069/2069 2071/2071
f 2054/2054 2055/2055 2070/2070
f 2072/2072 2053/2053 2054/2054
f 2072/2072 2054/2054 2073/2073
f 2073/2073 2054/2054 2074/2074
f 2054/2054 2070/2070 2074/2074
f 972/972 973/973 2053/2053
f 972/972 2053/2053 2075/2075
f 2075/2075 2053/2053 2072/2072
f 2075/2075 2072/2072 2076/2076
f 2076/2076 2072/2072 2077/2077
f 2072/2072 2073/2073 2077/2077
f 2077/2077 2073/2073 2078/2078
f 2073/2073 2074/2074 2078/2078
f 2078/2078 2074/2074 2079/2079
f 2074/2074 2070/2070 2071/2071
f 2074/2074 2071/2071 2079/2079
f 2079/2079 2071/2071 2080/2080
f 2071/2071 2069/2069 2080/2080
f 2080/2080 2069/2069 2081/2081
f 2069/2069 2068/2068 2082/2082
f 2069/2069 2082/2082 2081/2081
f 2068/2068 2067/2067 2082/2082
f 2082/2082 2067/2067 2083/2083
f 2067/2067 2066/2066 2084/2084
f 2083/2083 2067/2067 2084/2084
f 2066/2066 2065/2065 2085/2085
f 2084/2084 2066/2066 2085/2085
f 2065/2065 2064/2064 2086/2086
f 2065/2065 2086/2086 2085/2085
f 2086/2086 2064/2064 2087/2087
f 2064/2064 2088/2088 2087/2087
f 2063/2063 2088/2088 2064/2064
f 2063/2063 2013/2013 2088/2088
f 2013/2013 2015/2015 2088/2088
f 2088/2088 2015/2015 2089/2089
f 2088/2088 2089/2089 2087/2087
f 2090/2090 2087/2087 2091/2091
f 2087/2087 2092/2092 2091/2091
f 2086/2086 2087/2087 2090/2090
f 2087/2087 1960/1960 2092/2092
f 2087/2087 2089/2089 1960/1960
f 2085/2085 2086/2086 2090/2090
f 2085/2085 2090/2090 2093/2093
f 2094/2094 2085/2085 2093/2093
f 2084/2084 2085/2085 2094/2094
f 2083/2083 2084/2084 2094/2094
f 2095/2095 2082/2082 2083/2083
f 2095/2095 2083/2083 2096/2096
f 2096/2096 2083/2083 2097/2097
f 2083/2083 2094/2094 2097/2097
f 2081/2081 2082/2082 2095/2095
f 2098/2098 2081/2081 2099/2099
f 2098/2098 2080/2080 2081/2081
f 2099/2099 2081/2081 2100/2100
f 2100/2100 2081/2081 2095/2095
f 2098/2098 2079/2079 2080/2080
f 2078/2078 2079/2079 2101/2101
f 2101/2101 2079/2079 2098/2098
f 2102/2102 2078/2078 2103/2103
f 2102/2102 2077/2077 2078/2078
f 2103/2103 2078/2078 2101/2101
f 2076/2076 2077/2077 2102/2102
f 2104/2104 2076/2076 2102/2102
f 2104/2104 2102/2102 2105/2105
f 2105/2105 2102/2102 2103/2103
f 2105/2105 2103/2103 2106/2106
f 2106/2106 2103/2103 2101/2101
f 2106/2106 2101/2101 2107/2107
f 2101/2101 2098/2098 2107/2107
f 2107/2107 2098/2098 2099/2099
f 2108/2108 2107/2107 2099/2099
f 2108/2108 2099/2099 2109/2109
f 2109/2109 2099/2099 2100/2100
f 2109/2109 2100/2100 2110/2110
f 2100/2100 2095/2095 2111/2111
f 2100/2100 2111/2111 2110/2110
f 2111/2111 2095/2095 2096/2096
f 2111/2111 2096/2096 2112/2112
f 2112/2112 2096/2096 2113/2113
f 2096/2096 2097/2097 2113/2113
f 2097/2097 2114/2114 2115/2115
f 2113/2113 2097/2097 2115/2115
f 2097/2097 2094/2094 2114/2114
f 2094/2094 2093/2093 2114/2114
f 2093/2093 2091/2091 2116/2116
f 2117/2117 2093/2093 2116/2116
f 2114/2114 2093/2093 2117/2117
f 2093/2093 2090/2090 2091/2091
f 2116/2116 2091/2091 2118/2118
f 2091/2091 2092/2092 2118/2118
f 2118/2118 2092/2092 1957/1957
f 2092/2092 1960/1960 1957/1957
f 2089/2089 1961/1961 1960/1960
f 1960/1960 1959/1959 1957/1957
f 2118/2118 1957/1957 1956/1956
f 1957/1957 1959/1959 1958/1958
f 2119/2119 2118/2118 1956/1956
f 2116/2116 2118/2118 2119/2119
f 2116/2116 2119/2119 2120/2120
f 2117/2117 2116/2116 2120/2120
f 2121/2121 2117/2117 2120/2120
f 2115/2115 2114/2114 2117/2117
f 2115/2115 2117/2117 2121/2121
f 2113/2113 2115/2115 2122/2122
f 2122/2122 2115/2115 2123/2123
f 2115/2115 2121/2121 2123/2123
f 2124/2124 2113/2113 2125/2125
f 2124/2124 2112/2112 2113/2113
f 2125/2125 2113/2113 2126/2126
f 2113/2113 2122/2122 2126/2126
f 2110/2110 2112/2112 2124/2124
f 2110/2110 2111/2111 2112/2112
f 2127/2127 2110/2110 2128/2128
f 2127/2127 2109/2109 2110/2110
f 2128/2128 2110/2110 2124/2124
f 2129/2129 2108/2108 2109/2109
f 2129/2129 2109/2109 2127/2127
f 2129/2129 2107/2107 2108/2108
f 2130/2130 2107/2107 2129/2129
f 2130/2130 2106/2106 2107/2107
f 2131/2131 2129/2129 2127/2127
f 2132/2132 2130/2130 2129/2129
f 2132/2132 2129/2129 2131/2131
f 2133/2133 2127/2127 2128/2128
f 2134/2134 2127/2127 2133/2133
f 2135/2135 2127/2127 2134/2134
f 2131/2131 2127/2127 2135/2135
f 2133/2133 2128/2128 2136/2136
f 2128/2128 2124/2124 2136/2136
f 2136/2136 2124/2124 2125/2125
f 2136/2136 2125/2125 2137/2137
f 2137/2137 2125/2125 2138/2138
f 2125/2125 2126/2126 2138/2138
f 2138/2138 2126/2126 2139/2139
f 2126/2126 2122/2122 2139/2139
f 2122/2122 2123/2123 2139/2139
f 2139/2139 2123/2123 2140/2140
f 2123/2123 2141/2141 2140/2140
f 2123/2123 2121/2121 2141/2141
f 2121/2121 2142/2142 2141/2141
f 2121/2121 2120/2120 2142/2142
f 2120/2120 2143/2143 2142/2142
f 2120/2120 2119/2119 2143/2143
f 2119/2119 1956/1956 2144/2144
f 2119/2119 2144/2144 2143/2143
f 2144/2144 1956/1956 1955/1955
f 2144/2144 1955/1955 2145/2145
f 2144/2144 2145/2145 2143/2143
f 2143/2143 2145/2145 2146/2146
f 2147/2147 2143/2143 2146/2146
f 2142/2142 2143/2143 2147/2147
f 2142/2142 2147/2147 2148/2148
f 2141/2141 2142/2142 2148/2148
f 2140/2140 2141/2141 2149/2149
f 2141/2141 2148/2148 2149/2149
f 2139/2139 2140/2140 2150/2150
f 2150/2150 2140/2140 2151/2151
f 2140/2140 2149/2149 2151/2151
f 2138/2138 2139/2139 2152/2152
f 2152/2152 2139/2139 2150/2150
f 2137/2137 2138/2138 2153/2153
f 2153/2153 2138/2138 2152/2152
f 2154/2154 2137/2137 2153/2153
f 2155/2155 2136/2136 2137/2137
f 2155/2155 2137/2137 2154/2154
f 2133/2133 2136/2136 2155/2155
f 2156/2156 2133/2133 2155/2155
f 2157/2157 2133/2133 2156/2156
f 2157/2157 2134/2134 2133/2133
f 2158/2158 2134/2134 2157/2157
f 2158/2158 2135/2135 2134/2134
f 2159/2159 2131/2131 2135/2135
f 2160/2160 2135/2135 2158/2158
f 2160/2160 2159/2159 2135/2135
f 2161/2161 2160/2160 2158/2158
f 2161/2161 2158/2158 2162/2162
f 2158/2158 2157/2157 2162/2162
f 2162/2162 2157/2157 2156/2156
f 2156/2156 2155/2155 2163/2163
f 2162/2162 2156/2156 2164/2164
f 2164/2164 2156/2156 2163/2163
f 2163/2163 2155/2155 2154/2154
f 2154/2154 2153/2153 2165/2165
f 2166/2166 2154/2154 2165/2165
f 2163/2163 2154/2154 2166/2166
f 2153/2153 2152/2152 2167/2167
f 2165/2165 2153/2153 2167/2167
f 2167/2167 2152/2152 2168/2168
f 2168/2168 2152/2152 2169/2169
f 2152/2152 2150/2150 2169/2169
f 2169/2169 2150/2150 2170/2170
f 2150/2150 2151/2151 2170/2170
f 2151/2151 2171/2171 2170/2170
f 2151/2151 2172/2172 2171/2171
f 2151/2151 2149/2149 2172/2172
f 2149/2149 2148/2148 2172/2172
f 2148/2148 2173/2173 2172/2172
f 2148/2148 2147/2147 2173/2173
f 2147/2147 2146/2146 2173/2173
f 2172/2172 2173/2173 2174/2174
f 2173/2173 2146/2146 2174/2174
f 2172/2172 2175/2175 2171/2171
f 2172/2172 2174/2174 2175/2175
f 2170/2170 2171/2171 2176/2176
f 2171/2171 2175/2175 2176/2176
f 2169/2169 2170/2170 2177/2177
f 2177/2177 2170/2170 2178/2178
f 2170/2170 2176/2176 2178/2178
f 2168/2168 2169/2169 2177/2177
f 2179/2179 2168/2168 2177/2177
f 2180/2180 2167/2167 2168/2168
f 2180/2180 2168/2168 2179/2179
f 2165/2165 2167/2167 2180/2180
f 2181/2181 2165/2165 2180/2180
f 2166/2166 2165/2165 2181/2181
f 2182/2182 2166/2166 2181/2181
f 2183/2183 2163/2163 2166/2166
f 2183/2183 2166/2166 2182/2182
f 2164/2164 2163/2163 2183/2183
f 2164/2164 2183/2183 2184/2184
f 2185/2185 2164/2164 2184/2184
f 2186/2186 2164/2164 2185/2185
f 2186/2186 2162/2162 2164/2164
f 2186/2186 2161/2161 2162/2162
f 2187/2187 2160/2160 2161/2161
f 2187/2187 2161/2161 2188/2188
f 2188/2188 2161/2161 2186/2186
f 2189/2189 2186/2186 2185/2185
f 2189/2189 2188/2188 2186/2186
f 2185/2185 2184/2184 2190/2190
f 2191/2191 2185/2185 2190/2190
f 2192/2192 2189/2189 2185/2185
f 2192/2192 2185/2185 2191/2191
f 2184/2184 2193/2193 2194/2194
f 2190/2190 2184/2184 2194/2194
f 2184/2184 2183/2183 2193/2193
f 2193/2193 2183/2183 2182/2182
f 2182/2182 2181/2181 2195/2195
f 2193/2193 2182/2182 2196/2196
f 2196/2196 2182/2182 2195/2195
f 2195/2195 2181/2181 2180/2180
f 2180/2180 2179/2179 2197/2197
f 2198/2198 2180/2180 2197/2197
f 2195/2195 2180/2180 2198/2198
f 2179/2179 2177/2177 2199/2199
f 2197/2197 2179/2179 2199/2199
f 2199/2199 2177/2177 2200/2200
f 2177/2177 2178/2178 2200/2200
f 2200/2200 2178/2178 2201/2201
f 2178/2178 2202/2202 2201/2201
f 2178/2178 2176/2176 2202/2202
f 2176/2176 2175/2175 2203/2203
f 2176/2176 2203/2203 2202/2202
f 2201/2201 2202/2202 2204/2204
f 2202/2202 2203/2203 2205/2205
f 2204/2204 2202/2202 2205/2205
f 2200/2200 2201/2201 2206/2206
f 2206/2206 2201/2201 2204/2204
f 2207/2207 2200/2200 2206/2206
f 2208/2208 2200/2200 2207/2207
f 2199/2199 2200/2200 2208/2208
f 2209/2209 2199/2199 2208/2208
f 2197/2197 2199/2199 2209/2209
f 2210/2210 2197/2197 2209/2209
f 2198/2198 2197/2197 2210/2210
f 2211/2211 2195/2195 2198/2198
f 2211/2211 2198/2198 2212/2212
f 2212/2212 2198/2198 2210/2210
f 2196/2196 2195/2195 2211/2211
f 2196/2196 2211/2211 2213/2213
f 2193/2193 2196/2196 2213/2213
f 2194/2194 2193/2193 2213/2213
f 2213/2213 320/320 2194/2194
f 320/320 346/346 2194/2194
f 2194/2194 346/346 2190/2190
f 2190/2190 346/346 2214/2214
f 2190/2190 2214/2214 2191/2191
f 2215/2215 2192/2192 2191/2191
f 2191/2191 2214/2214 2215/2215
f 2216/2216 2189/2189 2192/2192
f 2217/2217 2216/2216 2192/2192
f 2217/2217 2192/2192 2215/2215
f 2214/2214 2218/2218 2215/2215
f 2219/2219 2217/2217 2215/2215
f 2215/2215 2218/2218 2220/2220
f 2220/2220 2219/2219 2215/2215
f 346/346 347/347 2214/2214
f 347/347 2221/2221 2214/2214
f 2221/2221 2222/2222 2214/2214
f 2214/2214 2222/2222 2218/2218
f 2218/2218 2222/2222 2223/2223
f 2218/2218 2224/2224 2220/2220
f 2218/2218 2223/2223 2224/2224
f 2225/2225 2226/2226 2220/2220
f 2226/2226 2219/2219 2220/2220
f 2220/2220 2224/2224 2225/2225
f 2219/2219 2227/2227 2217/2217
f 2228/2228 2227/2227 2219/2219
f 2228/2228 2219/2219 2226/2226
f 2217/2217 2229/2229 2216/2216
f 2227/2227 2229/2229 2217/2217
f 2216/2216 2230/2230 2189/2189
f 2231/2231 2230/2230 2216/2216
f 2229/2229 2231/2231 2216/2216
f 2232/2232 2231/2231 2229/2229
f 2227/2227 2232/2232 2229/2229
f 2233/2233 2227/2227 2228/2228
f 2233/2233 2234/2234 2227/2227
f 2234/2234 2232/2232 2227/2227
f 2235/2235 2233/2233 2228/2228
f 2235/2235 2228/2228 2226/2226
f 2236/2236 2226/2226 2225/2225
f 2237/2237 2235/2235 2226/2226
f 2237/2237 2226/2226 2236/2236
f 2225/2225 2224/2224 2236/2236
f 2224/2224 2223/2223 2238/2238
f 2224/2224 2238/2238 2239/2239
f 2224/2224 2239/2239 2236/2236
f 2222/2889 2240/2240 2223/2888
f 2223/2888 2240/2240 2241/2241
f 2223/2888 2241/2241 2242/2242
f 2223/2888 2242/2242 2238/2890
f 2221/2891 2243/2243 2222/2889
f 2222/2889 2243/2243 2244/2244
f 2222/2889 2244/2244 2240/2240
f 347/2802 2245/2245 2221/2891
f 2221/2891 2245/2245 2243/2243
f 347/2802 345/345 2245/2245
f 345/345 373/373 2245/2245
f 2245/2245 373/373 2243/2243
f 373/373 375/375 2243/2243
f 2243/2243 375/375 2246/2246
f 2243/2243 2246/2246 2244/2244
f 2244/2244 460/460 2240/2240
f 2244/2244 2246/2246 460/460
f 2240/2240 460/460 461/461
f 2240/2240 461/461 2241/2241
f 461/461 2247/2247 2241/2241
f 2241/2241 2248/2248 2242/2242
f 2241/2241 2247/2247 2248/2248
f 2238/2890 2242/2242 2249/2249
f 2249/2249 2242/2242 2250/2250
f 2242/2242 2251/2251 2250/2250
f 2242/2242 2248/2248 2251/2251
f 2239/2239 2238/2238 2249/2892
f 2236/2236 2239/2239 2252/2252
f 2252/2252 2239/2239 2253/2253
f 2239/2239 2249/2892 2254/2254
f 2239/2239 2254/2254 2255/2255
f 2239/2239 2255/2255 2253/2253
f 2252/2252 2237/2237 2236/2236
f 2256/2256 2235/2235 2237/2237
f 2257/2257 2256/2256 2237/2237
f 2257/2257 2237/2237 2253/2253
f 2253/2253 2237/2237 2252/2252
f 2258/2258 2233/2233 2235/2235
f 2256/2256 2258/2258 2235/2235
f 2259/2259 2258/2258 2256/2256
f 2257/2257 2260/2260 2256/2256
f 2260/2260 2259/2259 2256/2256
f 2261/2261 2262/2262 2257/2257
f 2262/2262 2260/2260 2257/2257
f 2263/2263 2257/2257 2253/2253
f 2261/2261 2257/2257 2263/2263
f 2264/2264 2263/2263 2253/2253
f 2253/2253 2255/2255 2264/2264
f 2254/2254 2265/2265 2255/2255
f 2255/2255 2266/2266 2264/2264
f 2255/2255 2265/2265 2266/2266
f 2249/2249 2250/2250 2254/2893
f 2254/2893 2250/2250 2265/2894
f 2250/2250 2251/2251 2267/2267
f 2250/2250 2267/2267 2268/2268
f 2265/2894 2250/2250 2269/2269
f 2250/2250 2268/2268 2269/2269
f 2251/2251 488/488 489/489
f 2251/2251 517/517 2267/2267
f 2251/2251 489/489 517/517
f 2248/2248 488/488 2251/2251
f 2247/2247 462/462 2248/2248
f 462/462 488/488 2248/2248
f 461/461 462/462 2247/2247
f 2267/2267 517/517 518/518
f 2267/2267 518/518 2268/2268
f 2268/2268 2270/2270 2269/2269
f 2268/2268 518/518 2270/2270
f 2265/2894 2269/2269 2271/2271
f 2269/2269 2270/2270 2271/2271
f 2266/2266 2265/2265 2272/2272
f 2265/2894 2271/2271 2273/2273
f 2265/2894 2273/2273 2274/2274
f 2272/2272 2265/2265 2274/2895
f 2266/2266 2272/2272 2264/2264
f 2275/2275 2263/2263 2264/2264
f 2264/2264 2272/2272 2276/2276
f 2276/2276 2275/2275 2264/2264
f 2275/2275 2277/2277 2263/2263
f 2277/2277 2261/2261 2263/2263
f 2261/2261 857/857 2262/2262
f 855/855 857/857 2261/2261
f 2277/2277 856/856 2261/2261
f 856/856 855/855 2261/2261
f 2262/2262 2278/2278 2260/2260
f 857/857 2278/2278 2262/2262
f 2278/2278 2259/2259 2260/2260
f 2259/2259 2279/2279 2258/2258
f 2278/2278 2279/2279 2259/2259
f 2278/2278 858/858 2279/2279
f 857/857 858/858 2278/2278
f 2279/2279 912/912 2258/2258
f 2279/2279 858/858 912/912
f 912/912 914/914 2258/2258
f 914/914 913/913 2280/2280
f 914/914 2280/2280 2234/2234
f 2233/2233 914/914 2234/2234
f 2258/2258 914/914 2233/2233
f 913/913 915/915 2280/2280
f 2234/2234 2280/2280 2281/2281
f 2280/2280 2282/2282 2281/2281
f 2280/2280 915/915 2282/2282
f 2234/2234 2281/2281 2232/2232
f 2281/2281 2283/2283 2232/2232
f 2281/2281 2282/2282 2283/2283
f 915/915 2284/2284 2282/2282
f 2284/2284 2285/2285 2282/2282
f 2282/2282 2286/2286 2283/2283
f 2282/2282 2285/2285 2286/2286
f 915/915 916/916 2284/2284
f 2284/2284 2287/2287 2285/2285
f 2284/2284 2288/2288 2287/2287
f 2284/2284 918/918 2288/2288
f 916/916 918/918 2284/2284
f 2285/2285 2287/2287 2289/2289
f 2285/2285 2289/2289 2286/2286
f 2286/2286 2289/2289 2290/2290
f 2283/2283 2286/2286 2291/2291
f 2291/2291 2286/2286 2290/2290
f 2231/2231 2283/2283 2291/2291
f 2232/2232 2283/2283 2231/2231
f 2291/2291 2230/2230 2231/2231
f 2291/2291 2292/2292 2230/2230
f 2291/2291 2290/2290 2292/2292
f 2290/2290 2293/2293 2294/2294
f 2295/2295 2290/2290 2294/2294
f 2290/2290 2296/2296 2293/2293
f 2289/2289 2296/2296 2290/2290
f 2290/2290 2295/2295 2292/2292
f 2289/2289 2287/2287 2296/2296
f 2287/2287 2297/2297 2296/2296
f 2288/2288 2297/2297 2287/2287
f 2288/2288 943/943 2297/2297
f 2288/2288 918/918 943/943
f 918/918 942/942 943/943
f 2297/2297 943/943 2298/2298
f 943/943 944/944 2298/2298
f 2296/2296 2297/2297 2299/2299
f 2297/2297 2298/2298 2299/2299
f 2296/2296 2299/2299 2293/2293
f 2294/2294 2293/2293 2300/2300
f 2293/2293 2301/2301 2300/2300
f 2293/2293 2299/2299 2301/2301
f 2295/2295 2294/2294 2302/2302
f 2302/2302 2294/2294 2187/2187
f 2294/2294 2300/2300 2187/2187
f 2292/2292 2295/2295 2302/2302
f 2292/2292 2302/2302 2230/2230
f 2230/2230 2188/2188 2189/2189
f 2230/2230 2302/2302 2188/2188
f 2302/2302 2187/2187 2188/2188
f 2187/2187 2300/2300 2160/2160
f 2300/2300 2159/2159 2160/2160
f 2300/2300 2303/2303 2159/2159
f 2300/2300 2301/2301 2303/2303
f 2301/2301 2304/2304 2305/2305
f 2301/2301 2305/2305 2303/2303
f 2299/2299 2304/2304 2301/2301
f 2299/2299 2104/2104 2304/2304
f 2298/2298 2104/2104 2299/2299
f 2298/2298 2306/2306 2104/2104
f 2298/2298 2307/2307 2306/2306
f 944/944 2307/2307 2298/2298
f 944/944 945/945 2307/2307
f 2306/2306 2307/2307 2076/2076
f 945/945 972/972 2307/2307
f 2307/2307 2075/2075 2076/2076
f 2307/2307 972/972 2075/2075
f 2306/2306 2076/2076 2104/2104
f 2308/2308 2104/2104 2105/2105
f 2104/2104 2308/2308 2304/2304
f 2304/2304 2308/2308 2305/2305
f 2305/2305 2130/2130 2132/2132
f 2305/2305 2308/2308 2130/2130
f 2303/2303 2305/2305 2132/2132
f 2303/2303 2132/2132 2159/2159
f 2159/2159 2132/2132 2131/2131
f 2308/2308 2106/2106 2130/2130
f 2308/2308 2105/2105 2106/2106
f 831/831 856/856 2277/2277
f 830/830 831/831 2309/2309
f 2309/2309 831/831 2277/2277
f 2309/2309 2277/2277 2275/2275
f 2309/2309 2275/2275 2276/2276
f 830/830 2309/2309 2276/2276
f 2310/2310 830/830 2276/2276
f 804/804 830/830 2310/2310
f 2276/2276 2272/2272 2311/2311
f 2276/2276 2311/2311 2310/2310
f 2310/2310 2311/2311 804/804
f 2311/2311 805/805 804/804
f 2272/2272 2274/2895 2311/2311
f 2274/2895 2312/2312 2311/2311
f 2311/2311 2312/2312 2313/2313
f 2311/2311 2313/2313 805/805
f 805/805 2313/2313 806/806
f 2312/2897 2314/2314 2313/2896
f 2313/2896 2314/2314 2315/2315
f 2313/2313 2316/2316 806/806
f 2313/2896 2317/2317 2316/2898
f 2313/2896 2315/2315 2317/2317
f 2274/2274 2314/2314 2312/2897
f 2274/2274 2273/2273 2314/2314
f 2273/2273 2318/2318 2314/2314
f 2314/2314 2318/2318 2319/2319
f 2314/2314 2319/2319 2315/2315
f 2319/2319 2320/2320 2315/2315
f 2315/2315 2320/2320 2321/2321
f 2315/2315 2321/2321 2317/2317
f 2317/2317 2321/2321 2322/2322
f 2317/2317 2322/2322 2323/2323
f 2316/2898 2317/2317 2323/2323
f 806/806 2316/2316 801/801
f 2316/2898 2323/2323 2324/2324
f 2316/2898 2324/2324 2325/2325
f 2316/2316 2325/2899 801/801
f 2323/2323 2322/2322 2324/2324
f 2321/2321 2326/2326 2322/2322
f 2322/2322 2326/2326 2327/2327
f 2322/2322 2327/2327 2324/2324
f 2328/2328 2329/2329 2321/2321
f 2320/2320 2328/2328 2321/2321
f 2321/2321 2329/2329 2330/2330
f 2321/2321 2330/2330 2326/2326
f 549/549 2328/2328 2320/2320
f 2319/2319 549/549 2320/2320
f 2318/2318 549/549 2319/2319
f 2273/2273 2331/2331 2318/2318
f 2331/2331 549/549 2318/2318
f 2273/2273 2271/2271 2331/2331
f 2270/2270 548/548 2331/2331
f 2271/2271 2270/2270 2331/2331
f 2331/2331 548/548 549/549
f 549/549 550/550 2328/2328
f 550/550 2332/2332 2328/2328
f 2328/2328 2332/2332 2329/2329
f 2329/2329 2332/2332 2333/2333
f 2329/2329 2333/2333 2330/2330
f 2330/2330 2333/2333 2334/2334
f 2330/2330 2335/2335 2326/2326
f 2330/2330 2334/2334 2335/2335
f 2326/2326 2335/2335 2327/2327
f 2327/2327 2335/2335 2336/2336
f 2327/2327 2336/2336 2337/2337
f 2324/2324 2327/2327 2337/2337
f 2325/2325 2324/2324 2338/2338
f 2338/2338 2324/2324 2337/2337
f 801/801 2325/2899 802/802
f 2325/2899 2339/2339 802/802
f 2325/2325 2338/2338 2339/2900
f 2339/2900 2338/2338 2340/2340
f 2338/2338 2337/2337 2340/2340
f 2337/2337 2336/2336 689/689
f 2337/2337 689/689 690/690
f 2337/2337 690/690 2340/2340
f 2335/2335 2341/2341 2336/2336
f 2336/2336 2341/2341 663/663
f 2336/2336 663/663 689/689
f 2334/2334 2341/2341 2335/2335
f 2333/2333 2342/2342 2334/2334
f 2334/2334 635/635 2341/2341
f 2334/2334 632/632 635/635
f 2342/2342 632/632 2334/2334
f 2332/2332 2343/2343 2333/2333
f 2333/2333 2343/2343 2342/2342
f 550/550 551/551 2332/2332
f 551/551 2343/2343 2332/2332
f 551/551 552/552 2343/2343
f 2343/2343 552/552 2342/2342
f 552/552 632/632 2342/2342
f 552/552 576/576 632/632
f 2341/2341 635/635 663/663
f 2340/2340 690/690 691/691
f 2339/2900 2340/2340 691/691
f 802/802 2339/2339 749/749
f 2339/2339 720/2815 749/749
f 2339/2900 691/691 720/720
f 802/802 749/749 750/750
f 720/2815 721/2901 723/723
f 721/2901 2344/2344 723/723
f 721/721 722/722 2344/2902
f 2344/2344 722/2814 723/723
f 2270/2270 519/519 548/548
f 2270/2270 518/518 519/519
f 2246/2246 459/459 460/460
f 375/375 2345/2345 2246/2246
f 2345/2345 431/431 2246/2246
f 2246/2246 431/431 459/459
f 375/375 374/374 2345/2345
f 374/374 430/430 2345/2345
f 2345/2345 430/430 431/431
f 321/321 320/320 2213/2213
f 2213/2213 2211/2211 321/321
f 321/321 2211/2211 322/322
f 2211/2211 2212/2212 322/322
f 322/322 2212/2212 2346/2346
f 2346/2346 290/290 322/322
f 2212/2212 2210/2210 2346/2346
f 2210/2210 2347/2347 2346/2346
f 2348/2348 290/290 2346/2346
f 2346/2346 2347/2347 2348/2348
f 289/289 290/290 2348/2348
f 2348/2348 2347/2347 289/289
f 2347/2347 2209/2209 2349/2349
f 2347/2347 2349/2349 2350/2350
f 2347/2347 2350/2350 289/289
f 2210/2210 2209/2209 2347/2347
f 289/289 2350/2350 288/288
f 288/288 2350/2350 2351/2351
f 2350/2350 2352/2352 2351/2351
f 2350/2350 2349/2349 2352/2352
f 2349/2349 2208/2208 2352/2352
f 2209/2209 2208/2208 2349/2349
f 2352/2352 2353/2353 2351/2351
f 2352/2352 2207/2207 2353/2353
f 2208/2208 2207/2207 2352/2352
f 2351/2351 2353/2353 2354/2354
f 2355/2355 2351/2351 2354/2354
f 288/288 2351/2351 2355/2355
f 2356/2356 261/261 288/288
f 288/288 2355/2355 2356/2356
f 2357/2357 2355/2355 2358/2358
f 2355/2355 2359/2359 2358/2358
f 2355/2355 2354/2354 2359/2359
f 2356/2356 2355/2355 2357/2357
f 2354/2354 2360/2360 2361/2361
f 2354/2354 2361/2361 2359/2359
f 2353/2353 2360/2360 2354/2354
f 2207/2207 2360/2360 2353/2353
f 2207/2207 2206/2206 2360/2360
f 2360/2360 2362/2362 2361/2361
f 2206/2206 2362/2362 2360/2360
f 2359/2359 2361/2361 2363/2363
f 2361/2361 2364/2364 2363/2363
f 2361/2361 2362/2362 2364/2364
f 2359/2359 2363/2363 2358/2358
f 2365/2365 2358/2358 2366/2366
f 2357/2357 2358/2358 2365/2365
f 2358/2358 2367/2367 2366/2366
f 2363/2363 2367/2367 2358/2358
f 2365/2365 2368/2368 2357/2357
f 2357/2357 2368/2368 261/261
f 2357/2357 261/261 2356/2356
f 2368/2368 260/2785 261/261
f 2369/2369 2370/2370 2368/2368
f 2365/2365 2369/2369 2368/2368
f 2370/2370 260/2785 2368/2368
f 2371/2371 2372/2372 2365/2365
f 2365/2365 2373/2373 2371/2371
f 2365/2365 2372/2372 2369/2369
f 2365/2365 2366/2366 2373/2373
f 2373/2373 2366/2366 2374/2374
f 2367/2367 2375/2375 2366/2366
f 2366/2366 2375/2375 2374/2374
f 2363/2363 2376/2376 2367/2367
f 2367/2367 2376/2376 2375/2375
f 2363/2363 2364/2364 2376/2376
f 2362/2362 2377/2377 2364/2364
f 2364/2364 2377/2377 2378/2378
f 2364/2364 2378/2378 2376/2376
f 2206/2206 2204/2204 2362/2362
f 2362/2362 2204/2204 2379/2379
f 2362/2362 2379/2379 2377/2377
f 2379/2379 2380/2380 2377/2377
f 2377/2377 2381/2381 2378/2378
f 2377/2377 2380/2380 2381/2381
f 2376/2376 2378/2378 2382/2382
f 2378/2378 2381/2381 2383/2383
f 2384/2384 2378/2378 2383/2383
f 2382/2382 2378/2378 2384/2384
f 2376/2376 2382/2382 2375/2375
f 2382/2382 2385/2385 2375/2375
f 2375/2375 2385/2385 2386/2386
f 2374/2374 2375/2375 2386/2386
f 2373/2373 2374/2374 2387/2387
f 2374/2374 2386/2386 2387/2387
f 2371/2371 2373/2373 2388/2388
f 2373/2373 2387/2387 2388/2388
f 2389/2389 2372/2372 2371/2371
f 2371/2371 2388/2388 2390/2390
f 2390/2390 2389/2389 2371/2371
f 2389/2389 119/2783 2372/2372
f 2372/2372 119/2783 145/2903
f 2372/2372 145/2903 2369/2369
f 145/2903 2370/2370 2369/2369
f 145/145 176/176 2370/2904
f 176/176 2391/2391 2370/2904
f 2370/2904 2391/2391 260/260
f 2391/2391 230/230 260/260
f 176/176 177/177 2391/2391
f 2391/2391 177/177 229/229
f 2391/2391 229/229 230/230
f 146/146 176/176 145/145
f 120/120 119/2783 2389/2389
f 2390/2390 120/120 2389/2389
f 2390/2390 2388/2388 2392/2392
f 2393/2393 120/120 2390/2390
f 2390/2390 2392/2392 2394/2394
f 2390/2390 2394/2394 2393/2393
f 2387/2387 2395/2395 2388/2388
f 2388/2388 2395/2395 2396/2396
f 2388/2388 2396/2396 2392/2392
f 2387/2387 2386/2386 2397/2397
f 2387/2387 2397/2397 2395/2395
f 2386/2386 2385/2385 2397/2397
f 2382/2382 2384/2384 2385/2385
f 2385/2385 2384/2384 2398/2398
f 2385/2385 2398/2398 2399/2399
f 2385/2385 2399/2399 2397/2397
f 2384/2384 2383/2383 2398/2398
f 2381/2381 2400/2400 2383/2383
f 2383/2383 2400/2400 1852/1852
f 2383/2383 1852/1852 2398/2398
f 2399/2399 2398/2398 2401/2401
f 2398/2398 1852/1852 2401/2401
f 2399/2399 2401/2401 2402/2402
f 2399/2399 2402/2402 2403/2403
f 2399/2399 2403/2403 2404/2404
f 2397/2397 2399/2399 2404/2404
f 2395/2395 2397/2397 2405/2405
f 2397/2397 2404/2404 2405/2405
f 2395/2395 2405/2405 2396/2396
f 2392/2392 2396/2396 2394/2394
f 2396/2396 2405/2405 1794/1794
f 2394/2394 2396/2396 2406/2406
f 2396/2396 1794/1794 2406/2406
f 2393/2393 2394/2394 2407/2407
f 2394/2394 2406/2406 2408/2408
f 2394/2394 2408/2408 2407/2407
f 91/91 120/120 2393/2393
f 2393/2393 2407/2407 92/92
f 92/92 91/91 2393/2393
f 2407/2407 2408/2408 2409/2409
f 92/92 2407/2407 2409/2409
f 2406/2406 1791/1791 2408/2408
f 2408/2408 1791/1791 1792/1792
f 2408/2408 1792/1792 1763/1763
f 2408/2408 1763/1763 2409/2409
f 2406/2406 1794/1794 1791/1791
f 2405/2405 1793/1793 1794/1794
f 2405/2405 2404/2404 1793/1793
f 2404/2404 2403/2403 1793/1793
f 2403/2403 2402/2402 1797/1797
f 2403/2403 1797/1797 1795/1795
f 2403/2403 1795/1795 1793/1793
f 2401/2401 1824/1824 2402/2402
f 2402/2402 1824/1824 1797/1797
f 1852/1852 1825/1825 2401/2401
f 2401/2401 1825/1825 1824/1824
f 2400/2400 1853/1853 1852/1852
f 2381/2381 2410/2410 2400/2400
f 2410/2410 1853/1853 2400/2400
f 1853/1853 2411/2411 1854/1854
f 2410/2410 2411/2411 1853/1853
f 2380/2380 2412/2412 2410/2410
f 2380/2380 2410/2410 2381/2381
f 2410/2410 2413/2413 2411/2411
f 2412/2412 2413/2413 2410/2410
f 2411/2411 2414/2414 1854/1854
f 2413/2413 2414/2414 2411/2411
f 2414/2414 1855/1855 1854/1854
f 2414/2414 2415/2415 1855/1855
f 2416/2416 2415/2415 2414/2414
f 2413/2413 2416/2416 2414/2414
f 2417/2417 2413/2413 2412/2412
f 2413/2413 2418/2418 2416/2416
f 2417/2417 2418/2418 2413/2413
f 2419/2419 2417/2417 2412/2412
f 2419/2419 2412/2412 2380/2380
f 2379/2379 2419/2419 2380/2380
f 2205/2205 2417/2417 2419/2419
f 2379/2379 2205/2205 2419/2419
f 2205/2205 2420/2420 2417/2417
f 2420/2420 2421/2421 2417/2417
f 2421/2421 2418/2418 2417/2417
f 2418/2418 2422/2422 2416/2416
f 2418/2418 2423/2423 2422/2422
f 2421/2421 2423/2423 2418/2418
f 2416/2416 2424/2424 2415/2415
f 2416/2416 2422/2422 2424/2424
f 2415/2415 2425/2425 1855/1855
f 2415/2415 2424/2424 2425/2425
f 2425/2425 1856/1856 1855/1855
f 2425/2425 2426/2426 1856/1856
f 2425/2425 2427/2427 2426/2426
f 2424/2424 2427/2427 2425/2425
f 2424/2424 1924/1924 2427/2427
f 1925/1925 1924/1924 2424/2424
f 1925/1925 2424/2424 2422/2422
f 2422/2422 2423/2423 1925/1925
f 2423/2423 2428/2428 1925/1925
f 2174/2174 2423/2423 2421/2421
f 2174/2174 2428/2428 2423/2423
f 2175/2175 2421/2421 2420/2420
f 2175/2175 2174/2174 2421/2421
f 2175/2175 2420/2420 2203/2203
f 2203/2203 2420/2420 2205/2205
f 2204/2204 2205/2205 2379/2379
f 2146/2146 2428/2428 2174/2174
f 2428/2428 1926/1926 1925/1925
f 2429/2429 1926/1926 2428/2428
f 2146/2146 2429/2429 2428/2428
f 2145/2145 2429/2429 2146/2146
f 2429/2429 1927/1927 1926/1926
f 2145/2145 1927/1927 2429/2429
f 2145/2145 1955/1955 1927/1927
f 1924/1924 1896/1896 2427/2427
f 2427/2427 1896/1896 1858/1858
f 2426/2426 2427/2427 1858/1858
f 2426/2426 1858/1858 1856/1856
f 1858/1858 1859/1859 1857/1857
f 1896/1896 1859/1859 1858/1858
f 2409/2409 1763/1763 1761/1761
f 92/92 2409/2409 66/66
f 2409/2409 1761/1761 2430/2430
f 66/66 2409/2409 2430/2430
f 1792/1792 1762/1762 1763/1763
f 2430/2430 1761/1761 1760/1760
f 66/66 2430/2430 63/63
f 63/63 2430/2430 62/62
f 2430/2430 1760/1760 62/62
f 1760/1760 1759/1759 62/62
f 62/62 1759/1759 61/61
f 1759/1759 58/58 61/61
f 61/61 58/58 57/57
f 2089/2089 1963/1963 1961/1961
f 2015/2015 1963/1963 2089/2089
f 2029/2029 2026/2026 2025/2025
f 2029/2029 2025/2025 2030/2030
f 2029/2029 2431/2431 2432/2432
f 2026/2026 2029/2029 2432/2432
f 1006/1006 2433/2433 2029/2029
f 2433/2433 2431/2431 2029/2029
f 2026/2026 2432/2432 1088/2887
f 2432/2432 2431/2431 1088/2887
f 2431/2431 2433/2433 1088/2887
f 1006/1006 2434/2434 2433/2433
f 2433/2433 1059/1059 1088/2887
f 2433/2433 2434/2434 1059/1059
f 1031/1031 2435/2435 1006/1006
f 2435/2435 2434/2434 1006/1006
f 2434/2434 2435/2435 1059/1059
f 2435/2435 1030/1030 1059/1059
f 1029/1029 1059/1059 1030/1030
f 2435/2435 1031/1031 1030/1030
f 2028/2028 2030/2030 2025/2025
f 1112/1112 1115/1115 1113/1113
f 1115/1115 1117/1117 1113/1113
f 1973/1973 1202/1202 1972/1972
f 1972/1972 1202/1202 1971/1971
f 1971/1971 1202/1202 1228/1228
f 1971/1971 2436/2436 1945/1945
f 1971/1971 1228/1228 2436/2436
f 2436/2436 1228/1228 2437/2437
f 2438/2438 2437/2437 1228/1228
f 1229/1229 2438/2438 1228/1228
f 1945/1945 2436/2436 2439/2439
f 2439/2439 2436/2436 2437/2437
f 1945/1945 2439/2439 2440/2440
f 1945/1945 2440/2440 1944/1944
f 2440/2440 2439/2439 2437/2437
f 2441/2441 2440/2440 2437/2437
f 2437/2437 2438/2438 2441/2441
f 1230/1230 2442/2442 2438/2438
f 2441/2441 2438/2438 2443/2443
f 2442/2442 2444/2444 2438/2438
f 2438/2438 2444/2444 2443/2443
f 2438/2438 1229/1229 1230/1230
f 2441/2441 2443/2443 1944/1944
f 2441/2441 1944/1944 2440/2440
f 1944/1944 2443/2443 1942/1942
f 2443/2443 2444/2444 1942/1942
f 1942/1942 2444/2444 1943/1943
f 2444/2444 2442/2442 1943/1943
f 2445/2445 2442/2442 1230/1230
f 1943/1943 2442/2442 1939/1939
f 2442/2442 2445/2445 1939/1939
f 1230/1230 1231/1231 2445/2445
f 1231/1231 1232/1232 2445/2445
f 1232/1232 1233/1233 2445/2445
f 1940/1940 2445/2445 1233/1233
f 2445/2445 1940/1940 1939/1939
f 1941/1941 1943/1943 1939/1939
f 2446/2446 1940/1940 1233/1233
f 1235/1235 1940/1940 2446/2446
f 1236/1236 1940/1940 1235/1235
f 1938/1938 1940/1940 1914/1914
f 1940/1940 2447/2447 1914/1914
f 2447/2447 1940/1940 1236/1236
f 1233/1233 1234/1234 2446/2446
f 1234/1234 1235/1235 2446/2446
f 1261/1261 2448/2448 1236/1236
f 2448/2448 2447/2447 1236/1236
f 2447/2447 2448/2448 1914/1914
f 1914/1914 2448/2448 1913/1913
f 1913/1913 2448/2448 1912/1912
f 1262/1262 2448/2448 1261/1261
f 1912/1912 2448/2448 1911/1911
f 2448/2448 2449/2449 1911/1911
f 2448/2448 1262/1262 2450/2450
f 2449/2449 2448/2448 2450/2450
f 1263/1263 2450/2450 1262/1262
f 2450/2450 1297/1297 2449/2449
f 2450/2450 1263/1263 1296/1296
f 2450/2450 1296/1296 1297/1297
f 1908/1908 2449/2449 1297/1297
f 1908/1908 1910/1910 2449/2449
f 1910/1910 1911/1911 2449/2449
f 1323/1323 1909/1909 1297/1297
f 1909/1909 1908/1908 1297/1297
f 1323/1323 1324/1324 1909/1909
f 1263/1263 1264/1264 1296/1296
f 1264/1264 1265/1265 1296/1296
f 1265/1265 1266/1266 1296/1296
f 1559/1559 1566/1566 1560/1560
f 1566/1566 1561/1561 1560/1560
f 389/389 1129/1129 2451/2451
f 390/390 389/389 2451/2451
f 2451/2451 1129/1129 1128/1128
f 2451/2451 1128/1128 418/418
f 390/390 2451/2451 418/418
f 418/418 1128/1128 445/445
f 505/505 1100/1100 2452/2452
f 1100/1100 1099/1099 2452/2452
f 503/503 1100/1100 505/505
f 505/505 2452/2452 531/531
f 2452/2452 532/532 531/531
f 2452/2452 2453/2453 532/532
f 1099/1099 2453/2453 2452/2452
f 1099/1099 1074/1074 2453/2453
f 2453/2453 2454/2454 2455/2455
f 2453/2453 2455/2455 532/532
f 2453/2453 1074/1074 2454/2454
f 532/532 2455/2455 533/533
f 2455/2455 2454/2454 2456/2456
f 533/533 2455/2455 2456/2456
f 2454/2454 2457/2457 2458/2458
f 2454/2454 2458/2458 2456/2456
f 2459/2459 2457/2457 2454/2454
f 1074/1074 2459/2459 2454/2454
f 1074/1074 1073/1073 2459/2459
f 2459/2459 2460/2460 2457/2457
f 1073/1073 2460/2460 2459/2459
f 2457/2457 2460/2460 2461/2461
f 2457/2457 2461/2461 2462/2462
f 2458/2458 2457/2457 2462/2462
f 2456/2456 2458/2458 2462/2462
f 2456/2456 2462/2462 2463/2463
f 533/533 2456/2456 2463/2463
f 533/533 2463/2463 534/534
f 2463/2463 2462/2462 2464/2464
f 2463/2463 2464/2464 564/564
f 534/534 2463/2463 564/564
f 2462/2462 2461/2461 2465/2465
f 2462/2462 2465/2465 2464/2464
f 2461/2461 2466/2466 2465/2465
f 2460/2460 2467/2467 2461/2461
f 2461/2461 2468/2468 2466/2466
f 2467/2467 2469/2469 2461/2461
f 2469/2469 2470/2470 2461/2461
f 2461/2461 2470/2470 2468/2468
f 1073/1073 2471/2471 2460/2460
f 2471/2471 2472/2472 2460/2460
f 2472/2472 2473/2473 2460/2460
f 2473/2473 2474/2474 2460/2460
f 2460/2460 2474/2474 2475/2475
f 2460/2460 2475/2475 2467/2467
f 1043/2824 2476/2476 1073/1073
f 1073/1073 2476/2476 2477/2477
f 1073/1073 2477/2477 2471/2471
f 2477/2477 2478/2478 2471/2471
f 2471/2471 2478/2478 2479/2479
f 2471/2471 2479/2479 2472/2472
f 2473/2473 2472/2472 2479/2479
f 2474/2906 2473/2905 2480/2480
f 2473/2905 2479/2907 2481/2481
f 2481/2481 2482/2482 2473/2905
f 2473/2905 2482/2482 2480/2480
f 2475/2908 2474/2906 2480/2480
f 2469/2469 2467/2467 2475/2475
f 2469/2909 2475/2908 2480/2480
f 2470/2910 2469/2909 2483/2483
f 2480/2480 2484/2484 2469/2909
f 2469/2909 2484/2484 2483/2483
f 2470/2910 2485/2485 2468/2911
f 2485/2485 2470/2910 2483/2483
f 2468/2468 2486/2486 2466/2466
f 2468/2911 2485/2485 2487/2487
f 2468/2911 2487/2487 2486/2912
f 2466/2466 2486/2486 2488/2488
f 2466/2466 2488/2488 2489/2489
f 2465/2465 2466/2466 2489/2489
f 2487/2487 2490/2490 2486/2912
f 2486/2912 2490/2490 2491/2491
f 2486/2912 2491/2491 2492/2492
f 2486/2912 2492/2492 2488/2913
f 2490/2490 2487/2487 2493/2493
f 2487/2487 2485/2485 2493/2493
f 2483/2483 2484/2484 2485/2485
f 2485/2485 2484/2484 2493/2493
f 987/987 2484/2484 988/988
f 2494/2494 2484/2484 987/987
f 2495/2495 2484/2484 2494/2494
f 2496/2496 2484/2484 2495/2495
f 2484/2484 2482/2482 988/988
f 2497/2497 2493/2493 2484/2484
f 2496/2496 2497/2497 2484/2484
f 2482/2482 2484/2484 2480/2480
f 2482/2482 2478/2914 1019/1019
f 2498/2498 2482/2482 991/991
f 2478/2914 2482/2482 2481/2481
f 989/989 2482/2482 2498/2498
f 988/988 2482/2482 989/989
f 991/991 2482/2482 1019/1019
f 2479/2907 2478/2914 2481/2481
f 2478/2914 2477/2915 1045/1045
f 1045/1045 1019/1019 2478/2914
f 2477/2915 2476/2916 1045/1045
f 2476/2916 1043/1043 1045/1045
f 991/991 990/990 2498/2498
f 990/990 989/989 2498/2498
f 2499/2499 2497/2497 2496/2496
f 2500/2500 2497/2497 2499/2499
f 2493/2493 2497/2497 2491/2491
f 2500/2500 2501/2501 2497/2497
f 2501/2501 2491/2491 2497/2497
f 2492/2492 2491/2491 2502/2502
f 2491/2491 2490/2490 2493/2493
f 2491/2491 2501/2501 2502/2502
f 2492/2492 2503/2503 2488/2913
f 2503/2503 2492/2492 2502/2502
f 2489/2489 2488/2488 2504/2504
f 2488/2913 2503/2503 2505/2505
f 2488/2913 2505/2505 2504/2917
f 2465/2465 2489/2489 2506/2506
f 2489/2489 2504/2504 2507/2507
f 2506/2506 2489/2489 2507/2507
f 2504/2504 2508/2508 2507/2507
f 2504/2917 2509/2509 2508/2918
f 2504/2917 2510/2510 2509/2509
f 2504/2917 2511/2511 2512/2512
f 2504/2917 2512/2512 2510/2510
f 2505/2505 2511/2511 2504/2917
f 2511/2511 2505/2505 2513/2513
f 2505/2505 2503/2503 2513/2513
f 2502/2502 2501/2501 2503/2503
f 2503/2503 2501/2501 2513/2513
f 2514/2514 2501/2501 2500/2500
f 2515/2515 2501/2501 2514/2514
f 2516/2516 2501/2501 2515/2515
f 2516/2516 2513/2513 2501/2501
f 2517/2517 2500/2500 2518/2518
f 2500/2500 2499/2499 2518/2518
f 2500/2500 2517/2517 2514/2514
f 2518/2518 2499/2499 2519/2519
f 2519/2519 2499/2499 2496/2496
f 2495/2495 2519/2519 2496/2496
f 2518/2518 2519/2519 2520/2520
f 2519/2519 2495/2495 2520/2520
f 2521/2521 2518/2518 959/959
f 959/959 2518/2518 2520/2520
f 2521/2521 2517/2517 2518/2518
f 2521/2521 2515/2515 2517/2517
f 2517/2517 2515/2515 2514/2514
f 2521/2521 2522/2522 2515/2515
f 2515/2515 2522/2522 2516/2516
f 2522/2522 2523/2523 2516/2516
f 2523/2523 2524/2524 2516/2516
f 2524/2524 2525/2525 2516/2516
f 2513/2513 2516/2516 2525/2525
f 2526/2526 2513/2513 2525/2525
f 2511/2511 2513/2513 2526/2526
f 2512/2512 2511/2511 2526/2526
f 2527/2527 2510/2510 2512/2512
f 2527/2527 2512/2512 2526/2526
f 2510/2510 2527/2527 2528/2528
f 2510/2510 2528/2528 2509/2509
f 2509/2509 2529/2529 2530/2530
f 2509/2509 2530/2530 2508/2918
f 2528/2528 2529/2529 2509/2509
f 2507/2507 2508/2508 2531/2531
f 2508/2918 2532/2532 2533/2533
f 2508/2918 2533/2533 2531/2919
f 2530/2530 2532/2532 2508/2918
f 2532/2532 2530/2530 2534/2534
f 2530/2530 2529/2529 2534/2534
f 2529/2529 2528/2528 2535/2535
f 2535/2535 2525/2525 2529/2529
f 2529/2529 2525/2525 2534/2534
f 2526/2526 2525/2525 2527/2527
f 2527/2527 2525/2525 2535/2535
f 2536/2536 2525/2525 2537/2537
f 2538/2538 2525/2525 2536/2536
f 2525/2525 2524/2524 2537/2537
f 2538/2538 2534/2534 2525/2525
f 2524/2524 2539/2539 2540/2540
f 2539/2539 2524/2524 2523/2523
f 2524/2524 2540/2540 2537/2537
f 2539/2539 2523/2523 2521/2521
f 2523/2523 2522/2522 2521/2521
f 2541/2541 2521/2521 2542/2542
f 2542/2542 2521/2521 959/959
f 2539/2539 2521/2521 2541/2541
f 2542/2542 959/959 957/957
f 957/957 959/959 958/958
f 959/959 2520/2520 986/986
f 2520/2520 2495/2495 2543/2543
f 2520/2520 2543/2543 986/986
f 986/986 2543/2543 987/987
f 987/987 2543/2543 2494/2494
f 2543/2543 2495/2495 2494/2494
f 2544/2544 2545/2545 957/957
f 2545/2545 2542/2542 957/957
f 2544/2544 957/957 930/930
f 2546/2546 2541/2541 2542/2542
f 2546/2546 2542/2542 2545/2545
f 2546/2546 2547/2547 2541/2541
f 2547/2547 2536/2536 2541/2541
f 2541/2541 2536/2536 2548/2548
f 2541/2541 2548/2548 2540/2540
f 2541/2541 2540/2540 2539/2539
f 2547/2547 2549/2549 2536/2536
f 2548/2548 2536/2536 2537/2537
f 2536/2536 2549/2549 2538/2538
f 2540/2540 2548/2548 2537/2537
f 2549/2549 2550/2550 2538/2538
f 2550/2550 2551/2551 2538/2538
f 2551/2551 2534/2534 2538/2538
f 2532/2532 2534/2534 2533/2533
f 2552/2552 2533/2533 2534/2534
f 2551/2551 2552/2552 2534/2534
f 2533/2533 2553/2553 2531/2919
f 2533/2533 2552/2552 2553/2553
f 2554/2554 2552/2552 2551/2551
f 2555/2555 2552/2552 2554/2554
f 2553/2553 2552/2552 2556/2556
f 2557/2557 2552/2552 2555/2555
f 2558/2558 2552/2552 2557/2557
f 2552/2552 2558/2558 2556/2556
f 2559/2559 2554/2554 2551/2551
f 2559/2559 2551/2551 2550/2550
f 2559/2559 2550/2550 2547/2547
f 2550/2550 2549/2549 2547/2547
f 2559/2559 2547/2547 2546/2546
f 2560/2560 2561/2561 2546/2546
f 2560/2560 2546/2546 2562/2562
f 2561/2561 2559/2559 2546/2546
f 2562/2562 2546/2546 2545/2545
f 2562/2562 2545/2545 2563/2563
f 2563/2563 2545/2545 2544/2544
f 2563/2563 2544/2544 2564/2564
f 2564/2564 2544/2544 930/930
f 2564/2564 930/930 929/929
f 2565/2565 2563/2563 2564/2564
f 2565/2565 2564/2564 2566/2566
f 2566/2566 2564/2564 929/929
f 2567/2567 2563/2563 2568/2568
f 2567/2567 2562/2562 2563/2563
f 2568/2568 2563/2563 2565/2565
f 2569/2569 2562/2562 2567/2567
f 2569/2569 2560/2560 2562/2562
f 2570/2570 2560/2560 2571/2571
f 2572/2572 2571/2571 2560/2560
f 2572/2572 2560/2560 2569/2569
f 2560/2560 2570/2570 2573/2573
f 2560/2560 2573/2573 2561/2561
f 2573/2573 2574/2574 2561/2561
f 2574/2574 2559/2559 2561/2561
f 2574/2574 2575/2575 2559/2559
f 2575/2575 2554/2554 2559/2559
f 2554/2554 2575/2575 2555/2555
f 2575/2575 2557/2557 2555/2555
f 2576/2576 2557/2557 2574/2574
f 2574/2574 2557/2557 2575/2575
f 2557/2557 2576/2576 2577/2577
f 2577/2577 2558/2558 2557/2557
f 2573/2573 2576/2576 2574/2574
f 2570/2570 2578/2578 2573/2573
f 2578/2578 2579/2579 2573/2573
f 2579/2579 2576/2576 2573/2573
f 2580/2580 2570/2570 2571/2571
f 2580/2580 2581/2581 2570/2570
f 2581/2581 2582/2582 2570/2570
f 2582/2582 2583/2583 2570/2570
f 2570/2570 2583/2583 2578/2578
f 2584/2584 2580/2580 2571/2571
f 2585/2585 2584/2584 2571/2571
f 2585/2585 2571/2571 2586/2586
f 2586/2586 2571/2571 2587/2587
f 2587/2587 2571/2571 2572/2572
f 2587/2587 2572/2572 2588/2588
f 2572/2572 2589/2589 2588/2588
f 2572/2572 2569/2569 2589/2589
f 2589/2589 2569/2569 2567/2567
f 2589/2589 2567/2567 2590/2590
f 2590/2590 2567/2567 2568/2568
f 2590/2590 2568/2568 2591/2591
f 2591/2591 2568/2568 2592/2592
f 2568/2568 2593/2593 2592/2592
f 2568/2568 2565/2565 2593/2593
f 2594/2594 2588/2588 2590/2590
f 2594/2594 2590/2590 2591/2591
f 2588/2588 2589/2589 2590/2590
f 2595/2595 2588/2588 2594/2594
f 2595/2595 2587/2587 2588/2588
f 2596/2596 2587/2587 2595/2595
f 2596/2596 2586/2586 2587/2587
f 2585/2585 2586/2586 2597/2597
f 2597/2597 2586/2586 2596/2596
f 2598/2598 2584/2584 2585/2585
f 2598/2598 2585/2585 2597/2597
f 2599/2599 2600/2600 2584/2584
f 2600/2600 2601/2601 2584/2584
f 2584/2584 2601/2601 2580/2580
f 2599/2599 2584/2584 2598/2598
f 2601/2601 2602/2602 2580/2580
f 2580/2580 2603/2603 2604/2604
f 2580/2580 2604/2604 2605/2605
f 2580/2580 2605/2605 2581/2581
f 2602/2602 2603/2603 2580/2580
f 2605/2605 2606/2606 2581/2581
f 2606/2606 2607/2607 2581/2581
f 2581/2581 2607/2607 2582/2582
f 2607/2607 2608/2608 2582/2582
f 2582/2582 2608/2608 2609/2609
f 2582/2582 2609/2609 2583/2583
f 2607/2607 2606/2606 2610/2610
f 2607/2607 2611/2611 2608/2608
f 2610/2610 2611/2611 2607/2607
f 2606/2606 2605/2605 2612/2612
f 2606/2606 2612/2612 2610/2610
f 2604/2604 2613/2613 2605/2605
f 2613/2613 2612/2612 2605/2605
f 2603/2603 2614/2614 2604/2604
f 2604/2604 2614/2614 2613/2613
f 2602/2602 2615/2615 2603/2603
f 2615/2615 2616/2616 2603/2603
f 2603/2603 2616/2616 2614/2614
f 2617/2617 2602/2602 2601/2601
f 2617/2617 2618/2618 2602/2602
f 2602/2602 2618/2618 2619/2619
f 2602/2602 2619/2619 2615/2615
f 2620/2620 2617/2617 2601/2601
f 2620/2620 2601/2601 2600/2600
f 2621/2621 2620/2620 2600/2600
f 2621/2621 2600/2600 2622/2622
f 2622/2622 2600/2600 2599/2599
f 2622/2622 2599/2599 2623/2623
f 2623/2623 2599/2599 2598/2598
f 2623/2623 2598/2598 2624/2624
f 2624/2624 2598/2598 2597/2597
f 2624/2624 2597/2597 2625/2625
f 2625/2625 2597/2597 2596/2596
f 2625/2625 2596/2596 2595/2595
f 2625/2625 2595/2595 2626/2626
f 2627/2627 2625/2625 2626/2626
f 2628/2628 2625/2625 2627/2627
f 2628/2628 2624/2624 2625/2625
f 2629/2629 2624/2624 2628/2628
f 2629/2629 2623/2623 2624/2624
f 2622/2622 2623/2623 2629/2629
f 2630/2630 2622/2622 2629/2629
f 2631/2631 2622/2622 2630/2630
f 2631/2631 2632/2632 2622/2622
f 2632/2632 2621/2621 2622/2622
f 2621/2621 2633/2633 2634/2634
f 2632/2632 2633/2633 2621/2621
f 2621/2621 2634/2634 2635/2635
f 2621/2621 2635/2635 2620/2620
f 2635/2635 2636/2636 2620/2620
f 2636/2636 2637/2637 2620/2620
f 2620/2620 2637/2637 2617/2617
f 2637/2637 2638/2638 2617/2617
f 2617/2617 2638/2638 2618/2618
f 2619/2619 2618/2618 2639/2639
f 2618/2618 2638/2638 2639/2639
f 2615/2615 2619/2619 2639/2639
f 2616/2616 2615/2615 2640/2640
f 2615/2615 2639/2639 2640/2640
f 2614/2614 2616/2616 2640/2640
f 2641/2641 2640/2640 2642/2642
f 2640/2640 2641/2641 2614/2614
f 2643/2643 2644/2644 2640/2640
f 2640/2640 2644/2644 2642/2642
f 2640/2640 2639/2639 2643/2643
f 2638/2638 2643/2643 2639/2639
f 2637/2637 2643/2643 2638/2638
f 2637/2637 2636/2636 2645/2645
f 2645/2645 2643/2643 2637/2637
f 2635/2635 2646/2646 2636/2636
f 2636/2636 2646/2646 2645/2645
f 2634/2634 2647/2647 2635/2635
f 2647/2647 2646/2646 2635/2635
f 2634/2634 2633/2633 2647/2647
f 2631/2631 2633/2633 2632/2632
f 2631/2631 2648/2648 2633/2633
f 2648/2648 2649/2649 2633/2633
f 2633/2633 2649/2649 2647/2647
f 2650/2650 2631/2631 2630/2630
f 2650/2650 2651/2651 2631/2631
f 2651/2651 2648/2648 2631/2631
f 2652/2652 2630/2630 2629/2629
f 2653/2653 2630/2630 2652/2652
f 2650/2650 2630/2630 2653/2653
f 2629/2629 2628/2628 2652/2652
f 2652/2652 2628/2628 2627/2627
f 2654/2654 2652/2652 2627/2627
f 2653/2653 2652/2652 2654/2654
f 2653/2653 2654/2654 2655/2655
f 708/708 2653/2653 2655/2655
f 704/704 2653/2653 708/708
f 704/704 2650/2650 2653/2653
f 2650/2650 703/703 2651/2651
f 704/704 703/703 2650/2650
f 703/703 676/2812 2651/2651
f 676/2812 2656/2656 2651/2651
f 2656/2656 2657/2657 2651/2651
f 2651/2651 2657/2657 2648/2648
f 2657/2657 2658/2658 2648/2648
f 2658/2658 2659/2659 2648/2648
f 2648/2648 2659/2659 2649/2649
f 2659/2659 2660/2660 2649/2649
f 2649/2649 2661/2661 2662/2662
f 2660/2660 2661/2661 2649/2649
f 2649/2649 2662/2662 2647/2647
f 2662/2662 2663/2663 2647/2647
f 2663/2663 2664/2664 2647/2647
f 2647/2647 2664/2664 2646/2646
f 2646/2646 2664/2664 2645/2645
f 2664/2664 2665/2665 2645/2645
f 2665/2665 2643/2643 2645/2645
f 2664/2664 2663/2663 2665/2665
f 2666/2666 2663/2663 2662/2662
f 2663/2663 2667/2667 2665/2665
f 2663/2663 2666/2666 2667/2667
f 2661/2661 2666/2666 2662/2662
f 2668/2668 2661/2921 2660/2920
f 2668/2668 2669/2669 2661/2921
f 2669/2669 2666/2922 2661/2921
f 2670/2670 2660/2920 2659/2923
f 2670/2670 2668/2668 2660/2920
f 2671/2671 2670/2670 2659/2923
f 2671/2671 2659/2923 2658/2924
f 2671/2671 2658/2924 2657/2925
f 2672/2672 2671/2671 2657/2925
f 675/675 2672/2672 2657/2925
f 675/675 2657/2925 2656/2926
f 675/675 2656/2926 676/676
f 2673/2673 675/675 2674/2674
f 2673/2673 2672/2672 675/675
f 674/674 2674/2674 675/675
f 2672/2672 2675/2675 2671/2671
f 2673/2673 2676/2676 2672/2672
f 2676/2676 2675/2675 2672/2672
f 2675/2675 2670/2670 2671/2671
f 2670/2670 2677/2677 2668/2668
f 2675/2675 2678/2678 2670/2670
f 2678/2678 2677/2677 2670/2670
f 2677/2677 2679/2679 2668/2668
f 2679/2679 2680/2680 2668/2668
f 2680/2680 2669/2669 2668/2668
f 2681/2681 2669/2669 2682/2682
f 2680/2680 2682/2682 2669/2669
f 2669/2669 2681/2681 2666/2922
f 2666/2922 2681/2681 2667/2927
f 2681/2929 2682/2928 2667/2667
f 2682/2928 2683/2683 2667/2667
f 2665/2665 2667/2667 2683/2683
f 2665/2665 2683/2683 2643/2643
f 2684/2684 2683/2930 2680/2680
f 2680/2680 2683/2930 2682/2682
f 2683/2930 2684/2684 2685/2685
f 2685/2931 2643/2643 2683/2683
f 2679/2679 2684/2684 2680/2680
f 2677/2677 2686/2686 2679/2679
f 2686/2686 2687/2687 2679/2679
f 2687/2687 2684/2684 2679/2679
f 2688/2688 2686/2686 2677/2677
f 2689/2689 2677/2677 2678/2678
f 2689/2689 2688/2688 2677/2677
f 2689/2689 2678/2678 2690/2690
f 2690/2690 2678/2678 2675/2675
f 2691/2691 2675/2675 2676/2676
f 2691/2691 2692/2692 2675/2675
f 2692/2692 2690/2690 2675/2675
f 2673/2673 2691/2691 2676/2676
f 2693/2693 2673/2673 2674/2674
f 2691/2691 2673/2673 2693/2693
f 674/674 2693/2693 2674/2674
f 646/646 2694/2694 674/674
f 2694/2694 2693/2693 674/674
f 2695/2695 2691/2691 2693/2693
f 2694/2694 2695/2695 2693/2693
f 2696/2696 2692/2692 2691/2691
f 2695/2695 2696/2696 2691/2691
f 2692/2692 2697/2697 2690/2690
f 2698/2698 2697/2697 2692/2692
f 2696/2696 2698/2698 2692/2692
f 2697/2697 2689/2689 2690/2690
f 2699/2699 2688/2688 2689/2689
f 2697/2697 2700/2700 2689/2689
f 2700/2700 2701/2701 2689/2689
f 2701/2701 2699/2699 2689/2689
f 2699/2699 2702/2702 2688/2688
f 2688/2688 2702/2702 2703/2703
f 2688/2688 2703/2703 2704/2704
f 2688/2688 2704/2704 2705/2705
f 2705/2705 2686/2686 2688/2688
f 2705/2705 2706/2706 2686/2686
f 2706/2706 2707/2707 2686/2686
f 2686/2686 2707/2707 2687/2687
f 2684/2684 2687/2687 2685/2685
f 2687/2687 2707/2707 2685/2685
f 2707/2707 2644/2932 2685/2685
f 2644/2644 2643/2643 2685/2931
f 2707/2707 2706/2706 2708/2708
f 2708/2708 2644/2932 2707/2707
f 2706/2706 2705/2705 2704/2704
f 2706/2706 2704/2704 2644/2932
f 2706/2706 2644/2932 2708/2708
f 2704/2704 2703/2703 2709/2709
f 2704/2704 2709/2709 2644/2932
f 2703/2703 2702/2702 2709/2709
f 2699/2699 2642/2933 2702/2702
f 2702/2702 2642/2933 2709/2709
f 2701/2701 2710/2710 2699/2699
f 2710/2710 2642/2933 2699/2699
f 2711/2711 2701/2701 2700/2700
f 2701/2701 2712/2712 2713/2713
f 2701/2701 2713/2713 2710/2710
f 2714/2714 2715/2715 2701/2701
f 2715/2715 2712/2712 2701/2701
f 2711/2711 2714/2714 2701/2701
f 2698/2698 2700/2700 2697/2697
f 2716/2716 2700/2700 2698/2698
f 2716/2716 2717/2717 2700/2700
f 2717/2717 2711/2711 2700/2700
f 2718/2718 2698/2698 2696/2696
f 2718/2718 2716/2716 2698/2698
f 2719/2719 2696/2696 2695/2695
f 2719/2719 2718/2718 2696/2696
f 2719/2719 2695/2695 2694/2694
f 2720/2720 2719/2719 2721/2721
f 2720/2720 2718/2718 2719/2719
f 2721/2721 2719/2719 2694/2694
f 2722/2722 2716/2716 2718/2718
f 2723/2723 2722/2722 2718/2718
f 2720/2720 2723/2723 2718/2718
f 2722/2722 2717/2717 2716/2716
f 2717/2717 2724/2724 2711/2711
f 2717/2717 2725/2725 2724/2724
f 2717/2717 2531/2531 2726/2726
f 2727/2727 2717/2717 2722/2722
f 2727/2727 2728/2728 2717/2717
f 2728/2728 2531/2531 2717/2717
f 2726/2726 2725/2725 2717/2717
f 2711/2711 2729/2729 2715/2715
f 2711/2711 2715/2715 2714/2714
f 2730/2730 2729/2729 2711/2711
f 2724/2724 2730/2730 2711/2711
f 2712/2935 2715/2934 2731/2731
f 2715/2934 2729/2936 2731/2731
f 2713/2937 2712/2935 2732/2732
f 2731/2731 2611/2611 2712/2935
f 2712/2935 2641/2641 2732/2732
f 2641/2641 2712/2935 2611/2611
f 2733/2733 2710/2710 2713/2713
f 2733/2938 2713/2937 2732/2732
f 2710/2710 2733/2733 2642/2933
f 2642/2642 2733/2938 2732/2732
f 2732/2732 2641/2641 2642/2642
f 2642/2933 2644/2932 2709/2709
f 2610/2610 2641/2641 2611/2611
f 2612/2612 2641/2641 2610/2610
f 2734/2734 2641/2641 2612/2612
f 2614/2614 2641/2641 2734/2734
f 2608/2608 2611/2611 2735/2735
f 2611/2611 2731/2731 2735/2735
f 2729/2936 2730/2939 2731/2731
f 2730/2939 2736/2736 2731/2731
f 2736/2736 2735/2735 2731/2731
f 2737/2737 2730/2730 2724/2724
f 2730/2939 2737/2940 2736/2736
f 2725/2725 2737/2737 2724/2724
f 2725/2941 2738/2738 2737/2940
f 2726/2942 2739/2739 2725/2941
f 2738/2738 2725/2941 2739/2739
f 2726/2942 2740/2740 2739/2739
f 2531/2919 2741/2741 2726/2942
f 2741/2741 2740/2740 2726/2942
f 2507/2507 2531/2531 2728/2728
f 2742/2742 2741/2741 2531/2919
f 2531/2919 2553/2553 2742/2742
f 2507/2507 2728/2728 2743/2743
f 2727/2727 2743/2743 2728/2728
f 2744/2744 2743/2743 2727/2727
f 2744/2744 2727/2727 2722/2722
f 2745/2745 2507/2507 2743/2743
f 616/616 2745/2745 2743/2743
f 616/616 2743/2743 2744/2744
f 2745/2745 2506/2506 2507/2507
f 590/590 2506/2506 2745/2745
f 590/590 2745/2745 616/616
f 616/616 2744/2744 618/618
f 618/618 2744/2744 619/619
f 619/619 2744/2744 2722/2722
f 619/619 2722/2722 2723/2723
f 617/617 619/619 2723/2723
f 617/617 2723/2723 2720/2720
f 617/617 2720/2720 620/620
f 620/620 2720/2720 2721/2721
f 620/620 2721/2721 647/647
f 647/647 2721/2721 2694/2694
f 647/647 2694/2694 646/646
f 591/591 2465/2465 590/590
f 2465/2465 2506/2506 590/590
f 2464/2464 2465/2465 591/591
f 2464/2464 591/591 564/564
f 2741/2741 2742/2742 2556/2556
f 2742/2742 2553/2553 2556/2556
f 2740/2740 2741/2741 2556/2556
f 2556/2556 2558/2558 2740/2740
f 2739/2739 2740/2740 2746/2746
f 2740/2740 2558/2558 2746/2746
f 2738/2738 2739/2739 2746/2746
f 2746/2746 2558/2558 2738/2738
f 2558/2558 2736/2736 2738/2738
f 2558/2558 2577/2577 2735/2735
f 2558/2558 2735/2735 2736/2736
f 2737/2940 2738/2738 2736/2736
f 2579/2579 2747/2747 2735/2735
f 2579/2579 2735/2735 2577/2577
f 2747/2747 2748/2748 2735/2735
f 2609/2609 2735/2735 2748/2748
f 2608/2608 2735/2735 2609/2609
f 2576/2576 2579/2579 2577/2577
f 2578/2578 2747/2747 2579/2579
f 2583/2583 2748/2748 2747/2747
f 2583/2583 2747/2747 2578/2578
f 2583/2583 2609/2609 2748/2748
f 2612/2612 2613/2613 2734/2734
f 2613/2613 2614/2614 2734/2734
f 708/708 2655/2655 2749/2749
f 707/707 708/708 2750/2750
f 708/708 2749/2749 2750/2750
f 2655/2655 2654/2654 2751/2751
f 2655/2655 2751/2751 2749/2749
f 2752/2752 2749/2749 2751/2751
f 2750/2750 2749/2749 2752/2752
f 707/707 2750/2750 705/705
f 705/705 2750/2750 763/763
f 2750/2750 2752/2752 763/763
f 2752/2752 2753/2753 766/766
f 2752/2752 2751/2751 2753/2753
f 763/763 2752/2752 764/764
f 764/764 2752/2752 766/766
f 2751/2751 2754/2754 2755/2755
f 2753/2753 2751/2751 2755/2755
f 2751/2751 2627/2627 2754/2754
f 2751/2751 2654/2654 2627/2627
f 2753/2753 2755/2755 2756/2756
f 2753/2753 2756/2756 766/766
f 766/766 2756/2756 2757/2757
f 766/766 2757/2757 788/788
f 2757/2757 2756/2756 2758/2758
f 2756/2756 2755/2755 2758/2758
f 2755/2755 2759/2759 2758/2758
f 2755/2755 2760/2760 2759/2759
f 2754/2754 2760/2760 2755/2755
f 2754/2754 2761/2761 2760/2760
f 2754/2754 2626/2626 2761/2761
f 2627/2627 2626/2626 2754/2754
f 2760/2760 2591/2591 2762/2762
f 2759/2759 2760/2760 2762/2762
f 2760/2760 2761/2761 2591/2591
f 2759/2759 872/872 2763/2763
f 2759/2759 2764/2764 872/872
f 2759/2759 2762/2762 2764/2764
f 2758/2758 2759/2759 2763/2763
f 2765/2765 2758/2758 2763/2763
f 2757/2757 2758/2758 2765/2765
f 788/788 2757/2757 2765/2765
f 788/788 2765/2765 790/790
f 2765/2765 2763/2763 843/843
f 790/790 2765/2765 843/843
f 2763/2763 872/872 873/873
f 2763/2763 873/873 843/843
f 872/872 2764/2764 871/871
f 2764/2764 2766/2766 871/871
f 2764/2764 2592/2592 2766/2766
f 2762/2762 2592/2592 2764/2764
f 2762/2762 2591/2591 2592/2592
f 2761/2761 2594/2594 2591/2591
f 2761/2761 2595/2595 2594/2594
f 2626/2626 2595/2595 2761/2761
f 2592/2592 2593/2593 2766/2766
f 871/871 2766/2766 898/898
f 2593/2593 2565/2565 2766/2766
f 2766/2766 2565/2565 2566/2566
f 2766/2766 2566/2566 898/898
f 898/898 2566/2566 899/899
f 2566/2566 928/928 899/899
f 2566/2566 929/929 928/928
f 843/843 873/873 842/842
f 2528/2528 2527/2527 2535/2535
