# Exported from Nomad Sculpt
mtllib Keypadd.mtl
o Box_1
usemtl Box_1
v 0.407367259 0.052230775 0.068059086 0.999999940 0.999999940 0.999999940
v -0.04903495 0.052230775 0.068059086 0.999999940 0.999999940 0.999999940
v -0.1357891 0.052230775 0.068059086 0.999999940 0.999999940 0.999999940
v -0.24140283 0.052230775 0.068059086 0.999999940 0.999999940 0.999999940
v -0.28666589 0.052230775 0.068059086 0.999999940 0.999999940 0.999999940
v -0.37719193 0.052230775 0.068059086 0.999999940 0.999999940 0.999999940
v -0.40736726 0.052230775 0.068059086 0.999999940 0.999999940 0.999999940
v 0.079135261 0.175107121 0.068059086 0.999999940 0.999999940 0.999999940
v -0.13626271 0.192222833 0.068059086 0.999999940 0.999999940 0.999999940
v -0.25309801 0.172720193 0.068059086 0.999999940 0.999999940 0.999999940
v 0.157531246 0.367734670 0.068059086 0.999999940 0.999999940 0.999999940
v -0.04370497 0.347192525 0.068059086 0.999999940 0.999999940 0.999999940
v -0.40736726 0.082533657 0.068059086 0.999999940 0.999999940 0.999999940
v 0.266889721 0.321209549 0.068059086 0.999999940 0.999999940 0.999999940
v 0.081202901 0.652573645 0.068059086 0.999999940 0.999999940 0.999999940
v -0.19187991 0.447504639 0.068059086 0.999999940 0.999999940 0.999999940
v 0.407367259 0.447590589 0.068059086 0.999999940 0.999999940 0.999999940
v -0.2925683 0.731542706 0.068059086 0.999999940 0.999999940 0.999999940
v 0.005438227 0.553527951 0.068059086 0.999999940 0.999999940 0.999999940
v 0.281375020 0.537063956 0.068059086 0.999999940 0.999999940 0.999999940
v -0.10672725 0.757369399 0.068059086 0.999999940 0.999999940 0.999999940
v 0.407367259 1.021927595 0.068059086 0.999999940 0.999999940 0.999999940
v 0.125703200 0.798257768 0.068059086 0.999999940 0.999999940 0.999999940
v -0.40736726 0.620412528 0.068059086 0.999999940 0.999999940 0.999999940
v 0.185782343 0.731044530 0.068059086 0.999999940 0.999999940 0.999999940
v 0.112530984 0.901051342 0.068059086 0.999999940 0.999999940 0.999999940
v -0.18844126 0.977974236 0.068059086 0.999999940 0.999999940 0.999999940
v -0.40736726 1.052230596 0.068059086 0.999999940 0.999999940 0.999999940
v 0.407367259 1.052230596 0.068059086 0.999999940 0.999999940 0.999999940
v 0.377191931 1.052230596 0.068059086 0.999999940 0.999999940 0.999999940
v -0.1357891 1.052230596 0.068059086 0.999999940 0.999999940 0.999999940
v -0.20368363 1.052230596 0.068059086 0.999999940 0.999999940 0.999999940
v -0.28666589 1.052230596 0.068059086 0.999999940 0.999999940 0.999999940
v 0.333989918 0.788731932 0.081016734 0.999999940 0.999999940 0.999999940
v 0.268776804 0.783789813 0.094614692 0.999999940 0.999999940 0.999999940
v 0.094459980 0.782371223 0.100161060 0.999999940 0.999999940 0.999999940
v -0.1214485 0.782625913 0.099215008 0.999999940 0.999999940 0.999999940
v -0.21587059 0.783097267 0.097452268 0.999999940 0.999999940 0.999999940
v -0.25596786 0.783522009 0.095762133 0.999999940 0.999999940 0.999999940
v -0.33398998 0.788731932 0.081016734 0.999999940 0.999999940 0.999999940
v 0.194931149 0.789428472 0.106865733 0.999999940 0.999999940 0.999999940
v -0.2126554 0.789748072 0.107358492 0.999999940 0.999999940 0.999999940
v -0.31265914 0.791549563 0.095925360 0.999999940 0.999999940 0.999999940
v 0.334499299 0.902426123 0.080849677 0.999999940 0.999999940 0.999999940
v -0.2199204 0.873359680 0.107617855 0.999999940 0.999999940 0.999999940
v 0.321768194 0.792301595 0.091240607 0.999999940 0.999999940 0.999999940
v -0.33531022 0.868834614 0.081596747 0.999999940 0.999999940 0.999999940
v -0.09158124 0.884828388 0.107678547 0.999999940 0.999999940 0.999999940
v 0.241121679 0.807081222 0.107372202 0.999999940 0.999999940 0.999999940
v 0.062264859 0.904118716 0.107690900 0.999999940 0.999999940 0.999999940
v -0.29035839 0.978143215 0.100249484 0.999999940 0.999999940 0.999999940
v 0.293895036 0.792292237 0.101036623 0.999999940 0.999999940 0.999999940
v -0.01558954 0.974151611 0.107664257 0.999999940 0.999999940 0.999999940
v -0.24087347 0.984290480 0.106423944 0.999999940 0.999999940 0.999999940
v -0.27246746 0.798580229 0.104852229 0.999999940 0.999999940 0.999999940
v -0.3141847 0.985309839 0.090671271 0.999999940 0.999999940 0.999999940
v -0.33358553 0.976027429 0.079992592 0.999999940 0.999999940 0.999999940
v 0.309246450 0.984576225 0.093662262 0.999999940 0.999999940 0.999999940
v 0.270375609 0.978510856 0.103896319 0.999999940 0.999999940 0.999999940
v 0.215365275 0.985432803 0.10661605 0.999999940 0.999999940 0.999999940
v -0.13505509 0.988757431 0.103245802 0.999999940 0.999999940 0.999999940
v 0.331094801 0.987585008 0.077757947 0.999999940 0.999999940 0.999999940
v 0.303090244 0.991389036 0.086936801 0.999999940 0.999999940 0.999999940
v 0.202409520 0.993256449 0.095071710 0.999999940 0.999999940 0.999999940
v -0.09445997 0.993460476 0.095830641 0.999999940 0.999999940 0.999999940
v -0.12144847 0.993305206 0.095254391 0.999999940 0.999999940 0.999999940
v -0.17542325 0.993177413 0.094778962 0.999999940 0.999999940 0.999999940
v -0.25541228 0.992398798 0.091618776 0.999999940 0.999999940 0.999999940
v -0.30309036 0.991389036 0.086936801 0.999999940 0.999999940 0.999999940
v -0.33020437 0.989053249 0.076959319 0.999999940 0.999999940 0.999999940
v -0.05990571 0.181229174 -0.06805907 0.999999940 0.999999940 0.999999940
v -0.20368363 0.052230775 -0.06805907 0.999999940 0.999999940 0.999999940
v -0.40736726 0.052230775 -0.06805907 0.999999940 0.999999940 0.999999940
v -0.40736726 0.082533657 -0.06805907 0.999999940 0.999999940 0.999999940
v 0.377191931 0.052230775 -0.06805907 0.999999940 0.999999940 0.999999940
v 0.265954136 0.276522696 -0.06805907 0.999999940 0.999999940 0.999999940
v 0.407367259 0.332533776 -0.06805907 0.999999940 0.999999940 0.999999940
v 0.407367259 0.052230775 -0.06805907 0.999999940 0.999999940 0.999999940
v 0.105156876 0.281276047 -0.06805907 0.999999940 0.999999940 0.999999940
v -0.15642555 0.441682875 -0.06805907 0.999999940 0.999999940 0.999999940
v -0.0435258 0.332950234 -0.06805907 0.999999940 0.999999940 0.999999940
v 0.095832362 0.476564586 -0.06805907 0.999999940 0.999999940 0.999999940
v -0.29786509 0.652007818 -0.06805907 0.999999940 0.999999940 0.999999940
v -0.40736726 0.628935217 -0.06805907 0.999999940 0.999999940 0.999999940
v 0.263890206 0.563423275 -0.06805907 0.999999940 0.999999940 0.999999940
v -0.11754353 0.717459321 -0.06805907 0.999999940 0.999999940 0.999999940
v 0.147472411 0.719750821 -0.06805907 0.999999940 0.999999940 0.999999940
v 0.033607408 0.750993132 -0.06805907 0.999999940 0.999999940 0.999999940
v 0.176543667 0.817259192 -0.06805907 0.999999940 0.999999940 0.999999940
v 0.407367259 0.847685217 -0.06805907 0.999999940 0.999999940 0.999999940
v -0.03419872 0.849466919 -0.06805907 0.999999940 0.999999940 0.999999940
v 0.315541774 0.921075820 -0.06805907 0.999999940 0.999999940 0.999999940
v -0.40736726 1.021927595 -0.06805907 0.999999940 0.999999940 0.999999940
v -0.37719193 1.052230596 -0.06805907 0.999999940 0.999999940 0.999999940
v -0.40736726 1.052230596 -0.06805907 0.999999940 0.999999940 0.999999940
v -0.05280688 1.052230596 -0.06805907 0.999999940 0.999999940 0.999999940
v 0.407367259 1.052230596 -0.06805907 0.999999940 0.999999940 0.999999940
v 0.407367259 0.248801708 -0.01019852 0.999999940 0.999999940 0.999999940
v 0.407367259 0.052230775 -0.04083544 0.999999940 0.999999940 0.999999940
v 0.407367259 0.747142672 0.005538538 0.999999940 0.999999940 0.999999940
v -0.40736726 0.241738140 -0.00391852 0.999999940 0.999999940 0.999999940
v -0.40736726 0.052230775 -0.04083544 0.999999940 0.999999940 0.999999940
v -0.40736726 0.736580371 -0.01458641 0.999999940 0.999999940 0.999999940
v -0.40736726 1.052230596 -0.04083544 0.999999940 0.999999940 0.999999940
v -0.16966297 1.052230596 0.013313923 0.999999940 0.999999940 0.999999940
v 0.181562423 1.052230596 0.001500524 0.999999940 0.999999940 0.999999940
v -0.17447339 0.052230775 0.007822528 0.999999940 0.999999940 0.999999940
v 0.187516272 0.052230775 0.001083027 0.999999940 0.999999940 0.999999940
v -0.31615573 0.154731035 0.027621343 0.999999940 0.999999940 0.999999940
v -0.31661421 0.119972467 0.027620408 0.999999940 0.999999940 0.999999940
v -0.32776785 0.122700691 0.032177150 0.999999940 0.999999940 0.999999940
v -0.3164624 0.116614699 0.042355712 0.999999940 0.999999940 0.999999940
v -0.17534295 0.120829105 0.027620408 0.999999940 0.999999940 0.999999940
v -0.31635213 0.116617918 0.081351243 0.999999940 0.999999940 0.999999940
v -0.32776785 0.122700691 0.091053634 0.999999940 0.999999940 0.999999940
v -0.32776782 0.186061620 0.072913952 0.999999940 0.999999940 0.999999940
v -0.27087048 0.193516612 0.027620283 0.999999940 0.999999940 0.999999940
v -0.24399567 0.198477506 0.027620427 0.999999940 0.999999940 0.999999940
v -0.32776785 0.272022843 0.089984498 0.999999940 0.999999940 0.999999940
v -0.31661421 0.119972467 0.095610320 0.999999940 0.999999940 0.999999940
v -0.31537598 0.263363063 0.095576196 0.999999940 0.999999940 0.999999940
v -0.17534298 0.120829224 0.095610320 0.999999940 0.999999940 0.999999940
v -0.24555972 0.207250177 0.095610529 0.999999940 0.999999940 0.999999940
v -0.2271051 0.262356519 0.095612004 0.999999940 0.999999940 0.999999940
v -0.17281787 0.116621434 0.082089394 0.999999940 0.999999940 0.999999940
v -0.16874573 0.130625903 0.081550583 0.999999940 0.999999940 0.999999940
v -0.17302179 0.263155341 0.095610320 0.999999940 0.999999940 0.999999940
v -0.1728179 0.116621434 0.041141357 0.999999940 0.999999940 0.999999940
v -0.16872998 0.130819857 0.041359599 0.999999940 0.999999940 0.999999940
v -0.16872837 0.262950539 0.081919498 0.999999940 0.999999940 0.999999940
v -0.16872655 0.262948989 0.041491113 0.999999940 0.999999940 0.999999940
v -0.17302175 0.263155341 0.027620408 0.999999940 0.999999940 0.999999940
v -0.17562973 0.275661945 0.091513209 0.999999940 0.999999940 0.999999940
v -0.17562973 0.275661945 0.031717576 0.999999940 0.999999940 0.999999940
v -0.20064808 0.262588977 0.027618950 0.999999940 0.999999940 0.999999940
v -0.25588357 0.275662064 0.058825578 0.999999940 0.999999940 0.999999940
v -0.31647381 0.275661945 0.092262595 0.999999940 0.999999940 0.999999940
v -0.3162047 0.262891769 0.027620999 0.999999940 0.999999940 0.999999940
v -0.31647384 0.275661945 0.030968077 0.999999940 0.999999940 0.999999940
v -0.31591356 0.275663495 0.065608248 0.999999940 0.999999940 0.999999940
v -0.32776785 0.272022724 0.033246297 0.999999940 0.999999940 0.999999940
v -0.07957206 0.139005184 0.027619779 0.999999940 0.999999940 0.999999940
v -0.08025501 0.120615184 0.027620408 0.999999940 0.999999940 0.999999940
v -0.0877377 0.124611556 0.033780209 0.999999940 0.999999940 0.999999940
v -0.06751773 0.120276391 0.027620408 0.999999940 0.999999940 0.999999940
v -0.08004794 0.116621434 0.041377175 0.999999940 0.999999940 0.999999940
v -0.0877377 0.123302996 0.043078940 0.999999940 0.999999940 0.999999940
v -0.07986289 0.116619944 0.041774760 0.999999940 0.999999940 0.999999940
v -0.0877377 0.201361596 0.058563172 0.999999940 0.999999940 0.999999940
v -0.0877377 0.123302996 0.080151781 0.999999940 0.999999940 0.999999940
v -0.07972694 0.262796998 0.027618506 0.999999940 0.999999940 0.999999940
v -0.07986193 0.116619229 0.081555128 0.999999940 0.999999940 0.999999940
v -0.08004794 0.116621434 0.081853568 0.999999940 0.999999940 0.999999940
v -0.0877377 0.208246886 0.074280455 0.999999940 0.999999940 0.999999940
v -0.0877377 0.124611556 0.089450478 0.999999940 0.999999940 0.999999940
v -0.08025499 0.120615184 0.095610320 0.999999940 0.999999940 0.999999940
v -0.06751773 0.120276391 0.095610320 0.999999940 0.999999940 0.999999940
v 0.063452035 0.116617500 0.081583306 0.999999940 0.999999940 0.999999940
v 0.063428804 0.116616845 0.041638575 0.999999940 0.999999940 0.999999940
v -0.07954955 0.142300844 0.095611602 0.999999940 0.999999940 0.999999940
v 0.051082838 0.120276391 0.095610320 0.999999940 0.999999940 0.999999940
v -0.00979894 0.208042502 0.095610067 0.999999940 0.999999940 0.999999940
v -0.07974202 0.262548029 0.095614850 0.999999940 0.999999940 0.999999940
v 0.063258223 0.133372068 0.095610700 0.999999940 0.999999940 0.999999940
v 0.063317067 0.262782990 0.095611944 0.999999940 0.999999940 0.999999940
v 0.063820138 0.120615184 0.095610320 0.999999940 0.999999940 0.999999940
v 0.071302793 0.124611556 0.089450523 0.999999940 0.999999940 0.999999940
v 0.071302793 0.145219266 0.061310619 0.999999940 0.999999940 0.999999940
v 0.071302801 0.243142902 0.061972521 0.999999940 0.999999940 0.999999940
v 0.071302793 0.261442840 0.089342936 0.999999940 0.999999940 0.999999940
v 0.063517771 0.262898325 0.095610320 0.999999940 0.999999940 0.999999940
v 0.063626349 0.275661945 0.091663211 0.999999940 0.999999940 0.999999940
v 0.051027387 0.275661945 0.091945216 0.999999940 0.999999940 0.999999940
v 0.071302793 0.270488143 0.088132940 0.999999940 0.999999940 0.999999940
v 0.071302793 0.270488143 0.035097744 0.999999940 0.999999940 0.999999940
v 0.071302793 0.261442840 0.033887818 0.999999940 0.999999940 0.999999940
v 0.071302793 0.124611258 0.033780183 0.999999940 0.999999940 0.999999940
v 0.063216254 0.138012945 0.027619758 0.999999940 0.999999940 0.999999940
v 0.063371099 0.262655556 0.027617683 0.999999940 0.999999940 0.999999940
v 0.063517779 0.262898325 0.027620408 0.999999940 0.999999940 0.999999940
v 0.063626341 0.275661945 0.031567614 0.999999940 0.999999940 0.999999940
v 0.062806643 0.275665819 0.058579400 0.999999940 0.999999940 0.999999940
v 0.051027394 0.275661945 0.031285464 0.999999940 0.999999940 0.999999940
v -0.0674623 0.275661945 0.031285461 0.999999940 0.999999940 0.999999940
v 0.051082838 0.120276391 0.027620408 0.999999940 0.999999940 0.999999940
v 0.063612982 0.116621434 0.041377175 0.999999940 0.999999940 0.999999940
v 0.063820138 0.120615184 0.027620408 0.999999940 0.999999940 0.999999940
v 0.071302793 0.123302996 0.080151781 0.999999940 0.999999940 0.999999940
v 0.063612982 0.116621434 0.081853561 0.999999940 0.999999940 0.999999940
v 0.071302793 0.123302996 0.043078947 0.999999940 0.999999940 0.999999940
v -0.0877377 0.261442840 0.033887837 0.999999940 0.999999940 0.999999940
v -0.07995274 0.262898325 0.027620408 0.999999940 0.999999940 0.999999940
v -0.08006122 0.275661945 0.031567603 0.999999940 0.999999940 0.999999940
v -0.0877377 0.270488143 0.035097733 0.999999940 0.999999940 0.999999940
v -0.07923792 0.275664329 0.060223579 0.999999940 0.999999940 0.999999940
v -0.0877377 0.270488143 0.088132947 0.999999940 0.999999940 0.999999940
v -0.0877377 0.261442840 0.089342922 0.999999940 0.999999940 0.999999940
v -0.08006122 0.275661945 0.091663211 0.999999940 0.999999940 0.999999940
v -0.0674623 0.275661945 0.091945216 0.999999940 0.999999940 0.999999940
v -0.07995274 0.262898325 0.095610320 0.999999940 0.999999940 0.999999940
v 0.181306421 0.261870622 0.027614131 0.999999940 0.999999940 0.999999940
v 0.181348338 0.119845807 0.027620412 0.999999940 0.999999940 0.999999940
v 0.168727353 0.122208535 0.031741816 0.999999940 0.999999940 0.999999940
v 0.181622102 0.116622567 0.041429333 0.999999940 0.999999940 0.999999940
v 0.313734114 0.116638660 0.041919991 0.999999940 0.999999940 0.999999940
v 0.168725982 0.262654781 0.062155026 0.999999940 0.999999940 0.999999940
v 0.168727353 0.262994825 0.030818866 0.999999940 0.999999940 0.999999940
v 0.181634664 0.116622567 0.081759616 0.999999940 0.999999940 0.999999940
v 0.168727353 0.122208654 0.091488972 0.999999940 0.999999940 0.999999940
v 0.181348383 0.119845807 0.095610320 0.999999940 0.999999940 0.999999940
v 0.313611298 0.116626262 0.081666007 0.999999940 0.999999940 0.999999940
v 0.182438731 0.262897789 0.095617309 0.999999940 0.999999940 0.999999940
v 0.323575824 0.121929287 0.095610320 0.999999940 0.999999940 0.999999940
v 0.269536048 0.262709677 0.095608040 0.999999940 0.999999940 0.999999940
v 0.327767819 0.119657635 0.082042358 0.999999940 0.999999940 0.999999940
v 0.327786952 0.262732267 0.081620171 0.999999940 0.999999940 0.999999940
v 0.324600189 0.263115704 0.095610320 0.999999940 0.999999940 0.999999940
v 0.327767819 0.119657695 0.041188392 0.999999940 0.999999940 0.999999940
v 0.327785253 0.262718915 0.041472230 0.999999940 0.999999940 0.999999940
v 0.323575735 0.121929287 0.027620408 0.999999940 0.999999940 0.999999940
v 0.324600219 0.263115704 0.027620408 0.999999940 0.999999940 0.999999940
v 0.322232365 0.275661945 0.091465726 0.999999940 0.999999940 0.999999940
v 0.322232365 0.275661945 0.031764961 0.999999940 0.999999940 0.999999940
v 0.299082994 0.173968911 0.027620408 0.999999940 0.999999940 0.999999940
v 0.268265038 0.275661945 0.054136984 0.999999940 0.999999940 0.999999940
v 0.213727489 0.192429006 0.027620295 0.999999940 0.999999940 0.999999940
v 0.172019183 0.275661945 0.032778661 0.999999940 0.999999940 0.999999940
v 0.235000297 0.275661945 0.067623272 0.999999940 0.999999940 0.999999940
v 0.172019213 0.275661945 0.090452007 0.999999940 0.999999940 0.999999940
v 0.168727353 0.262994945 0.092411965 0.999999940 0.999999940 0.999999940
v -0.31526285 0.485245734 0.027625132 0.999999940 0.999999940 0.999999940
v -0.31673053 0.340635418 0.027620412 0.999999940 0.999999940 0.999999940
v -0.32776785 0.343897044 0.032041385 0.999999940 0.999999940 0.999999940
v -0.3166323 0.334787547 0.041216135 0.999999940 0.999999940 0.999999940
v -0.26139039 0.382907509 0.027620390 0.999999940 0.999999940 0.999999940
v -0.31650144 0.334791421 0.082023263 0.999999940 0.999999940 0.999999940
v -0.32776785 0.343897044 0.091189369 0.999999940 0.999999940 0.999999940
v -0.32776782 0.387098312 0.054185491 0.999999940 0.999999940 0.999999940
v -0.18409848 0.334795057 0.041292231 0.999999940 0.999999940 0.999999940
v -0.32776925 0.484464317 0.057381779 0.999999940 0.999999940 0.999999940
v -0.31673053 0.340635418 0.095610320 0.999999940 0.999999940 0.999999940
v -0.1839169 0.334791898 0.081908114 0.999999940 0.999999940 0.999999940
v -0.31587851 0.389626443 0.095612973 0.999999940 0.999999940 0.999999940
v -0.17394574 0.343499362 0.095610320 0.999999940 0.999999940 0.999999940
v -0.19891521 0.484740078 0.095609560 0.999999940 0.999999940 0.999999940
v -0.31627771 0.485020041 0.095609381 0.999999940 0.999999940 0.999999940
v -0.17338701 0.472587525 0.095610320 0.999999940 0.999999940 0.999999940
v -0.16872735 0.340162992 0.082321859 0.999999940 0.999999940 0.999999940
v -0.16872655 0.371139824 0.081469401 0.999999940 0.999999940 0.999999940
v -0.16872735 0.340162992 0.040908899 0.999999940 0.999999940 0.999999940
v -0.16875671 0.484900236 0.042184252 0.999999940 0.999999940 0.999999940
v -0.1739457 0.343499362 0.027620408 0.999999940 0.999999940 0.999999940
v -0.17338705 0.472587525 0.027620408 0.999999940 0.999999940 0.999999940
v -0.16872735 0.485389500 0.041253451 0.999999940 0.999999940 0.999999940
v -0.17356208 0.485492527 0.027620408 0.999999940 0.999999940 0.999999940
v -0.16872735 0.485389500 0.081977292 0.999999940 0.999999940 0.999999940
v -0.17356208 0.485492527 0.095610320 0.999999940 0.999999940 0.999999940
v -0.17742409 0.493825644 0.089953243 0.999999940 0.999999940 0.999999940
v -0.17580771 0.493825644 0.080307938 0.999999940 0.999999940 0.999999940
v -0.17580774 0.493825644 0.042922806 0.999999940 0.999999940 0.999999940
v -0.17742409 0.493825644 0.033277526 0.999999940 0.999999940 0.999999940
v -0.20875064 0.484605640 0.027620831 0.999999940 0.999999940 0.999999940
v -0.2040741 0.411390870 0.027620432 0.999999940 0.999999940 0.999999940
v -0.23295118 0.493825644 0.066272586 0.999999940 0.999999940 0.999999940
v -0.32433531 0.493825644 0.034497775 0.999999940 0.999999940 0.999999940
v -0.32433531 0.493825644 0.088732898 0.999999940 0.999999940 0.999999940
v -0.32776785 0.485055148 0.031880833 0.999999940 0.999999940 0.999999940
v -0.32776785 0.485055148 0.091349855 0.999999940 0.999999940 0.999999940
v -0.07963684 0.357547879 0.027619710 0.999999940 0.999999940 0.999999940
v -0.08034308 0.340755820 0.027620408 0.999999940 0.999999940 0.999999940
v -0.0877377 0.344786226 0.033669211 0.999999940 0.999999940 0.999999940
v -0.06740528 0.340894818 0.027620408 0.999999940 0.999999940 0.999999940
v -0.08001424 0.334785163 0.041038956 0.999999940 0.999999940 0.999999940
v -0.0877377 0.342558383 0.042977217 0.999999940 0.999999940 0.999999940
v 0.008183941 0.334783911 0.04171931 0.999999940 0.999999940 0.999999940
v -0.08773771 0.401372194 0.061348091 0.999999940 0.999999940 0.999999940
v -0.07975568 0.334783017 0.081876233 0.999999940 0.999999940 0.999999940
v -0.0877377 0.342558503 0.080253496 0.999999940 0.999999940 0.999999940
v -0.0797058 0.484891831 0.027619404 0.999999940 0.999999940 0.999999940
v -0.025377 0.407403081 0.027620596 0.999999940 0.999999940 0.999999940
v 0.063306681 0.334787905 0.081931367 0.999999940 0.999999940 0.999999940
v -0.08001423 0.334785163 0.082191780 0.999999940 0.999999940 0.999999940
v -0.0877377 0.344786226 0.089561492 0.999999940 0.999999940 0.999999940
v -0.08034308 0.340755820 0.095610320 0.999999940 0.999999940 0.999999940
v -0.06740528 0.340894818 0.095610320 0.999999940 0.999999940 0.999999940
v -0.01244612 0.399082362 0.095608651 0.999999940 0.999999940 0.999999940
v -0.07864568 0.484313517 0.095632799 0.999999940 0.999999940 0.999999940
v 0.050970356 0.340894818 0.095610320 0.999999940 0.999999940 0.999999940
v 0.061908934 0.483873516 0.095643863 0.999999940 0.999999940 0.999999940
v 0.063908062 0.340755820 0.095610320 0.999999940 0.999999940 0.999999940
v 0.071302793 0.344786226 0.089561514 0.999999940 0.999999940 0.999999940
v 0.071302793 0.484308749 0.089370712 0.999999940 0.999999940 0.999999940
v -0.02935315 0.426199078 0.095610171 0.999999940 0.999999940 0.999999940
v 0.071302801 0.416461914 0.061470307 0.999999940 0.999999940 0.999999940
v 0.063426122 0.485057860 0.095610320 0.999999940 0.999999940 0.999999940
v 0.062956243 0.493825644 0.089918792 0.999999940 0.999999940 0.999999940
v 0.071302793 0.492635995 0.088252961 0.999999940 0.999999940 0.999999940
v 0.071302793 0.492635995 0.034977704 0.999999940 0.999999940 0.999999940
v 0.071302793 0.484308749 0.033860042 0.999999940 0.999999940 0.999999940
v 0.063302591 0.484921574 0.027618804 0.999999940 0.999999940 0.999999940
v 0.063426122 0.485057920 0.027620408 0.999999940 0.999999940 0.999999940
v 0.062956251 0.493825644 0.033311974 0.999999940 0.999999940 0.999999940
v 0.062587320 0.493828088 0.060195762 0.999999940 0.999999940 0.999999940
v 0.071302793 0.344786167 0.033669192 0.999999940 0.999999940 0.999999940
v 0.063246518 0.357970595 0.027620112 0.999999940 0.999999940 0.999999940
v 0.050970356 0.340894818 0.027620408 0.999999940 0.999999940 0.999999940
v 0.063579350 0.334785163 0.041038963 0.999999940 0.999999940 0.999999940
v 0.063908062 0.340755820 0.027620408 0.999999940 0.999999940 0.999999940
v 0.071302793 0.342558383 0.080253496 0.999999940 0.999999940 0.999999940
v 0.063579358 0.334785163 0.082191780 0.999999940 0.999999940 0.999999940
v 0.071302793 0.342558383 0.042977217 0.999999940 0.999999940 0.999999940
v -0.0877377 0.484308749 0.033860035 0.999999940 0.999999940 0.999999940
v -0.079861 0.485057860 0.027620408 0.999999940 0.999999940 0.999999940
v -0.07939114 0.493825644 0.033311981 0.999999940 0.999999940 0.999999940
v -0.0877377 0.492635995 0.034977693 0.999999940 0.999999940 0.999999940
v -0.0877377 0.492635995 0.088252991 0.999999940 0.999999940 0.999999940
v -0.07908034 0.493826836 0.058994896 0.999999940 0.999999940 0.999999940
v -0.0877377 0.484308749 0.089370720 0.999999940 0.999999940 0.999999940
v -0.07939114 0.493825644 0.089918777 0.999999940 0.999999940 0.999999940
v -0.079861 0.485057860 0.095610320 0.999999940 0.999999940 0.999999940
v 0.182220026 0.390502005 0.027618384 0.999999940 0.999999940 0.999999940
v 0.181219384 0.340643942 0.027620408 0.999999940 0.999999940 0.999999940
v 0.168727353 0.343649566 0.031597778 0.999999940 0.999999940 0.999999940
v 0.181409284 0.334791719 0.041258543 0.999999940 0.999999940 0.999999940
v 0.181364581 0.334789812 0.082018375 0.999999940 0.999999940 0.999999940
v 0.168727353 0.343649566 0.091633006 0.999999940 0.999999940 0.999999940
v 0.168723925 0.484506338 0.063333213 0.999999940 0.999999940 0.999999940
v 0.181219384 0.340643942 0.095610320 0.999999940 0.999999940 0.999999940
v 0.313923656 0.334793627 0.081906631 0.999999940 0.999999940 0.999999940
v 0.182404846 0.391801595 0.095612138 0.999999940 0.999999940 0.999999940
v 0.225324809 0.367122173 0.095610335 0.999999940 0.999999940 0.999999940
v 0.181215241 0.483894050 0.095577955 0.999999940 0.999999940 0.999999940
v 0.323726594 0.343500614 0.095610320 0.999999940 0.999999940 0.999999940
v 0.324065506 0.485443294 0.095610320 0.999999940 0.999999940 0.999999940
v 0.327767819 0.340549945 0.082178145 0.999999940 0.999999940 0.999999940
v 0.327770918 0.485008359 0.081548109 0.999999940 0.999999940 0.999999940
v 0.327767819 0.340549945 0.041052591 0.999999940 0.999999940 0.999999940
v 0.327761918 0.485370516 0.042749360 0.999999940 0.999999940 0.999999940
v 0.323726624 0.343500375 0.027620408 0.999999940 0.999999940 0.999999940
v 0.324065536 0.485443294 0.027620408 0.999999940 0.999999940 0.999999940
v 0.320453673 0.493825644 0.089935809 0.999999940 0.999999940 0.999999940
v 0.320453673 0.493825644 0.033294905 0.999999940 0.999999940 0.999999940
v 0.288555592 0.484512716 0.027619015 0.999999940 0.999999940 0.999999940
v 0.271324574 0.493825644 0.054311588 0.999999940 0.999999940 0.999999940
v 0.263260543 0.493825644 0.067332170 0.999999940 0.999999940 0.999999940
v 0.203339144 0.493825644 0.059931524 0.999999940 0.999999940 0.999999940
v 0.181529998 0.484983861 0.027621256 0.999999940 0.999999940 0.999999940
v 0.173521816 0.493825644 0.088698595 0.999999940 0.999999940 0.999999940
v 0.173521816 0.493825644 0.034532174 0.999999940 0.999999940 0.999999940
v 0.168727353 0.485283732 0.031335443 0.999999940 0.999999940 0.999999940
v 0.168727353 0.485283732 0.091895237 0.999999940 0.999999940 0.999999940
v 0.313851147 0.334795057 0.041230320 0.999999940 0.999999940 0.999999940
v -0.31635237 0.564528822 0.027620408 0.999999940 0.999999940 0.999999940
v -0.31515786 0.556726872 0.033881314 0.999999940 0.999999940 0.999999940
v -0.32391536 0.556726872 0.035056658 0.999999940 0.999999940 0.999999940
v -0.32776785 0.564642548 0.032077308 0.999999940 0.999999940 0.999999940
v -0.31612819 0.564739823 0.027622245 0.999999940 0.999999940 0.999999940
v -0.32776785 0.577072620 0.031852364 0.999999940 0.999999940 0.999999940
v -0.17536385 0.556724429 0.061543643 0.999999940 0.999999940 0.999999940
v -0.32776859 0.565329790 0.061749897 0.999999940 0.999999940 0.999999940
v -0.32776785 0.577072620 0.091378316 0.999999940 0.999999940 0.999999940
v -0.32776785 0.564642548 0.091153383 0.999999940 0.999999940 0.999999940
v -0.32391536 0.556726872 0.088174112 0.999999940 0.999999940 0.999999940
v -0.31515786 0.556726872 0.089349396 0.999999940 0.999999940 0.999999940
v -0.31508923 0.566017746 0.095654562 0.999999940 0.999999940 0.999999940
v -0.31635237 0.564528822 0.095610320 0.999999940 0.999999940 0.999999940
v -0.17811033 0.556726872 0.089454501 0.999999940 0.999999940 0.999999940
v -0.18974109 0.707634866 0.095607355 0.999999940 0.999999940 0.999999940
v -0.31609711 0.707769155 0.095618501 0.999999940 0.999999940 0.999999940
v -0.17344916 0.576939344 0.095610320 0.999999940 0.999999940 0.999999940
v -0.17384434 0.564155519 0.095610320 0.999999940 0.999999940 0.999999940
v -0.16872735 0.564161062 0.081992499 0.999999940 0.999999940 0.999999940
v -0.16872598 0.627780199 0.08152695 0.999999940 0.999999940 0.999999940
v -0.17344916 0.695554673 0.095610320 0.999999940 0.999999940 0.999999940
v -0.16872735 0.564161062 0.041238248 0.999999940 0.999999940 0.999999940
v -0.16872574 0.632833004 0.041697591 0.999999940 0.999999940 0.999999940
v -0.17344916 0.576939344 0.027620408 0.999999940 0.999999940 0.999999940
v -0.17344916 0.695554673 0.027620408 0.999999940 0.999999940 0.999999940
v -0.17384434 0.708338379 0.095610320 0.999999940 0.999999940 0.999999940
v -0.16872735 0.708333015 0.081992499 0.999999940 0.999999940 0.999999940
v -0.16872735 0.708333015 0.041238248 0.999999940 0.999999940 0.999999940
v -0.17384438 0.708338379 0.027620408 0.999999940 0.999999940 0.999999940
v -0.19184515 0.707687139 0.027619551 0.999999940 0.999999940 0.999999940
v -0.17811039 0.715767204 0.033776253 0.999999940 0.999999940 0.999999940
v -0.17536865 0.715769946 0.061586815 0.999999940 0.999999940 0.999999940
v -0.17811033 0.715767204 0.089454494 0.999999940 0.999999940 0.999999940
v -0.31515789 0.715767204 0.033881332 0.999999940 0.999999940 0.999999940
v -0.19383894 0.564856290 0.02761955 0.999999940 0.999999940 0.999999940
v -0.28554863 0.707648754 0.027619956 0.999999940 0.999999940 0.999999940
v -0.31515789 0.715767204 0.089349374 0.999999940 0.999999940 0.999999940
v -0.31635231 0.707965254 0.095610320 0.999999940 0.999999940 0.999999940
v -0.31635231 0.707965254 0.027620408 0.999999940 0.999999940 0.999999940
v -0.32776785 0.695421338 0.031852364 0.999999940 0.999999940 0.999999940
v -0.32776785 0.707851409 0.032077327 0.999999940 0.999999940 0.999999940
v -0.32391536 0.715767204 0.035056650 0.999999940 0.999999940 0.999999940
v -0.32391536 0.715767204 0.088174119 0.999999940 0.999999940 0.999999940
v -0.32776785 0.707851409 0.091153368 0.999999940 0.999999940 0.999999940
v -0.32776785 0.695421338 0.091378316 0.999999940 0.999999940 0.999999940
v -0.32776991 0.707171201 0.058670040 0.999999940 0.999999940 0.999999940
v -0.17811033 0.556726872 0.033776242 0.999999940 0.999999940 0.999999940
v -0.17384438 0.564155697 0.027620412 0.999999940 0.999999940 0.999999940
v -0.07928549 0.556726872 0.033799126 0.999999940 0.999999940 0.999999940
v -0.0877377 0.556959509 0.034958958 0.999999940 0.999999940 0.999999940
v -0.0877377 0.565298795 0.033848844 0.999999940 0.999999940 0.999999940
v -0.07981291 0.564651668 0.027620408 0.999999940 0.999999940 0.999999940
v -0.07971953 0.564821362 0.027619382 0.999999940 0.999999940 0.999999940
v -0.07701559 0.556721150 0.057206101 0.999999940 0.999999940 0.999999940
v -0.08773975 0.617904365 0.061995562 0.999999940 0.999999940 0.999999940
v -0.0877377 0.556959629 0.088271714 0.999999940 0.999999940 0.999999940
v -0.0877377 0.707315027 0.033799126 0.999999940 0.999999940 0.999999940
v -0.0877377 0.565298795 0.089381903 0.999999940 0.999999940 0.999999940
v -0.07928549 0.556726872 0.089431636 0.999999940 0.999999940 0.999999940
v 0.056332022 0.556722044 0.061266619 0.999999940 0.999999940 0.999999940
v -0.07971599 0.564723491 0.095611408 0.999999940 0.999999940 0.999999940
v -0.07981291 0.564651668 0.095610320 0.999999940 0.999999940 0.999999940
v 0.063286051 0.564750015 0.095611363 0.999999940 0.999999940 0.999999940
v -0.00526018 0.636861145 0.095609977 0.999999940 0.999999940 0.999999940
v 0.062850587 0.556726872 0.089431628 0.999999940 0.999999940 0.999999940
v -0.07971776 0.707760036 0.095611095 0.999999940 0.999999940 0.999999940
v 0.063377991 0.564651489 0.095610320 0.999999940 0.999999940 0.999999940
v 0.071302793 0.565298795 0.089381903 0.999999940 0.999999940 0.999999940
v 0.071302793 0.556959509 0.088271722 0.999999940 0.999999940 0.999999940
v 0.071309194 0.566625058 0.056307245 0.999999940 0.999999940 0.999999940
v 0.071310833 0.706196844 0.062862269 0.999999940 0.999999940 0.999999940
v 0.063306108 0.707755267 0.095611125 0.999999940 0.999999940 0.999999940
v 0.071302793 0.707315027 0.089431613 0.999999940 0.999999940 0.999999940
v 0.063378043 0.707842469 0.095610320 0.999999940 0.999999940 0.999999940
v 0.071302793 0.707315027 0.033799126 0.999999940 0.999999940 0.999999940
v 0.063174948 0.652919948 0.027619946 0.999999940 0.999999940 0.999999940
v 0.063378013 0.707842528 0.027620408 0.999999940 0.999999940 0.999999940
v 0.062730789 0.715767204 0.033848863 0.999999940 0.999999940 0.999999940
v 0.070963092 0.715767204 0.03495894 0.999999940 0.999999940 0.999999940
v 0.070963084 0.715767204 0.088271729 0.999999940 0.999999940 0.999999940
v 0.062730789 0.715767204 0.089381888 0.999999940 0.999999940 0.999999940
v -0.02479042 0.715767204 0.061859738 0.999999940 0.999999940 0.999999940
v -0.07971093 0.707697212 0.027618410 0.999999940 0.999999940 0.999999940
v -0.02384045 0.646916627 0.027620812 0.999999940 0.999999940 0.999999940
v -0.07916569 0.715767204 0.033848863 0.999999940 0.999999940 0.999999940
v -0.07916569 0.715767204 0.089381888 0.999999940 0.999999940 0.999999940
v -0.07981291 0.707842469 0.095610320 0.999999940 0.999999940 0.999999940
v -0.07981292 0.707842469 0.027620408 0.999999940 0.999999940 0.999999940
v -0.08739794 0.715767204 0.034958947 0.999999940 0.999999940 0.999999940
v -0.08739793 0.715767204 0.088271729 0.999999940 0.999999940 0.999999940
v -0.0877377 0.707315146 0.089431636 0.999999940 0.999999940 0.999999940
v -0.08774173 0.706797778 0.062967293 0.999999940 0.999999940 0.999999940
v 0.062730789 0.556726872 0.033848844 0.999999940 0.999999940 0.999999940
v 0.063378028 0.564651668 0.027620408 0.999999940 0.999999940 0.999999940
v 0.070963084 0.556726872 0.034958954 0.999999940 0.999999940 0.999999940
v 0.071302793 0.565178930 0.033799134 0.999999940 0.999999940 0.999999940
v 0.181565716 0.564511060 0.027620408 0.999999940 0.999999940 0.999999940
v 0.183035850 0.556726872 0.033888109 0.999999940 0.999999940 0.999999940
v 0.173973202 0.556726872 0.035099908 0.999999940 0.999999940 0.999999940
v 0.168727353 0.564390242 0.031541205 0.999999940 0.999999940 0.999999940
v 0.181751027 0.564692974 0.027613062 0.999999940 0.999999940 0.999999940
v 0.168727353 0.576998353 0.031256269 0.999999940 0.999999940 0.999999940
v 0.235638290 0.556726872 0.061596609 0.999999940 0.999999940 0.999999940
v 0.168725505 0.565214872 0.063456967 0.999999940 0.999999940 0.999999940
v 0.173973202 0.556726872 0.088130846 0.999999940 0.999999940 0.999999940
v 0.168727353 0.576998353 0.091974414 0.999999940 0.999999940 0.999999940
v 0.168726891 0.707558989 0.078631833 0.999999940 0.999999940 0.999999940
v 0.168727353 0.564390242 0.091689601 0.999999940 0.999999940 0.999999940
v 0.183035850 0.556726872 0.089342609 0.999999940 0.999999940 0.999999940
v 0.211174041 0.564779877 0.095611184 0.999999940 0.999999940 0.999999940
v 0.181565716 0.564511060 0.095610320 0.999999940 0.999999940 0.999999940
v 0.181919768 0.707796812 0.095612339 0.999999940 0.999999940 0.999999940
v 0.319859296 0.556726872 0.089450389 0.999999940 0.999999940 0.999999940
v 0.260831147 0.656706392 0.095610380 0.999999940 0.999999940 0.999999940
v 0.311214357 0.564801573 0.095610588 0.999999940 0.999999940 0.999999940
v 0.324175775 0.695546865 0.095610320 0.999999940 0.999999940 0.999999940
v 0.324175775 0.576947331 0.095610320 0.999999940 0.999999940 0.999999940
v 0.323840379 0.564212203 0.095610320 0.999999940 0.999999940 0.999999940
v 0.321154832 0.556726872 0.080151431 0.999999940 0.999999940 0.999999940
v 0.327767819 0.564431309 0.081846013 0.999999940 0.999999940 0.999999940
v 0.327769011 0.564623117 0.081506133 0.999999940 0.999999940 0.999999940
v 0.327776819 0.707908868 0.081712886 0.999999940 0.999999940 0.999999940
v 0.243458032 0.707735180 0.095610454 0.999999940 0.999999940 0.999999940
v 0.327771127 0.564601063 0.041688833 0.999999940 0.999999940 0.999999940
v 0.327771604 0.707887411 0.041651617 0.999999940 0.999999940 0.999999940
v 0.324175685 0.576947331 0.027620408 0.999999940 0.999999940 0.999999940
v 0.324175685 0.695546865 0.027620412 0.999999940 0.999999940 0.999999940
v 0.312261909 0.707745492 0.095610395 0.999999940 0.999999940 0.999999940
v 0.323840349 0.708281874 0.095610320 0.999999940 0.999999940 0.999999940
v 0.327767819 0.708062768 0.081846013 0.999999940 0.999999940 0.999999940
v 0.327767819 0.708062768 0.041384723 0.999999940 0.999999940 0.999999940
v 0.323840379 0.708281874 0.027620408 0.999999940 0.999999940 0.999999940
v 0.307775855 0.707717299 0.027620030 0.999999940 0.999999940 0.999999940
v 0.306669175 0.564889669 0.027619419 0.999999940 0.999999940 0.999999940
v 0.319859296 0.715767204 0.033780295 0.999999940 0.999999940 0.999999940
v 0.321154832 0.715767204 0.043079301 0.999999940 0.999999940 0.999999940
v 0.321154832 0.715767204 0.080151431 0.999999940 0.999999940 0.999999940
v 0.319859296 0.715767204 0.089450404 0.999999940 0.999999940 0.999999940
v 0.274808913 0.715767204 0.065136864 0.999999940 0.999999940 0.999999940
v 0.183035850 0.715767204 0.033888127 0.999999940 0.999999940 0.999999940
v 0.208751514 0.715767204 0.065905936 0.999999940 0.999999940 0.999999940
v 0.183035850 0.715767204 0.089342579 0.999999940 0.999999940 0.999999940
v 0.201630234 0.707730233 0.027620136 0.999999940 0.999999940 0.999999940
v 0.219970777 0.641241788 0.027620859 0.999999940 0.999999940 0.999999940
v 0.181565716 0.707982897 0.095610320 0.999999940 0.999999940 0.999999940
v 0.181565716 0.707982897 0.027620408 0.999999940 0.999999940 0.999999940
v 0.168727353 0.695495665 0.031256269 0.999999940 0.999999940 0.999999940
v 0.168727353 0.708103954 0.031541198 0.999999940 0.999999940 0.999999940
v 0.173973172 0.715767204 0.035099901 0.999999940 0.999999940 0.999999940
v 0.173973172 0.715767204 0.088130861 0.999999940 0.999999940 0.999999940
v 0.168727353 0.708103954 0.091689601 0.999999940 0.999999940 0.999999940
v 0.168727353 0.695495665 0.091974414 0.999999940 0.999999940 0.999999940
v 0.168726995 0.707560062 0.045702349 0.999999940 0.999999940 0.999999940
v 0.319859296 0.556726872 0.033780310 0.999999940 0.999999940 0.999999940
v 0.323840349 0.564212203 0.027620408 0.999999940 0.999999940 0.999999940
v 0.321154832 0.556726872 0.043079305 0.999999940 0.999999940 0.999999940
v 0.327767819 0.564431309 0.041384723 0.999999940 0.999999940 0.999999940
v -0.33729184 0.790366351 -0.01405543 0.999999940 0.999999940 0.999999940
v -0.33735377 0.780391752 -0.01388981 0.999999940 0.999999940 0.999999940
v -0.36251217 0.780779719 -0.01261375 0.999999940 0.999999940 0.999999940
v -0.36264145 0.786916315 -0.01255182 0.999999940 0.999999940 0.999999940
v -0.07274026 0.857220649 -0.01405977 0.999999940 0.999999940 0.999999940
v 0.107954181 0.780346036 -0.01405881 0.999999940 0.999999940 0.999999940
v 0.137166708 0.848459422 -0.01405689 0.999999940 0.999999940 0.999999940
v 0.338899880 0.798171341 -0.01403802 0.999999940 0.999999940 0.999999940
v 0.337353766 0.780391752 -0.01388982 0.999999940 0.999999940 0.999999940
v 0.361956119 0.805746018 -0.01190691 0.999999940 0.999999940 0.999999940
v 0.362512171 0.780779719 -0.01261375 0.999999940 0.999999940 0.999999940
v -0.33633175 0.861576736 -0.01402048 0.999999940 0.999999940 0.999999940
v -0.3602722 0.889318049 -0.01038684 0.999999940 0.999999940 0.999999940
v 0.089933328 0.886882007 -0.01405853 0.999999940 0.999999940 0.999999940
v 0.203589305 0.872425735 -0.01407287 0.999999940 0.999999940 0.999999940
v -0.19923237 0.907640695 -0.01406069 0.999999940 0.999999940 0.999999940
v 0.360025078 0.890751898 -0.01016494 0.999999940 0.999999940 0.999999940
v 0.335884779 0.899789571 -0.01402508 0.999999940 0.999999940 0.999999940
v -0.03732301 0.898203492 -0.01405811 0.999999940 0.999999940 0.999999940
v -0.336243 0.913023710 -0.01403644 0.999999940 0.999999940 0.999999940
v -0.01124911 0.989592850 -0.01406605 0.999999940 0.999999940 0.999999940
v 0.338767826 0.988154113 -0.01400976 0.999999940 0.999999940 0.999999940
v -0.33813086 0.988785326 -0.01408276 0.999999940 0.999999940 0.999999940
v 0.362493962 0.990080237 -0.01240041 0.999999940 0.999999940 0.999999940
v -0.36202428 0.980260312 -0.01196856 0.999999940 0.999999940 0.999999940
v -0.33731866 0.996433973 -0.01325449 0.999999940 0.999999940 0.999999940
v -0.36238256 0.996183395 -0.01240662 0.999999940 0.999999940 0.999999940
v 0.026988551 0.996651351 -0.01405881 0.999999940 0.999999940 0.999999940
v 0.337318658 0.996433973 -0.01325449 0.999999940 0.999999940 0.999999940
v 0.362382561 0.996183395 -0.01240662 0.999999940 0.999999940 0.999999940
v 0.363793999 0.791639328 0.019973553 0.999999940 0.999999940 0.999999940
v 0.357786506 0.781927347 0.010342191 0.999999940 0.999999940 0.999999940
v 0.355279922 0.792736351 0.057690091 0.999999940 0.999999940 0.999999940
v 0.341718316 0.785429954 0.062709942 0.999999940 0.999999940 0.999999940
v 0.347931116 0.870990455 0.069361984 0.999999940 0.999999940 0.999999940
v 0.355529755 0.985173523 0.057716764 0.999999940 0.999999940 0.999999940
v 0.364710956 0.988180577 0.021224344 0.999999940 0.999999940 0.999999940
v 0.359728634 0.995532810 0.010422799 0.999999940 0.999999940 0.999999940
v 0.354270160 0.994235038 0.034204870 0.999999940 0.999999940 0.999999940
v 0.345695227 0.992364943 0.054619781 0.999999940 0.999999940 0.999999940
v -0.35424727 0.792795538 0.060016151 0.999999940 0.999999940 0.999999940
v -0.34171835 0.785430014 0.062709942 0.999999940 0.999999940 0.999999940
v -0.36402673 0.789725720 0.014391832 0.999999940 0.999999940 0.999999940
v -0.35778651 0.781927347 0.010342191 0.999999940 0.999999940 0.999999940
v -0.3545081 0.985049724 0.059541959 0.999999940 0.999999940 0.999999940
v -0.36422023 0.988147914 0.023513590 0.999999940 0.999999940 0.999999940
v -0.34998268 0.993300080 0.044412318 0.999999940 0.999999940 0.999999940
v -0.35972863 0.995532810 0.010422799 0.999999940 0.999999940 0.999999940
v -0.29885671 0.996098101 0.071676991 0.999999940 0.999999940 0.999999940
v -0.1779142 0.996686101 0.015238944 0.999999940 0.999999940 0.999999940
v 0.295836299 0.996264576 0.073300764 0.999999940 0.999999940 0.999999940
v 0.198805019 0.996658027 0.012573387 0.999999940 0.999999940 0.999999940
v -0.3135291 0.780974984 0.072557568 0.999999940 0.999999940 0.999999940
v 0.008986514 0.780333578 0.083814486 0.999999940 0.999999940 0.999999940
v 0.312461495 0.780713141 0.072816669 0.999999940 0.999999940 0.999999940
v 0.334388256 0.780574798 0.024627514 0.999999940 0.999999940 0.999999940
vn 0.264830619 -0.27575666 0.924025416
vn 0 -0.51649153 0.856292247
vn 0 -0.39528602 0.918558001
vn 0 -0.25446114 0.967082977
vn 0 -0.44714484 0.894461512
vn 0 -0.86165959 0.507486701
vn -0.98900563 -0.14247011 0.039625510
vn 0 0 1
vn 0 0 1
vn 0 0 1
vn 0 0 1
vn 0 0 1
vn -0.24606714 0 0.969252765
vn 0 0 1
vn 0 0 1
vn 0 0 1
vn 0.548968315 0 0.835843086
vn 0 0 1
vn 0 0 1
vn 0 0 1
vn 0 0 1
vn 0.172672733 0 0.984979152
vn 0 0 1
vn -0.47857574 0 0.878046333
vn 0 0 1
vn 0 0 1
vn 0 0 1
vn -0.49032208 0.227448925 0.841338932
vn 0.995339751 0.094121433 0.020969877
vn 0 0.593089103 0.805136859
vn 0 0.593435347 0.804881632
vn 0 0.593435347 0.804881632
vn 0 0.593435347 0.804881632
vn 0.616050005 -0.31175447 0.723388969
vn 0.034733437 -0.9606505 0.275579929
vn 0.004791867 -0.90400863 0.427487343
vn -0.00509105 -0.94409597 0.329631358
vn -0.00887759 -0.98433685 0.176074504
vn -0.09532449 -0.88308662 0.459424853
vn -0.55893761 -0.41441721 0.718224942
vn 0.015590002 -0.39468876 0.918682575
vn -0.00474477 -0.08426078 0.996432483
vn -0.36168623 -0.07225215 0.929495930
vn 0.604579329 0.027247648 0.796078741
vn -0.01675431 0.002397623 0.999856829
vn 0.447738140 -0.00113567 0.894164085
vn -0.66976058 0.003911824 0.742566764
vn -0.00183105 0.002397589 0.999995410
vn 0.017944565 -0.00429024 0.999829709
vn 0.001800589 0.000378567 0.999998271
vn -0.21373376 0.026364678 0.976536214
vn 0.205748274 -0.07162704 0.975980043
vn -0.00076288 0.012870259 0.999916851
vn -0.03217604 0.096487514 0.994814038
vn -0.11724178 -0.01072516 0.993045449
vn -0.4077552 0.119322620 0.905261099
vn -0.55649364 0.040350072 0.829871416
vn 0.359894126 0.085138991 0.929100394
vn 0.133020028 0.025482490 0.990785658
vn 0.01387526 0.156650885 0.987556517
vn -0.00350505 0.780909121 0.624634921
vn 0.572285473 0.338181346 0.747076034
vn 0.092202954 0.881911873 0.462309598
vn 0.012423356 0.941708862 0.336199343
vn 0.000226606 0.970120370 0.242623701
vn -0.00674639 0.965701222 0.259568125
vn -0.016976 0.930995643 0.364635288
vn -0.03599949 0.926375448 0.374876827
vn -0.11708613 0.876132190 0.467635661
vn -0.33148509 0.84350878 0.422623544
vn 0 0 -1
vn 0 -0.50700831 -0.86194122
vn -0.01928542 -0.50949556 -0.86025715
vn -0.24676265 0 -0.96907598
vn 0 -0.34716931 -0.93780249
vn 0 0 -1
vn 0.463785499 0 -0.88594759
vn 0.930395901 -0.03543757 -0.36483923
vn 0 0 -1
vn 0 0 -1
vn 0 0 -1
vn 0 0 -1
vn 0 0 -1
vn -0.43880776 0 -0.89858091
vn 0 0 -1
vn 0 0 -1
vn 0 0 -1
vn 0 0 -1
vn 0 0 -1
vn 0.291723489 0 -0.95650274
vn 0 0 -1
vn 0 0 -1
vn -0.36123982 0 -0.93247288
vn 0 0.236322626 -0.97167468
vn -0.99283379 0.079890124 -0.08887462
vn 0 0.228736966 -0.97348827
vn 0.484165877 0.554112315 -0.677158
vn 1 0 0
vn 0.641307234 -0.76728421 0
vn 1 0 0
vn -1 0 0
vn -0.6375373 -0.77041954 0
vn -1 0 0
vn -0.7769677 0.629540443 0
vn 0 1 0
vn 0 1 0
vn 0 -1 0
vn 0 -1 0
vn -0.06539886 0.000630944 -0.997859
vn -0.03228194 -0.36012682 -0.93234462
vn -0.97623855 -0.10941271 -0.18704841
vn -0.01763223 -0.99745965 -0.06901671
vn 0.140383496 -0.14479946 -0.97945172
vn -0.05873871 -0.99301195 0.102356933
vn -0.91744477 -0.09025255 0.387491583
vn -1 0 0
vn 0 0 -1
vn 0 0 -1
vn -0.96836662 0.114003650 0.221966445
vn -0.03093136 -0.09623653 0.994877755
vn -0.04466274 0.026238607 0.998657465
vn 0.063015446 -0.11585642 0.991265058
vn -0.00024414 -0.00012619 0.999999880
vn -0.00015233 0.059963613 0.998200595
vn 0.055739942 -0.9972899 0.048021160
vn 0.994947850 -0.02649042 0.096834436
vn 0.250648468 0.015140895 0.967959642
vn 0.159630492 -0.98402303 -0.07884683
vn 0.992816448 -0.02749885 -0.11644485
vn 0.996004283 0.041860379 0.078886300
vn 0.994370520 0.044629361 -0.09610155
vn 0.398205846 0.024977885 -0.91695595
vn 0.121931187 0.943184077 0.309089958
vn 0.086518153 0.936057448 -0.34104425
vn -0.00006101 0.028003938 -0.9996078
vn 0.000007380 1 0
vn -0.01748656 0.966453909 0.256244301
vn -0.03337551 0.051295742 -0.99812567
vn -0.02210514 0.961985886 -0.27220312
vn -0.0848054 0.996397495 0
vn -0.9669407 0.085636965 -0.24019176
vn -0.04028369 0.000126191 -0.9991883
vn -0.34835008 -0.48543119 -0.80187821
vn -0.93413085 -0.02674227 -0.35592765
vn -0.00051927 -0.54161227 -0.84062827
vn -0.37296039 -0.90076965 -0.22251886
vn -0.995722 -0.09237224 -0.00221879
vn -0.06155479 -0.99614435 -0.06250936
vn -1 0 0
vn -0.99283969 -0.1194449 0.001545959
vn -0.04101256 0.013248907 -0.99907076
vn -0.0193936 -0.99908876 0.038017105
vn -0.37401754 -0.90005964 0.223614588
vn -1 0 0
vn -0.90024656 -0.03266579 0.434153288
vn -0.34659076 -0.43775561 0.829605281
vn -0.00066901 -0.70355141 0.710644125
vn 0.027391376 -0.99481189 0.097974389
vn 0.032669708 -0.9976182 -0.06075032
vn -0.03573616 0.000126189 0.999361276
vn 0.000664484 -0.33208418 0.943249583
vn 0 0 1
vn -0.07345086 0.044000603 0.996327698
vn 0.038453042 0.000126188 0.999260366
vn 0.077585488 0.024599636 0.996682107
vn 0.348364591 -0.59051108 0.727968990
vn 0.966837406 -0.01930297 0.254662185
vn 1 0 0
vn 1 0 0
vn 0.973264098 0.00176665 0.229681909
vn 0.346199870 0.239808097 0.906993806
vn 0.289106816 0.906712591 0.307066291
vn 0.000224122 0.940921843 0.338623821
vn 0.948496699 0.309350729 0.068236336
vn 0.953075587 0.294685304 -0.0693364
vn 0.936850011 0.001388074 -0.34972876
vn 0.986772596 -0.02157279 -0.16066869
vn 0.040528673 0.000126189 -0.99917841
vn 0.035187590 0.042993031 -0.99845558
vn 0.345462292 0.238993167 -0.9074899
vn 0.293560296 0.886094093 -0.35869145
vn 0.056798536 0.998385667 0
vn 0.000324963 0.978748500 -0.20506465
vn -0.00045814 0.804088473 -0.59450942
vn 0.001111027 -0.54847753 -0.83616465
vn 0.374486744 -0.89973599 -0.22413157
vn 0.348723113 -0.50240296 -0.79119116
vn 0.922365248 -0.38628611 0.005036227
vn 0.374662846 -0.89960492 0.224362924
vn 0.965383172 -0.26075926 -0.00631819
vn -0.96920556 0.001892838 -0.2462458
vn -0.34608713 0.239574119 -0.90709859
vn -0.29230565 0.892649054 -0.34312549
vn -0.98709202 0.156044438 -0.03604838
vn -0.03348121 0.999439358 0
vn -0.986763 0.158236920 0.035494636
vn -0.96121377 0.002145225 0.275796204
vn -0.29024956 0.902023613 0.319544047
vn -0.00048159 0.937522292 0.347924739
vn -0.34360453 0.236901864 0.908742785
vn -0.03609693 0.045635242 -0.9983058
vn -0.02697603 -0.18159714 -0.9830029
vn -0.96551239 -0.09885166 -0.2408617
vn -0.03416367 -0.99766064 -0.05921243
vn 0.012581440 -0.99679291 -0.07902888
vn -0.99977809 0.021068971 0
vn -0.93921471 0.022456031 -0.34259489
vn -0.04347525 -0.99849623 0.033395268
vn -0.96371126 -0.0654836 0.258790403
vn -0.02559279 -0.16807082 0.985442698
vn 0.029981937 -0.99291986 0.114940300
vn -0.02865415 0.012744315 0.999508082
vn 0.093971021 -0.05154546 0.994239628
vn -0.00054848 0.056824706 0.998384118
vn 0.992103636 -0.09623566 0.080429345
vn 0.997358262 0.034430179 0.063960984
vn 0.233376711 0.028255565 0.971975803
vn 0.994326174 -0.09573648 -0.04636786
vn 0.994195580 0.024473857 -0.1047678
vn 0.292147696 -0.16503759 -0.94202566
vn 0.113863736 0.033548183 -0.99292988
vn 0.090154379 0.96184659 0.258308857
vn 0.153111264 0.897506237 -0.41356927
vn 0 0 -1
vn 0 1 0
vn 0.000030518 0 -1
vn -0.11588419 0.969565451 -0.2156702
vn 0 1 0
vn -0.12838851 0.928168773 0.349312305
vn -0.92514324 0.022456616 0.378953546
vn -0.05484031 0.033800117 -0.9979229
vn -0.03740698 -0.21757734 -0.97532594
vn -0.90773726 -0.14528729 -0.39357939
vn -0.05604429 -0.9927426 -0.10640138
vn -0.00003052 0 -1
vn -0.07033947 -0.99569792 0.060317564
vn -0.9817664 -0.0638541 0.179045617
vn -1 0 -0.00003052
vn 0.034091558 -0.99117368 -0.12811114
vn -0.99947453 0.032414648 0
vn -0.02382847 -0.37708086 0.925873756
vn 0.032220717 -0.97864926 0.202996268
vn -0.02835068 0 0.999598026
vn 0.084991619 -0.07826044 0.993303418
vn -0.00075933 0.100222766 0.994964718
vn -0.03280597 0.063228666 0.997459769
vn 0.148288205 -0.00037855 0.988944053
vn 0.831898629 -0.54755104 0.090180948
vn 0.996223390 -0.00025237 0.086825825
vn 0.992086291 -0.08875587 -0.08881044
vn 0.995231211 0.036572236 -0.09042844
vn 0.22047548 -0.12154742 -0.96778971
vn 0.264317452 -0.00138802 -0.96443474
vn 0.900457739 0.350431382 -0.25763068
vn 0.302469730 0.298565894 -0.90519089
vn 0.993621647 0.063102714 0.093455702
vn 0.386451691 0.305289834 0.870317876
vn 0.033474341 0.954089343 0.297645837
vn 0.220381721 0.975409388 0.002906500
vn 0.136875033 0.990583121 -0.00320831
vn 0.026334662 0.967775464 -0.25043392
vn -0.00060819 0.086511358 -0.99625069
vn 0 0 -1
vn 0 1 0
vn -0.0652239 0.977874398 -0.19876476
vn -0.07976485 0.969842612 0.230310365
vn -0.96052998 0.019682213 -0.27747962
vn -0.90587318 0.023213123 0.422912359
vn -0.04898022 0.000252376 -0.99879974
vn -0.33319306 -0.47476524 -0.81460434
vn -0.93800777 -0.02472566 -0.34573111
vn 0.000904320 -0.45356634 -0.891222
vn -0.08668073 -0.98871285 -0.12220209
vn -0.98097765 -0.19407287 -0.00431594
vn 0.000016007 -0.99452347 -0.10451466
vn -1 0 0
vn -0.0507182 -0.99603581 0.073078118
vn -0.9930799 -0.11734257 0.004790602
vn -0.07630342 0.037831291 -0.99636662
vn 0 0 -1
vn 0.049255020 -0.99034357 0.129590034
vn -0.39726466 -0.85686308 0.328582584
vn -0.93665332 -0.02346461 0.349470853
vn -0.29868764 -0.08276293 0.950755536
vn 0.000269718 -0.19479008 0.980844914
vn -0.00003052 -0.00012619 1
vn -0.07211096 0.067366898 0.995118975
vn -0.00030392 -0.0932446 0.995643198
vn 0.064427740 0.030020358 0.997470796
vn 0.298641204 -0.08238704 0.950802743
vn 0.936872601 -0.02283403 0.348924458
vn 0.962364852 0.009211486 0.271604478
vn -0.00009155 -0.00037856 0.999999880
vn 1 0 0
vn 0.498157531 0.392405390 0.773212254
vn 0.015479746 0.904439032 0.426322162
vn 0.987127244 0.159210532 0.015226930
vn 0.987920105 0.154213190 -0.01523777
vn 0.932469010 0.009085411 -0.36113572
vn 0.030522992 0.062600195 -0.99757189
vn 0.568102300 0.458866000 -0.68315572
vn 0.012145011 0.986681878 -0.16220765
vn 0.009787154 0.999952077 0.000014773
vn 0.974146187 -0.02863324 -0.22409682
vn 0.068850264 0.000252380 -0.99762696
vn -0.00140385 -0.60857689 -0.79349369
vn 0.127974212 -0.9836694 -0.12655923
vn 0.333109021 -0.46873191 -0.81812519
vn 0.995351016 -0.09623528 0.003889276
vn 0.397724777 -0.85648978 0.328998774
vn 0.986704230 -0.16248725 -0.00355602
vn -0.97094309 0.010977749 -0.23905866
vn -0.5661701 0.457045674 -0.68597424
vn -0.01684916 0.900192499 -0.43516606
vn -0.99162996 0.128461226 -0.01295971
vn -0.99059504 0.136215239 0.012917121
vn -0.010238 0.999947607 -0.00002955
vn -0.96498936 0.009590029 0.262113302
vn -0.01084709 0.988257885 0.152409300
vn -0.51736259 0.410541355 0.750860631
vn -0.03326402 0.000126189 -0.99944651
vn -0.00789352 -0.13793223 -0.99041015
vn -0.96505225 -0.09299752 -0.24500144
vn -0.03191759 -0.99745828 -0.0637047
vn -0.1093449 -0.98926204 0.096975967
vn -0.96400684 -0.0633522 0.258219659
vn -0.99953789 0.030398545 0
vn -0.02412859 -0.41558507 0.909234225
vn 0.022725762 -0.99086362 0.132939010
vn -0.01480121 0.000126191 0.999890506
vn 0 0 1
vn -0.0492158 0.097607627 0.994007229
vn 0.145289033 -0.07675859 0.986407220
vn 0.060012649 0.025104492 0.997881889
vn 0.985138297 -0.15420759 0.075647562
vn 0.996523559 0.046517044 0.069115787
vn 0.997419118 -0.0543103 -0.04696211
vn 0.993159949 0.035312309 -0.11129323
vn 0.150351554 -0.07588308 -0.9857161
vn 0.358891636 0.042993340 -0.93238854
vn 0.061943829 0.958394050 0.278646230
vn 0.105916798 0.948604464 -0.29821369
vn -0.00006102 0.019303398 -0.99981368
vn 0 1 0
vn 0 1 0
vn 0 1 0
vn -0.05971169 0.105691559 -0.99260449
vn -0.0935533 0.978150188 0.185661017
vn -0.10054532 0.979960501 -0.1719531
vn -0.94083625 0.036571618 -0.33688217
vn -0.93160564 0.036824241 0.361600667
vn 0.054954689 -0.97979206 -0.19232133
vn -0.29208204 -0.32337552 -0.90006471
vn -0.00127405 -0.93843395 -0.34545615
vn -0.08437635 -0.99627542 -0.01777495
vn -0.92596757 -0.22333591 -0.30447507
vn -0.04267679 -0.02964162 -0.99864918
vn -0.98355043 -0.00025237 -0.18063343
vn 0.041912663 -0.99912119 0
vn -0.9990862 -0.04274045 0
vn -0.94487554 -0.00012618 0.327429741
vn -0.92521769 -0.22345784 0.306657522
vn -0.08413216 -0.99629617 0.017770104
vn -0.00022115 -0.96728867 0.253678321
vn -0.0142711 -0.04072621 0.999068439
vn -0.26107639 -0.30098414 0.917195618
vn 0.046610157 -0.92565608 0.375484108
vn 0.000091533 0.022077780 0.999756217
vn -0.04746644 0.070250265 0.996399462
vn 0.115815959 -0.00012618 0.993270695
vn 0.084541805 -0.30813527 0.947578668
vn 0.985237598 -0.14014004 0.098324209
vn 0.994853615 0 0.101322598
vn 0.684130728 0.000757134 0.729358971
vn 0.994377553 -0.08501129 -0.06313894
vn 0.995238125 0 -0.09747305
vn 0.405624836 -0.00050475 -0.91403943
vn 0.646686554 0.000757136 -0.76275557
vn 0.499807924 0.355768561 0.789696574
vn 0.995393693 0.073631376 0.061397828
vn 0.987797498 0.121920406 -0.09691006
vn 0.467258065 0.354415178 -0.80997521
vn -0.0002435 0.074382752 -0.9972297
vn 0.057510815 0.967265784 -0.24716258
vn 0.041912693 0.999121367 0
vn 0.048059336 0.930033922 0.364317387
vn -0.00131428 0.938080966 -0.3464137
vn -0.00012194 -0.04777267 -0.99885815
vn 0.000030511 0.021447280 -0.99976999
vn -0.00167777 0.975214541 0.221255302
vn -0.29234287 0.323385417 0.899976372
vn -0.10616006 0.045510623 -0.99330699
vn -0.82822299 0.000252381 -0.56039864
vn -0.91619235 0.225688234 -0.33114415
vn -0.08167506 0.996499955 -0.01780317
vn -0.08674525 0.996072411 0.017749050
vn -0.93303466 0.221348956 0.283638775
vn -0.9534387 0.000252381 0.301586598
vn -0.99968171 0.025230638 0
vn 0.057273164 -0.96635526 -0.25075334
vn 0.438514918 -0.35283467 -0.82656664
vn -0.00815766 -0.98776644 -0.15572688
vn -0.97668982 -0.21379833 -0.019166
vn -0.97167736 -0.01135597 -0.23603807
vn -0.54013622 -0.52877676 -0.65471214
vn -0.05509686 -0.05519026 -0.9969545
vn -0.0030263 -0.99999547 0
vn -1 0 0
vn -0.97219402 -0.23339801 0.019083609
vn -0.96318066 0.008076001 -0.26873359
vn -0.92759538 -0.00946344 0.373466402
vn -0.00657119 -0.97402871 0.226328954
vn 0.000782364 -0.9999997 0.000110712
vn -0.03824263 -0.03795567 0.998547375
vn -0.54294986 -0.53163487 0.650053679
vn 0.037683337 -0.07450701 0.996508121
vn 0 0 1
vn 0.012956764 -0.97111017 0.238279789
vn -0.07276815 0.036697547 0.996673464
vn 0.542288124 -0.53100199 0.651122391
vn 0.974515199 -0.00567834 0.224249571
vn 0.614129185 -0.78751439 0.051636777
vn 0.999998807 -0.00151423 -0.00030518
vn 0.999996125 0.002776158 0.000061036
vn 0.071786873 0.072004102 0.994817555
vn 0.968432426 0.014005546 0.248882502
vn 0.531884670 0.543248057 0.649600088
vn 0.981258094 0.008075849 -0.19252874
vn 0.050019808 0 -0.99874818
vn 0.040949016 0.098852641 -0.99425924
vn 0.009210753 0.930782318 -0.36545789
vn 0.138743296 0.990249037 -0.01253885
vn 0.135116547 0.990750074 0.012555301
vn 0.011460598 0.971155822 0.238170042
vn 0 1 0
vn -0.03537635 0.071126021 -0.99683982
vn 0 0 -1
vn -0.01131462 0.971183002 -0.23806648
vn -0.00939827 0.928294539 0.371726870
vn -0.53132606 0.542711496 0.650505125
vn -0.52927834 0.540611863 -0.6539138
vn -0.1964214 0.980343818 -0.01856247
vn -0.19078128 0.981456100 0.018613148
vn -0.98552787 0.009463855 0.169249251
vn -0.99998009 0.00630935 0
vn 0.009482404 -0.926669 -0.37575886
vn 0.040966775 -0.06473204 -0.99706137
vn 0.570011258 -0.8198669 -0.0539021
vn 0.925965786 -0.01324824 -0.37737507
vn -0.23673779 -0.34684849 -0.9075523
vn -0.00178024 -0.97433025 -0.22511618
vn -0.17441958 -0.98389369 -0.03912724
vn -0.90172958 -0.29356411 -0.31733862
vn -0.04331375 -0.07413035 -0.99630743
vn -0.97120285 -0.00037856 -0.23825355
vn 0 -1 0
vn -0.99917543 -0.04060075 0
vn -0.16868055 -0.9848851 0.039349213
vn -0.88596004 -0.00025237 0.463761538
vn -0.99974489 0.022582160 -0.00024408
vn -0.88921726 -0.29622614 0.348629891
vn -0.00159917 -0.96566176 0.259797632
vn 0.000030457 -0.06510752 0.997878253
vn -0.09093971 -0.04676642 0.994757711
vn -0.04506777 0.018420932 0.998813986
vn 0.025861606 -0.95099705 0.308116495
vn 0 0 1
vn -0.000183 -0.03543698 0.999371826
vn 0.161349669 0.000378564 0.986897230
vn 0.819568455 -0.00088329 0.572980701
vn 0.594836354 -0.34779152 0.724714338
vn 0.147548377 -0.98905295 0.001921336
vn 0.902425766 -0.37065572 0.219640597
vn 0.999119281 -0.01930295 0.037256430
vn 0.994341790 0.050666905 0.093365274
vn 0.000060716 0.105567805 0.994412183
vn 0.994324922 -0.05066606 -0.0935466
vn 0.999114811 0.019303454 -0.03737717
vn 0.339369297 -0.00063093 -0.94065297
vn 0.775583326 0.000757123 -0.63124466
vn -0.00062882 0.198849856 0.980029761
vn 0.618668794 0.346855461 0.704939842
vn 0.900470793 0.373530954 0.222771108
vn 0.901727736 0.371685862 -0.22076412
vn 0.527417957 0.348642200 -0.7747767
vn -0.00018264 0.073381342 -0.99730396
vn -0.00006102 -0.02649049 -0.99964905
vn 0.028763931 0.976951241 -0.21151534
vn 0.240051373 0.970754981 -0.00318692
vn 0.145393818 0.989367246 0.003606217
vn 0.034469153 0.968738257 0.245678633
vn 0 1 0
vn -0.00099379 0.968151807 -0.25036207
vn 0 1 0
vn -0.00123453 0.951036572 0.309075832
vn 0.000061013 0.028886221 -0.99958277
vn 0.000061037 0 -1
vn -0.23436043 0.344747662 0.908968806
vn -0.11587118 0.048404078 -0.99208415
vn -0.63199544 0.000630954 -0.77497184
vn -0.77976465 0.305401295 -0.54653186
vn -0.21560985 0.974542915 -0.06146951
vn -0.29548231 0.953574955 0.058181438
vn -0.7631532 0.305511027 0.569438517
vn -0.78937238 0.000883331 0.613913953
vn -0.99900365 0.044629298 0.000213429
vn 0.025025909 -0.94313079 -0.3314786
vn 0.506853818 -0.34843245 -0.78847575
vn 0.084846779 -0.99639189 -0.00205834
vn 0.901939332 -0.37137339 -0.22042495
vn -0.01657078 0.001009500 -0.99986225
vn -0.0025061 -0.89565539 -0.44474152
vn -0.24178901 -0.83614695 -0.49233761
vn -0.75245297 -0.00908514 -0.65858328
vn -0.00006104 -0.00063093 -0.99999982
vn 0.000265795 -0.80689573 -0.59069389
vn 0.000030518 -0.00012619 -1
vn 0.013763802 0.000630945 -0.99990511
vn 0.007975478 -0.91841602 -0.39553568
vn 0.809410095 0.031406905 -0.58640325
vn 0.666235864 -0.44759932 -0.59647673
vn -0.01086428 0.000126189 -0.99994093
vn -0.76900101 0.002649940 -0.63924217
vn 0.000061037 0.000126189 -1
vn 0.000122074 0.000126189 -1
vn -0.00006104 -0.00025237 -0.99999988
vn 0.793905913 -0.00353319 -0.60803032
vn 0.009277510 0.000252375 -0.99995691
vn 0 0 -1
vn -0.02270476 -0.0007571 -0.99974185
vn 0.000030518 0.002523782 -0.99999684
vn 0.013061854 0.004795176 -0.99990314
vn -0.01113876 0.005047510 -0.99992526
vn 0.819285988 0.000252374 -0.57338506
vn -0.82105041 -0.02699488 -0.57021707
vn -0.00456614 0.981576442 -0.1910155
vn -0.64704758 0.594950914 -0.47682568
vn 0.000085163 0.989652037 -0.14348793
vn 0.005347389 0.992917537 -0.11868554
vn 0.232087969 0.858008205 -0.45821097
vn 0.994332552 -0.01968152 0.104477085
vn 0.305419355 -0.94471085 0.119333215
vn 0.918936967 -0.09262296 0.383374184
vn 0.277278840 -0.94634902 0.165951594
vn 0.740692794 -0.00151425 0.671842217
vn 0.915132403 0.040726810 0.401090830
vn 0.998413622 0.024726353 0.050585798
vn 0.139612421 0.989405214 0.039820928
vn 0.272827625 0.950245201 0.150330454
vn 0.243961542 0.930874109 0.271948754
vn -0.92207956 -0.05217473 0.383467316
vn -0.32942003 -0.9228074 0.199772357
vn -0.9977054 -0.02686835 0.062144931
vn -0.26409796 -0.95956206 0.097432300
vn -0.8566739 0.058583147 0.512520968
vn -0.99317545 0.021825669 0.114570148
vn -0.26941779 0.941972971 0.200252562
vn -0.11491603 0.991719365 0.057331077
vn -0.00909576 0.998785138 0.048429437
vn -0.00040601 0.999987840 0.004916602
vn 0.006045385 0.999221980 0.038969945
vn 0.000693835 0.999997139 0.002288180
vn -0.01913793 -0.99868935 0.047469534
vn -0.00008153 -0.99973834 0.022873099
vn 0.011888605 -0.9993434 0.034226357
vn 0.017409408 -0.99976903 0.012601448
vt 0.831372857 0.021390378
vt 0.616289794 0.012286901
vt 0.575406193 0.010556519
vt 0.525634944 0.008449912
vt 0.504304409 0.007547140
vt 0.461643278 0.005741477
vt 0.447422921 0.005139589
vt 0.674240112 0.072749853
vt 0.572390735 0.076519370
vt 0.517720162 0.064998209
vt 0.707342624 0.165090739
vt 0.612918198 0.151396215
vt 0.446818500 0.019420027
vt 0.759806633 0.145346701
vt 0.665690839 0.297800838
vt 0.541088819 0.195713520
vt 0.823486924 0.207706749
vt 0.487973183 0.327560305
vt 0.631961762 0.249613583
vt 0.762327492 0.247358679
vt 0.575037062 0.343438148
vt 0.812031090 0.478367388
vt 0.683756113 0.367343246
vt 0.436089903 0.272899568
vt 0.713409483 0.336866855
vt 0.675498247 0.415522694
vt 0.532128453 0.445769965
vt 0.427476793 0.476397156
vt 0.811426699 0.492647945
vt 0.797206342 0.492046058
vt 0.555460095 0.481814086
vt 0.523464262 0.480459868
vt 0.484358221 0.478804647
vt 0.936267972 0.758719205
vt 0.958982467 0.731253385
vt 0.972809910 0.642381727
vt 0.897206544 0.575180888
vt 0.863890349 0.546493887
vt 0.859718859 0.525193214
vt 0.840165376 0.496493220
vt 0.943182826 0.665891826
vt 0.860377848 0.552959442
vt 0.839461207 0.506516456
vt 0.893501102 0.784480214
vt 0.821252167 0.556838154
vt 0.932692408 0.752224683
vt 0.801989078 0.501247167
vt 0.836691916 0.600410699
vt 0.929862082 0.682930707
vt 0.853895902 0.646824657
vt 0.770977318 0.545999765
vt 0.940567672 0.727541804
vt 0.803289651 0.643278002
vt 0.768945634 0.574629068
vt 0.841957628 0.523697614
vt 0.765712380 0.533939361
vt 0.757824301 0.52209723
vt 0.851026535 0.758498549
vt 0.848810195 0.739259123
vt 0.826644182 0.718092918
vt 0.764081299 0.618550300
vt 0.848721683 0.784459173
vt 0.844604790 0.759819448
vt 0.818757295 0.730023860
vt 0.746216774 0.634662747
vt 0.753294527 0.625048160
vt 0.754086196 0.596301496
vt 0.762962997 0.571784853
vt 0.760498344 0.539944768
vt 0.752029001 0.526095509
vt 0.201580911 0.420643031
vt 0.131785124 0.479208648
vt 0.035764452 0.476025581
vt 0.036238011 0.461740195
vt 0.405621856 0.488286256
vt 0.356687188 0.380811989
vt 0.424227535 0.356617152
vt 0.419847130 0.488757789
vt 0.280958294 0.376058340
vt 0.160149678 0.296351432
vt 0.211673751 0.349374532
vt 0.279614388 0.283849597
vt 0.096759006 0.194989562
vt 0.044776871 0.204155206
vt 0.360197693 0.245528936
vt 0.182789146 0.166952312
vt 0.307758957 0.170013546
vt 0.254568874 0.153505861
vt 0.322987556 0.124500453
vt 0.432278007 0.113764166
vt 0.224142551 0.106023669
vt 0.390136539 0.077731311
vt 0.050918303 0.018890500
vt 0.065617114 0.005076587
vt 0.051391836 0.004605054
vt 0.21853894 0.010145902
vt 0.435474544 0.017337203
vt 0.153463110 0.516675949
vt 0.061050869 0.500381231
vt 0.38832587 0.528779387
vt 0.154422327 0.595471143
vt 0.064738832 0.611284732
vt 0.387702226 0.604671120
vt 0.536343038 0.619709551
vt 0.269530952 0.664074063
vt 0.435196816 0.669646263
vt 0.262837231 0.744840145
vt 0.433580368 0.741661310
vt 0.903262317 0.846289336
vt 0.902421236 0.862664103
vt 0.896792829 0.861155986
vt 0.66735816 0.976664781
vt 0.969022929 0.864800512
vt 0.668332994 0.958297193
vt 0.674678564 0.954066097
vt 0.963294625 0.579444408
vt 0.925304353 0.828822553
vt 0.938060581 0.826967537
vt 0.922748446 0.587496161
vt 0.669457554 0.951478838
vt 0.22137703 0.846725523
vt 0.154604375 0.780212223
vt 0.195137679 0.813612699
vt 0.221189707 0.805087685
vt 0.904395222 0.937386870
vt 0.909696519 0.932995438
vt 0.221742644 0.779580891
vt 0.892631709 0.922068119
vt 0.898221790 0.917905151
vt 0.962647914 0.899953246
vt 0.947686255 0.879992365
vt 0.943024992 0.874857842
vt 0.233428001 0.781633734
vt 0.951109170 0.872502684
vt 0.959644675 0.797528863
vt 0.983197331 0.213868498
vt 0.998968899 0.185289323
vt 0.905248045 0.795310795
vt 0.904805660 0.789098322
vt 0.986396610 0.185553610
vt 0.899356842 0.790768683
vt 0.910624027 0.157591164
vt 0.919280409 0.158233165
vt 0.917190611 0.162714719
vt 0.919661760 0.152235209
vt 0.406207650 0.847420930
vt 0.401410073 0.84826684
vt 0.220677897 0.886235177
vt 0.364338487 0.854153513
vt 0.223692089 0.867733359
vt 0.852289795 0.155037403
vt 0.221103921 0.867476463
vt 0.221167385 0.867323160
vt 0.360808998 0.861437082
vt 0.399954766 0.870099604
vt 0.403594553 0.873446822
vt 0.215438708 0.860495567
vt 0.153523415 0.865926742
vt 0.153106138 0.884763240
vt 0.816506028 0.800113439
vt 0.878427863 0.791733801
vt 0.848609805 0.831946015
vt 0.814978361 0.856811106
vt 0.883966863 0.798094213
vt 0.882431924 0.858631432
vt 0.884427428 0.792088866
vt 0.888914942 0.794165849
vt 0.610527396 0.897341489
vt 0.609858870 0.851156711
vt 0.622582793 0.842252850
vt 0.882525920 0.858686983
vt 0.882417798 0.864987909
vt 0.876476645 0.864798307
vt 0.621921598 0.837999463
vt 0.596911609 0.838530540
vt 0.596431613 0.842808246
vt 0.597751140 0.907335400
vt 0.913576901 0.090303957
vt 0.855081379 0.087598741
vt 0.854962527 0.087537348
vt 0.593093037 0.835836708
vt 0.864648044 0.072190940
vt 0.851608634 0.067035079
vt 0.846218824 0.149002194
vt 0.921725988 0.096331834
vt 0.153014332 0.884882867
vt 0.152763545 0.891635656
vt 0.148645594 0.866491854
vt 0.153466358 0.865789771
vt 0.148431524 0.883230447
vt 0.852713227 0.159859359
vt 0.852209508 0.155122220
vt 0.845911026 0.154914557
vt 0.332181215 0.841843366
vt 0.863354265 0.005199432
vt 0.876389920 0.000158965
vt 0.335463643 0.867574572
vt 0.878164649 0.004353344
vt 0.878481149 0.010289073
vt 0.814893245 0.856984138
vt 0.518612504 0.904617428
vt 0.585602581 0.904493749
vt 0.584498047 0.910757958
vt 0.026095172 0.345724463
vt 0.025900160 0.408039152
vt 0.958061695 0.984399616
vt 0.958061695 0.999181151
vt 0.007122783 0.344338119
vt 0.003031290 0.337386310
vt 0.000506789 0.343224704
vt 0.007153505 0.407863855
vt 0.976899623 0.324691176
vt 0.000096184 0.412533104
vt 0.977406501 0.283612132
vt 0.349195301 0.964310169
vt 0.281715571 0.963415026
vt 0.977974534 0.257645010
vt 0.348882794 0.983577668
vt 0.281414806 0.982349574
vt 0.347702533 0.990257561
vt 0.280638992 0.989011287
vt 0.984380722 0.258907675
vt 0.274698525 0.986820280
vt 0.559987723 0.849000394
vt 0.958173394 0.508834362
vt 0.551342964 0.889274299
vt 0.51198107 0.909461319
vt 0.951812148 0.524524688
vt 0.982974946 0.330115854
vt 0.976852655 0.331332922
vt 0.931953609 0.375725328
vt 0.931716918 0.443938195
vt 0.926099717 0.442433059
vt 0.89488554 0.261184096
vt 0.957686007 0.423825383
vt 0.875938773 0.257792055
vt 0.872905254 0.250296950
vt 0.946191668 0.354337036
vt 0.897007107 0.323661565
vt 0.992099583 0.352363288
vt 0.869530320 0.255032777
vt 0.877851605 0.323960363
vt 0.007207338 0.939793944
vt 0.074367180 0.918703556
vt 0.061990678 0.985127449
vt 0.006634085 0.984785914
vt 0.074025236 0.979591429
vt 0.680294930 0.979812383
vt 0.694887161 0.978967249
vt 0.679702401 0.960287749
vt 0.747958838 0.958818078
vt 0.681075692 0.953510165
vt 0.741940081 0.951785087
vt 0.748195231 0.958381831
vt 0.748023569 0.951561033
vt 0.748755872 0.977459967
vt 0.749024450 0.984277665
vt 0.072014465 0.990396678
vt 0.210212588 0.919427692
vt 0.753332674 0.958985745
vt 0.210395351 0.941623330
vt 0.982194125 0.375691711
vt 0.984630584 0.410210073
vt 0.183565482 0.927189469
vt 0.141138657 0.943998634
vt 0.140049472 0.918440222
vt 0.925723731 0.375852704
vt 0.000854061 0.984751582
vt 0.248940423 0.783902287
vt 0.241032272 0.783349394
vt 0.243099197 0.778916835
vt 0.240928322 0.789451360
vt 0.007335490 0.203967034
vt 0.008693987 0.209037005
vt 0.030612012 0.850483834
vt 0.017914265 0.236598730
vt 0.048646837 0.892365217
vt 0.047776728 0.897604882
vt 0.308966875 0.786069750
vt 0.271502941 0.810339689
vt 0.050140064 0.824902117
vt 0.048814497 0.892459631
vt 0.03068351 0.209646582
vt 0.033920865 0.205980598
vt 0.055862467 0.886695444
vt 0.681253552 0.833843708
vt 0.696812570 0.882311224
vt 0.675482869 0.793660104
vt 0.734063983 0.827469289
vt 0.678873419 0.788585782
vt 0.682994246 0.785951614
vt 0.735915124 0.822468936
vt 0.687309920 0.847646236
vt 0.102539025 0.860192239
vt 0.734898626 0.827111840
vt 0.738814055 0.830116629
vt 0.066928923 0.846684575
vt 0.066314436 0.871805906
vt 0.070228159 0.872429013
vt 0.306510299 0.853479147
vt 0.306581527 0.853528738
vt 0.065235085 0.875713169
vt 0.426102250 0.976994514
vt 0.240956664 0.855905354
vt 0.247268006 0.851276993
vt 0.239377647 0.845265150
vt 0.030903523 0.824354589
vt 0.023981200 0.824044466
vt 0.049517732 0.819637954
vt 0.050259403 0.824770212
vt 0.031940497 0.819209218
vt 0.308867275 0.781265437
vt 0.309058636 0.786014497
vt 0.313954740 0.786400914
vt 0.006342648 0.279887080
vt 0.031466458 0.279382586
vt 0.359293967 0.978451073
vt 0.031914547 0.275445044
vt 0.358953058 0.963868141
vt 0.696934223 0.882972419
vt 0.586925268 0.941112697
vt 0.588231682 0.917627215
vt 0.594359636 0.919269204
vt 0.704053521 0.926261305
vt 0.710426092 0.908122599
vt 0.718795776 0.906249582
vt 0.982596755 0.107545912
vt 0.713983118 0.902116060
vt 0.651395201 0.887512266
vt 0.863011956 0.932331979
vt 0.874688267 0.952556014
vt 0.819572269 0.931907177
vt 0.649586916 0.878751158
vt 0.818960547 0.999227941
vt 0.269274830 0.964282572
vt 0.201140657 0.963493585
vt 0.268965631 0.983678221
vt 0.200678139 0.981789112
vt 0.267465323 0.990270614
vt 0.200523212 0.989133596
vt 0.814186334 0.997523248
vt 0.195326983 0.986152589
vt 0.535226583 0.983647346
vt 0.979962110 0.073426067
vt 0.986103653 0.069622457
vt 0.982612907 0.041358768
vt 0.585617601 0.985659837
vt 0.996181726 0.027294516
vt 0.970632553 0.027294516
vt 0.591896057 0.986029803
vt 0.818900048 0.925767898
vt 0.642287373 0.916909158
vt 0.889342665 0.903828024
vt 0.888517499 0.899148225
vt 0.892644703 0.898567974
vt 0.894921422 0.902314126
vt 0.140480652 0.724151730
vt 0.147981151 0.726913571
vt 0.822499036 0.886513948
vt 0.328313112 0.928456902
vt 0.334136277 0.914597809
vt 0.328332155 0.914584100
vt 0.324149340 0.915895938
vt 0.888353586 0.872985601
vt 0.078599982 0.698530674
vt 0.078036375 0.699174404
vt 0.823711991 0.873341083
vt 0.142252996 0.647594332
vt 0.142986208 0.707592487
vt 0.079763472 0.631068468
vt 0.074698306 0.631557643
vt 0.817467987 0.877036392
vt 0.126617431 0.956531703
vt 0.140305012 0.638354778
vt 0.818130612 0.896247923
vt 0.107857815 0.953943908
vt 0.100558213 0.980227470
vt 0.101187035 0.924282550
vt 0.144692763 0.640444397
vt 0.127224803 0.918540775
vt 0.108008682 0.918331742
vt 0.101172111 0.918249845
vt 0.080114327 0.794759690
vt 0.074291274 0.800042033
vt 0.067256905 0.819192588
vt 0.067810550 0.832389056
vt 0.138706117 0.793547809
vt 0.083217829 0.728279709
vt 0.123656854 0.790425658
vt 0.132354050 0.835966467
vt 0.143446922 0.707796216
vt 0.140279620 0.790485203
vt 0.147788867 0.785919427
vt 0.146236196 0.790933668
vt 0.137323111 0.806677341
vt 0.137323632 0.831731796
vt 0.141254365 0.833672642
vt 0.138288721 0.714064240
vt 0.395173192 0.931275785
vt 0.075690083 0.724054098
vt 0.072874322 0.726365089
vt 0.809217512 0.907274007
vt 0.808518469 0.911238431
vt 0.804604470 0.910584926
vt 0.804698765 0.905821800
vt 0.891520619 0.073164939
vt 0.133301496 0.901174068
vt 0.779365778 0.923032760
vt 0.139072656 0.886786758
vt 0.737655818 0.908344745
vt 0.803737640 0.936764359
vt 0.135116040 0.886044740
vt 0.070573866 0.896175205
vt 0.799966335 0.830043256
vt 0.799994766 0.829993963
vt 0.798402011 0.897476255
vt 0.765141487 0.864370465
vt 0.068154647 0.882755458
vt 0.736372113 0.852573812
vt 0.798438191 0.897528469
vt 0.507939636 0.963831663
vt 0.511865794 0.964407503
vt 0.507106959 0.979422628
vt 0.441320657 0.975456655
vt 0.730966985 0.895933866
vt 0.440959721 0.962918579
vt 0.730920612 0.895960092
vt 0.440611183 0.989156961
vt 0.953803002 0.032758474
vt 0.958418786 0.005924224
vt 0.295398652 0.930715978
vt 0.299290239 0.930260419
vt 0.436962872 0.963412702
vt 0.295857101 0.904526233
vt 0.254354238 0.916783332
vt 0.889881908 0.005980670
vt 0.915010690 0.035143137
vt 0.888576388 0.001113891
vt 0.228937670 0.903354764
vt 0.736315608 0.852555513
vt 0.889825046 0.005926430
vt 0.224606007 0.928953111
vt 0.225046128 0.903810381
vt 0.224492803 0.899821341
vt 0.737444341 0.922103285
vt 0.066924825 0.908943891
vt 0.960280418 0.075990021
vt 0.063072189 0.908230423
vt 0.062254738 0.912173807
vt 0.242441833 0.861675739
vt 0.243269205 0.866367995
vt 0.238983735 0.866852045
vt 0.236257404 0.863034606
vt 0.850842297 0.174128532
vt 0.854768931 0.167004406
vt 0.267808228 0.879942178
vt 0.332586109 0.893647551
vt 0.238472208 0.891860425
vt 0.337974607 0.880127668
vt 0.399559110 0.885060489
vt 0.332029789 0.880336701
vt 0.242734298 0.892519295
vt 0.417722195 0.895072341
vt 0.417722195 0.909038543
vt 0.485302865 0.908257842
vt 0.307256579 0.893889904
vt 0.460867553 0.871257305
vt 0.417393356 0.847886502
vt 0.479010909 0.841266632
vt 0.423139125 0.841788709
vt 0.417131811 0.841930270
vt 0.307957202 0.889517188
vt 0.312680989 0.890639901
vt 0.007669803 0.126474678
vt 0.007073641 0.194057107
vt 0.485010236 0.879232943
vt 0.026250289 0.129211843
vt 0.025969302 0.194186389
vt 0.031226383 0.136699199
vt 0.032816674 0.191006958
vt 0.484720379 0.846780836
vt 0.485018581 0.841391325
vt 0.007010789 0.194129705
vt 0.026104327 0.194253146
vt 0.031247641 0.196807444
vt 0.920492351 0.238133847
vt 0.853964567 0.232945740
vt 0.925990641 0.244032442
vt 0.027118295 0.044722199
vt 0.007775398 0.198909401
vt 0.005250412 0.045475542
vt 0.016856642 0.066649854
vt 0.920272350 0.179508328
vt 0.016696617 0.097809493
vt 0.005721200 0.110010683
vt 0.915666580 0.187682688
vt 0.886040270 0.194648146
vt 0.485396146 0.908421814
vt 0.917324245 0.177819430
vt 0.913516104 0.169637739
vt 0.918200790 0.171423912
vt 0.031333621 0.114118814
vt 0.006320525 0.114281594
vt 0.002577963 0.117109775
vt 0.479560107 0.914765596
vt 0.399890661 0.900589108
vt 0.849660396 0.238752901
vt 0.852240920 0.241613447
vt 0.308314830 0.872034668
vt 0.026409471 0.129171252
vt 0.557604551 0.558566629
vt 0.553797662 0.561332464
vt 0.546893358 0.551660597
vt 0.549185931 0.549892187
vt 0.656968653 0.640371799
vt 0.678287625 0.730507493
vt 0.712330102 0.722560286
vt 0.749630987 0.813254535
vt 0.742444455 0.817638516
vt 0.758981645 0.819933652
vt 0.749630034 0.827103257
vt 0.584924221 0.539021194
vt 0.588694989 0.522066235
vt 0.713719546 0.693874537
vt 0.74000597 0.741091728
vt 0.640755474 0.578222930
vt 0.790797174 0.795509338
vt 0.787390351 0.783696949
vt 0.682439744 0.642367363
vt 0.604495406 0.524673521
vt 0.724446773 0.62672019
vt 0.821745872 0.760058999
vt 0.632759153 0.502788424
vt 0.829140961 0.768541693
vt 0.622819840 0.496051430
vt 0.635908782 0.500945925
vt 0.628785491 0.491480708
vt 0.737829923 0.639293134
vt 0.824531436 0.757229685
vt 0.831425249 0.766788959
vt 0.888284623 0.434730947
vt 0.884761393 0.440833330
vt 0.906486272 0.433472156
vt 0.910634398 0.439890444
vt 0.911501288 0.396329402
vt 0.902780890 0.342779040
vt 0.884988844 0.342082142
vt 0.880539655 0.337212681
vt 0.892058014 0.337618649
vt 0.902511596 0.336855769
vt 0.899794578 0.547965407
vt 0.898345053 0.554785013
vt 0.921679794 0.545222044
vt 0.923762381 0.549859404
vt 0.852698206 0.470471620
vt 0.89985466 0.454108893
vt 0.857275843 0.463423728
vt 0.870798707 0.453605175
vt 0.632266402 0.816086649
vt 0.574355065 0.791403174
vt 0.351947099 0.826309621
vt 0.396722376 0.796137452
vt 0.050550971 0.793729722
vt 0.051266770 0.641514420
vt 0.041762404 0.498593092
vt 0.018730711 0.488941371
vt 0.060027781 0.551734328
vt 0.537279546 0.773252487
vt 0.322003960 0.773252487
vt 0.281083822 0.773252487
vt 0.231267973 0.773252487
vt 0.209918305 0.773252487
vt 0.167219013 0.773252487
vt 0.065656244 0.559929609
vt 0.152985930 0.773252487
vt 0.079947218 0.560184896
vt 0.246473923 0.555448830
vt 0.517323195 0.560844898
vt 0.333613216 0.564716458
vt 0.537260472 0.568354427
vt 0.157410696 0.638251900
vt 0.531613707 0.56112957
vt 0.541704356 0.638251900
vt 0.527471303 0.638251900
vt 0.285508573 0.638251900
vt 0.253484100 0.638251900
vt 0.214343071 0.638251900
vt 0.920134484 0.439732849
vt 0.046321958 0.48802948
vt 0.052774637 0.518869280
vt 0.056851010 0.600837945
vt 0.061917256 0.702552557
vt 0.063630543 0.748016953
vt 0.062328774 0.766903042
vt 0.889056503 0.556784987
vt 0.055227510 0.803758621
vt 0.919173061 0.381147205
vt 0.869529724 0.524432182
vt 0.843135595 0.481293261
vt 0.917618274 0.340951025
vt 0.335090488 0.829999566
vt 0.348727256 0.833237588
vt 0.396339505 0.835182368
vt 0.536298573 0.830795824
vt 0.549013018 0.830108165
vt 0.574844241 0.830681920
vt 0.612417161 0.826923847
vt 0.634754002 0.823471784
vt 0.839534282 0.475873827
vt 0.647449731 0.818398237
vt 0.249059334 0.709048390
vt 0.064509481 0.624123513
vt 0.152985930 0.709048390
vt 0.078800447 0.624378800
vt 0.523046493 0.709048390
vt 0.193493589 0.490176439
vt 0.061306640 0.487542927
vt 0.537279546 0.709048390
vt 0.336485773 0.628982186
vt 0.436431795 0.495016396
vt 0.521822691 0.632292985
vt 0.171643778 0.702456116
vt 0.536113679 0.632548332
vt 0.157410696 0.702456116
vt 0.324649602 0.702456116
vt 0.532892525 0.496938169
vt 0.541704356 0.702456116
vt 0.537279546 0.721889138
vt 0.152985930 0.721889197
vt 0.157410696 0.689615249
vt 0.667663276 0.983787119
vt 0.673138797 0.981794178
vt 0.993180692 0.560229659
vt 0.601066052 0.986059963
vt 0.889867126 0.915872335
vt 0.993180692 0.588000476
vt 0.154991909 0.852533459
vt 0.225423142 0.853162407
vt 0.997888803 0.179693520
vt 0.153740167 0.846842587
vt 0.602319300 0.947568357
vt 0.909667849 0.941656529
vt 0.600755810 0.954170346
vt 0.966327607 0.905634045
vt 0.599657774 0.979423105
vt 0.972676217 0.797758698
vt 0.970752477 0.901109993
vt 0.998615443 0.251722633
vt 0.971149921 0.785641968
vt 0.970411062 0.251722633
vt 0.227313324 0.847785949
vt 0.970057547 0.185289323
vt 0.971136391 0.179693281
vt 0.922748506 0.560733914
vt 0.404847025 0.840801894
vt 0.220707207 0.893179774
vt 0.400961488 0.843860387
vt 0.214699953 0.892996728
vt 0.220765322 0.886422634
vt 0.225462287 0.885129988
vt 0.400739669 0.865740537
vt 0.405458331 0.866951584
vt 0.811888396 0.791648447
vt 0.221447899 0.860595345
vt 0.816506028 0.789879381
vt 0.822515964 0.789914965
vt 0.159511700 0.859223485
vt 0.627288222 0.910474300
vt 0.153517335 0.859032571
vt 0.624003768 0.906777799
vt 0.887180626 0.858683049
vt 0.627237141 0.841237366
vt 0.625622391 0.835145950
vt 0.880256176 0.071963071
vt 0.880206942 0.066151559
vt 0.878745853 0.076385498
vt 0.853746056 0.077274620
vt 0.855868578 0.082860469
vt 0.920037031 0.085697710
vt 0.591738343 0.841991245
vt 0.851925194 0.072970807
vt 0.848680734 0.087217986
vt 0.848477244 0.093158662
vt 0.849882781 0.011172592
vt 0.158772885 0.891727328
vt 0.601221442 0.912641644
vt 0.594626665 0.911167979
vt 0.921787977 0.090322136
vt 0.619631886 0.907487928
vt 0.620761990 0.912226676
vt 0.602149307 0.907859206
vt 0.336466461 0.841436743
vt 0.335729986 0.836730182
vt 0.329553157 0.837979257
vt 0.849832296 0.005228638
vt 0.851382970 0.000820279
vt 0.331222146 0.866840601
vt 0.810200035 0.856166899
vt 0.815516889 0.863255083
vt 0.328305631 0.870492041
vt 0.821422517 0.862579822
vt 0.334368556 0.872210860
vt 0.032783582 0.345592260
vt 0.031137282 0.339448154
vt 0.891664266 0.998025238
vt 0.518090605 0.910740912
vt 0.891970157 0.969845354
vt 0.910450398 0.330504715
vt 0.909424543 0.324227154
vt 0.911379754 0.257162630
vt 0.348231971 0.957595586
vt 0.007367625 0.414826035
vt 0.281642258 0.956645071
vt 0.026637556 0.414778530
vt 0.58451581 0.837409615
vt 0.033089656 0.412684500
vt 0.517920374 0.837029695
vt 0.275507301 0.958211004
vt 0.940566182 0.483379066
vt 0.507317841 0.838760793
vt 0.968725800 0.483379066
vt 0.968247652 0.554231524
vt 0.964244365 0.998321712
vt 0.941044330 0.554231524
vt 0.964530587 0.971119880
vt 0.958377003 0.970130682
vt 0.901860654 0.260897338
vt 0.900355517 0.255280137
vt 0.925921618 0.364988267
vt 0.925638377 0.337090790
vt 0.001413891 0.918172478
vt 0.007035271 0.916683018
vt 0.870240569 0.328738689
vt 0.682084739 0.986492097
vt 0.742939233 0.984446406
vt 0.877743125 0.331561446
vt 0.898569345 0.331182837
vt 0.999055087 0.442137539
vt 0.904806017 0.328195154
vt 0.998911917 0.381248831
vt 0.216145202 0.937914788
vt 0.214557081 0.944550395
vt 0.998788654 0.375162541
vt 0.215301677 0.918120741
vt 0.073862604 0.985676825
vt 0.213154792 0.91164428
vt 0.209257170 0.914914786
vt 0.753925979 0.976609528
vt 0.210963353 0.937045514
vt 0.99611485 0.370221138
vt 0.926827073 0.371375918
vt 0.996927976 0.36310184
vt 0.001904616 0.989241004
vt 0.996668875 0.337533652
vt 0.992500305 0.364388108
vt 0.992215573 0.336339235
vt 0.000943671 0.206642746
vt 0.022457376 0.892068326
vt 0.004325570 0.210175752
vt 0.022567328 0.885966420
vt 0.029386639 0.892068326
vt 0.030197765 0.897254109
vt 0.026272907 0.208684146
vt 0.027426801 0.203563630
vt 0.639504551 0.849545061
vt 0.055701479 0.892796158
vt 0.640466570 0.844749927
vt 0.643965363 0.839749574
vt 0.057077642 0.830873310
vt 0.140341013 0.844551622
vt 0.057188659 0.824771523
vt 0.136660873 0.847772896
vt 0.07086844 0.846253573
vt 0.070822022 0.841500878
vt 0.066041834 0.842729270
vt 0.426086306 0.962973713
vt 0.430073201 0.963705956
vt 0.430410921 0.988832533
vt 0.306045293 0.858251333
vt 0.069949492 0.877173721
vt 0.426445156 0.989671647
vt 0.311497867 0.853498339
vt 0.136016234 0.874128282
vt 0.023817887 0.830145061
vt 0.142238065 0.871145606
vt 0.139534443 0.877525627
vt 0.239142626 0.851363420
vt 0.137604042 0.852187693
vt 0.142729476 0.851056218
vt 0.137174084 0.869764924
vt 0.005736579 0.275970637
vt 0.000990669 0.276228725
vt 0.002430776 0.280949473
vt 0.359308749 0.990566074
vt 0.355322033 0.989832997
vt 0.354987263 0.964707136
vt 0.693880915 0.886614799
vt 0.700935781 0.885554254
vt 0.035417880 0.280286848
vt 0.036666963 0.275512039
vt 0.703092694 0.933195710
vt 0.709432959 0.932974338
vt 0.997565686 0.173985183
vt 0.969248294 0.173985183
vt 0.885705769 0.925550818
vt 0.887140929 0.931730449
vt 0.885911643 0.998950481
vt 0.267987519 0.957645237
vt 0.201043516 0.956631958
vt 0.641251742 0.896356225
vt 0.635186433 0.917111039
vt 0.521008431 0.916587829
vt 0.636530101 0.923737168
vt 0.518472254 0.98349154
vt 0.196429759 0.958732426
vt 0.996765315 0.096599280
vt 0.519953787 0.988242626
vt 0.970048964 0.096599280
vt 0.814388334 0.927574873
vt 0.970648050 0.102564036
vt 0.589969515 0.990491807
vt 0.996167600 0.102563500
vt 0.997689425 0.107179224
vt 0.969124615 0.107179224
vt 0.140539422 0.723753452
vt 0.139512822 0.719869434
vt 0.323583811 0.940944016
vt 0.146014601 0.722196817
vt 0.327703177 0.942443311
vt 0.333562791 0.942669153
vt 0.081050112 0.707140684
vt 0.894717276 0.869739651
vt 0.076943740 0.705191493
vt 0.892487704 0.873514056
vt 0.073745250 0.699702262
vt 0.889119982 0.868295848
vt 0.069535113 0.632767200
vt 0.133371517 0.980584621
vt 0.819383919 0.870447576
vt 0.133371517 0.986617326
vt 0.126510202 0.986540138
vt 0.133959442 0.924639225
vt 0.107288405 0.986330807
vt 0.071045436 0.730671167
vt 0.071220688 0.791180372
vt 0.134086221 0.918607890
vt 0.063825391 0.835368335
vt 0.062285471 0.828681647
vt 0.062825344 0.809466242
vt 0.072519771 0.796770215
vt 0.064738228 0.802876532
vt 0.068549856 0.806074857
vt 0.147147998 0.643194913
vt 0.133192375 0.806123077
vt 0.147278994 0.708085060
vt 0.137357562 0.837942242
vt 0.133988052 0.801438212
vt 0.389373838 0.943809330
vt 0.139576286 0.802917003
vt 0.395237773 0.943822979
vt 0.399414688 0.942492246
vt 0.399867534 0.917441904
vt 0.143853992 0.712991178
vt 0.395806908 0.915963828
vt 0.389947295 0.915737986
vt 0.823876559 0.89960289
vt 0.820085346 0.902825355
vt 0.100427024 0.986258685
vt 0.890181243 0.077948987
vt 0.133829191 0.912253916
vt 0.137839466 0.911903023
vt 0.887173712 0.074127316
vt 0.891464412 0.073229730
vt 0.807686269 0.936371207
vt 0.885477125 0.006291449
vt 0.223913446 0.932920336
vt 0.798110663 0.825618326
vt 0.804727256 0.830356121
vt 0.808121621 0.940373182
vt 0.803516745 0.941523313
vt 0.803182125 0.897381007
vt 0.512486159 0.960430026
vt 0.507939636 0.959067583
vt 0.798033177 0.902257800
vt 0.064144395 0.883106589
vt 0.731065034 0.900704264
vt 0.300422877 0.901150405
vt 0.295884102 0.899762272
vt 0.961863577 0.006622672
vt 0.299843460 0.934249520
vt 0.295258849 0.935477972
vt 0.958722591 0.001066446
vt 0.436628878 0.988556861
vt 0.299730330 0.905117750
vt 0.726246237 0.895095646
vt 0.228479236 0.929544568
vt 0.732891202 0.855867505
vt 0.229077383 0.898592770
vt 0.228452265 0.934308528
vt 0.733649969 0.908759534
vt 0.732818007 0.933892309
vt 0.73497504 0.848002374
vt 0.736787378 0.934571087
vt 0.960304558 0.080791950
vt 0.066747419 0.913704693
vt 0.511643350 0.989553809
vt 0.964080452 0.075355589
vt 0.507646441 0.990047454
vt 0.850765943 0.174045383
vt 0.846133172 0.173084020
vt 0.328109949 0.907101988
vt 0.849609375 0.168401837
vt 0.332518070 0.908706426
vt 0.338466584 0.908714056
vt 0.327679544 0.882092058
vt 0.423669666 0.915278136
vt 0.235592052 0.895563185
vt 0.417721897 0.915370583
vt 0.413003504 0.908378601
vt 0.241715744 0.897173762
vt 0.412573874 0.843843162
vt 0.000345575 0.188175916
vt 0.000761608 0.132236540
vt 0.310956180 0.897168159
vt 0.000761608 0.126227557
vt 0.009011890 0.121761679
vt 0.007512148 0.126379668
vt 0.856541454 0.243761003
vt 0.916750013 0.246712327
vt 0.000258752 0.194184243
vt 0.002024062 0.041730642
vt 0.008575717 0.040096998
vt 0.0281133 0.039969861
vt 0.922526896 0.245466411
vt 0.034685660 0.041518151
vt 0.031508330 0.045304715
vt 0.025261115 0.199034750
vt 0.009632496 0.044835984
vt 0.489457875 0.843153715
vt 0.031877365 0.109840512
vt 0.490080982 0.907686829
vt 0.0010529 0.110964179
vt 0.036557667 0.110733211
vt 0.394346654 0.907522738
vt 0.035112634 0.116898119
vt 0.400289505 0.90726161
vt 0.404621332 0.905461430
vt 0.404057472 0.880483031
vt 0.485508680 0.914752721
vt 0.399642884 0.878896594
vt 0.393853992 0.878902912
vt 0.307793557 0.867636978
vt 0.311624109 0.864512741
vt 0.032927054 0.130935967
vt 0.026310354 0.124316871
vt 0.313080549 0.871106028
vt 0.010132146 0.806192338
vt 0.934802055 0.549065649
vt 0.011084429 0.818037509
vt 0.934437215 0.546193480
vt 0.003714348 0.596247732
vt 0.000528721 0.488091528
vt 0.872455894 0.430192291
vt 0.873745262 0.441905260
vt 0.000757149 0.476210296
vt 0.932135522 0.497923731
vt 0.867754757 0.390354394
vt 0.868143737 0.343478560
vt 0.916969180 0.452656447
vt 0.649047315 0.775437057
vt 0.914914727 0.445427298
vt 0.660876810 0.775437057
vt 0.477295845 0.780848681
vt 0.331014305 0.786166608
vt 0.867476105 0.340677797
vt 0.319211691 0.786963582
vt 0.011649493 0.478103041
vt 0.036677848 0.484727382
vt 0.320821821 0.797688484
vt 0.323745101 0.808837056
vt 0.327819347 0.819102227
vt 0.046436108 0.807362437
vt 0.021857045 0.815496921
vt 0.656001448 0.802473783
vt 0.659992873 0.786246001
s 0
g Front
f 8/8/8 1/1/1 14/14/14
f 8/8/8 2/2/2 1/1/1
f 9/9/9 2/2/2 8/8/8
f 9/9/9 3/3/3 2/2/2
f 9/9/9 4/4/4 3/3/3
f 10/10/10 5/5/5 4/4/4
f 10/10/10 4/4/4 9/9/9
f 10/10/10 6/6/6 5/5/5
f 13/13/13 7/7/7 6/6/6
f 13/13/13 6/6/6 10/10/10
f 14/14/14 1/1/1 17/17/17
f 12/12/12 9/9/9 8/8/8
f 11/11/11 8/8/8 14/14/14
f 16/16/16 10/10/10 9/9/9
f 12/12/12 8/8/8 11/11/11
f 13/13/13 10/10/10 16/16/16
f 16/16/16 9/9/9 12/12/12
f 11/11/11 14/14/14 20/20/20
f 19/19/19 12/12/12 11/11/11
f 24/24/24 13/13/13 16/16/16
f 20/20/20 14/14/14 17/17/17
f 16/16/16 12/12/12 19/19/19
f 15/15/15 11/11/11 20/20/20
f 19/19/19 11/11/11 15/15/15
f 24/24/24 16/16/16 18/18/18
f 25/25/25 15/15/15 20/20/20
f 21/21/21 18/18/18 16/16/16
f 20/20/20 17/17/17 22/22/22
f 21/21/21 16/16/16 19/19/19
f 21/21/21 19/19/19 15/15/15
f 25/25/25 20/20/20 22/22/22
f 23/23/23 15/15/15 25/25/25
f 26/26/26 21/21/21 15/15/15
f 26/26/26 15/15/15 23/23/23
f 27/27/27 21/21/21 26/26/26
f 26/26/26 23/23/23 25/25/25
f 28/28/28 24/24/24 18/18/18
f 26/26/26 25/25/25 22/22/22
f 18/18/18 21/21/21 27/27/27
f 28/28/28 18/18/18 27/27/27
f 30/30/30 26/26/26 22/22/22
f 30/30/30 22/22/22 29/29/29
f 30/30/30 27/27/27 26/26/26
f 31/31/31 27/27/27 30/30/30
f 32/32/32 27/27/27 31/31/31
f 33/33/33 27/27/27 32/32/32
f 28/28/28 27/27/27 33/33/33
f 52/52/52 34/34/34 46/46/46
f 35/35/35 34/34/34 52/52/52
f 41/41/41 35/35/35 52/52/52
f 41/41/41 36/36/36 35/35/35
f 42/42/42 36/36/36 41/41/41
f 42/42/42 37/37/37 36/36/36
f 42/42/42 38/38/38 37/37/37
f 42/42/42 39/39/39 38/38/38
f 43/43/43 40/40/40 39/39/39
f 43/43/43 39/39/39 42/42/42
f 43/43/43 42/42/42 55/55/55
f 41/41/41 52/52/52 49/49/49
f 42/42/42 41/41/41 49/49/49
f 42/42/42 49/49/49 50/50/50
f 50/50/50 48/48/48 42/42/42
f 45/45/45 42/42/42 48/48/48
f 43/43/43 55/55/55 51/51/51
f 55/55/55 42/42/42 45/45/45
f 47/47/47 40/40/40 43/43/43
f 46/46/46 34/34/34 44/44/44
f 58/58/58 46/46/46 44/44/44
f 52/52/52 46/46/46 58/58/58
f 48/48/48 50/50/50 53/53/53
f 50/50/50 49/49/49 60/60/60
f 57/57/57 47/47/47 43/43/43
f 56/56/56 43/43/43 51/51/51
f 57/57/57 43/43/43 56/56/56
f 54/54/54 48/48/48 53/53/53
f 54/54/54 45/45/45 48/48/48
f 55/55/55 45/45/45 54/54/54
f 59/59/59 49/49/49 52/52/52
f 60/60/60 49/49/49 59/59/59
f 53/53/53 50/50/50 60/60/60
f 51/51/51 55/55/55 54/54/54
f 59/59/59 52/52/52 58/58/58
f 58/58/58 44/44/44 62/62/62
f 54/54/54 53/53/53 60/60/60
f 70/70/70 57/57/57 56/56/56
f 60/60/60 59/59/59 58/58/58
f 61/61/61 54/54/54 60/60/60
f 56/56/56 51/51/51 54/54/54
f 63/63/63 58/58/58 62/62/62
f 63/63/63 60/60/60 58/58/58
f 64/64/64 60/60/60 63/63/63
f 65/65/65 60/60/60 64/64/64
f 65/65/65 61/61/61 60/60/60
f 66/66/66 61/61/61 65/65/65
f 67/67/67 61/61/61 66/66/66
f 67/67/67 54/54/54 61/61/61
f 68/68/68 54/54/54 67/67/67
f 69/69/69 54/54/54 68/68/68
f 56/56/56 54/54/54 69/69/69
f 70/70/70 56/56/56 69/69/69
g Right
f 98/98/98 99/99/99 78/617/78
f 98/98/98 78/617/78 77/616/77
f 1/567/1 99/99/99 98/98/98
f 17/577/17 1/567/1 98/98/98
f 100/100/100 98/98/98 77/616/77
f 17/577/17 98/98/98 100/100/100
f 100/100/100 77/616/77 90/620/90
f 22/578/22 17/577/17 100/100/100
f 97/626/97 100/100/100 90/620/90
f 29/582/29 22/578/22 100/100/100
f 29/582/29 100/100/100 97/626/97
f 541/541/541 542/542/542 521/964/521
f 541/541/541 521/964/521 520/963/520
f 543/543/543 544/544/544 542/542/542
f 543/543/543 542/542/542 541/541/541
f 34/588/34 544/544/544 543/543/543
f 34/588/34 543/543/543 545/545/545
f 541/541/541 520/963/520 527/967/527
f 44/597/44 34/588/34 545/545/545
f 546/546/546 543/543/543 541/541/541
f 545/545/545 543/543/543 546/546/546
f 44/597/44 545/545/545 546/546/546
f 547/547/547 541/541/541 527/967/527
f 546/546/546 541/541/541 547/547/547
f 547/547/547 527/967/527 534/968/534
f 62/600/62 44/597/44 546/546/546
f 548/548/548 547/547/547 534/968/534
f 548/548/548 534/968/534 540/975/540
f 549/549/549 547/547/547 548/548/548
f 550/550/550 546/546/546 549/549/549
f 546/546/546 547/547/547 549/549/549
f 62/600/62 546/546/546 550/550/550
g Back
f 71/71/71 72/72/72 73/73/73
f 71/71/71 73/73/73 74/74/74
f 71/71/71 75/75/75 72/72/72
f 76/76/76 75/75/75 71/71/71
f 77/77/77 78/78/78 75/75/75
f 77/77/77 75/75/75 76/76/76
f 79/79/79 76/76/76 71/71/71
f 80/80/80 81/81/81 71/71/71
f 81/81/81 79/79/79 71/71/71
f 80/80/80 71/71/71 74/74/74
f 81/81/81 82/82/82 79/79/79
f 76/76/76 79/79/79 82/82/82
f 83/83/83 80/80/80 74/74/74
f 83/83/83 74/74/74 84/84/84
f 82/82/82 81/81/81 80/80/80
f 85/85/85 76/76/76 82/82/82
f 86/86/86 80/80/80 83/83/83
f 87/87/87 85/85/85 82/82/82
f 77/77/77 76/76/76 85/85/85
f 82/82/82 80/80/80 86/86/86
f 87/87/87 82/82/82 88/88/88
f 89/89/89 85/85/85 87/87/87
f 90/90/90 77/77/77 85/85/85
f 88/88/88 82/82/82 86/86/86
f 91/91/91 88/88/88 86/86/86
f 90/90/90 85/85/85 89/89/89
f 89/89/89 87/87/87 88/88/88
f 90/90/90 89/89/89 92/92/92
f 91/91/91 89/89/89 88/88/88
f 83/83/83 84/84/84 93/93/93
f 94/94/94 83/83/83 93/93/93
f 94/94/94 93/93/93 95/95/95
f 96/96/96 83/83/83 94/94/94
f 96/96/96 86/86/86 83/83/83
f 96/96/96 91/91/91 86/86/86
f 96/96/96 89/89/89 91/91/91
f 96/96/96 92/92/92 89/89/89
f 97/97/97 90/90/90 92/92/92
f 97/97/97 92/92/92 96/96/96
f 511/511/511 512/512/512 513/513/513
f 511/511/511 513/513/513 514/514/514
f 515/515/515 512/512/512 511/511/511
f 515/515/515 516/516/516 512/512/512
f 517/517/517 516/516/516 515/515/515
f 518/518/518 516/516/516 517/517/517
f 518/518/518 519/519/519 516/516/516
f 520/520/520 521/521/521 518/518/518
f 521/521/521 519/519/519 518/518/518
f 522/522/522 511/511/511 523/523/523
f 511/511/511 514/514/514 523/523/523
f 515/515/515 511/511/511 522/522/522
f 517/517/517 515/515/515 524/524/524
f 525/525/525 518/518/518 517/517/517
f 526/526/526 515/515/515 522/522/522
f 527/527/527 520/520/520 518/518/518
f 527/527/527 518/518/518 528/528/528
f 529/529/529 515/515/515 526/526/526
f 525/525/525 517/517/517 524/524/524
f 524/524/524 515/515/515 529/529/529
f 530/530/530 526/526/526 522/522/522
f 530/530/530 522/522/522 523/523/523
f 528/528/528 525/525/525 524/524/524
f 528/528/528 518/518/518 525/525/525
f 524/524/524 529/529/529 531/531/531
f 531/531/531 529/529/529 526/526/526
f 528/528/528 524/524/524 531/531/531
f 527/527/527 528/528/528 532/532/532
f 526/526/526 530/530/530 533/533/533
f 534/534/534 527/527/527 532/532/532
f 533/533/533 530/530/530 523/523/523
f 533/533/533 523/523/523 535/535/535
f 532/532/532 528/528/528 531/531/531
f 531/531/531 526/526/526 533/533/533
f 536/536/536 533/533/533 537/537/537
f 533/533/533 535/535/535 537/537/537
f 536/536/536 531/531/531 533/533/533
f 538/538/538 531/531/531 536/536/536
f 538/538/538 532/532/532 531/531/531
f 539/539/539 532/532/532 538/538/538
f 540/540/540 534/534/534 532/532/532
f 540/540/540 532/532/532 539/539/539
g Left
f 101/101/101 102/102/102 7/574/7
f 101/101/101 7/574/7 13/576/13
f 74/614/74 73/612/73 102/102/102
f 74/614/74 102/102/102 101/101/101
f 74/614/74 101/101/101 103/103/103
f 84/619/84 74/614/74 103/103/103
f 101/101/101 13/576/13 24/579/24
f 103/103/103 101/101/101 24/579/24
f 103/103/103 24/579/24 28/580/28
f 93/621/93 84/619/84 103/103/103
f 104/104/104 103/103/103 28/580/28
f 95/623/95 93/621/93 103/103/103
f 95/623/95 103/103/103 104/104/104
f 551/551/551 552/552/552 40/595/40
f 553/553/553 554/554/554 551/551/551
f 554/554/554 552/552/552 551/551/551
f 514/960/514 513/958/513 554/554/554
f 514/960/514 554/554/554 553/553/553
f 523/966/523 514/960/514 553/553/553
f 551/551/551 40/595/40 47/598/47
f 555/555/555 551/551/551 47/598/47
f 556/556/556 553/553/553 551/551/551
f 523/966/523 553/553/553 556/556/556
f 555/555/555 47/598/47 57/599/57
f 556/556/556 551/551/551 555/555/555
f 535/969/535 523/966/523 556/556/556
f 555/555/555 57/599/57 70/609/70
f 557/557/557 555/555/555 70/609/70
f 557/557/557 556/556/556 555/555/555
f 558/558/558 556/556/556 557/557/557
f 537/971/537 535/969/535 556/556/556
f 537/971/537 556/556/556 558/558/558
g Top
f 94/622/94 95/624/95 104/630/104
f 94/622/94 104/630/104 105/105/105
f 96/625/96 94/622/94 105/105/105
f 96/625/96 105/105/105 106/106/106
f 97/627/97 96/625/96 106/106/106
f 105/105/105 104/630/104 28/581/28
f 105/105/105 28/581/28 33/587/33
f 105/105/105 33/587/33 32/586/32
f 105/105/105 32/586/32 31/585/31
f 105/105/105 31/585/31 30/584/30
f 106/106/106 105/105/105 30/584/30
f 97/627/97 106/106/106 30/584/30
f 97/627/97 30/584/30 29/583/29
f 536/970/536 537/972/537 558/985/558
f 536/970/536 558/985/558 559/559/559
f 536/970/536 559/559/559 560/560/560
f 538/973/538 536/970/536 560/560/560
f 538/973/538 560/560/560 561/561/561
f 538/973/538 561/561/561 562/562/562
f 539/974/539 538/973/538 562/562/562
f 539/974/539 562/562/562 561/561/561
f 540/976/540 539/974/539 548/979/548
f 539/974/539 561/561/561 548/979/548
f 559/559/559 558/985/558 557/984/557
f 548/979/548 561/561/561 549/980/549
f 560/560/560 559/559/559 561/561/561
f 549/980/549 561/561/561 550/981/550
f 559/559/559 557/984/557 70/610/70
f 559/559/559 70/610/70 69/608/69
f 559/559/559 69/608/69 68/607/68
f 559/559/559 68/607/68 67/606/67
f 559/559/559 67/606/67 66/605/66
f 559/559/559 66/605/66 65/604/65
f 561/561/561 559/559/559 65/604/65
f 561/561/561 65/604/65 64/603/64
f 561/561/561 64/603/64 63/602/63
f 561/561/561 63/602/63 62/601/62
f 550/981/550 561/561/561 62/601/62
g Bottom
f 6/573/6 7/575/7 102/629/102
f 6/573/6 102/629/102 107/107/107
f 5/572/5 6/573/6 107/107/107
f 4/571/4 5/572/5 107/107/107
f 3/570/3 4/571/4 107/107/107
f 2/569/2 3/570/3 107/107/107
f 2/569/2 107/107/107 108/108/108
f 1/568/1 2/569/2 108/108/108
f 1/568/1 108/108/108 99/628/99
f 107/107/107 102/629/102 73/613/73
f 107/107/107 73/613/73 72/611/72
f 107/107/107 72/611/72 75/615/75
f 108/108/108 107/107/107 75/615/75
f 99/628/99 108/108/108 75/615/75
f 99/628/99 75/615/75 78/618/78
f 40/596/40 552/982/552 563/563/563
f 39/594/39 40/596/40 563/563/563
f 38/593/38 39/594/39 563/563/563
f 37/592/37 38/593/38 564/564/564
f 38/593/38 563/563/563 564/564/564
f 36/591/36 37/592/37 564/564/564
f 35/590/35 36/591/36 564/564/564
f 35/590/35 564/564/564 565/565/565
f 34/589/34 35/590/35 565/565/565
f 34/589/34 565/565/565 544/978/544
f 544/978/544 565/565/565 566/566/566
f 552/982/552 554/983/554 563/563/563
f 544/978/544 566/566/566 542/977/542
f 563/563/563 554/983/554 512/957/512
f 554/983/554 513/959/513 512/957/512
f 564/564/564 563/563/563 512/957/512
f 564/564/564 512/957/512 516/961/516
f 565/565/565 564/564/564 516/961/516
f 566/566/566 565/565/565 516/961/516
f 566/566/566 516/961/516 519/962/519
f 542/977/542 566/566/566 519/962/519
f 542/977/542 519/962/519 521/965/521
g Front_1
f 121/121/121 115/637/115 120/640/120
f 121/121/121 119/638/119 115/637/115
f 121/121/121 120/640/120 122/122/122
f 123/123/123 121/121/121 122/122/122
f 124/124/124 121/121/121 123/123/123
f 127/127/127 123/123/123 122/122/122
f 127/127/127 124/124/124 123/123/123
f 133/133/133 124/124/124 127/127/127
f 133/133/133 137/651/137 121/121/121
f 133/133/133 121/121/121 124/124/124
f 119/638/119 121/121/121 137/651/137
f 160/160/160 156/665/156 157/666/157
f 160/160/160 155/663/155 156/665/156
f 160/160/160 157/666/157 161/161/161
f 162/162/162 163/163/163 160/160/160
f 164/164/164 162/162/162 160/160/160
f 165/165/165 162/162/162 164/164/164
f 164/164/164 160/160/160 161/161/161
f 164/164/164 161/161/161 166/166/166
f 164/164/164 166/166/166 167/167/167
f 167/167/167 165/165/165 164/164/164
f 170/671/170 165/165/165 167/167/167
f 170/671/170 171/171/171 165/165/165
f 172/172/172 173/173/173 171/171/171
f 173/173/173 165/165/165 171/171/171
f 199/701/199 198/699/198 200/200/200
f 199/701/199 200/200/200 163/163/163
f 197/698/197 163/163/163 200/200/200
f 163/163/163 197/698/197 155/663/155
f 173/173/173 163/163/163 165/165/165
f 173/173/173 199/701/199 163/163/163
f 163/163/163 162/162/162 165/165/165
f 163/163/163 155/663/155 160/160/160
f 212/212/212 209/708/209 210/709/210
f 212/212/212 210/709/210 213/710/213
f 214/214/214 212/212/212 213/710/213
f 217/217/217 214/214/214 213/710/213
f 222/222/222 214/214/214 217/217/217
f 222/222/222 229/229/229 214/214/214
f 229/229/229 212/212/212 214/214/214
f 229/229/229 230/230/230 212/212/212
f 212/212/212 230/230/230 209/708/209
f 243/243/243 237/731/237 241/732/241
f 243/243/243 241/732/241 244/244/244
f 245/245/245 246/246/246 243/243/243
f 247/247/247 245/245/245 243/243/243
f 247/247/247 243/243/243 244/244/244
f 257/745/257 245/245/245 247/247/247
f 258/258/258 245/245/245 257/745/257
f 258/258/258 266/753/266 245/245/245
f 266/753/266 246/246/246 245/245/245
f 266/753/266 268/268/268 246/246/246
f 246/246/246 268/268/268 243/243/243
f 243/243/243 268/268/268 237/731/237
f 286/286/286 287/287/287 285/768/285
f 287/287/287 284/767/284 285/768/285
f 287/287/287 283/765/283 284/767/284
f 286/286/286 285/768/285 288/288/288
f 289/289/289 286/286/286 288/288/288
f 289/289/289 288/288/288 290/290/290
f 289/289/289 290/290/290 291/291/291
f 292/292/292 289/289/289 291/291/291
f 286/286/286 289/289/289 293/293/293
f 292/292/292 295/295/295 289/289/289
f 296/296/296 289/289/289 295/295/295
f 319/798/319 320/320/320 287/287/287
f 318/797/318 287/287/287 320/320/320
f 287/287/287 318/797/318 283/765/283
f 296/296/296 319/798/319 287/287/287
f 296/296/296 287/287/287 289/289/289
f 287/287/287 293/293/293 289/289/289
f 293/293/293 287/287/287 286/286/286
f 330/330/330 328/806/328 331/331/331
f 330/330/330 326/805/326 328/806/328
f 332/332/332 326/805/326 330/330/330
f 331/331/331 328/806/328 333/807/333
f 334/334/334 330/330/330 333/807/333
f 333/807/333 330/330/330 331/331/331
f 334/334/334 332/332/332 330/330/330
f 341/341/341 332/332/332 334/334/334
f 341/341/341 348/819/348 332/332/332
f 348/819/348 351/351/351 332/332/332
f 332/332/332 351/351/351 326/805/326
f 365/365/365 366/366/366 364/835/364
f 365/365/365 361/831/361 366/366/366
f 361/831/361 362/833/362 366/366/366
f 365/365/365 364/835/364 367/837/367
f 368/368/368 369/369/369 365/365/365
f 370/370/370 368/368/368 365/365/365
f 370/370/370 365/365/365 371/371/371
f 365/365/365 367/837/367 371/371/371
f 374/374/374 368/368/368 370/370/370
f 379/379/379 368/368/368 374/374/374
f 390/855/390 391/391/391 369/369/369
f 391/391/391 397/863/397 398/398/398
f 391/391/391 398/398/398 369/369/369
f 369/369/369 398/398/398 361/831/361
f 369/369/369 361/831/361 365/365/365
f 386/853/386 390/855/390 369/369/369
f 386/853/386 369/369/369 368/368/368
f 386/853/386 368/368/368 379/379/379
f 414/414/414 415/415/415 412/878/412
f 414/414/414 411/877/411 415/415/415
f 416/416/416 417/417/417 414/414/414
f 416/416/416 414/414/414 412/878/412
f 416/416/416 412/878/412 418/881/418
f 417/417/417 419/419/419 414/414/414
f 416/416/416 418/881/418 420/420/420
f 416/416/416 420/420/420 421/884/421
f 421/884/421 425/425/425 416/416/416
f 426/886/426 425/425/425 421/884/421
f 425/425/425 417/417/417 416/416/416
f 426/886/426 427/427/427 425/425/425
f 434/895/434 425/425/425 427/427/427
f 439/897/439 419/419/419 425/425/425
f 425/425/425 419/419/419 417/417/417
f 439/897/439 440/440/440 419/419/419
f 444/902/444 419/419/419 440/440/440
f 419/419/419 444/902/444 411/877/411
f 419/419/419 411/877/411 414/414/414
f 434/895/434 439/897/439 425/425/425
f 463/463/463 464/464/464 462/919/462
f 465/465/465 459/916/459 464/464/464
f 459/916/459 461/918/461 464/464/464
f 465/465/465 464/464/464 463/463/463
f 463/463/463 462/919/462 466/921/466
f 467/467/467 465/465/465 463/463/463
f 468/468/468 467/467/467 463/463/463
f 468/468/468 463/463/463 466/921/466
f 469/469/469 468/468/468 470/470/470
f 469/469/469 467/467/467 468/468/468
f 470/470/470 468/468/468 471/471/471
f 468/468/468 466/921/466 471/471/471
f 476/476/476 465/465/465 467/467/467
f 467/467/467 481/481/481 476/476/476
f 482/482/482 481/481/481 469/469/469
f 481/481/481 467/467/467 469/469/469
f 495/941/495 465/465/465 476/476/476
f 495/941/495 498/498/498 465/465/465
f 498/498/498 504/949/504 505/505/505
f 498/498/498 505/505/505 465/465/465
f 465/465/465 505/505/505 459/916/459
f 495/941/495 476/476/476 481/481/481
f 491/939/491 495/941/495 481/481/481
f 491/939/491 481/481/481 482/482/482
g Right_1
f 122/642/122 125/125/125 126/126/126
f 127/644/127 122/642/122 126/126/126
f 126/126/126 125/125/125 128/128/128
f 126/126/126 128/128/128 129/129/129
f 130/130/130 126/126/126 131/131/131
f 131/131/131 126/126/126 129/129/129
f 131/131/131 129/129/129 113/635/113
f 131/131/131 113/635/113 132/132/132
f 127/644/127 126/126/126 130/130/130
f 133/647/133 127/644/127 130/130/130
f 133/647/133 130/130/130 131/131/131
f 133/647/133 131/131/131 134/134/134
f 131/131/131 132/132/132 134/134/134
f 129/129/129 128/128/128 113/635/113
f 167/670/167 168/168/168 169/169/169
f 170/170/170 167/670/167 169/169/169
f 174/174/174 172/673/172 171/672/171
f 174/174/174 171/672/171 170/170/170
f 174/174/174 170/170/170 169/169/169
f 174/174/174 169/169/169 175/175/175
f 169/169/169 176/176/176 175/175/175
f 169/169/169 177/177/177 176/176/176
f 169/169/169 168/168/168 177/177/177
f 175/175/175 176/176/176 180/680/180
f 175/175/175 180/680/180 181/181/181
f 186/686/186 187/687/187 177/177/177
f 186/686/186 177/177/177 190/691/190
f 168/168/168 190/691/190 177/177/177
f 168/168/168 188/689/188 190/691/190
f 167/670/167 166/668/166 189/690/189
f 167/670/167 189/690/189 188/689/188
f 167/670/167 188/689/188 168/168/168
f 206/206/206 207/207/207 203/705/203
f 206/206/206 203/705/203 209/707/209
f 230/726/230 206/206/206 209/707/209
f 229/725/229 206/206/206 230/726/230
f 229/725/229 227/723/227 206/206/206
f 227/723/227 207/207/207 206/206/206
f 244/734/244 248/248/248 249/249/249
f 247/735/247 244/734/244 249/249/249
f 249/249/249 248/248/248 250/250/250
f 249/249/249 250/250/250 251/251/251
f 251/251/251 252/252/252 253/253/253
f 254/254/254 251/251/251 253/253/253
f 254/254/254 253/253/253 255/255/255
f 256/256/256 249/249/249 251/251/251
f 257/257/257 247/735/247 256/256/256
f 247/735/247 249/249/249 256/256/256
f 259/748/259 256/256/256 251/251/251
f 259/748/259 251/251/251 260/260/260
f 251/251/251 254/254/254 260/260/260
f 251/251/251 250/250/250 252/252/252
f 292/773/292 291/772/291 294/294/294
f 296/775/296 295/774/295 292/773/292
f 296/775/296 292/773/292 297/297/297
f 297/297/297 292/773/292 294/294/294
f 297/297/297 294/294/294 298/298/298
f 294/294/294 299/299/299 298/298/298
f 299/299/299 301/780/301 302/302/302
f 299/299/299 302/302/302 298/298/298
f 294/294/294 304/783/304 299/299/299
f 307/785/307 308/786/308 304/783/304
f 307/785/307 304/783/304 311/790/311
f 294/294/294 311/790/311 304/783/304
f 309/788/309 311/790/311 294/294/294
f 291/772/291 290/770/290 310/789/310
f 291/772/291 310/789/310 309/788/309
f 291/772/291 309/788/309 294/294/294
f 327/327/327 323/803/323 326/804/326
f 351/824/351 327/327/327 326/804/326
f 348/820/348 349/822/349 327/327/327
f 348/820/348 327/327/327 351/824/351
f 349/822/349 350/823/350 327/327/327
f 327/327/327 350/823/350 323/803/323
f 370/838/370 371/840/371 372/841/372
f 370/838/370 372/841/372 373/373/373
f 374/842/374 370/838/370 373/373/373
f 373/373/373 372/841/372 375/843/375
f 376/376/376 377/377/377 378/378/378
f 379/846/379 374/842/374 380/380/380
f 374/842/374 373/373/373 380/380/380
f 373/373/373 376/376/376 380/380/380
f 380/380/380 376/376/376 381/381/381
f 381/381/381 376/376/376 378/378/378
f 381/381/381 378/378/378 382/382/382
f 376/376/376 375/843/375 377/377/377
f 375/843/375 401/868/401 377/377/377
f 375/843/375 376/376/376 373/373/373
f 421/421/421 420/883/420 418/882/418
f 421/421/421 418/882/418 422/422/422
f 421/421/421 423/423/423 424/424/424
f 426/426/426 421/421/421 424/424/424
f 424/424/424 423/423/423 428/428/428
f 424/424/424 428/428/428 432/893/432
f 433/433/433 424/424/424 432/893/432
f 433/433/433 426/426/426 424/424/424
f 423/423/423 449/908/449 428/428/428
f 423/423/423 448/906/448 449/908/449
f 423/423/423 422/422/422 448/906/448
f 422/422/422 423/423/423 421/421/421
f 457/457/457 453/913/453 452/911/452
f 455/914/455 453/913/453 457/457/457
f 457/457/457 452/911/452 458/915/458
f 459/459/459 460/460/460 457/457/457
f 459/459/459 457/457/457 461/461/461
f 457/457/457 458/915/458 461/461/461
f 504/950/504 460/460/460 505/951/505
f 503/948/503 460/460/460 504/950/504
f 503/948/503 506/506/506 460/460/460
f 503/948/503 502/947/502 506/506/506
f 502/947/502 501/946/501 506/506/506
f 506/506/506 501/946/501 500/944/500
f 506/506/506 500/944/500 455/914/455
f 506/506/506 455/914/455 457/457/457
f 505/951/505 460/460/460 459/459/459
f 506/506/506 457/457/457 460/460/460
g Back_1
f 109/109/109 110/110/110 111/111/111
f 109/109/109 113/113/113 110/110/110
f 117/117/117 118/118/118 109/109/109
f 134/649/134 132/646/132 135/135/135
f 132/646/132 113/113/113 135/135/135
f 113/113/113 118/118/118 135/135/135
f 134/649/134 135/135/135 138/138/138
f 135/135/135 118/118/118 138/138/138
f 134/649/134 138/138/138 139/139/139
f 118/118/118 117/117/117 138/138/138
f 138/138/138 141/141/141 139/139/139
f 138/138/138 109/109/109 141/141/141
f 109/109/109 111/111/111 141/141/141
f 117/117/117 109/109/109 138/138/138
f 118/118/118 113/113/113 109/109/109
f 142/142/142 143/143/143 144/144/144
f 145/145/145 143/143/143 142/142/142
f 151/151/151 142/142/142 144/144/144
f 176/678/176 177/679/177 178/178/178
f 176/678/176 178/178/178 179/179/179
f 176/678/176 179/179/179 180/180/180
f 181/682/181 180/180/180 183/683/183
f 180/180/180 179/179/179 183/683/183
f 183/683/183 179/179/179 184/184/184
f 178/178/178 185/185/185 145/145/145
f 178/178/178 145/145/145 142/142/142
f 179/179/179 178/178/178 151/151/151
f 178/178/178 142/142/142 151/151/151
f 178/178/178 187/688/187 185/185/185
f 177/679/177 187/688/187 178/178/178
f 151/151/151 144/144/144 191/191/191
f 151/151/151 191/191/191 192/192/192
f 184/184/184 151/151/151 192/192/192
f 184/184/184 192/192/192 193/193/193
f 184/184/184 179/179/179 151/151/151
f 201/201/201 202/202/202 203/203/203
f 201/201/201 203/203/203 207/706/207
f 223/720/223 221/717/221 201/201/201
f 221/717/221 224/224/224 201/201/201
f 221/717/221 220/715/220 224/224/224
f 201/201/201 224/224/224 226/226/226
f 223/720/223 201/201/201 227/227/227
f 201/201/201 207/706/207 227/227/227
f 224/224/224 220/715/220 202/202/202
f 224/224/224 202/202/202 226/226/226
f 226/226/226 202/202/202 201/201/201
f 231/231/231 232/232/232 233/233/233
f 235/235/235 232/232/232 231/231/231
f 255/743/255 253/740/253 262/262/262
f 261/750/261 255/743/255 262/262/262
f 253/740/253 263/263/263 262/262/262
f 253/740/253 252/738/252 263/263/263
f 261/750/261 262/262/262 265/751/265
f 265/751/265 262/262/262 231/231/231
f 231/231/231 267/267/267 265/751/265
f 231/231/231 233/233/233 267/267/267
f 262/262/262 235/235/235 231/231/231
f 263/263/263 235/235/235 262/262/262
f 235/235/235 252/738/252 232/232/232
f 252/738/252 235/235/235 263/263/263
f 269/269/269 270/270/270 271/271/271
f 272/272/272 270/270/270 269/269/269
f 279/279/279 269/269/269 271/271/271
f 280/280/280 269/269/269 279/279/279
f 299/779/299 300/300/300 301/301/301
f 302/782/302 301/301/301 300/300/300
f 299/779/299 304/304/304 305/305/305
f 299/779/299 305/305/305 300/300/300
f 300/300/300 305/305/305 280/280/280
f 305/305/305 306/306/306 272/272/272
f 305/305/305 272/272/272 269/269/269
f 280/280/280 305/305/305 269/269/269
f 300/300/300 280/280/280 279/279/279
f 305/305/305 308/787/308 306/306/306
f 304/304/304 308/787/308 305/305/305
f 279/279/279 271/271/271 312/312/312
f 279/279/279 312/312/312 313/313/313
f 302/782/302 300/300/300 314/314/314
f 314/314/314 300/300/300 279/279/279
f 279/279/279 313/313/313 314/314/314
f 321/321/321 322/322/322 323/323/323
f 342/817/342 340/814/340 343/343/343
f 342/817/342 343/343/343 347/347/347
f 342/817/342 347/347/347 349/821/349
f 347/347/347 350/350/350 349/821/349
f 347/347/347 323/323/323 350/350/350
f 347/347/347 321/321/321 323/323/323
f 343/343/343 321/321/321 347/347/347
f 343/343/343 339/812/339 322/322/322
f 343/343/343 322/322/322 321/321/321
f 340/814/340 339/812/339 343/343/343
f 357/357/357 354/826/354 353/825/353
f 357/357/357 353/825/353 358/358/358
f 353/825/353 356/828/356 358/358/358
f 382/850/382 378/845/378 383/383/383
f 378/845/378 377/844/377 383/383/383
f 384/384/384 382/850/382 383/383/383
f 384/384/384 383/383/383 387/387/387
f 383/383/383 388/388/388 389/389/389
f 389/389/389 388/388/388 357/357/357
f 387/387/387 383/383/383 389/389/389
f 389/389/389 392/392/392 387/387/387
f 389/389/389 357/357/357 392/392/392
f 357/357/357 358/358/358 393/393/393
f 392/392/392 357/357/357 393/393/393
f 392/392/392 393/393/393 394/394/394
f 388/388/388 400/400/400 354/826/354
f 388/388/388 354/826/354 357/357/357
f 377/844/377 388/388/388 383/383/383
f 377/844/377 401/401/401 388/388/388
f 400/400/400 388/388/388 401/401/401
f 406/406/406 402/869/402 405/873/405
f 406/406/406 405/873/405 404/872/404
f 406/406/406 404/872/404 410/875/410
f 428/889/428 429/429/429 430/430/430
f 431/892/431 430/430/430 436/436/436
f 430/430/430 429/429/429 436/436/436
f 436/436/436 429/429/429 437/437/437
f 431/892/431 436/436/436 438/438/438
f 436/436/436 441/441/441 438/438/438
f 436/436/436 410/875/410 441/441/441
f 436/436/436 406/406/406 410/875/410
f 437/437/437 406/406/406 436/436/436
f 437/437/437 429/429/429 406/406/406
f 446/904/446 402/869/402 406/406/406
f 429/429/429 447/447/447 406/406/406
f 446/904/446 406/406/406 447/447/447
f 449/907/449 447/447/447 429/429/429
f 428/889/428 449/907/449 429/429/429
f 454/454/454 451/910/451 450/909/450
f 454/454/454 450/909/450 455/455/455
f 450/909/450 453/912/453 455/455/455
f 485/934/485 480/929/480 486/486/486
f 480/929/480 479/928/479 486/486/486
f 479/928/479 487/487/487 486/486/486
f 488/488/488 485/934/485 486/486/486
f 488/488/488 486/486/486 493/493/493
f 493/493/493 486/486/486 496/496/496
f 496/496/496 486/486/486 487/487/487
f 496/496/496 487/487/487 497/497/497
f 497/497/497 454/454/454 496/496/496
f 496/496/496 499/499/499 493/493/493
f 496/496/496 454/454/454 499/499/499
f 454/454/454 455/455/455 500/500/500
f 499/499/499 454/454/454 500/500/500
f 499/499/499 500/500/500 501/501/501
f 487/487/487 454/454/454 497/497/497
f 487/487/487 507/507/507 454/454/454
f 454/454/454 507/507/507 451/910/451
f 479/928/479 508/508/508 487/487/487
f 507/507/507 487/487/487 508/508/508
g Left_1
f 116/116/116 111/633/111 115/636/115
f 119/119/119 116/116/116 115/636/115
f 119/119/119 141/654/141 116/116/116
f 116/116/116 141/654/141 111/633/111
f 146/146/146 147/147/147 144/657/144
f 146/146/146 144/657/144 143/655/143
f 149/149/149 144/657/144 147/147/147
f 149/149/149 147/147/147 150/661/150
f 154/154/154 149/149/149 150/661/150
f 154/154/154 150/661/150 155/155/155
f 155/155/155 150/661/150 153/662/153
f 155/155/155 153/662/153 156/156/156
f 149/149/149 191/692/191 144/657/144
f 192/693/192 191/692/191 194/194/194
f 192/693/192 194/194/194 193/694/193
f 194/194/194 191/692/191 149/149/149
f 196/697/196 194/194/194 149/149/149
f 197/197/197 154/154/154 155/155/155
f 197/197/197 149/149/149 154/154/154
f 196/697/196 149/149/149 197/197/197
f 196/697/196 197/197/197 200/702/200
f 196/697/196 200/702/200 198/700/198
f 213/711/213 215/215/215 216/216/216
f 217/713/217 213/711/213 216/216/216
f 216/216/216 215/215/215 218/218/218
f 219/219/219 220/220/220 221/221/221
f 222/718/222 217/713/217 216/216/216
f 222/718/222 216/216/216 223/223/223
f 223/223/223 216/216/216 219/219/219
f 219/219/219 221/221/221 223/223/223
f 218/218/218 219/219/219 216/216/216
f 219/219/219 218/218/218 220/220/220
f 238/238/238 233/729/233 237/730/237
f 237/730/237 240/240/240 238/238/238
f 268/756/268 240/240/240 237/730/237
f 266/754/266 240/240/240 268/756/268
f 266/754/266 265/752/265 240/240/240
f 265/752/265 267/755/267 240/240/240
f 240/240/240 267/755/267 238/238/238
f 238/238/238 267/755/267 233/729/233
f 273/273/273 274/274/274 271/759/271
f 273/273/273 271/759/271 270/757/270
f 276/276/276 271/759/271 274/274/274
f 276/276/276 274/274/274 278/763/278
f 276/276/276 278/763/278 283/283/283
f 283/283/283 278/763/278 282/764/282
f 283/283/283 282/764/282 284/284/284
f 276/276/276 312/791/312 271/759/271
f 314/793/314 313/792/313 312/791/312
f 314/793/314 312/791/312 315/315/315
f 315/315/315 312/791/312 276/276/276
f 316/316/316 315/315/315 276/276/276
f 318/318/318 276/276/276 283/283/283
f 316/316/316 276/276/276 318/318/318
f 319/799/319 316/316/316 318/318/318
f 319/799/319 318/318/318 320/800/320
f 333/808/333 335/335/335 336/336/336
f 334/809/334 333/808/333 336/336/336
f 336/336/336 335/335/335 337/337/337
f 336/336/336 337/337/337 338/338/338
f 338/338/338 339/339/339 340/340/340
f 341/815/341 334/809/334 336/336/336
f 341/815/341 336/336/336 342/342/342
f 336/336/336 338/338/338 342/342/342
f 338/338/338 340/340/340 342/342/342
f 338/338/338 337/337/337 339/339/339
f 360/360/360 356/829/356 355/827/355
f 358/830/358 356/829/356 360/360/360
f 361/361/361 360/360/360 362/362/362
f 360/360/360 355/827/355 363/363/363
f 360/360/360 363/363/363 362/362/362
f 398/865/398 399/399/399 361/361/361
f 397/864/397 399/399/399 398/865/398
f 396/862/396 399/399/399 397/864/397
f 396/862/396 395/861/395 399/399/399
f 395/861/395 394/860/394 399/399/399
f 399/399/399 394/860/394 393/858/393
f 399/399/399 393/858/393 358/830/358
f 399/399/399 358/830/358 360/360/360
f 361/361/361 399/399/399 360/360/360
f 402/402/402 403/403/403 404/404/404
f 402/402/402 404/404/404 405/405/405
f 408/408/408 404/404/404 403/403/403
f 408/408/408 403/403/403 409/874/409
f 408/408/408 410/410/410 404/404/404
f 408/408/408 409/874/409 411/411/411
f 411/411/411 409/874/409 412/879/412
f 411/411/411 412/879/412 415/880/415
f 443/901/443 445/445/445 444/903/444
f 443/901/443 442/900/442 445/445/445
f 442/900/442 410/410/410 445/445/445
f 445/445/445 410/410/410 408/408/408
f 444/903/444 445/445/445 408/408/408
f 444/903/444 408/408/408 411/411/411
f 470/923/470 471/925/471 473/927/473
f 470/923/470 473/927/473 474/474/474
f 470/923/470 474/474/474 475/475/475
f 469/922/469 470/923/470 475/475/475
f 472/926/472 474/474/474 473/927/473
f 474/474/474 472/926/472 477/477/477
f 478/478/478 475/475/475 474/474/474
f 478/478/478 474/474/474 477/477/477
f 477/477/477 479/479/479 480/480/480
f 478/478/478 477/477/477 480/480/480
f 469/922/469 475/475/475 483/483/483
f 469/922/469 483/483/483 482/930/482
f 484/484/484 478/478/478 480/480/480
f 484/484/484 480/480/480 485/485/485
f 478/478/478 484/484/484 489/937/489
f 489/937/489 475/475/475 478/478/478
f 490/490/490 483/483/483 475/475/475
f 490/490/490 475/475/475 489/937/489
f 477/477/477 472/926/472 509/955/509
f 477/477/477 509/955/509 510/510/510
f 510/510/510 508/954/508 479/479/479
f 510/510/510 479/479/479 477/477/477
g Top_1
f 133/648/133 134/650/134 136/136/136
f 133/648/133 136/136/136 137/137/137
f 136/136/136 134/650/134 139/652/139
f 137/137/137 136/136/136 140/140/140
f 136/136/136 139/652/139 140/140/140
f 140/140/140 139/652/139 141/653/141
f 140/140/140 141/653/141 119/639/119
f 140/140/140 119/639/119 137/137/137
f 175/677/175 181/681/181 182/182/182
f 174/676/174 175/677/175 182/182/182
f 174/676/174 182/182/182 172/674/172
f 172/674/172 182/182/182 173/675/173
f 182/182/182 181/681/181 183/183/183
f 195/195/195 193/695/193 194/696/194
f 184/684/184 193/695/193 195/195/195
f 195/195/195 194/696/194 196/196/196
f 195/195/195 196/196/196 198/198/198
f 199/199/199 195/195/195 198/198/198
f 173/675/173 195/195/195 199/199/199
f 173/675/173 182/182/182 195/195/195
f 182/182/182 183/183/183 195/195/195
f 195/195/195 183/183/183 184/684/184
f 222/719/222 223/721/223 225/225/225
f 225/225/225 223/721/223 227/722/227
f 225/225/225 227/722/227 228/228/228
f 222/719/222 225/225/225 228/228/228
f 222/719/222 228/228/228 229/724/229
f 228/228/228 227/722/227 229/724/229
f 258/747/258 257/746/257 256/744/256
f 258/747/258 256/744/256 259/259/259
f 254/741/254 255/742/255 261/261/261
f 254/741/254 261/261/261 260/749/260
f 261/261/261 264/264/264 260/749/260
f 259/259/259 260/749/260 264/264/264
f 258/747/258 259/259/259 264/264/264
f 264/264/264 261/261/261 265/265/265
f 258/747/258 264/264/264 266/266/266
f 264/264/264 265/265/265 266/266/266
f 298/778/298 302/781/302 303/303/303
f 297/777/297 298/778/298 303/303/303
f 297/777/297 303/303/303 296/776/296
f 317/317/317 315/795/315 316/796/316
f 317/317/317 314/794/314 315/795/315
f 317/317/317 302/781/302 314/794/314
f 317/317/317 316/796/316 319/319/319
f 319/319/319 303/303/303 317/317/317
f 296/776/296 303/303/303 319/319/319
f 303/303/303 302/781/302 317/317/317
f 341/816/341 342/818/342 344/344/344
f 341/816/341 344/344/344 345/345/345
f 345/345/345 344/344/344 346/346/346
f 341/816/341 345/345/345 348/348/348
f 344/344/344 342/818/342 349/349/349
f 344/344/344 349/349/349 346/346/346
f 348/348/348 345/345/345 346/346/346
f 346/346/346 349/349/349 348/348/348
f 381/849/381 382/851/382 384/852/384
f 381/849/381 384/852/384 385/385/385
f 385/385/385 380/848/380 381/849/381
f 386/386/386 379/847/379 380/848/380
f 386/386/386 380/848/380 385/385/385
f 385/385/385 384/852/384 387/854/387
f 386/386/386 385/385/385 390/390/390
f 392/857/392 394/859/394 395/395/395
f 392/857/392 395/395/395 387/854/387
f 385/385/385 387/854/387 395/395/395
f 385/385/385 395/395/395 396/396/396
f 385/385/385 396/396/396 390/390/390
f 396/396/396 397/397/397 391/856/391
f 396/396/396 391/856/391 390/390/390
f 428/890/428 430/891/430 431/431/431
f 428/890/428 431/431/431 432/432/432
f 434/434/434 427/888/427 426/887/426
f 434/434/434 426/887/426 433/894/433
f 433/894/433 435/435/435 434/434/434
f 433/894/433 432/432/432 435/435/435
f 432/432/432 431/431/431 435/435/435
f 435/435/435 431/431/431 438/896/438
f 434/434/434 435/435/435 439/439/439
f 438/896/438 441/899/441 410/876/410
f 438/896/438 410/876/410 442/442/442
f 435/435/435 438/896/438 442/442/442
f 435/435/435 442/442/442 443/443/443
f 435/435/435 443/443/443 439/439/439
f 439/439/439 443/443/443 444/444/444
f 439/439/439 444/444/444 440/898/440
f 484/933/484 485/935/485 488/936/488
f 484/933/484 488/936/488 489/489/489
f 491/491/491 482/931/482 483/932/483
f 491/491/491 483/932/483 490/938/490
f 490/938/490 489/489/489 492/492/492
f 491/491/491 490/938/490 492/492/492
f 488/936/488 492/492/492 489/489/489
f 492/492/492 488/936/488 493/940/493
f 492/492/492 493/940/493 494/494/494
f 491/491/491 492/492/492 495/495/495
f 495/495/495 492/492/492 494/494/494
f 499/943/499 501/945/501 502/502/502
f 499/943/499 502/502/502 493/940/493
f 494/494/494 493/940/493 502/502/502
f 494/494/494 502/502/502 503/503/503
f 494/494/494 503/503/503 495/495/495
f 503/503/503 504/504/504 498/942/498
f 503/503/503 498/942/498 495/495/495
g Bottom_1
f 112/112/112 111/632/111 110/631/110
f 112/112/112 110/631/110 113/634/113
f 114/114/114 115/115/115 111/632/111
f 114/114/114 111/632/111 112/112/112
f 115/115/115 114/114/114 120/120/120
f 122/641/122 120/120/120 114/114/114
f 112/112/112 113/634/113 128/645/128
f 125/643/125 114/114/114 112/112/112
f 125/643/125 112/112/112 128/645/128
f 122/641/122 114/114/114 125/643/125
f 148/148/148 146/659/146 145/658/145
f 146/659/146 143/656/143 145/658/145
f 148/148/148 150/150/150 147/660/147
f 148/148/148 147/660/147 146/659/146
f 152/152/152 150/150/150 148/148/148
f 150/150/150 152/152/152 153/153/153
f 157/157/157 156/664/156 153/153/153
f 157/157/157 153/153/153 152/152/152
f 157/157/157 152/152/152 158/158/158
f 159/159/159 152/152/152 148/148/148
f 158/158/158 152/152/152 159/159/159
f 161/667/161 157/157/157 158/158/158
f 159/159/159 148/148/148 145/658/145
f 159/159/159 145/658/145 185/685/185
f 186/186/186 159/159/159 185/685/185
f 186/186/186 185/685/185 187/187/187
f 188/188/188 158/158/158 159/159/159
f 188/188/188 189/189/189 158/158/158
f 159/159/159 186/186/186 190/190/190
f 159/159/159 190/190/190 188/188/188
f 166/669/166 161/667/161 189/189/189
f 161/667/161 158/158/158 189/189/189
f 204/204/204 203/704/203 202/703/202
f 205/205/205 204/204/204 202/703/202
f 208/208/208 204/204/204 205/205/205
f 208/208/208 209/209/209 203/704/203
f 208/208/208 203/704/203 204/204/204
f 209/209/209 208/208/208 210/210/210
f 211/211/211 208/208/208 205/205/205
f 210/210/210 208/208/208 211/211/211
f 213/213/213 210/210/210 211/211/211
f 205/205/205 202/703/202 220/716/220
f 205/205/205 220/716/220 218/714/218
f 218/714/218 211/211/211 205/205/205
f 215/712/215 211/211/211 218/714/218
f 213/213/213 211/211/211 215/712/215
f 234/234/234 233/728/233 232/727/232
f 236/236/236 237/237/237 233/728/233
f 236/236/236 233/728/233 234/234/234
f 239/239/239 236/236/236 234/234/234
f 237/237/237 236/236/236 241/241/241
f 242/242/242 236/236/236 239/239/239
f 241/241/241 236/236/236 242/242/242
f 244/733/244 241/241/241 242/242/242
f 239/239/239 234/234/234 232/727/232
f 239/239/239 232/727/232 252/739/252
f 239/239/239 252/739/252 250/737/250
f 248/736/248 239/239/239 250/737/250
f 242/242/242 239/239/239 248/736/248
f 244/733/244 242/242/242 248/736/248
f 273/761/273 270/758/270 272/760/272
f 273/761/273 272/760/272 275/275/275
f 277/277/277 273/761/273 275/275/275
f 277/277/277 274/762/274 273/761/273
f 277/277/277 278/278/278 274/762/274
f 281/281/281 277/277/277 275/275/275
f 278/278/278 277/277/277 282/282/282
f 285/285/285 284/766/284 282/282/282
f 285/285/285 282/282/282 277/277/277
f 285/285/285 277/277/277 281/281/281
f 288/769/288 285/285/285 281/281/281
f 275/275/275 272/760/272 306/784/306
f 307/307/307 275/275/275 306/784/306
f 307/307/307 306/784/306 308/308/308
f 281/281/281 275/275/275 307/307/307
f 309/309/309 310/310/310 281/281/281
f 309/309/309 281/281/281 311/311/311
f 281/281/281 307/307/307 311/311/311
f 288/769/288 281/281/281 310/310/310
f 288/769/288 310/310/310 290/771/290
f 324/324/324 323/802/323 322/801/322
f 325/325/325 323/802/323 324/324/324
f 326/326/326 323/802/323 325/325/325
f 326/326/326 325/325/325 328/328/328
f 325/325/325 324/324/324 329/329/329
f 328/328/328 325/325/325 329/329/329
f 333/333/333 328/328/328 329/329/329
f 352/352/352 324/324/324 322/801/322
f 352/352/352 322/801/322 339/813/339
f 352/352/352 339/813/339 337/811/337
f 329/329/329 324/324/324 352/352/352
f 335/810/335 329/329/329 352/352/352
f 335/810/335 352/352/352 337/811/337
f 333/333/333 329/329/329 335/810/335
f 353/353/353 354/354/354 355/355/355
f 353/353/353 355/355/355 356/356/356
f 359/359/359 355/355/355 354/354/354
f 363/834/363 355/355/355 359/359/359
f 363/834/363 359/359/359 364/364/364
f 366/836/366 362/832/362 363/834/363
f 366/836/366 363/834/363 364/364/364
f 367/367/367 364/364/364 359/359/359
f 367/367/367 359/359/359 372/372/372
f 367/367/367 372/372/372 371/839/371
f 372/372/372 359/359/359 375/375/375
f 359/359/359 354/354/354 400/866/400
f 375/375/375 359/359/359 400/866/400
f 375/375/375 400/866/400 401/867/401
f 407/407/407 403/871/403 402/870/402
f 407/407/407 409/409/409 403/871/403
f 409/409/409 407/407/407 412/412/412
f 412/412/412 407/407/407 413/413/413
f 418/418/418 412/412/412 413/413/413
f 413/413/413 407/407/407 402/870/402
f 413/413/413 402/870/402 446/446/446
f 422/885/422 413/413/413 448/448/448
f 413/413/413 446/446/446 448/448/448
f 449/449/449 448/448/448 446/446/446
f 449/449/449 446/446/446 447/905/447
f 422/885/422 418/418/418 413/413/413
f 450/450/450 451/451/451 452/452/452
f 450/450/450 452/452/452 453/453/453
f 456/456/456 452/452/452 451/451/451
f 456/456/456 458/458/458 452/452/452
f 458/458/458 456/456/456 462/462/462
f 464/920/464 461/917/461 458/458/458
f 464/920/464 458/458/458 462/462/462
f 466/466/466 462/462/462 456/456/456
f 466/466/466 472/472/472 473/473/473
f 466/466/466 473/473/473 471/924/471
f 456/456/456 451/451/451 507/952/507
f 456/456/456 507/952/507 509/509/509
f 472/472/472 456/456/456 509/509/509
f 510/956/510 509/509/509 507/952/507
f 510/956/510 507/952/507 508/953/508
f 466/466/466 456/456/456 472/472/472
