# Exported from Nomad Sculpt
mtllib Folhas.mtl
o Folha1
usemtl Box_split_mat
v -0.34011352 0.071703992 0.495883375 0.999999940 0.999999940 0.999999940
v -0.33506101 0.072601601 0.495645999 0.999999940 0.999999940 0.999999940
v -0.34010416 0.074779056 0.498225599 0.999999940 0.999999940 0.999999940
v -0.33537999 0.075038500 0.496941000 0.999999940 0.999999940 0.999999940
v -0.33840734 0.070335090 0.490520089 0.999999940 0.999999940 0.999999940
v -0.33421099 0.071713998 0.492397010 0.999999940 0.999999940 0.999999940
v -0.33287376 0.074075184 0.494299650 0.999999940 0.999999940 0.999999940
v -0.37607339 0.068727470 0.498185396 0.999999940 0.999999940 0.999999940
v -0.36742753 0.06856177 0.492162078 0.999999940 0.999999940 0.999999940
v -0.36680582 0.072727285 0.498942852 0.999999940 0.999999940 0.999999940
v -0.34102276 0.077990792 0.498754024 0.999999940 0.999999940 0.999999940
v -0.335628 0.077838599 0.497568011 0.999999940 0.999999940 0.999999940
v -0.33363637 0.077842287 0.495789587 0.999999940 0.999999940 0.999999940
v -0.33230448 0.072064749 0.486867010 0.999999940 0.999999940 0.999999940
v -0.33081901 0.073419302 0.479131013 0.999999940 0.999999940 0.999999940
v -0.33040699 0.0783813 0.477032989 0.999999940 0.999999940 0.999999940
v -0.33454764 0.070633776 0.483878940 0.999999940 0.999999940 0.999999940
v -0.3397615 0.069536611 0.483549237 0.999999940 0.999999940 0.999999940
v -0.37539008 0.067660108 0.476987987 0.999999940 0.999999940 0.999999940
v -0.38658896 0.067846439 0.498717725 0.999999940 0.999999940 0.999999940
v -0.38710362 0.072113789 0.498786091 0.999999940 0.999999940 0.999999940
v -0.37170103 0.081928461 0.498900532 0.999999940 0.999999940 0.999999940
v -0.34034404 0.081250071 0.497815340 0.999999940 0.999999940 0.999999940
v -0.33544299 0.080121301 0.496524989 0.999999940 0.999999940 0.999999940
v -0.33390701 0.082117602 0.489347994 0.999999940 0.999999940 0.999999940
v -0.32921889 0.073883764 0.469189345 0.999999940 0.999999940 0.999999940
v -0.33090001 0.082518696 0.479259014 0.999999940 0.999999940 0.999999940
v -0.330111 0.080358900 0.467238009 0.999999940 0.999999940 0.999999940
v -0.33193499 0.082763202 0.482387989 0.999999940 0.999999940 0.999999940
v -0.330452 0.072114497 0.472950995 0.999999940 0.999999940 0.999999940
v -0.3384456 0.069311700 0.465700775 0.999999940 0.999999940 0.999999940
v -0.33268335 0.070470549 0.464651942 0.999999940 0.999999940 0.999999940
v -0.35662663 0.068086572 0.458273172 0.999999940 0.999999940 0.999999940
v -0.38811326 0.066337347 0.456113338 0.999999940 0.999999940 0.999999940
v -0.37338302 0.066782593 0.441293239 0.999999940 0.999999940 0.999999940
v -0.40159273 0.067066833 0.498484760 0.999999940 0.999999940 0.999999940
v -0.40530458 0.065822489 0.470858335 0.999999940 0.999999940 0.999999940
v -0.38153431 0.085237488 0.498664885 0.999999940 0.999999940 0.999999940
v -0.38944098 0.085096329 0.498740643 0.999999940 0.999999940 0.999999940
v -0.34631595 0.084338933 0.495623230 0.999999940 0.999999940 0.999999940
v -0.3725417 0.084948062 0.497787833 0.999999940 0.999999940 0.999999940
v -0.33926418 0.083856426 0.493932575 0.999999940 0.999999940 0.999999940
v -0.33402726 0.084950268 0.481850773 0.999999940 0.999999940 0.999999940
v -0.33174101 0.083864696 0.480527013 0.999999940 0.999999940 0.999999940
v -0.331218 0.083471201 0.475069999 0.999999940 0.999999940 0.999999940
v -0.331485 0.083321802 0.457273006 0.999999940 0.999999940 0.999999940
v -0.33028796 0.08121299 0.457311511 0.999999940 0.999999940 0.999999940
v -0.33082601 0.077838100 0.454955995 0.999999940 0.999999940 0.999999940
v -0.330163 0.071867100 0.466765999 0.999999940 0.999999940 0.999999940
v -0.33019301 0.072932303 0.462419003 0.999999940 0.999999940 0.999999940
v -0.33606091 0.070472553 0.448732525 0.999999940 0.999999940 0.999999940
v -0.35360962 0.067875623 0.439634323 0.999999940 0.999999940 0.999999940
v -0.34658286 0.068439357 0.435171872 0.999999940 0.999999940 0.999999940
v -0.37751755 0.065964207 0.420199245 0.999999940 0.999999940 0.999999940
v -0.39416277 0.065452396 0.440485924 0.999999940 0.999999940 0.999999940
v -0.41439298 0.064747922 0.458011835 0.999999940 0.999999940 0.999999940
v -0.41980422 0.065322853 0.479909628 0.999999940 0.999999940 0.999999940
v -0.42756656 0.065654680 0.497833728 0.999999940 0.999999940 0.999999940
v -0.37759921 0.085329465 0.493346273 0.999999940 0.999999940 0.999999940
v -0.39780611 0.083971202 0.479746341 0.999999940 0.999999940 0.999999940
v -0.4249002 0.082709960 0.487391650 0.999999940 0.999999940 0.999999940
v -0.431411 0.082804940 0.497712135 0.999999940 0.999999940 0.999999940
v -0.34593144 0.085643485 0.490789949 0.999999940 0.999999940 0.999999940
v -0.34125662 0.086293086 0.482280403 0.999999940 0.999999940 0.999999940
v -0.33494475 0.085397630 0.462399274 0.999999940 0.999999940 0.999999940
v -0.33182499 0.082066796 0.452176988 0.999999940 0.999999940 0.999999940
v -0.33508301 0.084045797 0.450717985 0.999999940 0.999999940 0.999999940
v -0.33310801 0.077947899 0.441657006 0.999999940 0.999999940 0.999999940
v -0.33249801 0.073875799 0.446781992 0.999999940 0.999999940 0.999999940
v -0.33216399 0.073364399 0.450379997 0.999999940 0.999999940 0.999999940
v -0.332679 0.081395298 0.446078002 0.999999940 0.999999940 0.999999940
v -0.33988079 0.069905452 0.434802562 0.999999940 0.999999940 0.999999940
v -0.333969 0.072218298 0.444938004 0.999999940 0.999999940 0.999999940
v -0.33686775 0.069410659 0.417103320 0.999999940 0.999999940 0.999999940
v -0.34716785 0.067862846 0.415708839 0.999999940 0.999999940 0.999999940
v -0.36204836 0.066369250 0.390529274 0.999999940 0.999999940 0.999999940
v -0.37714702 0.065459415 0.398158609 0.999999940 0.999999940 0.999999940
v -0.39966029 0.064364418 0.417860150 0.999999940 0.999999940 0.999999940
v -0.41320279 0.064095228 0.439078718 0.999999940 0.999999940 0.999999940
v -0.43328744 0.063607566 0.461318045 0.999999940 0.999999940 0.999999940
v -0.43037233 0.062588632 0.43232131 0.999999940 0.999999940 0.999999940
v -0.44808549 0.063730627 0.483613312 0.999999940 0.999999940 0.999999940
v -0.45899859 0.063777416 0.496980786 0.999999940 0.999999940 0.999999940
v -0.44980305 0.081695385 0.497217744 0.999999940 0.999999940 0.999999940
v -0.43846416 0.081294044 0.475481420 0.999999940 0.999999940 0.999999940
v -0.4198446 0.082424007 0.473915338 0.999999940 0.999999940 0.999999940
v -0.45697847 0.080440260 0.482083737 0.999999940 0.999999940 0.999999940
v -0.4775382 0.079991936 0.496442735 0.999999940 0.999999940 0.999999940
v -0.48646832 0.062090355 0.496217429 0.999999940 0.999999940 0.999999940
v -0.4792603 0.061961658 0.487148106 0.999999940 0.999999940 0.999999940
v -0.45810837 0.061979711 0.462972343 0.999999940 0.999999940 0.999999940
v -0.47096851 0.061287492 0.466378480 0.999999940 0.999999940 0.999999940
v -0.45020372 0.061426173 0.440226852 0.999999940 0.999999940 0.999999940
v -0.45720428 0.059671171 0.412853479 0.999999940 0.999999940 0.999999940
v -0.42677915 0.062076471 0.411378264 0.999999940 0.999999940 0.999999940
v -0.3993699 0.063900180 0.400906503 0.999999940 0.999999940 0.999999940
v -0.37724105 0.064864628 0.366323918 0.999999940 0.999999940 0.999999940
v -0.3426789 0.067569054 0.366393685 0.999999940 0.999999940 0.999999940
v -0.39823413 0.063559182 0.383155554 0.999999940 0.999999940 0.999999940
v -0.35154 0.067766800 0.387005001 0.999999940 0.999999940 0.999999940
v -0.35089323 0.067824617 0.397523790 0.999999940 0.999999940 0.999999940
v -0.34028101 0.069318100 0.410272002 0.999999940 0.999999940 0.999999940
v -0.345808 0.069947101 0.396311998 0.999999940 0.999999940 0.999999940
v -0.343218 0.070280298 0.401396513 0.999999940 0.999999940 0.999999940
v -0.34490371 0.068174384 0.377185583 0.999999940 0.999999940 0.999999940
v -0.34475401 0.070960499 0.385179013 0.999999940 0.999999940 0.999999940
v -0.34623501 0.070644900 0.388985008 0.999999940 0.999999940 0.999999940
v -0.36137867 0.065891280 0.346841275 0.999999940 0.999999940 0.999999940
v -0.354359 0.066570103 0.353002995 0.999999940 0.999999940 0.999999940
v -0.34273136 0.067917682 0.359389662 0.999999940 0.999999940 0.999999940
v -0.33798701 0.069462701 0.367545992 0.999999940 0.999999940 0.999999940
v -0.33922601 0.069433197 0.373593002 0.999999940 0.999999940 0.999999940
v -0.36813068 0.065295763 0.339216411 0.999999940 0.999999940 0.999999940
v -0.39337814 0.063542589 0.362514019 0.999999940 0.999999940 0.999999940
v -0.42442611 0.061165347 0.374011218 0.999999940 0.999999940 0.999999940
v -0.41164497 0.061926264 0.356907546 0.999999940 0.999999940 0.999999940
v -0.4219915 0.061846099 0.392015457 0.999999940 0.999999940 0.999999940
v -0.44671419 0.059829272 0.393949568 0.999999940 0.999999940 0.999999940
v -0.4738853 0.058510676 0.416638851 0.999999940 0.999999940 0.999999940
v -0.47383711 0.057606499 0.394879728 0.999999940 0.999999940 0.999999940
v -0.47078076 0.059826675 0.439080387 0.999999940 0.999999940 0.999999940
v -0.49022451 0.057251263 0.416819006 0.999999940 0.999999940 0.999999940
v -0.48693663 0.056761611 0.400053769 0.999999940 0.999999940 0.999999940
v -0.49702081 0.055280145 0.382411301 0.999999940 0.999999940 0.999999940
v -0.48162282 0.056127999 0.369917333 0.999999940 0.999999940 0.999999940
v -0.45695806 0.058645375 0.384248584 0.999999940 0.999999940 0.999999940
v -0.45204374 0.058625470 0.368251085 0.999999940 0.999999940 0.999999940
v -0.44059077 0.059431035 0.359143167 0.999999940 0.999999940 0.999999940
v -0.43162251 0.060015600 0.346970617 0.999999940 0.999999940 0.999999940
v -0.40633032 0.062083642 0.331723451 0.999999940 0.999999940 0.999999940
v -0.39812225 0.062912948 0.344700247 0.999999940 0.999999940 0.999999940
v -0.37911668 0.064290739 0.319514095 0.999999940 0.999999940 0.999999940
v -0.36743599 0.065434999 0.324124991 0.999999940 0.999999940 0.999999940
v -0.36508301 0.066374696 0.332662999 0.999999940 0.999999940 0.999999940
v -0.364171 0.066779300 0.339161008 0.999999940 0.999999940 0.999999940
v -0.36104 0.066295497 0.344904989 0.999999940 0.999999940 0.999999940
v -0.42242166 0.060646276 0.330458939 0.999999940 0.999999940 0.999999940
v -0.40708932 0.061927687 0.307758718 0.999999940 0.999999940 0.999999940
v -0.39012903 0.063391327 0.308952212 0.999999940 0.999999940 0.999999940
v -0.46216312 0.057252500 0.345513582 0.999999940 0.999999940 0.999999940
v -0.44837466 0.058277748 0.329071998 0.999999940 0.999999940 0.999999940
v -0.47330594 0.056556969 0.359140396 0.999999940 0.999999940 0.999999940
v -0.50356609 0.054095823 0.360693275 0.999999940 0.999999940 0.999999940
v -0.49168879 0.054635353 0.342212438 0.999999940 0.999999940 0.999999940
v -0.51341182 0.054492600 0.394321411 0.999999940 0.999999940 0.999999940
v -0.51971936 0.053321417 0.375239998 0.999999940 0.999999940 0.999999940
v -0.49184904 0.058452304 0.442334502 0.999999940 0.999999940 0.999999940
v -0.50572759 0.056246724 0.419699788 0.999999940 0.999999940 0.999999940
v -0.49262282 0.059751525 0.465176254 0.999999940 0.999999940 0.999999940
v -0.51373357 0.056681420 0.438006639 0.999999940 0.999999940 0.999999940
v -0.52807802 0.054346822 0.412777483 0.999999940 0.999999940 0.999999940
v -0.53405893 0.052964117 0.391633778 0.999999940 0.999999940 0.999999940
v -0.54755187 0.051300395 0.369766652 0.999999940 0.999999940 0.999999940
v -0.52382189 0.052566863 0.360212475 0.999999940 0.999999940 0.999999940
v -0.52083969 0.052394978 0.343474865 0.999999940 0.999999940 0.999999940
v -0.47562328 0.055822659 0.327987700 0.999999940 0.999999940 0.999999940
v -0.50561178 0.053266149 0.323448479 0.999999940 0.999999940 0.999999940
v -0.46246502 0.056932915 0.319180965 0.999999940 0.999999940 0.999999940
v -0.43789858 0.059155274 0.315016776 0.999999940 0.999999940 0.999999940
v -0.4324998 0.059649165 0.300930053 0.999999940 0.999999940 0.999999940
v -0.42226586 0.060666035 0.286706328 0.999999940 0.999999940 0.999999940
v -0.39436331 0.063131317 0.284323602 0.999999940 0.999999940 0.999999940
v -0.37371495 0.064827226 0.282581836 0.999999940 0.999999940 0.999999940
v -0.41510206 0.061393454 0.278399020 0.999999940 0.999999940 0.999999940
v -0.3919031 0.063573002 0.264901965 0.999999940 0.999999940 0.999999940
v -0.46777329 0.056555707 0.281416684 0.999999940 0.999999940 0.999999940
v -0.4464573 0.058662463 0.269940942 0.999999940 0.999999940 0.999999940
v -0.46031502 0.057103931 0.298597842 0.999999940 0.999999940 0.999999940
v -0.48455083 0.054941300 0.307941079 0.999999940 0.999999940 0.999999940
v -0.52499926 0.051726680 0.308284580 0.999999940 0.999999940 0.999999940
v -0.50382978 0.053330186 0.300520330 0.999999940 0.999999940 0.999999940
v -0.53453022 0.051161728 0.324146240 0.999999940 0.999999940 0.999999940
v -0.54209441 0.050988536 0.345611274 0.999999940 0.999999940 0.999999940
v -0.55604094 0.051381729 0.385356098 0.999999940 0.999999940 0.999999940
v -0.57257229 0.049921073 0.368468701 0.999999940 0.999999940 0.999999940
v -0.55902511 0.050210882 0.354039639 0.999999940 0.999999940 0.999999940
v -0.54903013 0.052637688 0.404903620 0.999999940 0.999999940 0.999999940
v -0.53444219 0.054667256 0.426262855 0.999999940 0.999999940 0.999999940
v -0.55613959 0.053448237 0.427019596 0.999999940 0.999999940 0.999999940
v -0.57045907 0.051066078 0.395692110 0.999999940 0.999999940 0.999999940
v -0.56780285 0.052024390 0.412347257 0.999999940 0.999999940 0.999999940
v -0.58879018 0.049909047 0.387580186 0.999999940 0.999999940 0.999999940
v -0.5976088 0.048908032 0.368053138 0.999999940 0.999999940 0.999999940
v -0.5892092 0.048611175 0.343049913 0.999999940 0.999999940 0.999999940
v -0.57567102 0.049114625 0.340711146 0.999999940 0.999999940 0.999999940
v -0.55904627 0.049789853 0.332540392 0.999999940 0.999999940 0.999999940
v -0.55811107 0.049668114 0.313462078 0.999999940 0.999999940 0.999999940
v -0.54529065 0.050383929 0.302566438 0.999999940 0.999999940 0.999999940
v -0.5271818 0.051621910 0.290745288 0.999999940 0.999999940 0.999999940
v -0.50427878 0.053437881 0.280883461 0.999999940 0.999999940 0.999999940
v -0.48048067 0.055361136 0.289959162 0.999999940 0.999999940 0.999999940
v -0.48750076 0.055040519 0.267388850 0.999999940 0.999999940 0.999999940
v -0.45925477 0.057768300 0.256013929 0.999999940 0.999999940 0.999999940
v -0.43078488 0.060267623 0.259089678 0.999999940 0.999999940 0.999999940
v -0.48740581 0.055371884 0.252802223 0.999999940 0.999999940 0.999999940
v -0.51118779 0.053309805 0.257983863 0.999999940 0.999999940 0.999999940
v -0.52252233 0.052176427 0.272101551 0.999999940 0.999999940 0.999999940
v -0.54428566 0.050559982 0.281584292 0.999999940 0.999999940 0.999999940
v -0.56993115 0.049048353 0.296417623 0.999999940 0.999999940 0.999999940
v -0.57962185 0.048704765 0.320865631 0.999999940 0.999999940 0.999999940
v -0.60261917 0.048285812 0.348933637 0.999999940 0.999999940 0.999999940
v -0.60039651 0.047974478 0.320107013 0.999999940 0.999999940 0.999999940
v -0.6066978 0.049143284 0.383238315 0.999999940 0.999999940 0.999999940
v -0.61730015 0.048454478 0.371138364 0.999999940 0.999999940 0.999999940
v -0.62352842 0.047909904 0.354765892 0.999999940 0.999999940 0.999999940
v -0.58829057 0.051055993 0.411524295 0.999999940 0.999999940 0.999999940
v -0.61018252 0.050031591 0.406324416 0.999999940 0.999999940 0.999999940
v -0.58224171 0.052180003 0.427027314 0.999999940 0.999999940 0.999999940
v -0.60215175 0.051319237 0.425039142 0.999999940 0.999999940 0.999999940
v -0.61323428 0.051355663 0.431034565 0.999999940 0.999999940 0.999999940
v -0.62003446 0.049492359 0.400263905 0.999999940 0.999999940 0.999999940
v -0.62966609 0.050264969 0.419423908 0.999999940 0.999999940 0.999999940
v -0.62785345 0.04876405 0.386923313 0.999999940 0.999999940 0.999999940
v -0.64295751 0.048071440 0.373529136 0.999999940 0.999999940 0.999999940
v -0.62743884 0.047571640 0.338773906 0.999999940 0.999999940 0.999999940
v -0.64992732 0.047600962 0.355953753 0.999999940 0.999999940 0.999999940
v -0.61362749 0.047614302 0.316118806 0.999999940 0.999999940 0.999999940
v -0.59315956 0.048130396 0.298519313 0.999999940 0.999999940 0.999999940
v -0.58393699 0.048650171 0.272587776 0.999999940 0.999999940 0.999999940
v -0.56165004 0.049731005 0.269799798 0.999999940 0.999999940 0.999999940
v -0.54156798 0.051155287 0.257054209 0.999999940 0.999999940 0.999999940
v -0.52823919 0.052142787 0.254016757 0.999999940 0.999999940 0.999999940
v -0.56716996 0.050025619 0.243892401 0.999999940 0.999999940 0.999999940
v -0.54195201 0.052018482 0.228971317 0.999999940 0.999999940 0.999999940
v -0.52682644 0.052696704 0.238405644 0.999999940 0.999999940 0.999999940
v -0.60785121 0.048119127 0.258668124 0.999999940 0.999999940 0.999999940
v -0.59011257 0.048818722 0.252392321 0.999999940 0.999999940 0.999999940
v -0.60869855 0.047804359 0.279910117 0.999999940 0.999999940 0.999999940
v -0.63488609 0.047336511 0.319846540 0.999999940 0.999999940 0.999999940
v -0.62713408 0.047380436 0.297735691 0.999999940 0.999999940 0.999999940
v -0.65794814 0.047272797 0.334889799 0.999999940 0.999999940 0.999999940
v -0.66824412 0.047794457 0.368496269 0.999999940 0.999999940 0.999999940
v -0.67096889 0.047464489 0.352552384 0.999999940 0.999999940 0.999999940
v -0.64515817 0.048631981 0.390164732 0.999999940 0.999999940 0.999999940
v -0.66561431 0.048410531 0.388442814 0.999999940 0.999999940 0.999999940
v -0.64793515 0.049184449 0.404059559 0.999999940 0.999999940 0.999999940
v -0.65599436 0.050245124 0.425174206 0.999999940 0.999999940 0.999999940
v -0.63736254 0.051141448 0.436013430 0.999999940 0.999999940 0.999999940
v -0.67182046 0.049868218 0.419621080 0.999999940 0.999999940 0.999999940
v -0.68604434 0.048023168 0.375425726 0.999999940 0.999999940 0.999999940
v -0.6879614 0.048851385 0.397919088 0.999999940 0.999999940 0.999999940
v -0.69362617 0.047600925 0.355510413 0.999999940 0.999999940 0.999999940
v -0.68333232 0.047276035 0.335370421 0.999999940 0.999999940 0.999999940
v -0.65811002 0.047184959 0.315708667 0.999999940 0.999999940 0.999999940
v -0.6833083 0.047167584 0.311428159 0.999999940 0.999999940 0.999999940
v -0.64344305 0.047228280 0.296574920 0.999999940 0.999999940 0.999999940
v -0.63583529 0.047359511 0.279647499 0.999999940 0.999999940 0.999999940
v -0.62142944 0.047639310 0.270407348 0.999999940 0.999999940 0.999999940
v -0.62658441 0.047846838 0.251956462 0.999999940 0.999999940 0.999999940
v -0.60811627 0.048495508 0.241617709 0.999999940 0.999999940 0.999999940
v -0.59400749 0.049289707 0.230983063 0.999999940 0.999999940 0.999999940
v -0.63209152 0.048302978 0.229969143 0.999999940 0.999999940 0.999999940
v -0.61072195 0.048966344 0.225270196 0.999999940 0.999999940 0.999999940
v -0.64557278 0.047736201 0.244601085 0.999999940 0.999999940 0.999999940
v -0.64530009 0.047455746 0.260276794 0.999999940 0.999999940 0.999999940
v -0.66092467 0.047262109 0.270492047 0.999999940 0.999999940 0.999999940
v -0.66173732 0.047170981 0.293755590 0.999999940 0.999999940 0.999999940
v -0.6948474 0.047308154 0.332956433 0.999999940 0.999999940 0.999999940
v -0.70816559 0.047308202 0.312250644 0.999999940 0.999999940 0.999999940
v -0.69900602 0.047243431 0.290779590 0.999999940 0.999999940 0.999999940
v -0.67992777 0.047181505 0.287604153 0.999999940 0.999999940 0.999999940
v -0.70136386 0.048005506 0.369330167 0.999999940 0.999999940 0.999999940
v -0.709418 0.047499649 0.337887197 0.999999940 0.999999940 0.999999940
v -0.72205085 0.048058651 0.358173787 0.999999940 0.999999940 0.999999940
v -0.70126176 0.048487559 0.384829014 0.999999940 0.999999940 0.999999940
v -0.69381046 0.050175469 0.422085970 0.999999940 0.999999940 0.999999940
v -0.70773965 0.049447756 0.404722243 0.999999940 0.999999940 0.999999940
v -0.71928966 0.048407286 0.372967511 0.999999940 0.999999940 0.999999940
v -0.73101956 0.049617234 0.396676361 0.999999940 0.999999940 0.999999940
v -0.72421044 0.047669392 0.332565873 0.999999940 0.999999940 0.999999940
v -0.7395227 0.048633653 0.362439394 0.999999940 0.999999940 0.999999940
v -0.74216431 0.048154749 0.335259586 0.999999940 0.999999940 0.999999940
v -0.71313095 0.047387160 0.286007940 0.999999940 0.999999940 0.999999940
v -0.7295754 0.047634046 0.311007499 0.999999940 0.999999940 0.999999940
v -0.68929219 0.047294139 0.270884692 0.999999940 0.999999940 0.999999940
v -0.67339242 0.047486409 0.251445323 0.999999940 0.999999940 0.999999940
v -0.65910041 0.047888666 0.234384894 0.999999940 0.999999940 0.999999940
v -0.70082068 0.047731868 0.246864959 0.999999940 0.999999940 0.999999940
v -0.68053406 0.047899875 0.233815580 0.999999940 0.999999940 0.999999940
v -0.70205182 0.047485537 0.261736631 0.999999940 0.999999940 0.999999940
v -0.73197216 0.047689124 0.295871436 0.999999940 0.999999940 0.999999940
v -0.73364413 0.047846689 0.276489734 0.999999940 0.999999940 0.999999940
v -0.72086078 0.047819744 0.258255034 0.999999940 0.999999940 0.999999940
v -0.75198698 0.048261329 0.304565906 0.999999940 0.999999940 0.999999940
v -0.7565338 0.048749253 0.341115355 0.999999940 0.999999940 0.999999940
v -0.75703061 0.048500277 0.315301686 0.999999940 0.999999940 0.999999940
v -0.73758227 0.049437470 0.387322723 0.999999940 0.999999940 0.999999940
v -0.75179774 0.049356959 0.371042609 0.999999940 0.999999940 0.999999940
v -0.71488875 0.050624597 0.423574745 0.999999940 0.999999940 0.999999940
v -0.73192549 0.051149301 0.424031078 0.999999940 0.999999940 0.999999940
v -0.75221062 0.051220305 0.411991208 0.999999940 0.999999940 0.999999940
v -0.75199193 0.050148148 0.391314774 0.999999940 0.999999940 0.999999940
v -0.6866008 0.051266007 0.440217971 0.999999940 0.999999940 0.999999940
v -0.69953609 0.052301261 0.452242851 0.999999940 0.999999940 0.999999940
v -0.72107869 0.052042473 0.442188203 0.999999940 0.999999940 0.999999940
v -0.74741954 0.052315563 0.433280438 0.999999940 0.999999940 0.999999940
v -0.76425701 0.051084775 0.398131489 0.999999940 0.999999940 0.999999940
v -0.7628516 0.053112275 0.433532625 0.999999940 0.999999940 0.999999940
v -0.76504397 0.049949325 0.370031267 0.999999940 0.999999940 0.999999940
v -0.7655865 0.049166500 0.337780386 0.999999940 0.999999940 0.999999940
v -0.76574492 0.048937901 0.289400696 0.999999940 0.999999940 0.999999940
v -0.75289887 0.048358336 0.287376821 0.999999940 0.999999940 0.999999940
v -0.75336319 0.048597961 0.267530143 0.999999940 0.999999940 0.999999940
v -0.73790801 0.048446454 0.249181106 0.999999940 0.999999940 0.999999940
v -0.7223556 0.048309162 0.238788574 0.999999940 0.999999940 0.999999940
v -0.75510991 0.049294337 0.242092147 0.999999940 0.999999940 0.999999940
v -0.73620713 0.049160920 0.225304067 0.999999940 0.999999940 0.999999940
v -0.76518404 0.049747102 0.245370864 0.999999940 0.999999940 0.999999940
v -0.7657218 0.058995571 0.274965375 0.999999940 0.999999940 0.999999940
v -0.7658565 0.058569721 0.300122529 0.999999940 0.999999940 0.999999940
v -0.76579249 0.057562183 0.321051955 0.999999940 0.999999940 0.999999940
v -0.76559526 0.059581015 0.343663603 0.999999940 0.999999940 0.999999940
v -0.76505661 0.055937387 0.372438192 0.999999940 0.999999940 0.999999940
v -0.764265 0.060694441 0.400352507 0.999999940 0.999999940 0.999999940
v -0.74583447 0.053452104 0.450108617 0.999999940 0.999999940 0.999999940
v -0.7609992 0.055784821 0.470950007 0.999999940 0.999999940 0.999999940
v -0.76182604 0.064132869 0.456533968 0.999999940 0.999999940 0.999999940
v -0.76326489 0.062131252 0.426089525 0.999999940 0.999999940 0.999999940
v -0.72343951 0.053492493 0.460797607 0.999999940 0.999999940 0.999999940
v -0.68113571 0.052986387 0.463731378 0.999999940 0.999999940 0.999999940
v -0.69711888 0.053868901 0.472400397 0.999999940 0.999999940 0.999999940
v -0.71265006 0.054731048 0.479074597 0.999999940 0.999999940 0.999999940
v -0.74424422 0.055305466 0.474314153 0.999999940 0.999999940 0.999999940
v -0.74719334 0.057112548 0.493962466 0.999999940 0.999999940 0.999999940
v -0.75970101 0.057656999 0.494210988 0.999999940 0.999999940 0.999999940
v -0.75975287 0.064320683 0.494191259 0.999999940 0.999999940 0.999999940
v -0.76292574 0.070413872 0.433484256 0.999999940 0.999999940 0.999999940
v -0.76046401 0.073965124 0.481644243 0.999999940 0.999999940 0.999999940
v -0.76162922 0.072284273 0.460193514 0.999999940 0.999999940 0.999999940
v -0.76427788 0.068463206 0.398980349 0.999999940 0.999999940 0.999999940
v -0.7650615 0.067332573 0.371743738 0.999999940 0.999999940 0.999999940
v -0.7658112 0.066251337 0.311771512 0.999999940 0.999999940 0.999999940
v -0.76549572 0.066706121 0.349046498 0.999999940 0.999999940 0.999999940
v -0.76575947 0.06632635 0.279909014 0.999999940 0.999999940 0.999999940
v -0.75450027 0.065677255 0.302054941 0.999999940 0.999999940 0.999999940
v -0.75027049 0.065780028 0.33596766 0.999999940 0.999999940 0.999999940
v -0.75921845 0.066395387 0.349342346 0.999999940 0.999999940 0.999999940
v -0.75294495 0.066888921 0.375792473 0.999999940 0.999999940 0.999999940
v -0.74979305 0.068729229 0.417065918 0.999999940 0.999999940 0.999999940
v -0.74945855 0.067874938 0.401601076 0.999999940 0.999999940 0.999999940
v -0.75021261 0.069619953 0.430841893 0.999999940 0.999999940 0.999999940
v -0.74875796 0.071489676 0.457867115 0.999999940 0.999999940 0.999999940
v -0.74566793 0.074370503 0.493898630 0.999999940 0.999999940 0.999999940
v -0.75975001 0.074995301 0.494179993 0.999999940 0.999999940 0.999999940
v -0.72776359 0.056418225 0.493642002 0.999999940 0.999999940 0.999999940
v -0.6900658 0.055590607 0.493274241 0.999999940 0.999999940 0.999999940
v -0.70986879 0.055944737 0.493428230 0.999999940 0.999999940 0.999999940
v -0.67349678 0.054064963 0.477270722 0.999999940 0.999999940 0.999999940
v -0.66850269 0.055451829 0.493211150 0.999999940 0.999999940 0.999999940
v -0.695068 0.072987802 0.493264049 0.999999940 0.999999940 0.999999940
v -0.72217047 0.073583923 0.493539184 0.999999940 0.999999940 0.999999940
v -0.72806752 0.072026968 0.473651021 0.999999940 0.999999940 0.999999940
v -0.73312777 0.070107542 0.447482794 0.999999940 0.999999940 0.999999940
v -0.72758454 0.068559348 0.427383065 0.999999940 0.999999940 0.999999940
v -0.73271763 0.067624375 0.408649295 0.999999940 0.999999940 0.999999940
v -0.73677242 0.066737398 0.387145370 0.999999940 0.999999940 0.999999940
v -0.74101645 0.065846145 0.355395317 0.999999940 0.999999940 0.999999940
v -0.73419815 0.065951228 0.367055624 0.999999940 0.999999940 0.999999940
v -0.74236453 0.065433293 0.327788353 0.999999940 0.999999940 0.999999940
v -0.72671157 0.065121613 0.336484074 0.999999940 0.999999940 0.999999940
v -0.75011426 0.065684467 0.276586741 0.999999940 0.999999940 0.999999940
v -0.73853439 0.065186433 0.306257516 0.999999940 0.999999940 0.999999940
v -0.72111356 0.064846776 0.313986092 0.999999940 0.999999940 0.999999940
v -0.71859825 0.065355487 0.358697503 0.999999940 0.999999940 0.999999940
v -0.71052235 0.064893722 0.340048611 0.999999940 0.999999940 0.999999940
v -0.71596193 0.06594491 0.381332039 0.999999940 0.999999940 0.999999940
v -0.72332698 0.066787436 0.397335976 0.999999940 0.999999940 0.999999940
v -0.71311516 0.067396178 0.414359927 0.999999940 0.999999940 0.999999940
v -0.71130699 0.068538278 0.433486878 0.999999940 0.999999940 0.999999940
v -0.71939164 0.069849304 0.449358463 0.999999940 0.999999940 0.999999940
v -0.71383154 0.070966042 0.465569704 0.999999940 0.999999940 0.999999940
v -0.70409286 0.072043694 0.480874210 0.999999940 0.999999940 0.999999940
v -0.67281157 0.072787612 0.493185579 0.999999940 0.999999940 0.999999940
v -0.67666537 0.071342676 0.476501762 0.999999940 0.999999940 0.999999940
v -0.6487062 0.054261673 0.478895127 0.999999940 0.999999940 0.999999940
v -0.6476171 0.055519782 0.493233263 0.999999940 0.999999940 0.999999940
v -0.65416378 0.072807885 0.493188798 0.999999940 0.999999940 0.999999940
v -0.65686655 0.070359855 0.464547693 0.999999940 0.999999940 0.999999940
v -0.68432003 0.069824196 0.457215756 0.999999940 0.999999940 0.999999940
v -0.69558895 0.070658423 0.466006338 0.999999940 0.999999940 0.999999940
v -0.69986361 0.069097593 0.444933980 0.999999940 0.999999940 0.999999940
v -0.69876999 0.067818589 0.425844579 0.999999940 0.999999940 0.999999940
v -0.70340949 0.066357098 0.396966427 0.999999940 0.999999940 0.999999940
v -0.68624473 0.066770322 0.410147726 0.999999940 0.999999940 0.999999940
v -0.69923609 0.065151155 0.363075643 0.999999940 0.999999940 0.999999940
v -0.68982118 0.065805822 0.387600004 0.999999940 0.999999940 0.999999940
v -0.70156813 0.064655236 0.322256594 0.999999940 0.999999940 0.999999940
v -0.68233496 0.064723759 0.344352990 0.999999940 0.999999940 0.999999940
v -0.68306601 0.065152272 0.367906570 0.999999940 0.999999940 0.999999940
v -0.67309982 0.065559737 0.382864415 0.999999940 0.999999940 0.999999940
v -0.66564858 0.066180355 0.398912668 0.999999940 0.999999940 0.999999940
v -0.67877364 0.067638173 0.426312387 0.999999940 0.999999940 0.999999940
v -0.65847158 0.066898964 0.413159132 0.999999940 0.999999940 0.999999940
v -0.68252218 0.068495288 0.439072877 0.999999940 0.999999940 0.999999940
v -0.65908259 0.068685747 0.442454189 0.999999940 0.999999940 0.999999940
v -0.63951904 0.069826088 0.455485045 0.999999940 0.999999940 0.999999940
v -0.6398114 0.071496434 0.476529866 0.999999940 0.999999940 0.999999940
v -0.62600589 0.073153317 0.493342280 0.999999940 0.999999940 0.999999940
v -0.62651575 0.055816121 0.493383020 0.999999940 0.999999940 0.999999940
v -0.6201511 0.071757897 0.475469112 0.999999940 0.999999940 0.999999940
v -0.59910691 0.07384599 0.493657350 0.999999940 0.999999940 0.999999940
v -0.60881299 0.056227311 0.493561625 0.999999940 0.999999940 0.999999940
v -0.63636887 0.068216875 0.431821316 0.999999940 0.999999940 0.999999940
v -0.61902285 0.069973722 0.452139437 0.999999940 0.999999940 0.999999940
v -0.66055763 0.067818358 0.429239839 0.999999940 0.999999940 0.999999940
v -0.64473838 0.066355384 0.399434477 0.999999940 0.999999940 0.999999940
v -0.62912816 0.067347817 0.414751499 0.999999940 0.999999940 0.999999940
v -0.64539629 0.065689392 0.382801502 0.999999940 0.999999940 0.999999940
v -0.65341008 0.065246768 0.370438128 0.999999940 0.999999940 0.999999940
v -0.66446251 0.064923532 0.358168691 0.999999940 0.999999940 0.999999940
v -0.67141306 0.064605191 0.330844193 0.999999940 0.999999940 0.999999940
v -0.65113491 0.064688727 0.336353987 0.999999940 0.999999940 0.999999940
v -0.7021358 0.064617715 0.296806871 0.999999940 0.999999940 0.999999940
v -0.68213713 0.064554542 0.307974755 0.999999940 0.999999940 0.999999940
v -0.65443641 0.064564451 0.30904001 0.999999940 0.999999940 0.999999940
v -0.63496494 0.065011635 0.351287394 0.999999940 0.999999940 0.999999940
v -0.63316262 0.064746111 0.325949072 0.999999940 0.999999940 0.999999940
v -0.63224941 0.065456435 0.368987798 0.999999940 0.999999940 0.999999940
v -0.62733793 0.066383391 0.393715202 0.999999940 0.999999940 0.999999940
v -0.62061805 0.065735273 0.371652156 0.999999940 0.999999940 0.999999940
v -0.6131103 0.068962037 0.435459345 0.999999940 0.999999940 0.999999940
v -0.60580689 0.068124711 0.417889118 0.999999940 0.999999940 0.999999940
v -0.61413926 0.067030526 0.401476740 0.999999940 0.999999940 0.999999940
v -0.60365558 0.071982547 0.472812980 0.999999940 0.999999940 0.999999940
v -0.60021377 0.070732042 0.455056428 0.999999940 0.999999940 0.999999940
v -0.57502025 0.074702635 0.494048118 0.999999940 0.999999940 0.999999940
v -0.58958882 0.071678467 0.462895214 0.999999940 0.999999940 0.999999940
v -0.5902667 0.069743186 0.435922652 0.999999940 0.999999940 0.999999940
v -0.59784633 0.067492485 0.400641530 0.999999940 0.999999940 0.999999940
v -0.5856244 0.068646170 0.414239555 0.999999940 0.999999940 0.999999940
v -0.60442758 0.066437788 0.380550444 0.999999940 0.999999940 0.999999940
v -0.61346996 0.0653641 0.349336415 0.999999940 0.999999940 0.999999940
v -0.59571993 0.066157430 0.362682342 0.999999940 0.999999940 0.999999940
v -0.61744148 0.064989224 0.327286332 0.999999940 0.999999940 0.999999940
v -0.62401295 0.064770773 0.298992067 0.999999940 0.999999940 0.999999940
v -0.67923832 0.064572133 0.284658968 0.999999940 0.999999940 0.999999940
v -0.65151238 0.064590230 0.286698579 0.999999940 0.999999940 0.999999940
v -0.71528274 0.064767435 0.292066514 0.999999940 0.999999940 0.999999940
v -0.70109504 0.064737744 0.269905060 0.999999940 0.999999940 0.999999940
v -0.731004 0.065036147 0.289561539 0.999999940 0.999999940 0.999999940
v -0.71752477 0.064963437 0.268367976 0.999999940 0.999999940 0.999999940
v -0.70261753 0.065129570 0.244999274 0.999999940 0.999999940 0.999999940
v -0.681328 0.064771994 0.257530450 0.999999940 0.999999940 0.999999940
v -0.66014135 0.064653642 0.268225491 0.999999940 0.999999940 0.999999940
v -0.62834209 0.064811766 0.276667803 0.999999940 0.999999940 0.999999940
v -0.60434771 0.065178655 0.294074416 0.999999940 0.999999940 0.999999940
v -0.60412699 0.065238833 0.321982294 0.999999940 0.999999940 0.999999940
v -0.5898484 0.065876998 0.340232491 0.999999940 0.999999940 0.999999940
v -0.58080292 0.067293182 0.380227834 0.999999940 0.999999940 0.999999940
v -0.57170254 0.067100025 0.361518800 0.999999940 0.999999940 0.999999940
v -0.57200837 0.068280495 0.394914597 0.999999940 0.999999940 0.999999940
v -0.56661671 0.069291614 0.410111933 0.999999940 0.999999940 0.999999940
v -0.57535076 0.069932945 0.428748697 0.999999940 0.999999940 0.999999940
v -0.55700415 0.068238906 0.373991578 0.999999940 0.999999940 0.999999940
v -0.54840642 0.069726772 0.398680180 0.999999940 0.999999940 0.999999940
v -0.54426146 0.069395147 0.385184556 0.999999940 0.999999940 0.999999940
v -0.5676825 0.066862359 0.343527883 0.999999940 0.999999940 0.999999940
v -0.55177784 0.068063519 0.358455836 0.999999940 0.999999940 0.999999940
v -0.59122467 0.065575674 0.314910113 0.999999940 0.999999940 0.999999940
v -0.5731076 0.066324561 0.322170734 0.999999940 0.999999940 0.999999940
v -0.59782076 0.065575994 0.268207669 0.999999940 0.999999940 0.999999940
v -0.58970338 0.065648406 0.287250071 0.999999940 0.999999940 0.999999940
v -0.62081414 0.065264686 0.252837777 0.999999940 0.999999940 0.999999940
v -0.65282845 0.064892865 0.250913262 0.999999940 0.999999940 0.999999940
v -0.6861257 0.065163955 0.237965226 0.999999940 0.999999940 0.999999940
v -0.69466543 0.06566488 0.223640546 0.999999940 0.999999940 0.999999940
v -0.72141367 0.065866492 0.230835869 0.999999940 0.999999940 0.999999940
v -0.72384 0.065404184 0.249639451 0.999999940 0.999999940 0.999999940
v -0.72895628 0.065204739 0.267513483 0.999999940 0.999999940 0.999999940
v -0.74103361 0.066074453 0.242651581 0.999999940 0.999999940 0.999999940
v -0.74375612 0.065729379 0.260785162 0.999999940 0.999999940 0.999999940
v -0.70955449 0.066419005 0.210845455 0.999999940 0.999999940 0.999999940
v -0.71950769 0.066832043 0.206580653 0.999999940 0.999999940 0.999999940
v -0.73443395 0.066452540 0.225226163 0.999999940 0.999999940 0.999999940
v -0.66104245 0.065417684 0.227162420 0.999999940 0.999999940 0.999999940
v -0.6884678 0.066145025 0.210005432 0.999999940 0.999999940 0.999999940
v -0.63497216 0.065417200 0.236682653 0.999999940 0.999999940 0.999999940
v -0.62087947 0.065941348 0.227622225 0.999999940 0.999999940 0.999999940
v -0.60233074 0.065758459 0.251442045 0.999999940 0.999999940 0.999999940
v -0.57943738 0.066483669 0.256299734 0.999999940 0.999999940 0.999999940
v -0.57542723 0.066240198 0.282494932 0.999999940 0.999999940 0.999999940
v -0.57038343 0.066363938 0.306137740 0.999999940 0.999999940 0.999999940
v -0.54671276 0.067627832 0.313412904 0.999999940 0.999999940 0.999999940
v -0.54486716 0.068087302 0.341901898 0.999999940 0.999999940 0.999999940
v -0.53674591 0.069120399 0.363560766 0.999999940 0.999999940 0.999999940
v -0.52234179 0.069764718 0.350556612 0.999999940 0.999999940 0.999999940
v -0.53267229 0.068692445 0.329511553 0.999999940 0.999999940 0.999999940
v -0.52561659 0.069064453 0.289379686 0.999999940 0.999999940 0.999999940
v -0.54713839 0.067608512 0.300800025 0.999999940 0.999999940 0.999999940
v -0.52308565 0.069194756 0.307866305 0.999999940 0.999999940 0.999999940
v -0.56184632 0.066838331 0.288635671 0.999999940 0.999999940 0.999999940
v -0.55355 0.067452229 0.272839993 0.999999940 0.999999940 0.999999940
v -0.57938755 0.067287489 0.228990361 0.999999940 0.999999940 0.999999940
v -0.56473005 0.067438095 0.246041536 0.999999940 0.999999940 0.999999940
v -0.5964914 0.066292077 0.238868743 0.999999940 0.999999940 0.999999940
v -0.63254184 0.066357389 0.211221918 0.999999940 0.999999940 0.999999940
v -0.61062843 0.066802673 0.212893873 0.999999940 0.999999940 0.999999940
v -0.64991438 0.065600350 0.224660530 0.999999940 0.999999940 0.999999940
v -0.59652877 0.066922418 0.220840618 0.999999940 0.999999940 0.999999940
v -0.65936059 0.066224612 0.207211792 0.999999940 0.999999940 0.999999940
v -0.69740272 0.066932506 0.196515560 0.999999940 0.999999940 0.999999940
v -0.67817402 0.066861033 0.194579705 0.999999940 0.999999940 0.999999940
v -0.65810621 0.067381851 0.185703545 0.999999940 0.999999940 0.999999940
v -0.6437608 0.067000389 0.194721847 0.999999940 0.999999940 0.999999940
v -0.62328792 0.067484729 0.192792490 0.999999940 0.999999940 0.999999940
v -0.60272533 0.067741371 0.198731407 0.999999940 0.999999940 0.999999940
v -0.58100909 0.068070456 0.209406420 0.999999940 0.999999940 0.999999940
v -0.5633164 0.068467654 0.219629630 0.999999940 0.999999940 0.999999940
v -0.54727775 0.068861894 0.232921183 0.999999940 0.999999940 0.999999940
v -0.54437894 0.068326033 0.256309777 0.999999940 0.999999940 0.999999940
v -0.52825361 0.069061853 0.274242222 0.999999940 0.999999940 0.999999940
v -0.49521419 0.071460604 0.284067452 0.999999940 0.999999940 0.999999940
v -0.50401062 0.070650503 0.304765433 0.999999940 0.999999940 0.999999940
v -0.51220661 0.070163548 0.331182956 0.999999940 0.999999940 0.999999940
v -0.49272728 0.071623556 0.318365305 0.999999940 0.999999940 0.999999940
v -0.48833826 0.072133526 0.333909779 0.999999940 0.999999940 0.999999940
v -0.49339604 0.072010740 0.351015627 0.999999940 0.999999940 0.999999940
v -0.4835895 0.072362236 0.302952617 0.999999940 0.999999940 0.999999940
v -0.45276761 0.075158081 0.294648379 0.999999940 0.999999940 0.999999940
v -0.45970586 0.074642702 0.280605077 0.999999940 0.999999940 0.999999940
v -0.48216993 0.072884760 0.265037536 0.999999940 0.999999940 0.999999940
v -0.50135005 0.071635216 0.249044686 0.999999940 0.999999940 0.999999940
v -0.51987606 0.069897949 0.261182695 0.999999940 0.999999940 0.999999940
v -0.52719492 0.069950424 0.240058586 0.999999940 0.999999940 0.999999940
v -0.5219149 0.07095249 0.223052069 0.999999940 0.999999940 0.999999940
v -0.54592615 0.069832712 0.212166488 0.999999940 0.999999940 0.999999940
v -0.56156904 0.069925896 0.192674085 0.999999940 0.999999940 0.999999940
v -0.5938704 0.068536967 0.190150797 0.999999940 0.999999940 0.999999940
v -0.63964295 0.068384483 0.173405855 0.999999940 0.999999940 0.999999940
v -0.61295468 0.068990975 0.173374980 0.999999940 0.999999940 0.999999940
v -0.62657303 0.069702640 0.158914804 0.999999940 0.999999940 0.999999940
v -0.6481083 0.070221200 0.148243278 0.999999940 0.999999940 0.999999940
v -0.6606338 0.068596698 0.167660072 0.999999940 0.999999940 0.999999940
v -0.60066527 0.071013353 0.151709973 0.999999940 0.999999940 0.999999940
v -0.59014165 0.070157527 0.168219521 0.999999940 0.999999940 0.999999940
v -0.57865149 0.069617450 0.183565512 0.999999940 0.999999940 0.999999940
v -0.54022396 0.071414530 0.188943520 0.999999940 0.999999940 0.999999940
v -0.55217332 0.071918733 0.169817403 0.999999940 0.999999940 0.999999940
v -0.57153296 0.071056813 0.167331948 0.999999940 0.999999940 0.999999940
v -0.52067 0.072115913 0.200225159 0.999999940 0.999999940 0.999999940
v -0.48917881 0.073259398 0.230053216 0.999999940 0.999999940 0.999999940
v -0.50249475 0.072857096 0.213430583 0.999999940 0.999999940 0.999999940
v -0.46878091 0.074418708 0.248956427 0.999999940 0.999999940 0.999999940
v -0.44959533 0.075785204 0.265809983 0.999999940 0.999999940 0.999999940
v -0.42704517 0.077727481 0.273407548 0.999999940 0.999999940 0.999999940
v -0.42402342 0.078406199 0.250027686 0.999999940 0.999999940 0.999999940
v -0.4352808 0.077685177 0.238960415 0.999999940 0.999999940 0.999999940
v -0.45722803 0.076184779 0.225060224 0.999999940 0.999999940 0.999999940
v -0.4742561 0.074953846 0.218697905 0.999999940 0.999999940 0.999999940
v -0.47950166 0.075299933 0.200601935 0.999999940 0.999999940 0.999999940
v -0.49416628 0.074307858 0.196859538 0.999999940 0.999999940 0.999999940
v -0.5096997 0.074058048 0.179986849 0.999999940 0.999999940 0.999999940
v -0.52371955 0.074281409 0.16126284 0.999999940 0.999999940 0.999999940
v -0.53573078 0.074364461 0.149397075 0.999999940 0.999999940 0.999999940
v -0.55449677 0.073019042 0.152795448 0.999999940 0.999999940 0.999999940
v -0.57837331 0.072232410 0.147663712 0.999999940 0.999999940 0.999999940
v -0.58825904 0.073287792 0.130273088 0.999999940 0.999999940 0.999999940
v -0.61109155 0.071826204 0.138103276 0.999999940 0.999999940 0.999999940
v -0.63248134 0.070718467 0.145167097 0.999999940 0.999999940 0.999999940
v -0.60113871 0.074395410 0.113459423 0.999999940 0.999999940 0.999999940
v -0.62192154 0.073201388 0.119890011 0.999999940 0.999999940 0.999999940
v -0.5635519 0.074743226 0.125842377 0.999999940 0.999999940 0.999999940
v -0.58012968 0.075021788 0.114848688 0.999999940 0.999999940 0.999999940
v -0.54781657 0.075269460 0.129203841 0.999999940 0.999999940 0.999999940
v -0.52671176 0.076019950 0.134780153 0.999999940 0.999999940 0.999999940
v -0.49913412 0.077466197 0.139208242 0.999999940 0.999999940 0.999999940
v -0.49809435 0.076064787 0.161154940 0.999999940 0.999999940 0.999999940
v -0.48450398 0.076092071 0.177716001 0.999999940 0.999999940 0.999999940
v -0.46425867 0.077695302 0.177168861 0.999999940 0.999999940 0.999999940
v -0.45642641 0.077270031 0.199442580 0.999999940 0.999999940 0.999999940
v -0.44364437 0.077950626 0.209037482 0.999999940 0.999999940 0.999999940
v -0.42789605 0.078941285 0.218714788 0.999999940 0.999999940 0.999999940
v -0.40655613 0.080361954 0.231188118 0.999999940 0.999999940 0.999999940
v -0.40269002 0.080096386 0.259060293 0.999999940 0.999999940 0.999999940
v -0.40616235 0.081122905 0.206007033 0.999999940 0.999999940 0.999999940
v -0.38781133 0.082094878 0.221824109 0.999999940 0.999999940 0.999999940
v -0.38719419 0.081606745 0.246217533 0.999999940 0.999999940 0.999999940
v -0.42939681 0.079543530 0.198265209 0.999999940 0.999999940 0.999999940
v -0.44134885 0.079475857 0.177731111 0.999999940 0.999999940 0.999999940
v -0.47468224 0.078396424 0.150995641 0.999999940 0.999999940 0.999999940
v -0.45485052 0.079470790 0.157514825 0.999999940 0.999999940 0.999999940
v -0.50568956 0.078126549 0.124478779 0.999999940 0.999999940 0.999999940
v -0.4773199 0.079796366 0.126448899 0.999999940 0.999999940 0.999999940
v -0.46550038 0.080171391 0.132665112 0.999999940 0.999999940 0.999999940
v -0.5343138 0.077143341 0.115865528 0.999999940 0.999999940 0.999999940
v -0.55590707 0.077218003 0.103146709 0.999999940 0.999999940 0.999999940
v -0.59229809 0.076859250 0.092065267 0.999999940 0.999999940 0.999999940
v -0.56352276 0.078108862 0.090958334 0.999999940 0.999999940 0.999999940
v -0.52665198 0.079060681 0.099556602 0.999999940 0.999999940 0.999999940
v -0.49954602 0.079757280 0.108890496 0.999999940 0.999999940 0.999999940
v -0.47070539 0.081765539 0.104831837 0.999999940 0.999999940 0.999999940
v -0.45542067 0.082027256 0.113688074 0.999999940 0.999999940 0.999999940
v -0.44678837 0.080666609 0.145869106 0.999999940 0.999999940 0.999999940
v -0.44081315 0.082032583 0.128179907 0.999999940 0.999999940 0.999999940
v -0.42446887 0.081538014 0.160030141 0.999999940 0.999999940 0.999999940
v -0.42032722 0.080817364 0.184075072 0.999999940 0.999999940 0.999999940
v -0.39996597 0.082518361 0.178579449 0.999999940 0.999999940 0.999999940
v -0.38528863 0.082914598 0.198362156 0.999999940 0.999999940 0.999999940
v -0.36265287 0.083634138 0.233942642 0.999999940 0.999999940 0.999999940
v -0.36242709 0.083922207 0.216726958 0.999999940 0.999999940 0.999999940
v -0.37337407 0.082281358 0.275748044 0.999999940 0.999999940 0.999999940
v -0.37017095 0.082799680 0.253098905 0.999999940 0.999999940 0.999999940
v -0.34277499 0.084528572 0.242938742 0.999999940 0.999999940 0.999999940
v -0.35340443 0.083390131 0.230342000 0.999999940 0.999999940 0.999999940
v -0.35829899 0.083508297 0.222336992 0.999999940 0.999999940 0.999999940
v -0.35475799 0.083336196 0.215213000 0.999999940 0.999999940 0.999999940
v -0.34919035 0.084731094 0.202791780 0.999999940 0.999999940 0.999999940
v -0.36720788 0.084805466 0.169224232 0.999999940 0.999999940 0.999999940
v -0.38334256 0.084317043 0.156363919 0.999999940 0.999999940 0.999999940
v -0.40827781 0.082895807 0.153773441 0.999999940 0.999999940 0.999999940
v -0.42787176 0.082304157 0.138901278 0.999999940 0.999999940 0.999999940
v -0.41417733 0.083812221 0.124230407 0.999999940 0.999999940 0.999999940
v -0.44132841 0.083294428 0.106143742 0.999999940 0.999999940 0.999999940
v -0.45703858 0.083903268 0.086544461 0.999999940 0.999999940 0.999999940
v -0.48109469 0.082401260 0.090011037 0.999999940 0.999999940 0.999999940
v -0.50617898 0.081032849 0.090195395 0.999999940 0.999999940 0.999999940
v -0.5239138 0.081354565 0.078056007 0.999999940 0.999999940 0.999999940
v -0.48687422 0.084180802 0.067864663 0.999999940 0.999999940 0.999999940
v -0.47653392 0.083715349 0.077841781 0.999999940 0.999999940 0.999999940
v -0.45348671 0.085431791 0.069890372 0.999999940 0.999999940 0.999999940
v -0.43780571 0.084863223 0.085487045 0.999999940 0.999999940 0.999999940
v -0.41916808 0.084447808 0.106057077 0.999999940 0.999999940 0.999999940
v -0.39877915 0.083911314 0.142981231 0.999999940 0.999999940 0.999999940
v -0.38969734 0.085153274 0.121648579 0.999999940 0.999999940 0.999999940
v -0.35688052 0.084966123 0.179242983 0.999999940 0.999999940 0.999999940
v -0.36066222 0.084917694 0.167771950 0.999999940 0.999999940 0.999999940
v -0.35731339 0.085289605 0.150389328 0.999999940 0.999999940 0.999999940
v -0.35985681 0.085980832 0.132196307 0.999999940 0.999999940 0.999999940
v -0.37728307 0.086186274 0.106974177 0.999999940 0.999999940 0.999999940
v -0.39922947 0.085499577 0.103212796 0.999999940 0.999999940 0.999999940
v -0.41533902 0.085576228 0.089022301 0.999999940 0.999999940 0.999999940
v -0.41943637 0.086747914 0.068533986 0.999999940 0.999999940 0.999999940
v -0.4363125 0.087229885 0.055458560 0.999999940 0.999999940 0.999999940
v -0.46181121 0.086396239 0.055435814 0.999999940 0.999999940 0.999999940
v -0.48722878 0.085684657 0.052864927 0.999999940 0.999999940 0.999999940
v -0.50783443 0.084873549 0.052436880 0.999999940 0.999999940 0.999999940
v -0.55019295 0.080746434 0.072344236 0.999999940 0.999999940 0.999999940
v -0.53269857 0.083426758 0.055827196 0.999999940 0.999999940 0.999999940
v -0.49937236 0.087248094 0.034269716 0.999999940 0.999999940 0.999999940
v -0.52692211 0.086436942 0.032584559 0.999999940 0.999999940 0.999999940
v -0.47401452 0.087648764 0.038580857 0.999999940 0.999999940 0.999999940
v -0.44403681 0.088393949 0.039507146 0.999999940 0.999999940 0.999999940
v -0.40960702 0.088318444 0.048933286 0.999999940 0.999999940 0.999999940
v -0.39832965 0.086721405 0.079266078 0.999999940 0.999999940 0.999999940
v -0.39215484 0.088149607 0.056032359 0.999999940 0.999999940 0.999999940
v -0.39087737 0.086325712 0.091860339 0.999999940 0.999999940 0.999999940
v -0.35192204 0.087357603 0.091372147 0.999999940 0.999999940 0.999999940
v -0.37655374 0.087485000 0.073168903 0.999999940 0.999999940 0.999999940
v -0.336602 0.086671888 0.100407108 0.999999940 0.999999940 0.999999940
v -0.33868214 0.086335703 0.108066797 0.999999940 0.999999940 0.999999940
v -0.3514328 0.085295416 0.132438510 0.999999940 0.999999940 0.999999940
v -0.34540045 0.086906328 0.079823173 0.999999940 0.999999940 0.999999940
v -0.3592833 0.087731495 0.071061655 0.999999940 0.999999940 0.999999940
v -0.36709255 0.088658481 0.049788661 0.999999940 0.999999940 0.999999940
v -0.39458215 0.089020907 0.041090600 0.999999940 0.999999940 0.999999940
v -0.4261944 0.089507207 0.030086405 0.999999940 0.999999940 0.999999940
v -0.46164605 0.089800640 0.020662311 0.999999940 0.999999940 0.999999940
v -0.48530909 0.089667677 0.016576748 0.999999940 0.999999940 0.999999940
v -0.4949376 0.089022576 0.019934367 0.999999940 0.999999940 0.999999940
v -0.51833105 0.088984556 0.014080892 0.999999940 0.999999940 0.999999940
v -0.54111224 0.086496874 0.027673559 0.999999940 0.999999940 0.999999940
v -0.55407917 0.082875356 0.052827801 0.999999940 0.999999940 0.999999940
v -0.56542897 0.084576986 0.035431221 0.999999940 0.999999940 0.999999940
v -0.5823195 0.080830030 0.060420759 0.999999940 0.999999940 0.999999940
v -0.54667205 0.088028587 0.013804258 0.999999940 0.999999940 0.999999940
v -0.50811803 0.090970180 0.000032730 0.999999940 0.999999940 0.999999940
v -0.53440368 0.090515881 -0.0027732 0.999999940 0.999999940 0.999999940
v -0.48091444 0.092637628 -0.00948157 0.999999940 0.999999940 0.999999940
v -0.49166122 0.093320593 -0.01724277 0.999999940 0.999999940 0.999999940
v -0.44428399 0.091594278 0.004943839 0.999999940 0.999999940 0.999999940
v -0.46219826 0.092836484 -0.0090809 0.999999940 0.999999940 0.999999940
v -0.40817457 0.089897170 0.027284828 0.999999940 0.999999940 0.999999940
v -0.41835564 0.091273330 0.009607567 0.999999940 0.999999940 0.999999940
v -0.38040644 0.089468658 0.034278404 0.999999940 0.999999940 0.999999940
v -0.35141152 0.088224321 0.051987953 0.999999940 0.999999940 0.999999940
v -0.36872438 0.090175934 0.020349662 0.999999940 0.999999940 0.999999940
v -0.34925899 0.087039202 0.072826199 0.999999940 0.999999940 0.999999940
v -0.34978101 0.087281398 0.063496902 0.999999940 0.999999940 0.999999940
v -0.34461641 0.090317547 -0.00350088 0.999999940 0.999999940 0.999999940
v -0.360064 0.091508984 -0.00579432 0.999999940 0.999999940 0.999999940
v -0.32914108 0.089332975 0.009550107 0.999999940 0.999999940 0.999999940
v -0.33129349 0.088405668 0.021458489 0.999999940 0.999999940 0.999999940
v -0.34420159 0.087384678 0.048738304 0.999999940 0.999999940 0.999999940
v -0.34621701 0.086797602 0.057214699 0.999999940 0.999999940 0.999999940
v -0.3979699 0.091006159 0.011966725 0.999999940 0.999999940 0.999999940
v -0.38601983 0.091740518 -0.00036975 0.999999940 0.999999940 0.999999940
v -0.41876253 0.093041390 -0.01155762 0.999999940 0.999999940 0.999999940
v -0.42925629 0.092862136 -0.00851956 0.999999940 0.999999940 0.999999940
v -0.45110568 0.094081029 -0.02111868 0.999999940 0.999999940 0.999999940
v -0.47662556 0.095152251 -0.03270974 0.999999940 0.999999940 0.999999940
v -0.49524003 0.095771528 -0.04032923 0.999999940 0.999999940 0.999999940
v -0.51078504 0.094105750 -0.02765694 0.999999940 0.999999940 0.999999940
v -0.53103757 0.092841297 -0.02112186 0.999999940 0.999999940 0.999999940
v -0.55978495 0.090790353 -0.01191111 0.999999940 0.999999940 0.999999940
v -0.53242683 0.094669058 -0.03730279 0.999999940 0.999999940 0.999999940
v -0.54708838 0.095096506 -0.04478392 0.999999940 0.999999940 0.999999940
v -0.55902487 0.092941738 -0.02949408 0.999999940 0.999999940 0.999999940
v -0.51234448 0.096916757 -0.05358999 0.999999940 0.999999940 0.999999940
v -0.47536597 0.097101941 -0.05183387 0.999999940 0.999999940 0.999999940
v -0.49428526 0.098184801 -0.06383517 0.999999940 0.999999940 0.999999940
v -0.44161022 0.094912014 -0.03020328 0.999999940 0.999999940 0.999999940
v -0.44620085 0.096740752 -0.04916216 0.999999940 0.999999940 0.999999940
v -0.40766254 0.093785472 -0.02218034 0.999999940 0.999999940 0.999999940
v -0.42493653 0.095560856 -0.03937193 0.999999940 0.999999940 0.999999940
v -0.37808239 0.092978306 -0.020252 0.999999940 0.999999940 0.999999940
v -0.40208173 0.094967439 -0.0381318 0.999999940 0.999999940 0.999999940
v -0.42157409 0.097195059 -0.05873989 0.999999940 0.999999940 0.999999940
v -0.44270122 0.099623538 -0.08143392 0.999999940 0.999999940 0.999999940
v -0.47018725 0.098244227 -0.06362885 0.999999940 0.999999940 0.999999940
v -0.46371436 0.099516734 -0.07757075 0.999999940 0.999999940 0.999999940
v -0.48886588 0.099832661 -0.08068963 0.999999940 0.999999940 0.999999940
v -0.51032126 0.099248223 -0.07668968 0.999999940 0.999999940 0.999999940
v -0.5286895 0.09735699 -0.06105978 0.999999940 0.999999940 0.999999940
v -0.55744106 0.097471222 -0.07021523 0.999999940 0.999999940 0.999999940
v -0.5709731 0.095042817 -0.0515078 0.999999940 0.999999940 0.999999940
v -0.59340656 0.092027112 -0.03241375 0.999999940 0.999999940 0.999999940
v -0.58412725 0.089563645 -0.00914114 0.999999940 0.999999940 0.999999940
v -0.56606042 0.088146545 0.007268405 0.999999940 0.999999940 0.999999940
v -0.61050785 0.088708825 -0.01005085 0.999999940 0.999999940 0.999999940
v -0.62112761 0.090475358 -0.02841269 0.999999940 0.999999940 0.999999940
v -0.61942381 0.091743722 -0.03920545 0.999999940 0.999999940 0.999999940
v -0.59111273 0.094695076 -0.05568244 0.999999940 0.999999940 0.999999940
v -0.58150607 0.097129888 -0.07581851 0.999999940 0.999999940 0.999999940
v -0.5550651 0.099811635 -0.09424553 0.999999940 0.999999940 0.999999940
v -0.53883326 0.098926626 -0.07943856 0.999999940 0.999999940 0.999999940
v -0.57308 0.098814055 -0.09031697 0.999999940 0.999999940 0.999999940
v -0.52099085 0.100178316 -0.08846335 0.999999940 0.999999940 0.999999940
v -0.50230896 0.101664699 -0.10203937 0.999999940 0.999999940 0.999999940
v -0.48210186 0.101225741 -0.09591988 0.999999940 0.999999940 0.999999940
v -0.45491409 0.101056173 -0.0955767 0.999999940 0.999999940 0.999999940
v -0.4699522 0.101949602 -0.10433844 0.999999940 0.999999940 0.999999940
v -0.42823717 0.099222898 -0.07998507 0.999999940 0.999999940 0.999999940
v -0.43887457 0.101852133 -0.10738364 0.999999940 0.999999940 0.999999940
v -0.45214114 0.1031406 -0.1200628 0.999999940 0.999999940 0.999999940
v -0.48807961 0.103364139 -0.12078323 0.999999940 0.999999940 0.999999940
v -0.4646647 0.103896714 -0.12779914 0.999999940 0.999999940 0.999999940
v -0.52646208 0.101660594 -0.10653022 0.999999940 0.999999940 0.999999940
v -0.51177973 0.103263676 -0.12243784 0.999999940 0.999999940 0.999999940
v -0.54332632 0.100965067 -0.10315614 0.999999940 0.999999940 0.999999940
v -0.56528252 0.101229704 -0.11520971 0.999999940 0.999999940 0.999999940
v -0.58211225 0.099702402 -0.10498571 0.999999940 0.999999940 0.999999940
v -0.59766233 0.097333341 -0.08561566 0.999999940 0.999999940 0.999999940
v -0.60968858 0.095044434 -0.06697416 0.999999940 0.999999940 0.999999940
v -0.62275273 0.093279101 -0.05512506 0.999999940 0.999999940 0.999999940
v -0.65200984 0.090255007 -0.0374522 0.999999940 0.999999940 0.999999940
v -0.65231729 0.088367283 -0.01958732 0.999999940 0.999999940 0.999999940
v -0.6276685 0.088940940 -0.01722869 0.999999940 0.999999940 0.999999940
v -0.67905539 0.089549362 -0.04026539 0.999999940 0.999999940 0.999999940
v -0.67839938 0.087470777 -0.0182805 0.999999940 0.999999940 0.999999940
v -0.65971959 0.091982699 -0.05869814 0.999999940 0.999999940 0.999999940
v -0.64156711 0.093288973 -0.06403503 0.999999940 0.999999940 0.999999940
v -0.62189573 0.095822505 -0.08168 0.999999940 0.999999940 0.999999940
v -0.60205704 0.098512589 -0.10177585 0.999999940 0.999999940 0.999999940
v -0.58231252 0.101297788 -0.12537755 0.999999940 0.999999940 0.999999940
v -0.56539494 0.103520363 -0.14547673 0.999999940 0.999999940 0.999999940
v -0.55239469 0.102741114 -0.1285077 0.999999940 0.999999940 0.999999940
v -0.53300959 0.103318937 -0.12841472 0.999999940 0.999999940 0.999999940
v -0.50934559 0.104842238 -0.14196715 0.999999940 0.999999940 0.999999940
v -0.48123747 0.104762874 -0.1380931 0.999999940 0.999999940 0.999999940
v -0.44336253 0.104626216 -0.14047712 0.999999940 0.999999940 0.999999940
v -0.46369895 0.1055464 -0.14951074 0.999999940 0.999999940 0.999999940
v -0.42768785 0.103183835 -0.12617739 0.999999940 0.999999940 0.999999940
v -0.44258928 0.105773657 -0.15665306 0.999999940 0.999999940 0.999999940
v -0.42137405 0.105266027 -0.15623814 0.999999940 0.999999940 0.999999940
v -0.48445609 0.106172673 -0.1579072 0.999999940 0.999999940 0.999999940
v -0.46280879 0.106871880 -0.1693587 0.999999940 0.999999940 0.999999940
v -0.49936873 0.105785816 -0.15348873 0.999999940 0.999999940 0.999999940
v -0.5271849 0.104823201 -0.14649028 0.999999940 0.999999940 0.999999940
v -0.51801115 0.106455959 -0.16764367 0.999999940 0.999999940 0.999999940
v -0.5475226 0.104212388 -0.14596519 0.999999940 0.999999940 0.999999940
v -0.54833138 0.105226270 -0.16097535 0.999999940 0.999999940 0.999999940
v -0.5746268 0.104305028 -0.16305597 0.999999940 0.999999940 0.999999940
v -0.58700597 0.102385237 -0.14324421 0.999999940 0.999999940 0.999999940
v -0.60523027 0.099648676 -0.11847414 0.999999940 0.999999940 0.999999940
v -0.62835515 0.096988216 -0.09995704 0.999999940 0.999999940 0.999999940
v -0.65015459 0.094534963 -0.08371584 0.999999940 0.999999940 0.999999940
v -0.67589408 0.092711009 -0.07725874 0.999999940 0.999999940 0.999999940
v -0.65352672 0.095704160 -0.10190459 0.999999940 0.999999940 0.999999940
v -0.63323301 0.098334133 -0.12235363 0.999999940 0.999999940 0.999999940
v -0.61690903 0.100134469 -0.13445897 0.999999940 0.999999940 0.999999940
v -0.59140754 0.103857785 -0.1693459 0.999999940 0.999999940 0.999999940
v -0.60890317 0.101990364 -0.1552349 0.999999940 0.999999940 0.999999940
v -0.57964945 0.105536066 -0.18827152 0.999999940 0.999999940 0.999999940
v -0.55865163 0.106042541 -0.18073235 0.999999940 0.999999940 0.999999940
v -0.53723699 0.106547124 -0.1769481 0.999999940 0.999999940 0.999999940
v -0.49122944 0.107172422 -0.17412238 0.999999940 0.999999940 0.999999940
v -0.51035756 0.107664950 -0.18670158 0.999999940 0.999999940 0.999999940
v -0.47541225 0.108025006 -0.18955939 0.999999940 0.999999940 0.999999940
v -0.45612448 0.107568621 -0.18289101 0.999999940 0.999999940 0.999999940
v -0.43718433 0.106599204 -0.17110322 0.999999940 0.999999940 0.999999940
v -0.42231715 0.107072450 -0.1853884 0.999999940 0.999999940 0.999999940
v -0.44318965 0.107884116 -0.19240993 0.999999940 0.999999940 0.999999940
v -0.46816981 0.108614765 -0.20305693 0.999999940 0.999999940 0.999999940
v -0.49547613 0.108333729 -0.19731306 0.999999940 0.999999940 0.999999940
v -0.52735597 0.107452213 -0.18899471 0.999999940 0.999999940 0.999999940
v -0.51944137 0.108360432 -0.20549081 0.999999940 0.999999940 0.999999940
v -0.54044026 0.107613660 -0.19925009 0.999999940 0.999999940 0.999999940
v -0.5670169 0.106844618 -0.20315194 0.999999940 0.999999940 0.999999940
v -0.5881514 0.106344364 -0.21565987 0.999999940 0.999999940 0.999999940
v -0.60023278 0.104626640 -0.19227003 0.999999940 0.999999940 0.999999940
v -0.61434561 0.102890051 -0.17591962 0.999999940 0.999999940 0.999999940
v -0.63546169 0.100287042 -0.15490697 0.999999940 0.999999940 0.999999940
v -0.65612507 0.096949517 -0.12322688 0.999999940 0.999999940 0.999999940
v -0.6759063 0.094234518 -0.09936862 0.999999940 0.999999940 0.999999940
v -0.65772784 0.098281659 -0.14723079 0.999999940 0.999999940 0.999999940
v -0.67072845 0.096014216 -0.12351923 0.999999940 0.999999940 0.999999940
v -0.6424098 0.101021766 -0.17678641 0.999999940 0.999999940 0.999999940
v -0.66087282 0.099106326 -0.16617139 0.999999940 0.999999940 0.999999940
v -0.62079805 0.10317114 -0.18921094 0.999999940 0.999999940 0.999999940
v -0.61571574 0.104694850 -0.21535903 0.999999940 0.999999940 0.999999940
v -0.58129823 0.107345342 -0.23495334 0.999999940 0.999999940 0.999999940
v -0.56303668 0.107560351 -0.21687983 0.999999940 0.999999940 0.999999940
v -0.59880519 0.106143042 -0.22685432 0.999999940 0.999999940 0.999999940
v -0.54330713 0.108350016 -0.22042972 0.999999940 0.999999940 0.999999940
v -0.52949876 0.108783900 -0.22283186 0.999999940 0.999999940 0.999999940
v -0.50046879 0.108932927 -0.21334149 0.999999940 0.999999940 0.999999940
v -0.46776268 0.109111182 -0.21664044 0.999999940 0.999999940 0.999999940
v -0.43714124 0.108461186 -0.20764408 0.999999940 0.999999940 0.999999940
v -0.45335346 0.109325580 -0.22752964 0.999999940 0.999999940 0.999999940
v -0.42701033 0.108999982 -0.23033783 0.999999940 0.999999940 0.999999940
v -0.41239604 0.108106985 -0.21438982 0.999999940 0.999999940 0.999999940
v -0.49496898 0.109517373 -0.23207073 0.999999940 0.999999940 0.999999940
v -0.46883607 0.109696790 -0.23949474 0.999999940 0.999999940 0.999999940
v -0.51854944 0.109222799 -0.23098835 0.999999940 0.999999940 0.999999940
v -0.53988904 0.108943194 -0.23729955 0.999999940 0.999999940 0.999999940
v -0.55837971 0.108207412 -0.23128559 0.999999940 0.999999940 0.999999940
v -0.56326807 0.108439147 -0.24690385 0.999999940 0.999999940 0.999999940
v -0.57886314 0.108053639 -0.26104704 0.999999940 0.999999940 0.999999940
v -0.59547073 0.106844931 -0.24416438 0.999999940 0.999999940 0.999999940
v -0.61739367 0.105365797 -0.23932466 0.999999940 0.999999940 0.999999940
v -0.63360351 0.103457346 -0.21611927 0.999999940 0.999999940 0.999999940
v -0.63919502 0.102145835 -0.19481781 0.999999940 0.999999940 0.999999940
v -0.66683143 0.099461190 -0.18265712 0.999999940 0.999999940 0.999999940
v -0.68342006 0.096791707 -0.15401393 0.999999940 0.999999940 0.999999940
v -0.6839897 0.097594864 -0.17142709 0.999999940 0.999999940 0.999999940
v -0.65898561 0.100899130 -0.20107505 0.999999940 0.999999940 0.999999940
v -0.6909073 0.097561828 -0.18306938 0.999999940 0.999999940 0.999999940
v -0.6370554 0.103990934 -0.24140558 0.999999940 0.999999940 0.999999940
v -0.65987945 0.101608932 -0.22194333 0.999999940 0.999999940 0.999999940
v -0.60216165 0.106750123 -0.25771514 0.999999940 0.999999940 0.999999940
v -0.62909079 0.104961089 -0.25758931 0.999999940 0.999999940 0.999999940
v -0.55749232 0.109033756 -0.27191013 0.999999940 0.999999940 0.999999940
v -0.59240776 0.107616163 -0.28008431 0.999999940 0.999999940 0.999999940
v -0.57458055 0.108478538 -0.28202176 0.999999940 0.999999940 0.999999940
v -0.53989846 0.109247542 -0.25197473 0.999999940 0.999999940 0.999999940
v -0.51969874 0.109555766 -0.24735777 0.999999940 0.999999940 0.999999940
v -0.48812374 0.109821192 -0.24793519 0.999999940 0.999999940 0.999999940
v -0.5064947 0.109893776 -0.26141584 0.999999940 0.999999940 0.999999940
v -0.52530003 0.109755203 -0.26873365 0.999999940 0.999999940 0.999999940
v -0.5417316 0.109491482 -0.27399379 0.999999940 0.999999940 0.999999940
v -0.55925965 0.109100081 -0.29874548 0.999999940 0.999999940 0.999999940
v -0.57428581 0.108479112 -0.31081787 0.999999940 0.999999940 0.999999940
v -0.58705807 0.107897833 -0.30935153 0.999999940 0.999999940 0.999999940
v -0.60328364 0.107008144 -0.30674091 0.999999940 0.999999940 0.999999940
v -0.61207199 0.106481052 -0.29034677 0.999999940 0.999999940 0.999999940
v -0.61732686 0.105978474 -0.27070853 0.999999940 0.999999940 0.999999940
v -0.64230275 0.104222290 -0.27797717 0.999999940 0.999999940 0.999999940
v -0.66205084 0.102467455 -0.26760945 0.999999940 0.999999940 0.999999940
v -0.65835512 0.102444462 -0.2478049 0.999999940 0.999999940 0.999999940
v -0.67685455 0.100305661 -0.22639865 0.999999940 0.999999940 0.999999940
v -0.6903131 0.098415441 -0.20373748 0.999999940 0.999999940 0.999999940
v -0.70602542 0.095558553 -0.16344316 0.999999940 0.999999940 0.999999940
v -0.71185821 0.095962412 -0.18504822 0.999999940 0.999999940 0.999999940
v -0.70649868 0.094561651 -0.14172241 0.999999940 0.999999940 0.999999940
v -0.72645086 0.093796588 -0.156699 0.999999940 0.999999940 0.999999940
v -0.72467983 0.094794914 -0.18018177 0.999999940 0.999999940 0.999999940
v -0.71260774 0.096532292 -0.20322572 0.999999940 0.999999940 0.999999940
v -0.70252448 0.097785912 -0.21621449 0.999999940 0.999999940 0.999999940
v -0.69146156 0.099345929 -0.23826031 0.999999940 0.999999940 0.999999940
v -0.66918361 0.101621240 -0.25341991 0.999999940 0.999999940 0.999999940
v -0.67144626 0.101821899 -0.29510608 0.999999940 0.999999940 0.999999940
v -0.68481189 0.100561328 -0.28061941 0.999999940 0.999999940 0.999999940
v -0.69146693 0.099730677 -0.25895607 0.999999940 0.999999940 0.999999940
v -0.63073158 0.105170272 -0.28845814 0.999999940 0.999999940 0.999999940
v -0.65354609 0.103348098 -0.29473537 0.999999940 0.999999940 0.999999940
v -0.62451047 0.105589635 -0.3065269 0.999999940 0.999999940 0.999999940
v -0.58993661 0.107576593 -0.32687095 0.999999940 0.999999940 0.999999940
v -0.61877567 0.105814062 -0.32520798 0.999999940 0.999999940 0.999999940
v -0.59940147 0.106518968 -0.35087439 0.999999940 0.999999940 0.999999940
v -0.61246431 0.106083519 -0.33414149 0.999999940 0.999999940 0.999999940
v -0.57925582 0.107822671 -0.34211972 0.999999940 0.999999940 0.999999940
v -0.56468797 0.108643949 -0.33046529 0.999999940 0.999999940 0.999999940
v -0.62949824 0.104717537 -0.34200081 0.999999940 0.999999940 0.999999940
v -0.64306766 0.103987477 -0.32547897 0.999999940 0.999999940 0.999999940
v -0.63700986 0.104632683 -0.31170732 0.999999940 0.999999940 0.999999940
v -0.66041261 0.102691315 -0.312904 0.999999940 0.999999940 0.999999940
v -0.68315285 0.100593864 -0.32014078 0.999999940 0.999999940 0.999999940
v -0.69578511 0.099585883 -0.30006483 0.999999940 0.999999940 0.999999940
v -0.70452547 0.098647750 -0.26708007 0.999999940 0.999999940 0.999999940
v -0.71515334 0.097806409 -0.28711292 0.999999940 0.999999940 0.999999940
v -0.71594095 0.097217775 -0.23986562 0.999999940 0.999999940 0.999999940
v -0.73200119 0.095209702 -0.21326232 0.999999940 0.999999940 0.999999940
v -0.73113263 0.094886913 -0.19887184 0.999999940 0.999999940 0.999999940
v -0.73945862 0.093427166 -0.17188248 0.999999940 0.999999940 0.999999940
v -0.74984676 0.093345955 -0.19477324 0.999999940 0.999999940 0.999999940
v -0.73351657 0.095672771 -0.23923978 0.999999940 0.999999940 0.999999940
v -0.74972826 0.094002701 -0.2225585 0.999999940 0.999999940 0.999999940
v -0.72550571 0.096748128 -0.26685581 0.999999940 0.999999940 0.999999940
v -0.71052337 0.098187975 -0.30752367 0.999999940 0.999999940 0.999999940
v -0.73440254 0.096065282 -0.30183688 0.999999940 0.999999940 0.999999940
v -0.73562688 0.095899395 -0.2720902 0.999999940 0.999999940 0.999999940
v -0.67904884 0.100854896 -0.32818508 0.999999940 0.999999940 0.999999940
v -0.71573412 0.097614832 -0.31958807 0.999999940 0.999999940 0.999999940
v -0.65939879 0.102487139 -0.33377865 0.999999940 0.999999940 0.999999940
v -0.65877408 0.102205470 -0.34939414 0.999999940 0.999999940 0.999999940
v -0.61478871 0.105346776 -0.35762686 0.999999940 0.999999940 0.999999940
v -0.63613206 0.103718154 -0.36022058 0.999999940 0.999999940 0.999999940
v -0.60234392 0.105622448 -0.37255067 0.999999940 0.999999940 0.999999940
v -0.61909842 0.104138821 -0.3821044 0.999999940 0.999999940 0.999999940
v -0.64470387 0.102413617 -0.37748095 0.999999940 0.999999940 0.999999940
v -0.66475862 0.101072318 -0.36948296 0.999999940 0.999999940 0.999999940
v -0.69597739 0.098438344 -0.36691594 0.999999940 0.999999940 0.999999940
v -0.69390559 0.099163882 -0.34657168 0.999999940 0.999999940 0.999999940
v -0.70826346 0.097996607 -0.34027827 0.999999940 0.999999940 0.999999940
v -0.72894585 0.096268534 -0.33296347 0.999999940 0.999999940 0.999999940
v -0.74963748 0.0945023 -0.32960662 0.999999940 0.999999940 0.999999940
v -0.74959671 0.094727709 -0.28743398 0.999999940 0.999999940 0.999999940
v -0.74963152 0.094536334 -0.25634122 0.999999940 0.999999940 0.999999940
v -0.74968278 0.086658515 -0.23522629 0.999999940 0.999999940 0.999999940
v -0.74979848 0.084609240 -0.20505089 0.999999940 0.999999940 0.999999940
v -0.74996889 0.083732351 -0.17094217 0.999999940 0.999999940 0.999999940
v -0.74995303 0.092757344 -0.173905 0.999999940 0.999999940 0.999999940
v -0.74982923 0.076033376 -0.19997475 0.999999940 0.999999940 0.999999940
v -0.749762 0.076407700 -0.2156055 0.999999940 0.999999940 0.999999940
v -0.74961799 0.083659410 -0.2610746 0.999999940 0.999999940 0.999999940
v -0.74968374 0.076838702 -0.23815 0.999999940 0.999999940 0.999999940
v -0.74959153 0.086881980 -0.30022815 0.999999940 0.999999940 0.999999940
v -0.7297473 0.095825173 -0.35369793 0.999999940 0.999999940 0.999999940
v -0.74974108 0.093929074 -0.36391562 0.999999940 0.999999940 0.999999940
v -0.74964631 0.085053131 -0.33576441 0.999999940 0.999999940 0.999999940
v -0.68545938 0.098744824 -0.38478002 0.999999940 0.999999940 0.999999940
v -0.70841169 0.097003892 -0.37837067 0.999999940 0.999999940 0.999999940
v -0.66807526 0.100183539 -0.38556707 0.999999940 0.999999940 0.999999940
v -0.63208562 0.102585136 -0.39567101 0.999999940 0.999999940 0.999999940
v -0.65024692 0.101044416 -0.39890918 0.999999940 0.999999940 0.999999940
v -0.6052376 0.104395970 -0.39605168 0.999999940 0.999999940 0.999999940
v -0.61090952 0.103010810 -0.41495287 0.999999940 0.999999940 0.999999940
v -0.63859165 0.100714616 -0.42136365 0.999999940 0.999999940 0.999999940
v -0.6527164 0.099690988 -0.42093191 0.999999940 0.999999940 0.999999940
v -0.67109799 0.098593778 -0.41493443 0.999999940 0.999999940 0.999999940
v -0.68270874 0.098194070 -0.40346617 0.999999940 0.999999940 0.999999940
v -0.71117419 0.095994345 -0.40003398 0.999999940 0.999999940 0.999999940
v -0.72227335 0.095787897 -0.37988889 0.999999940 0.999999940 0.999999940
v -0.74971771 0.083131618 -0.35881087 0.999999940 0.999999940 0.999999940
v -0.73659551 0.094431512 -0.38571402 0.999999940 0.999999940 0.999999940
v -0.74996221 0.092708811 -0.41009688 0.999999940 0.999999940 0.999999940
v -0.74986207 0.084845461 -0.39140674 0.999999940 0.999999940 0.999999940
v -0.74968112 0.076852269 -0.33987826 0.999999940 0.999999940 0.999999940
v -0.74960202 0.077289998 -0.2917355 0.999999940 0.999999940 0.999999940
v -0.74962491 0.077164374 -0.26497325 0.999999940 0.999999940 0.999999940
v -0.74051601 0.077556937 -0.23569839 0.999999940 0.999999940 0.999999940
v -0.73931986 0.078037142 -0.26267484 0.999999940 0.999999940 0.999999940
v -0.73292387 0.078706249 -0.27998203 0.999999940 0.999999940 0.999999940
v -0.72859937 0.079117827 -0.29649043 0.999999940 0.999999940 0.999999940
v -0.73423547 0.078417629 -0.32794514 0.999999940 0.999999940 0.999999940
v -0.74995589 0.075333565 -0.40752086 0.999999940 0.999999940 0.999999940
v -0.73683846 0.077108256 -0.38107073 0.999999940 0.999999940 0.999999940
v -0.7296859 0.078262612 -0.35840911 0.999999940 0.999999940 0.999999940
v -0.74997479 0.082750409 -0.41242421 0.999999940 0.999999940 0.999999940
v -0.73936075 0.092687115 -0.43229753 0.999999940 0.999999940 0.999999940
v -0.75010949 0.091892346 -0.435711 0.999999940 0.999999940 0.999999940
v -0.75012267 0.082537747 -0.4376547 0.999999940 0.999999940 0.999999940
v -0.73293918 0.094241119 -0.4010843 0.999999940 0.999999940 0.999999940
v -0.70105356 0.096312634 -0.412626 0.999999940 0.999999940 0.999999940
v -0.72328097 0.094506152 -0.41431001 0.999999940 0.999999940 0.999999940
v -0.66042906 0.098007649 -0.4401671 0.999999940 0.999999940 0.999999940
v -0.68317688 0.096594788 -0.43553165 0.999999940 0.999999940 0.999999940
v -0.63888586 0.099126242 -0.4465875 0.999999940 0.999999940 0.999999940
v -0.66132486 0.096924863 -0.45681855 0.999999940 0.999999940 0.999999940
v -0.68245846 0.095251262 -0.460628 0.999999940 0.999999940 0.999999940
v -0.69134569 0.095316894 -0.44828743 0.999999940 0.999999940 0.999999940
v -0.71177173 0.094685792 -0.43064842 0.999999940 0.999999940 0.999999940
v -0.73111302 0.092787742 -0.44396558 0.999999940 0.999999940 0.999999940
v -0.74200928 0.091110244 -0.47116691 0.999999940 0.999999940 0.999999940
v -0.75022399 0.091260805 -0.45448476 0.999999940 0.999999940 0.999999940
v -0.7503714 0.082599259 -0.47864106 0.999999940 0.999999940 0.999999940
v -0.75011551 0.074449196 -0.43570051 0.999999940 0.999999940 0.999999940
v -0.75024509 0.073736101 -0.45703578 0.999999940 0.999999940 0.999999940
v -0.73497128 0.075997397 -0.41994941 0.999999940 0.999999940 0.999999940
v -0.74266416 0.074895426 -0.43626961 0.999999940 0.999999940 0.999999940
v -0.7264564 0.076943330 -0.41093311 0.999999940 0.999999940 0.999999940
v -0.71615362 0.078821875 -0.38011223 0.999999940 0.999999940 0.999999940
v -0.71827602 0.078037954 -0.39820111 0.999999940 0.999999940 0.999999940
v -0.70367593 0.080445788 -0.36193377 0.999999940 0.999999940 0.999999940
v -0.71977985 0.079451806 -0.34259528 0.999999940 0.999999940 0.999999940
v -0.68411481 0.081519477 -0.3814227 0.999999940 0.999999940 0.999999940
v -0.69368154 0.079997800 -0.39948919 0.999999940 0.999999940 0.999999940
v -0.69012713 0.079661659 -0.41389728 0.999999940 0.999999940 0.999999940
v -0.70695454 0.077468171 -0.43336833 0.999999940 0.999999940 0.999999940
v -0.72342974 0.075978256 -0.44081005 0.999999940 0.999999940 0.999999940
v -0.73548001 0.074639774 -0.45479807 0.999999940 0.999999940 0.999999940
v -0.73956859 0.073436901 -0.48113486 0.999999940 0.999999940 0.999999940
v -0.75046098 0.072543703 -0.49374199 0.999999940 0.999999940 0.999999940
v -0.75035775 0.090521693 -0.47667399 0.999999940 0.999999940 0.999999940
v -0.75049597 0.076699398 -0.500579 0.999999940 0.999999940 0.999999940
v -0.750494 0.085414402 -0.50058299 0.999999940 0.999999940 0.999999940
v -0.75045699 0.089974999 -0.49374899 0.999999940 0.999999940 0.999999940
v -0.750494 0.089767903 -0.50058299 0.999999940 0.999999940 0.999999940
v -0.74354303 0.090036302 -0.50066501 0.999999940 0.999999940 0.999999940
v -0.73370719 0.081112809 -0.50078231 0.999999940 0.999999940 0.999999940
v -0.750498 0.072337999 -0.50057697 0.999999940 0.999999940 0.999999940
v -0.74354702 0.072604596 -0.50065798 0.999999940 0.999999940 0.999999940
v -0.71812505 0.075131900 -0.46809825 0.999999940 0.999999940 0.999999940
v -0.72178644 0.073910951 -0.4915446 0.999999940 0.999999940 0.999999940
v -0.70262778 0.076668150 -0.45650968 0.999999940 0.999999940 0.999999940
v -0.68345171 0.079350188 -0.43064705 0.999999940 0.999999940 0.999999940
v -0.68452597 0.078326687 -0.44855648 0.999999940 0.999999940 0.999999940
v -0.66912585 0.082429751 -0.39023653 0.999999940 0.999999940 0.999999940
v -0.65105963 0.083126924 -0.40629312 0.999999940 0.999999940 0.999999940
v -0.64917409 0.082604073 -0.41883099 0.999999940 0.999999940 0.999999940
v -0.68030393 0.082600325 -0.35864583 0.999999940 0.999999940 0.999999940
v -0.65898561 0.084079317 -0.36931375 0.999999940 0.999999940 0.999999940
v -0.65074271 0.084055416 -0.38731527 0.999999940 0.999999940 0.999999940
v -0.63174278 0.085515998 -0.38736176 0.999999940 0.999999940 0.999999940
v -0.62156957 0.085319884 -0.40581059 0.999999940 0.999999940 0.999999940
v -0.61882877 0.084869399 -0.41697967 0.999999940 0.999999940 0.999999940
v -0.64025104 0.082707032 -0.42830798 0.999999940 0.999999940 0.999999940
v -0.66457808 0.080104768 -0.44243103 0.999999940 0.999999940 0.999999940
v -0.66149229 0.079438924 -0.45696142 0.999999940 0.999999940 0.999999940
v -0.6766333 0.077658698 -0.46979424 0.999999940 0.999999940 0.999999940
v -0.69960767 0.075581006 -0.48163676 0.999999940 0.999999940 0.999999940
v -0.69830751 0.074671104 -0.50128502 0.999999940 0.999999940 0.999999940
v -0.71919847 0.073654547 -0.50097597 0.999999940 0.999999940 0.999999940
v -0.71175808 0.084489397 -0.5010882 0.999999940 0.999999940 0.999999940
v -0.73137128 0.090547695 -0.50081974 0.999999940 0.999999940 0.999999940
v -0.72442102 0.091561257 -0.4834083 0.999999940 0.999999940 0.999999940
v -0.71049029 0.091508999 -0.50111175 0.999999940 0.999999940 0.999999940
v -0.68610895 0.092740446 -0.50148547 0.999999940 0.999999940 0.999999940
v -0.67546052 0.084620438 -0.50165236 0.999999940 0.999999940 0.999999940
v -0.66782272 0.076255209 -0.5017662 0.999999940 0.999999940 0.999999940
v -0.68512183 0.076169706 -0.48648793 0.999999940 0.999999940 0.999999940
v -0.66435206 0.077813446 -0.47982135 0.999999940 0.999999940 0.999999940
v -0.64059061 0.081436052 -0.44825488 0.999999940 0.999999940 0.999999940
v -0.64027607 0.080402702 -0.46384871 0.999999940 0.999999940 0.999999940
v -0.62159961 0.083279483 -0.43942589 0.999999940 0.999999940 0.999999940
v -0.60144055 0.085886761 -0.4185493 0.999999940 0.999999940 0.999999940
v -0.6150102 0.086718387 -0.38677919 0.999999940 0.999999940 0.999999940
v -0.60377401 0.086870767 -0.39853507 0.999999940 0.999999940 0.999999940
v -0.6415801 0.085791148 -0.36097088 0.999999940 0.999999940 0.999999940
v -0.62213844 0.087199367 -0.36236656 0.999999940 0.999999940 0.999999940
v -0.63672614 0.086776413 -0.33839747 0.999999940 0.999999940 0.999999940
v -0.66115171 0.084540396 -0.34840402 0.999999940 0.999999940 0.999999940
v -0.61174631 0.088470883 -0.34267506 0.999999940 0.999999940 0.999999940
v -0.60813689 0.088159345 -0.36206761 0.999999940 0.999999940 0.999999940
v -0.59512454 0.088169254 -0.38239089 0.999999940 0.999999940 0.999999940
v -0.58348566 0.087654128 -0.40571004 0.999999940 0.999999940 0.999999940
v -0.57866502 0.086730442 -0.42502841 0.999999940 0.999999940 0.999999940
v -0.59965533 0.084646865 -0.43907562 0.999999940 0.999999940 0.999999940
v -0.60721809 0.082781225 -0.45887455 0.999999940 0.999999940 0.999999940
v -0.6253171 0.080673061 -0.47297135 0.999999940 0.999999940 0.999999940
v -0.64140964 0.078729935 -0.48682371 0.999999940 0.999999940 0.999999940
v -0.63036835 0.078210458 -0.50235993 0.999999940 0.999999940 0.999999940
v -0.64193726 0.085576966 -0.50219434 0.999999940 0.999999940 0.999999940
v -0.64821452 0.094742640 -0.50209349 0.999999940 0.999999940 0.999999940
v -0.60947537 0.089654713 -0.50269121 0.999999940 0.999999940 0.999999940
v -0.6147787 0.080312609 -0.48565167 0.999999940 0.999999940 0.999999940
v -0.59903324 0.079725146 -0.50281978 0.999999940 0.999999940 0.999999940
v -0.58741534 0.083633154 -0.46177685 0.999999940 0.999999940 0.999999940
v -0.60083932 0.081047810 -0.48555323 0.999999940 0.999999940 0.999999940
v -0.5782882 0.085318163 -0.44550562 0.999999940 0.999999940 0.999999940
v -0.56375283 0.088246904 -0.41181672 0.999999940 0.999999940 0.999999940
v -0.55956864 0.087039113 -0.4332695 0.999999940 0.999999940 0.999999940
v -0.55733311 0.089224912 -0.39895546 0.999999940 0.999999940 0.999999940
v -0.57859701 0.089028805 -0.38310298 0.999999940 0.999999940 0.999999940
v -0.59017032 0.089418076 -0.35633561 0.999999940 0.999999940 0.999999940
v -0.62417656 0.087978415 -0.32330045 0.999999940 0.999999940 0.999999940
v -0.59302109 0.089877255 -0.32912385 0.999999940 0.999999940 0.999999940
v -0.60833806 0.089054055 -0.32314324 0.999999940 0.999999940 0.999999940
v -0.57809228 0.090493485 -0.33661935 0.999999940 0.999999940 0.999999940
v -0.56640732 0.090707175 -0.35061666 0.999999940 0.999999940 0.999999940
v -0.57571584 0.089870646 -0.36475292 0.999999940 0.999999940 0.999999940
v -0.55849159 0.090166471 -0.37741736 0.999999940 0.999999940 0.999999940
v -0.53363037 0.089396245 -0.41042486 0.999999940 0.999999940 0.999999940
v -0.526842 0.090403206 -0.39431769 0.999999940 0.999999940 0.999999940
v -0.5483886 0.090296484 -0.38265088 0.999999940 0.999999940 0.999999940
v -0.54584873 0.088092699 -0.42512965 0.999999940 0.999999940 0.999999940
v -0.56559545 0.084900043 -0.45836198 0.999999940 0.999999940 0.999999940
v -0.53827828 0.086973555 -0.44452414 0.999999940 0.999999940 0.999999940
v -0.55142748 0.085402064 -0.45894083 0.999999940 0.999999940 0.999999940
v -0.57746696 0.082115910 -0.48584992 0.999999940 0.999999940 0.999999940
v -0.57990503 0.080535799 -0.503066 0.999999940 0.999999940 0.999999940
v -0.57958776 0.089115358 -0.50309044 0.999999940 0.999999940 0.999999940
v -0.55790305 0.082983560 -0.48481116 0.999999940 0.999999940 0.999999940
v -0.56427073 0.081110499 -0.50324023 0.999999940 0.999999940 0.999999940
v -0.53194547 0.084963262 -0.4713082 0.999999940 0.999999940 0.999999940
v -0.52210188 0.087190575 -0.44702825 0.999999940 0.999999940 0.999999940
v -0.52702814 0.088368393 -0.42916286 0.999999940 0.999999940 0.999999940
v -0.50263602 0.090252593 -0.40556231 0.999999940 0.999999940 0.999999940
v -0.51269126 0.089223265 -0.4206951 0.999999940 0.999999940 0.999999940
v -0.53545988 0.090981870 -0.37517259 0.999999940 0.999999940 0.999999940
v -0.5069142 0.091160796 -0.38510719 0.999999940 0.999999940 0.999999940
v -0.55037606 0.091291479 -0.3503432 0.999999940 0.999999940 0.999999940
v -0.56291932 0.091334290 -0.32438082 0.999999940 0.999999940 0.999999940
v -0.57869774 0.090758785 -0.31698817 0.999999940 0.999999940 0.999999940
v -0.59104288 0.090232424 -0.30514213 0.999999940 0.999999940 0.999999940
v -0.61451036 0.088809177 -0.30505836 0.999999940 0.999999940 0.999999940
v -0.5803951 0.090744145 -0.28250557 0.999999940 0.999999940 0.999999940
v -0.5688079 0.091267913 -0.29881957 0.999999940 0.999999940 0.999999940
v -0.60028762 0.089724309 -0.29173157 0.999999940 0.999999940 0.999999940
v -0.55265051 0.091793514 -0.31060761 0.999999940 0.999999940 0.999999940
v -0.54347211 0.091839574 -0.33072475 0.999999940 0.999999940 0.999999940
v -0.53542238 0.091687679 -0.3510226 0.999999940 0.999999940 0.999999940
v -0.52239996 0.091568738 -0.36601219 0.999999940 0.999999940 0.999999940
v -0.49502823 0.091919645 -0.36549261 0.999999940 0.999999940 0.999999940
v -0.48357874 0.091322168 -0.38556498 0.999999940 0.999999940 0.999999940
v -0.47145125 0.090675771 -0.4001016 0.999999940 0.999999940 0.999999940
v -0.49257022 0.089661672 -0.41749516 0.999999940 0.999999940 0.999999940
v -0.50756383 0.088257879 -0.43635586 0.999999940 0.999999940 0.999999940
v -0.51315951 0.086355418 -0.45951083 0.999999940 0.999999940 0.999999940
v -0.51400059 0.084187217 -0.48418587 0.999999940 0.999999940 0.999999940
v -0.53766757 0.083111539 -0.49043271 0.999999940 0.999999940 0.999999940
v -0.50028569 0.085578978 -0.47068408 0.999999940 0.999999940 0.999999940
v -0.4982489 0.087156429 -0.45218503 0.999999940 0.999999940 0.999999940
v -0.48511869 0.088602356 -0.43431076 0.999999940 0.999999940 0.999999940
v -0.46746752 0.089787565 -0.41576213 0.999999940 0.999999940 0.999999940
v -0.46052817 0.091482952 -0.37886408 0.999999940 0.999999940 0.999999940
v -0.43987298 0.090937949 -0.38643399 0.999999940 0.999999940 0.999999940
v -0.44295728 0.090343885 -0.40063661 0.999999940 0.999999940 0.999999940
v -0.46633887 0.092078268 -0.36053988 0.999999940 0.999999940 0.999999940
v -0.51036233 0.092175014 -0.34838662 0.999999940 0.999999940 0.999999940
v -0.4823463 0.092375688 -0.34658426 0.999999940 0.999999940 0.999999940
v -0.52571064 0.092218719 -0.33052528 0.999999940 0.999999940 0.999999940
v -0.53926182 0.092140235 -0.30985266 0.999999940 0.999999940 0.999999940
v -0.55043221 0.091864295 -0.28431332 0.999999940 0.999999940 0.999999940
v -0.56206542 0.091493196 -0.28380319 0.999999940 0.999999940 0.999999940
v -0.56437516 0.091208942 -0.26369694 0.999999940 0.999999940 0.999999940
v -0.54709083 0.091813832 -0.26696151 0.999999940 0.999999940 0.999999940
v -0.5344798 0.092243783 -0.28465733 0.999999940 0.999999940 0.999999940
v -0.52145243 0.092439845 -0.30938041 0.999999940 0.999999940 0.999999940
v -0.50496888 0.092491649 -0.32761753 0.999999940 0.999999940 0.999999940
v -0.48671493 0.092584267 -0.32512796 0.999999940 0.999999940 0.999999940
v -0.46261284 0.092452444 -0.33767501 0.999999940 0.999999940 0.999999940
v -0.43913898 0.092108205 -0.34666857 0.999999940 0.999999940 0.999999940
v -0.44626456 0.091661073 -0.3690204 0.999999940 0.999999940 0.999999940
v -0.42538938 0.091282017 -0.36898753 0.999999940 0.999999940 0.999999940
v -0.40987089 0.090382441 -0.3817994 0.999999940 0.999999940 0.999999940
v -0.41377789 0.089837767 -0.39631307 0.999999940 0.999999940 0.999999940
v -0.44410828 0.088966228 -0.42478564 0.999999940 0.999999940 0.999999940
v -0.42626202 0.08892674 -0.41900569 0.999999940 0.999999940 0.999999940
v -0.4670268 0.088479600 -0.43557513 0.999999940 0.999999940 0.999999940
v -0.45024613 0.088117763 -0.43809578 0.999999940 0.999999940 0.999999940
v -0.41946998 0.087226018 -0.44072002 0.999999940 0.999999940 0.999999940
v -0.43297338 0.086591087 -0.45363411 0.999999940 0.999999940 0.999999940
v -0.410815 0.088438227 -0.41919282 0.999999940 0.999999940 0.999999940
v -0.38916737 0.088746741 -0.39858484 0.999999940 0.999999940 0.999999940
v -0.39695701 0.088442608 -0.4102965 0.999999940 0.999999940 0.999999940
v -0.39557517 0.090044751 -0.37723821 0.999999940 0.999999940 0.999999940
v -0.42493668 0.091673582 -0.35494018 0.999999940 0.999999940 0.999999940
v -0.40314907 0.090990364 -0.35715905 0.999999940 0.999999940 0.999999940
v -0.43206218 0.092245683 -0.33025131 0.999999940 0.999999940 0.999999940
v -0.41080636 0.091670058 -0.33830947 0.999999940 0.999999940 0.999999940
v -0.45909664 0.092565856 -0.32321382 0.999999940 0.999999940 0.999999940
v -0.4829396 0.092650145 -0.3111136 0.999999940 0.999999940 0.999999940
v -0.5061515 0.092585600 -0.30474195 0.999999940 0.999999940 0.999999940
v -0.51336461 0.092537164 -0.28904268 0.999999940 0.999999940 0.999999940
v -0.5275383 0.092276640 -0.27051494 0.999999940 0.999999940 0.999999940
v -0.50955623 0.092456184 -0.26565433 0.999999940 0.999999940 0.999999940
v -0.48928246 0.092615105 -0.27316219 0.999999940 0.999999940 0.999999940
v -0.49001887 0.092650063 -0.291621 0.999999940 0.999999940 0.999999940
v -0.45950964 0.092634677 -0.30333081 0.999999940 0.999999940 0.999999940
v -0.43898562 0.092451393 -0.31614214 0.999999940 0.999999940 0.999999940
v -0.42474613 0.092290885 -0.30680239 0.999999940 0.999999940 0.999999940
v -0.41202509 0.091952063 -0.31682983 0.999999940 0.999999940 0.999999940
v -0.39240715 0.091258406 -0.3252838 0.999999940 0.999999940 0.999999940
v -0.38668865 0.090771786 -0.33977708 0.999999940 0.999999940 0.999999940
v -0.37884918 0.090142153 -0.35150254 0.999999940 0.999999940 0.999999940
v -0.35624266 0.088957972 -0.35831246 0.999999940 0.999999940 0.999999940
v -0.36909097 0.087922275 -0.39501709 0.999999940 0.999999940 0.999999940
v -0.36259964 0.088408105 -0.37808067 0.999999940 0.999999940 0.999999940
v -0.38541642 0.087201908 -0.42203474 0.999999940 0.999999940 0.999999940
v -0.35947627 0.086635835 -0.40958771 0.999999940 0.999999940 0.999999940
v -0.39933771 0.086158737 -0.44530371 0.999999940 0.999999940 0.999999940
v -0.3745251 0.085790567 -0.43444633 0.999999940 0.999999940 0.999999940
v -0.38349596 0.085294321 -0.44733423 0.999999940 0.999999940 0.999999940
v -0.35547435 0.087121300 -0.40143713 0.999999940 0.999999940 0.999999940
v -0.34785748 0.083932623 -0.44028816 0.999999940 0.999999940 0.999999940
v -0.35607457 0.083302229 -0.45593765 0.999999940 0.999999940 0.999999940
v -0.35594589 0.088954888 -0.37590361 0.999999940 0.999999940 0.999999940
v -0.355818 0.0881439 -0.388273 0.999999940 0.999999940 0.999999940
v -0.353138 0.090164601 -0.36668101 0.999999940 0.999999940 0.999999940
v -0.352615 0.091322802 -0.36123201 0.999999940 0.999999940 0.999999940
v -0.35130101 0.091279 -0.35401601 0.999999940 0.999999940 0.999999940
v -0.349062 0.091098196 -0.34594899 0.999999940 0.999999940 0.999999940
v -0.35434505 0.089100778 -0.34625036 0.999999940 0.999999940 0.999999940
v -0.36916751 0.090173035 -0.3255657 0.999999940 0.999999940 0.999999940
v -0.40017661 0.091706067 -0.29921317 0.999999940 0.999999940 0.999999940
v -0.3809773 0.090904094 -0.31307566 0.999999940 0.999999940 0.999999940
v -0.41170409 0.092033945 -0.29681757 0.999999940 0.999999940 0.999999940
v -0.38112715 0.090980805 -0.3009136 0.999999940 0.999999940 0.999999940
v -0.38922906 0.091216459 -0.27424511 0.999999940 0.999999940 0.999999940
v -0.40831894 0.091791868 -0.26799536 0.999999940 0.999999940 0.999999940
v -0.34963307 0.089594185 -0.29593748 0.999999940 0.999999940 0.999999940
v -0.34990612 0.089484788 -0.28075293 0.999999940 0.999999940 0.999999940
v -0.34678999 0.090983897 -0.340866 0.999999940 0.999999940 0.999999940
v -0.34909776 0.089202024 -0.33958602 0.999999940 0.999999940 0.999999940
v -0.34408858 0.089644298 -0.3162187 0.999999940 0.999999940 0.999999940
v -0.34935799 0.091952897 -0.34937999 0.999999940 0.999999940 0.999999940
v -0.34539407 0.096273921 -0.33754948 0.999999940 0.999999940 0.999999940
v -0.35090899 0.097480200 -0.359474 0.999999940 0.999999940 0.999999940
v -0.35120538 0.094429850 -0.37492067 0.999999940 0.999999940 0.999999940
v -0.352357 0.091361500 -0.371905 0.999999940 0.999999940 0.999999940
v -0.35163301 0.091245599 -0.382029 0.999999940 0.999999940 0.999999940
v -0.35184401 0.089499600 -0.38907501 0.999999940 0.999999940 0.999999940
v -0.351556 0.088945001 -0.39375901 0.999999940 0.999999940 0.999999940
v -0.34968597 0.091425165 -0.39298657 0.999999940 0.999999940 0.999999940
v -0.35008907 0.097316563 -0.38859537 0.999999940 0.999999940 0.999999940
v -0.35179806 0.100263364 -0.36988121 0.999999940 0.999999940 0.999999940
v -0.34601295 0.101695068 -0.33984721 0.999999940 0.999999940 0.999999940
v -0.34887499 0.102976001 -0.347552 0.999999940 0.999999940 0.999999940
v -0.35245201 0.102752998 -0.36104 0.999999940 0.999999940 0.999999940
v -0.3510454 0.102115161 -0.35624161 0.999999940 0.999999940 0.999999940
v -0.34241864 0.100724443 -0.32429576 0.999999940 0.999999940 0.999999940
v -0.34547201 0.102021999 -0.33469099 0.999999940 0.999999940 0.999999940
v -0.34469536 0.091938667 -0.3369053 0.999999940 0.999999940 0.999999940
v -0.346017 0.089902401 -0.338498 0.999999940 0.999999940 0.999999940
v -0.34181201 0.090800195 -0.31849599 0.999999940 0.999999940 0.999999940
v -0.34118301 0.091782897 -0.31064501 0.999999940 0.999999940 0.999999940
v -0.34439796 0.090604625 -0.29112184 0.999999940 0.999999940 0.999999940
v -0.341286 0.092810198 -0.302681 0.999999940 0.999999940 0.999999940
v -0.34481326 0.089973025 -0.27887234 0.999999940 0.999999940 0.999999940
v -0.34212899 0.092742897 -0.28528899 0.999999940 0.999999940 0.999999940
v -0.342235 0.091466397 -0.28227299 0.999999940 0.999999940 0.999999940
v -0.34050304 0.093526206 -0.31465709 0.999999940 0.999999940 0.999999940
v -0.34295899 0.096790202 -0.27747899 0.999999940 0.999999940 0.999999940
v -0.34066817 0.100047566 -0.29608536 0.999999940 0.999999940 0.999999940
v -0.34458601 0.102877996 -0.32842699 0.999999940 0.999999940 0.999999940
v -0.343036 0.101737 -0.32442999 0.999999940 0.999999940 0.999999940
v -0.34863803 0.105196431 -0.32943949 0.999999940 0.999999940 0.999999940
v -0.34696999 0.103243999 -0.340895 0.999999940 0.999999940 0.999999940
v -0.35139531 0.105662785 -0.34149182 0.999999940 0.999999940 0.999999940
v -0.35078701 0.104441002 -0.349886 0.999999940 0.999999940 0.999999940
v -0.35214999 0.104392997 -0.354996 0.999999940 0.999999940 0.999999940
v -0.35313401 0.103412002 -0.367731 0.999999940 0.999999940 0.999999940
v -0.355948 0.105374999 -0.36076599 0.999999940 0.999999940 0.999999940
v -0.36223027 0.106622718 -0.35560146 0.999999940 0.999999940 0.999999940
v -0.36174402 0.107396982 -0.31228197 0.999999940 0.999999940 0.999999940
v -0.35037884 0.106351539 -0.29748943 0.999999940 0.999999940 0.999999940
v -0.34469268 0.103983283 -0.30660903 0.999999940 0.999999940 0.999999940
v -0.34497401 0.103890001 -0.320243 0.999999940 0.999999940 0.999999940
v -0.341582 0.100643001 -0.307179 0.999999940 0.999999940 0.999999940
v -0.341943 0.102365002 -0.30041599 0.999999940 0.999999940 0.999999940
v -0.342127 0.102706000 -0.293713 0.999999940 0.999999940 0.999999940
v -0.34243101 0.102389000 -0.287689 0.999999940 0.999999940 0.999999940
v -0.34284499 0.100997000 -0.28218499 0.999999940 0.999999940 0.999999940
v -0.34501496 0.104783259 -0.29093117 0.999999940 0.999999940 0.999999940
v -0.37070093 0.107627816 -0.25819159 0.999999940 0.999999940 0.999999940
v -0.36215073 0.106963038 -0.2581 0.999999940 0.999999940 0.999999940
v -0.35378379 0.105813302 -0.26796719 0.999999940 0.999999940 0.999999940
v -0.37350503 0.108079150 -0.28435981 0.999999940 0.999999940 0.999999940
v -0.37616107 0.108115017 -0.31937394 0.999999940 0.999999940 0.999999940
v -0.37991825 0.106697812 -0.37962773 0.999999940 0.999999940 0.999999940
v -0.36219281 0.105442948 -0.3839806 0.999999940 0.999999940 0.999999940
v -0.38163674 0.107765883 -0.35159004 0.999999940 0.999999940 0.999999940
v -0.35635677 0.104536213 -0.38052893 0.999999940 0.999999940 0.999999940
v -0.352786 0.102959998 -0.375121 0.999999940 0.999999940 0.999999940
v -0.35320556 0.102785304 -0.40318874 0.999999940 0.999999940 0.999999940
v -0.36130986 0.103900775 -0.41190886 0.999999940 0.999999940 0.999999940
v -0.35187599 0.102425001 -0.394409 0.999999940 0.999999940 0.999999940
v -0.35221699 0.102424003 -0.38817301 0.999999940 0.999999940 0.999999940
v -0.35190299 0.101510003 -0.38219401 0.999999940 0.999999940 0.999999940
v -0.38142908 0.105476178 -0.40591845 0.999999940 0.999999940 0.999999940
v -0.39592862 0.107163615 -0.38570017 0.999999940 0.999999940 0.999999940
v -0.3984859 0.107978679 -0.36735916 0.999999940 0.999999940 0.999999940
v -0.39656204 0.108539931 -0.34517115 0.999999940 0.999999940 0.999999940
v -0.3858408 0.108475983 -0.32402968 0.999999940 0.999999940 0.999999940
v -0.38832539 0.108748622 -0.30056912 0.999999940 0.999999940 0.999999940
v -0.39172521 0.108814768 -0.27867344 0.999999940 0.999999940 0.999999940
v -0.3838551 0.108285196 -0.26115027 0.999999940 0.999999940 0.999999940
v -0.3893809 0.108127772 -0.24157482 0.999999940 0.999999940 0.999999940
v -0.37716636 0.107220619 -0.22965741 0.999999940 0.999999940 0.999999940
v -0.36234221 0.106301598 -0.22568557 0.999999940 0.999999940 0.999999940
v -0.35101023 0.105544351 -0.23630826 0.999999940 0.999999940 0.999999940
v -0.35371405 0.105575822 -0.25088918 0.999999940 0.999999940 0.999999940
v -0.37615678 0.106514729 -0.21170579 0.999999940 0.999999940 0.999999940
v -0.34978333 0.104736954 -0.20510553 0.999999940 0.999999940 0.999999940
v -0.39365324 0.107410267 -0.21392705 0.999999940 0.999999940 0.999999940
v -0.40930459 0.109055884 -0.25169021 0.999999940 0.999999940 0.999999940
v -0.40176922 0.108335547 -0.23191938 0.999999940 0.999999940 0.999999940
v -0.40130681 0.109035611 -0.26667988 0.999999940 0.999999940 0.999999940
v -0.40564311 0.109338328 -0.29136446 0.999999940 0.999999940 0.999999940
v -0.40213582 0.109145931 -0.31787255 0.999999940 0.999999940 0.999999940
v -0.41267055 0.108829289 -0.35522842 0.999999940 0.999999940 0.999999940
v -0.41598317 0.109321989 -0.33470103 0.999999940 0.999999940 0.999999940
v -0.41223472 0.108295843 -0.37185803 0.999999940 0.999999940 0.999999940
v -0.39320192 0.105861201 -0.40871295 0.999999940 0.999999940 0.999999940
v -0.40507418 0.106678329 -0.40286744 0.999999940 0.999999940 0.999999940
v -0.42312166 0.107747405 -0.39343789 0.999999940 0.999999940 0.999999940
v -0.43225673 0.108798891 -0.37233466 0.999999940 0.999999940 0.999999940
v -0.43156368 0.109293565 -0.35411668 0.999999940 0.999999940 0.999999940
v -0.4352552 0.109786532 -0.32772055 0.999999940 0.999999940 0.999999940
v -0.41827774 0.109594285 -0.31427416 0.999999940 0.999999940 0.999999940
v -0.42720771 0.109798677 -0.28729624 0.999999940 0.999999940 0.999999940
v -0.42228103 0.109594233 -0.26896089 0.999999940 0.999999940 0.999999940
v -0.43585655 0.109473817 -0.24337371 0.999999940 0.999999940 0.999999940
v -0.38144374 0.105975627 -0.19424644 0.999999940 0.999999940 0.999999940
v -0.40023339 0.106758467 -0.1935591 0.999999940 0.999999940 0.999999940
v -0.36157739 0.103830814 -0.17413138 0.999999940 0.999999940 0.999999940
v -0.3560546 0.102219127 -0.15490584 0.999999940 0.999999940 0.999999940
v -0.33011168 0.102479867 -0.19825375 0.999999940 0.999999940 0.999999940
v -0.39107549 0.105472259 -0.17664953 0.999999940 0.999999940 0.999999940
v -0.40943989 0.106239572 -0.17776884 0.999999940 0.999999940 0.999999940
v -0.37726682 0.103777468 -0.15998524 0.999999940 0.999999940 0.999999940
v -0.40845734 0.104726769 -0.15449408 0.999999940 0.999999940 0.999999940
v -0.39167628 0.10396754 -0.15302168 0.999999940 0.999999940 0.999999940
v -0.36441112 0.101221829 -0.13300507 0.999999940 0.999999940 0.999999940
v -0.32803631 0.101870305 -0.19338407 0.999999940 0.999999940 0.999999940
v -0.34671178 0.100770942 -0.15713041 0.999999940 0.999999940 0.999999940
v -0.34823447 0.100384913 -0.14423487 0.999999940 0.999999940 0.999999940
v -0.35002068 0.097871176 -0.10481407 0.999999940 0.999999940 0.999999940
v -0.36259702 0.099189445 -0.10759573 0.999999940 0.999999940 0.999999940
v -0.324788 0.100474 -0.19688401 0.999999940 0.999999940 0.999999940
v -0.325737 0.101124003 -0.20018201 0.999999940 0.999999940 0.999999940
v -0.327737 0.101412996 -0.205841 0.999999940 0.999999940 0.999999940
v -0.33091399 0.102380000 -0.207321 0.999999940 0.999999940 0.999999940
v -0.33490399 0.103060998 -0.213572 0.999999940 0.999999940 0.999999940
v -0.33110383 0.100730136 -0.18128479 0.999999940 0.999999940 0.999999940
v -0.326193 0.100270003 -0.188646 0.999999940 0.999999940 0.999999940
v -0.32489598 0.100242495 -0.19391751 0.999999940 0.999999940 0.999999940
v -0.34104106 0.099607624 -0.16282214 0.999999940 0.999999940 0.999999940
v -0.34281999 0.098922602 -0.151739 0.999999940 0.999999940 0.999999940
v -0.340314 0.097702696 -0.156095 0.999999940 0.999999940 0.999999940
v -0.34350401 0.098794497 -0.145687 0.999999940 0.999999940 0.999999940
v -0.34487 0.098905697 -0.13884699 0.999999940 0.999999940 0.999999940
v -0.34232399 0.097534298 -0.141829 0.999999940 0.999999940 0.999999940
v -0.34459758 0.098029330 -0.12822983 0.999999940 0.999999940 0.999999940
v -0.34599701 0.096883699 -0.110142 0.999999940 0.999999940 0.999999940
v -0.34632701 0.096703596 -0.102865 0.999999940 0.999999940 0.999999940
v -0.34466901 0.095721803 -0.106657 0.999999940 0.999999940 0.999999940
v -0.36435223 0.097387775 -0.08461441 0.999999940 0.999999940 0.999999940
v -0.35463369 0.096923247 -0.09121864 0.999999940 0.999999940 0.999999940
v -0.34718999 0.096108503 -0.0995385 0.999999940 0.999999940 0.999999940
v -0.38085884 0.102113269 -0.13401507 0.999999940 0.999999940 0.999999940
v -0.38784543 0.100376553 -0.10808269 0.999999940 0.999999940 0.999999940
v -0.37625104 0.097310572 -0.07668143 0.999999940 0.999999940 0.999999940
v -0.36254811 0.095291100 -0.05802187 0.999999940 0.999999940 0.999999940
v -0.354996 0.095882102 -0.081239 0.999999940 0.999999940 0.999999940
v -0.35135239 0.094895497 -0.06760283 0.999999940 0.999999940 0.999999940
v -0.350593 0.094705797 -0.089771 0.999999940 0.999999940 0.999999940
v -0.34559712 0.095702454 -0.10207742 0.999999940 0.999999940 0.999999940
v -0.348194 0.091839596 -0.0914787 0.999999940 0.999999940 0.999999940
v -0.34360999 0.093926802 -0.110934 0.999999940 0.999999940 0.999999940
v -0.34180799 0.095049999 -0.12989099 0.999999940 0.999999940 0.999999940
v -0.341919 0.096656903 -0.133561 0.999999940 0.999999940 0.999999940
v -0.34186399 0.096779599 -0.13807 0.999999940 0.999999940 0.999999940
v -0.34102881 0.097202628 -0.14925203 0.999999940 0.999999940 0.999999940
v -0.34076273 0.094445161 -0.14129148 0.999999940 0.999999940 0.999999940
v -0.33862999 0.094355203 -0.15452801 0.999999940 0.999999940 0.999999940
v -0.341288 0.090110100 -0.133067 0.999999940 0.999999940 0.999999940
v -0.340516 0.088988803 -0.146019 0.999999940 0.999999940 0.999999940
v -0.33788201 0.089503899 -0.15694 0.999999940 0.999999940 0.999999940
v -0.34271801 0.087293498 -0.112376 0.999999940 0.999999940 0.999999940
v -0.34997401 0.092810198 -0.0836264 0.999999940 0.999999940 0.999999940
v -0.34666499 0.085702098 -0.0959823 0.999999940 0.999999940 0.999999940
v -0.34823164 0.086859837 -0.08239141 0.999999940 0.999999940 0.999999940
v -0.35157999 0.095093503 -0.0752348 0.999999940 0.999999940 0.999999940
v -0.34937 0.093676097 -0.0780154 0.999999940 0.999999940 0.999999940
v -0.34685501 0.091561600 -0.0687774 0.999999940 0.999999940 0.999999940
v -0.346746 0.092362701 -0.06301 0.999999940 0.999999940 0.999999940
v -0.35096639 0.093637704 -0.05013286 0.999999940 0.999999940 0.999999940
v -0.34824201 0.093155100 -0.0738404 0.999999940 0.999999940 0.999999940
v -0.35616788 0.093550011 -0.0406831 0.999999940 0.999999940 0.999999940
v -0.34635714 0.089432545 -0.07039094 0.999999940 0.999999940 0.999999940
v -0.34947801 0.081117600 -0.0771974 0.999999940 0.999999940 0.999999940
v -0.346798 0.085341200 -0.0704942 0.999999940 0.999999940 0.999999940
v -0.35030699 0.082367502 -0.0821556 0.999999940 0.999999940 0.999999940
v -0.34902501 0.083246000 -0.0907899 0.999999940 0.999999940 0.999999940
v -0.34963101 0.083177201 -0.0858906 0.999999940 0.999999940 0.999999940
v -0.34797499 0.082690902 -0.0963772 0.999999940 0.999999940 0.999999940
v -0.344962 0.083296597 -0.102254 0.999999940 0.999999940 0.999999940
v -0.34345201 0.083212599 -0.108338 0.999999940 0.999999940 0.999999940
v -0.34133899 0.084719501 -0.119743 0.999999940 0.999999940 0.999999940
v -0.34189999 0.083803899 -0.115741 0.999999940 0.999999940 0.999999940
v -0.34205899 0.083904199 -0.111884 0.999999940 0.999999940 0.999999940
v -0.345985 0.082212299 -0.102751 0.999999940 0.999999940 0.999999940
v -0.35124299 0.081394001 -0.0956392 0.999999940 0.999999940 0.999999940
v -0.35005039 0.081141695 -0.10465258 0.999999940 0.999999940 0.999999940
v -0.35100999 0.081858299 -0.0874209 0.999999940 0.999999940 0.999999940
v -0.35561454 0.079843394 -0.08073203 0.999999940 0.999999940 0.999999940
v -0.35165599 0.079632602 -0.0747979 0.999999940 0.999999940 0.999999940
v -0.348306 0.081033103 -0.0726194 0.999999940 0.999999940 0.999999940
v -0.34551555 0.083765193 -0.06407686 0.999999940 0.999999940 0.999999940
v -0.34661901 0.087349601 -0.0586317 0.999999940 0.999999940 0.999999940
v -0.3476215 0.091713145 -0.05297205 0.999999940 0.999999940 0.999999940
v -0.350142 0.091195501 -0.0427821 0.999999940 0.999999940 0.999999940
v -0.349787 0.085233502 -0.0422909 0.999999940 0.999999940 0.999999940
v -0.34732601 0.078516401 -0.0528839 0.999999940 0.999999940 0.999999940
v -0.346708 0.079513102 -0.0605215 0.999999940 0.999999940 0.999999940
v -0.34805587 0.080962449 -0.04590939 0.999999940 0.999999940 0.999999940
v -0.34713799 0.080196201 -0.0669068 0.999999940 0.999999940 0.999999940
v -0.35142884 0.078366406 -0.06656775 0.999999940 0.999999940 0.999999940
v -0.37051165 0.079602502 -0.07634001 0.999999940 0.999999940 0.999999940
v -0.35582489 0.080626010 -0.09515803 0.999999940 0.999999940 0.999999940
v -0.36887106 0.083415344 -0.12546515 0.999999940 0.999999940 0.999999940
v -0.35855114 0.084904290 -0.15329738 0.999999940 0.999999940 0.999999940
v -0.34747469 0.084796577 -0.15330009 0.999999940 0.999999940 0.999999940
v -0.34577295 0.084027603 -0.13755199 0.999999940 0.999999940 0.999999940
v -0.34457457 0.082078017 -0.11172846 0.999999940 0.999999940 0.999999940
v -0.34256899 0.082795903 -0.111417 0.999999940 0.999999940 0.999999940
v -0.34166101 0.083782300 -0.121991 0.999999940 0.999999940 0.999999940
v -0.34428331 0.083244778 -0.12694843 0.999999940 0.999999940 0.999999940
v -0.34343299 0.085522197 -0.143273 0.999999940 0.999999940 0.999999940
v -0.342704 0.085425600 -0.138577 0.999999940 0.999999940 0.999999940
v -0.342199 0.085992597 -0.13449299 0.999999940 0.999999940 0.999999940
v -0.34243599 0.086429297 -0.14783099 0.999999940 0.999999940 0.999999940
v -0.33660749 0.085671015 -0.17072666 0.999999940 0.999999940 0.999999940
v -0.34026 0.087053097 -0.15388501 0.999999940 0.999999940 0.999999940
v -0.33689323 0.085405521 -0.1807984 0.999999940 0.999999940 0.999999940
v -0.38217261 0.085069783 -0.13905232 0.999999940 0.999999940 0.999999940
v -0.38246232 0.086580596 -0.16054773 0.999999940 0.999999940 0.999999940
v -0.37428534 0.087201654 -0.17709857 0.999999940 0.999999940 0.999999940
v -0.38672671 0.083567760 -0.11693467 0.999999940 0.999999940 0.999999940
v -0.38625655 0.082017950 -0.09816192 0.999999940 0.999999940 0.999999940
v -0.39706329 0.081253401 -0.08434502 0.999999940 0.999999940 0.999999940
v -0.39525545 0.079142160 -0.0601069 0.999999940 0.999999940 0.999999940
v -0.38475326 0.077437326 -0.04304221 0.999999940 0.999999940 0.999999940
v -0.40800723 0.084239900 -0.11529161 0.999999940 0.999999940 0.999999940
v -0.39837357 0.085828959 -0.13986082 0.999999940 0.999999940 0.999999940
v -0.40332741 0.087777167 -0.1652433 0.999999940 0.999999940 0.999999940
v -0.39176139 0.088532216 -0.18575042 0.999999940 0.999999940 0.999999940
v -0.37147218 0.087767340 -0.1901615 0.999999940 0.999999940 0.999999940
v -0.33089799 0.086418703 -0.17972299 0.999999940 0.999999940 0.999999940
v -0.32733706 0.085643746 -0.19457626 0.999999940 0.999999940 0.999999940
v -0.34328115 0.087161243 -0.21207306 0.999999940 0.999999940 0.999999940
v -0.36544746 0.088145189 -0.20455682 0.999999940 0.999999940 0.999999940
v -0.33897299 0.086777597 -0.158455 0.999999940 0.999999940 0.999999940
v -0.33644199 0.086859002 -0.16331001 0.999999940 0.999999940 0.999999940
v -0.33475399 0.087584398 -0.166733 0.999999940 0.999999940 0.999999940
v -0.33260301 0.087109297 -0.171352 0.999999940 0.999999940 0.999999940
v -0.34162912 0.087426655 -0.13841201 0.999999940 0.999999940 0.999999940
v -0.34165999 0.085338302 -0.128126 0.999999940 0.999999940 0.999999940
v -0.335834 0.089160002 -0.162183 0.999999940 0.999999940 0.999999940
v -0.334095 0.092158697 -0.166495 0.999999940 0.999999940 0.999999940
v -0.33197501 0.088790200 -0.170543 0.999999940 0.999999940 0.999999940
v -0.33086899 0.088236302 -0.17392901 0.999999940 0.999999940 0.999999940
v -0.327364 0.088540300 -0.18178301 0.999999940 0.999999940 0.999999940
v -0.325569 0.087150201 -0.18679 0.999999940 0.999999940 0.999999940
v -0.32718599 0.093839302 -0.182566 0.999999940 0.999999940 0.999999940
v -0.33657551 0.096707448 -0.164332 0.999999940 0.999999940 0.999999940
v -0.33326399 0.097064703 -0.17021 0.999999940 0.999999940 0.999999940
v -0.3279593 0.097546502 -0.18000226 0.999999940 0.999999940 0.999999940
v -0.32730901 0.098736897 -0.183498 0.999999940 0.999999940 0.999999940
v -0.32535699 0.099631801 -0.190073 0.999999940 0.999999940 0.999999940
v -0.32511601 0.098307602 -0.196357 0.999999940 0.999999940 0.999999940
v -0.32425308 0.088085942 -0.18912344 0.999999940 0.999999940 0.999999940
v -0.32385901 0.087072402 -0.19087701 0.999999940 0.999999940 0.999999940
v -0.32317001 0.087045498 -0.193331 0.999999940 0.999999940 0.999999940
v -0.32531899 0.090269796 -0.20130099 0.999999940 0.999999940 0.999999940
v -0.32458848 0.100245848 -0.19858946 0.999999940 0.999999940 0.999999940
v -0.32659701 0.100156001 -0.20561101 0.999999940 0.999999940 0.999999940
v -0.32850108 0.097860947 -0.2113432 0.999999940 0.999999940 0.999999940
v -0.32894701 0.099220298 -0.179748 0.999999940 0.999999940 0.999999940
v -0.331361 0.098854400 -0.175217 0.999999940 0.999999940 0.999999940
v -0.33555999 0.101435996 -0.228498 0.999999940 0.999999940 0.999999940
v -0.33714816 0.099911041 -0.23441309 0.999999940 0.999999940 0.999999940
v -0.331846 0.101334996 -0.215848 0.999999940 0.999999940 0.999999940
v -0.329364 0.101039998 -0.20997301 0.999999940 0.999999940 0.999999940
v -0.33501601 0.094494797 -0.22925299 0.999999940 0.999999940 0.999999940
v -0.32963237 0.089785657 -0.2153208 0.999999940 0.999999940 0.999999940
v -0.32674399 0.087788201 -0.205686 0.999999940 0.999999940 0.999999940
v -0.32479501 0.087684303 -0.201553 0.999999940 0.999999940 0.999999940
v -0.32396799 0.087062202 -0.19764 0.999999940 0.999999940 0.999999940
v -0.323367 0.086400896 -0.19400799 0.999999940 0.999999940 0.999999940
v -0.32539999 0.086836397 -0.201226 0.999999940 0.999999940 0.999999940
v -0.33021101 0.086823299 -0.20741799 0.999999940 0.999999940 0.999999940
v -0.32874301 0.0876332 -0.21013799 0.999999940 0.999999940 0.999999940
v -0.33603072 0.087547391 -0.21952677 0.999999940 0.999999940 0.999999940
v -0.33095101 0.088057898 -0.215131 0.999999940 0.999999940 0.999999940
v -0.33207899 0.089259803 -0.22055 0.999999940 0.999999940 0.999999940
v -0.33472273 0.090696662 -0.22980496 0.999999940 0.999999940 0.999999940
v -0.339726 0.091413497 -0.236564 0.999999940 0.999999940 0.999999940
v -0.337069 0.090630203 -0.23259699 0.999999940 0.999999940 0.999999940
v -0.34333399 0.096926100 -0.245647 0.999999940 0.999999940 0.999999940
v -0.34213799 0.092974498 -0.241899 0.999999940 0.999999940 0.999999940
v -0.34064001 0.100854001 -0.23872299 0.999999940 0.999999940 0.999999940
v -0.33743 0.101222999 -0.23328499 0.999999940 0.999999940 0.999999940
v -0.3385959 0.103011742 -0.23012106 0.999999940 0.999999940 0.999999940
v -0.34814501 0.104184001 -0.242835 0.999999940 0.999999940 0.999999940
v -0.34496301 0.101415000 -0.244341 0.999999940 0.999999940 0.999999940
v -0.34453952 0.092334598 -0.24393651 0.999999940 0.999999940 0.999999940
v -0.34520069 0.095491148 -0.26249123 0.999999940 0.999999940 0.999999940
v -0.34746301 0.092582896 -0.250063 0.999999940 0.999999940 0.999999940
v -0.34641346 0.100277096 -0.26040459 0.999999940 0.999999940 0.999999940
v -0.346558 0.102173000 -0.247732 0.999999940 0.999999940 0.999999940
v -0.34772101 0.102807998 -0.25380901 0.999999940 0.999999940 0.999999940
v -0.34346536 0.089383579 -0.23657975 0.999999940 0.999999940 0.999999940
v -0.33543599 0.089216403 -0.23015 0.999999940 0.999999940 0.999999940
v -0.33416799 0.088913403 -0.22702999 0.999999940 0.999999940 0.999999940
v -0.33786255 0.088121548 -0.22855251 0.999999940 0.999999940 0.999999940
v -0.35551885 0.088979817 -0.23902813 0.999999940 0.999999940 0.999999940
v -0.35280001 0.089928098 -0.248698 0.999999940 0.999999940 0.999999940
v -0.34913599 0.091607503 -0.25609201 0.999999940 0.999999940 0.999999940
v -0.34850901 0.091675899 -0.263015 0.999999940 0.999999940 0.999999940
v -0.34479889 0.092914231 -0.26709047 0.999999940 0.999999940 0.999999940
v -0.34540501 0.101135999 -0.27252501 0.999999940 0.999999940 0.999999940
v -0.347078 0.102609001 -0.268666 0.999999940 0.999999940 0.999999940
v -0.349139 0.103791996 -0.26331401 0.999999940 0.999999940 0.999999940
v -0.34895799 0.103410996 -0.25763401 0.999999940 0.999999940 0.999999940
v -0.349096 0.103863000 -0.25207099 0.999999940 0.999999940 0.999999940
v -0.34895501 0.104304000 -0.272746 0.999999940 0.999999940 0.999999940
v -0.343822 0.100835003 -0.277715 0.999999940 0.999999940 0.999999940
v -0.34187528 0.093442142 -0.27907389 0.999999940 0.999999940 0.999999940
v -0.34615052 0.090844303 -0.2693595 0.999999940 0.999999940 0.999999940
v -0.3431125 0.091008901 -0.276838 0.999999940 0.999999940 0.999999940
v -0.3554149 0.089785978 -0.26365784 0.999999940 0.999999940 0.999999940
v -0.37394774 0.090397507 -0.26368847 0.999999940 0.999999940 0.999999940
v -0.38417149 0.090629033 -0.25072941 0.999999940 0.999999940 0.999999940
v -0.38803443 0.090161599 -0.2268555 0.999999940 0.999999940 0.999999940
v -0.37333953 0.089184507 -0.21931154 0.999999940 0.999999940 0.999999940
v -0.36250362 0.090008452 -0.28204167 0.999999940 0.999999940 0.999999940
v -0.40502736 0.091402642 -0.24935885 0.999999940 0.999999940 0.999999940
v -0.40069923 0.090927861 -0.23571265 0.999999940 0.999999940 0.999999940
v -0.4000563 0.090019375 -0.21005495 0.999999940 0.999999940 0.999999940
v -0.38410106 0.089128576 -0.20506434 0.999999940 0.999999940 0.999999940
v -0.42042875 0.090743780 -0.21125562 0.999999940 0.999999940 0.999999940
v -0.40892351 0.089330390 -0.18846992 0.999999940 0.999999940 0.999999940
v -0.422304 0.091465927 -0.23199567 0.999999940 0.999999940 0.999999940
v -0.42665124 0.092024266 -0.25357971 0.999999940 0.999999940 0.999999940
v -0.43915337 0.091704234 -0.22852862 0.999999940 0.999999940 0.999999940
v -0.44599149 0.091029442 -0.20522445 0.999999940 0.999999940 0.999999940
v -0.4258768 0.090011082 -0.19209006 0.999999940 0.999999940 0.999999940
v -0.42442164 0.088858827 -0.17158435 0.999999940 0.999999940 0.999999940
v -0.44409552 0.089870452 -0.18187976 0.999999940 0.999999940 0.999999940
v -0.46083403 0.091703295 -0.2203088 0.999999940 0.999999940 0.999999940
v -0.46813825 0.091226145 -0.20522152 0.999999940 0.999999940 0.999999940
v -0.46336642 0.090492531 -0.18936142 0.999999940 0.999999940 0.999999940
v -0.44060308 0.092149801 -0.24815355 0.999999940 0.999999940 0.999999940
v -0.46161696 0.092083647 -0.23398334 0.999999940 0.999999940 0.999999940
v -0.42267713 0.092227004 -0.27986681 0.999999940 0.999999940 0.999999940
v -0.44344619 0.092449195 -0.26825047 0.999999940 0.999999940 0.999999940
v -0.44317326 0.092550061 -0.29148197 0.999999940 0.999999940 0.999999940
v -0.4651165 0.092623874 -0.27857396 0.999999940 0.999999940 0.999999940
v -0.46276492 0.092452429 -0.25463948 0.999999940 0.999999940 0.999999940
v -0.48000944 0.091817036 -0.22165279 0.999999940 0.999999940 0.999999940
v -0.48845094 0.092377170 -0.24732952 0.999999940 0.999999940 0.999999940
v -0.47983727 0.090364560 -0.18566516 0.999999940 0.999999940 0.999999940
v -0.49617389 0.091192215 -0.20548239 0.999999940 0.999999940 0.999999940
v -0.4613778 0.089296281 -0.16825356 0.999999940 0.999999940 0.999999940
v -0.44296616 0.088620401 -0.16145751 0.999999940 0.999999940 0.999999940
v -0.43554503 0.087623722 -0.14899717 0.999999940 0.999999940 0.999999940
v -0.41344228 0.087153881 -0.15082565 0.999999940 0.999999940 0.999999940
v -0.42220464 0.086030468 -0.1322601 0.999999940 0.999999940 0.999999940
v -0.46220252 0.087874561 -0.14699614 0.999999940 0.999999940 0.999999940
v -0.4434838 0.086593888 -0.13328975 0.999999940 0.999999940 0.999999940
v -0.48742771 0.089241035 -0.16646795 0.999999940 0.999999940 0.999999940
v -0.46972233 0.088901877 -0.16134907 0.999999940 0.999999940 0.999999940
v -0.49734434 0.090265713 -0.18546049 0.999999940 0.999999940 0.999999940
v -0.51212025 0.090750075 -0.19915287 0.999999940 0.999999940 0.999999940
v -0.50273693 0.091817379 -0.22529611 0.999999940 0.999999940 0.999999940
v -0.50277013 0.092216074 -0.24318314 0.999999940 0.999999940 0.999999940
v -0.53069222 0.091628931 -0.234514 0.999999940 0.999999940 0.999999940
v -0.52981287 0.091998457 -0.25149471 0.999999940 0.999999940 0.999999940
v -0.52955186 0.091221109 -0.21995218 0.999999940 0.999999940 0.999999940
v -0.53944659 0.090352982 -0.20362806 0.999999940 0.999999940 0.999999940
v -0.52173781 0.089515402 -0.17819621 0.999999940 0.999999940 0.999999940
v -0.53609896 0.089969925 -0.19331768 0.999999940 0.999999940 0.999999940
v -0.51063925 0.089064940 -0.16726357 0.999999940 0.999999940 0.999999940
v -0.48679239 0.087897293 -0.14644554 0.999999940 0.999999940 0.999999940
v -0.50593901 0.088124468 -0.15203093 0.999999940 0.999999940 0.999999940
v -0.45386592 0.086068414 -0.12473276 0.999999940 0.999999940 0.999999940
v -0.47432229 0.086203567 -0.12459823 0.999999940 0.999999940 0.999999940
v -0.43161011 0.084653906 -0.11242822 0.999999940 0.999999940 0.999999940
v -0.41394645 0.083462908 -0.10386387 0.999999940 0.999999940 0.999999940
v -0.44311321 0.083555907 -0.09713079 0.999999940 0.999999940 0.999999940
v -0.42143363 0.081899128 -0.08351009 0.999999940 0.999999940 0.999999940
v -0.46213609 0.085148841 -0.11279897 0.999999940 0.999999940 0.999999940
v -0.4884837 0.085733421 -0.11906238 0.999999940 0.999999940 0.999999940
v -0.47652078 0.083687178 -0.09515078 0.999999940 0.999999940 0.999999940
v -0.50060964 0.086682803 -0.13193908 0.999999940 0.999999940 0.999999940
v -0.52272248 0.086654260 -0.13581486 0.999999940 0.999999940 0.999999940
v -0.53501099 0.087835572 -0.15621145 0.999999940 0.999999940 0.999999940
v -0.53557926 0.089056670 -0.17606127 0.999999940 0.999999940 0.999999940
v -0.56464469 0.089281633 -0.19950771 0.999999940 0.999999940 0.999999940
v -0.56074977 0.088731139 -0.18522817 0.999999940 0.999999940 0.999999940
v -0.5540058 0.090481221 -0.21865919 0.999999940 0.999999940 0.999999940
v -0.5510931 0.091303646 -0.24341859 0.999999940 0.999999940 0.999999940
v -0.56645 0.090601928 -0.23714893 0.999999940 0.999999940 0.999999940
v -0.57480675 0.089514419 -0.21559374 0.999999940 0.999999940 0.999999940
v -0.58699453 0.088092751 -0.19636394 0.999999940 0.999999940 0.999999940
v -0.55651897 0.087982989 -0.16937743 0.999999940 0.999999940 0.999999940
v -0.58146769 0.086977668 -0.17089535 0.999999940 0.999999940 0.999999940
v -0.54583424 0.086643397 -0.14383912 0.999999940 0.999999940 0.999999940
v -0.56336623 0.086786575 -0.15511996 0.999999940 0.999999940 0.999999940
v -0.53990585 0.084749922 -0.11723761 0.999999940 0.999999940 0.999999940
v -0.52460408 0.084548309 -0.11038527 0.999999940 0.999999940 0.999999940
v -0.50732338 0.085339248 -0.11623722 0.999999940 0.999999940 0.999999940
v -0.48757276 0.083295404 -0.09093919 0.999999940 0.999999940 0.999999940
v -0.50800753 0.083578221 -0.09582706 0.999999940 0.999999940 0.999999940
v -0.53528512 0.083065226 -0.09593166 0.999999940 0.999999940 0.999999940
v -0.55364603 0.082444421 -0.09487562 0.999999940 0.999999940 0.999999940
v -0.55562282 0.084199190 -0.11646379 0.999999940 0.999999940 0.999999940
v -0.56726444 0.085422366 -0.1378672 0.999999940 0.999999940 0.999999940
v -0.58477265 0.086026631 -0.15817767 0.999999940 0.999999940 0.999999940
v -0.60594845 0.085349381 -0.16597329 0.999999940 0.999999940 0.999999940
v -0.59936213 0.086937569 -0.18722902 0.999999940 0.999999940 0.999999940
v -0.61016512 0.087489858 -0.21350099 0.999999940 0.999999940 0.999999940
v -0.59836531 0.088684380 -0.22635873 0.999999940 0.999999940 0.999999940
v -0.58724147 0.089561186 -0.23478903 0.999999940 0.999999940 0.999999940
v -0.58437562 0.090224400 -0.2558243 0.999999940 0.999999940 0.999999940
v -0.61121505 0.088605701 -0.25215498 0.999999940 0.999999940 0.999999940
v -0.60749829 0.089130960 -0.26977921 0.999999940 0.999999940 0.999999940
v -0.58866298 0.090231694 -0.27162838 0.999999940 0.999999940 0.999999940
v -0.62247032 0.087255574 -0.22980335 0.999999940 0.999999940 0.999999940
v -0.62155002 0.085452131 -0.18522137 0.999999940 0.999999940 0.999999940
v -0.62690145 0.085996702 -0.20486195 0.999999940 0.999999940 0.999999940
v -0.62461549 0.083475217 -0.15417819 0.999999940 0.999999940 0.999999940
v -0.60914379 0.083925485 -0.14658375 0.999999940 0.999999940 0.999999940
v -0.59285742 0.084164775 -0.1370177 0.999999940 0.999999940 0.999999940
v -0.57217103 0.084025792 -0.12211968 0.999999940 0.999999940 0.999999940
v -0.57910907 0.081833548 -0.09867138 0.999999940 0.999999940 0.999999940
v -0.57561553 0.080922961 -0.08674982 0.999999940 0.999999940 0.999999940
v -0.55746406 0.080049254 -0.07069669 0.999999940 0.999999940 0.999999940
v -0.53619796 0.080895699 -0.07282746 0.999999940 0.999999940 0.999999940
v -0.51821929 0.081637948 -0.07662682 0.999999940 0.999999940 0.999999940
v -0.50396013 0.082031004 -0.07849701 0.999999940 0.999999940 0.999999940
v -0.5096941 0.0799447 -0.05800096 0.999999940 0.999999940 0.999999940
v -0.53241152 0.078516401 -0.04904283 0.999999940 0.999999940 0.999999940
v -0.55268914 0.078166455 -0.05116745 0.999999940 0.999999940 0.999999940
v -0.58299977 0.078016243 -0.05989703 0.999999940 0.999999940 0.999999940
v -0.58361763 0.079274520 -0.07273167 0.999999940 0.999999940 0.999999940
v -0.60640383 0.079077616 -0.08132701 0.999999940 0.999999940 0.999999940
v -0.60202312 0.080869600 -0.09964062 0.999999940 0.999999940 0.999999940
v -0.5853523 0.082879804 -0.11493058 0.999999940 0.999999940 0.999999940
v -0.60660088 0.081563904 -0.11137192 0.999999940 0.999999940 0.999999940
v -0.61677015 0.082161806 -0.12707496 0.999999940 0.999999940 0.999999940
v -0.63178372 0.081710279 -0.13378516 0.999999940 0.999999940 0.999999940
v -0.64690435 0.081325255 -0.14326721 0.999999940 0.999999940 0.999999940
v -0.64549422 0.082336761 -0.15880176 0.999999940 0.999999940 0.999999940
v -0.65200049 0.082532957 -0.17089342 0.999999940 0.999999940 0.999999940
v -0.64742291 0.083860181 -0.19067779 0.999999940 0.999999940 0.999999940
v -0.64375567 0.085091814 -0.2130688 0.999999940 0.999999940 0.999999940
v -0.67111677 0.081436641 -0.17776814 0.999999940 0.999999940 0.999999940
v -0.66854692 0.082679569 -0.20186493 0.999999940 0.999999940 0.999999940
v -0.67203581 0.080058462 -0.1519317 0.999999940 0.999999940 0.999999940
v -0.66146368 0.079296991 -0.12574795 0.999999940 0.999999940 0.999999940
v -0.6829375 0.078468672 -0.1366951 0.999999940 0.999999940 0.999999940
v -0.64605063 0.079245418 -0.10995327 0.999999940 0.999999940 0.999999940
v -0.63509977 0.079016 -0.09819505 0.999999940 0.999999940 0.999999940
v -0.63208115 0.077501945 -0.07753153 0.999999940 0.999999940 0.999999940
v -0.61185426 0.077732063 -0.0695422 0.999999940 0.999999940 0.999999940
v -0.61590928 0.074803344 -0.04253473 0.999999940 0.999999940 0.999999940
v -0.62346357 0.075870223 -0.05580916 0.999999940 0.999999940 0.999999940
v -0.59090769 0.075674943 -0.04120765 0.999999940 0.999999940 0.999999940
v -0.56537795 0.076444640 -0.03954326 0.999999940 0.999999940 0.999999940
v -0.53399384 0.076417602 -0.03067482 0.999999940 0.999999940 0.999999940
v -0.55370599 0.074256390 -0.0176171 0.999999940 0.999999940 0.999999940
v -0.57820004 0.074039049 -0.02299248 0.999999940 0.999999940 0.999999940
v -0.61068207 0.073177106 -0.0260785 0.999999940 0.999999940 0.999999940
v -0.63861936 0.072053343 -0.02543882 0.999999940 0.999999940 0.999999940
v -0.6460411 0.072825022 -0.03522758 0.999999940 0.999999940 0.999999940
v -0.64586937 0.074627302 -0.05315808 0.999999940 0.999999940 0.999999940
v -0.65645343 0.076360128 -0.07870181 0.999999940 0.999999940 0.999999940
v -0.65327483 0.075456254 -0.06604335 0.999999940 0.999999940 0.999999940
v -0.66566551 0.076845318 -0.09178515 0.999999940 0.999999940 0.999999940
v -0.67420632 0.077155754 -0.1038604 0.999999940 0.999999940 0.999999940
v -0.69024497 0.076908543 -0.11636695 0.999999940 0.999999940 0.999999940
v -0.7045958 0.077076837 -0.13834499 0.999999940 0.999999940 0.999999940
v -0.69388181 0.079062417 -0.16453737 0.999999940 0.999999940 0.999999940
v -0.68243426 0.080836564 -0.18439117 0.999999940 0.999999940 0.999999940
v -0.71200663 0.077803038 -0.16699532 0.999999940 0.999999940 0.999999940
v -0.70512342 0.079125911 -0.18732639 0.999999940 0.999999940 0.999999940
v -0.72199422 0.074927777 -0.11522327 0.999999940 0.999999940 0.999999940
v -0.72170383 0.076156415 -0.1437179 0.999999940 0.999999940 0.999999940
v -0.70230776 0.075279690 -0.09923679 0.999999940 0.999999940 0.999999940
v -0.68788666 0.074657365 -0.0769531 0.999999940 0.999999940 0.999999940
v -0.67225605 0.074204251 -0.06130268 0.999999940 0.999999940 0.999999940
v -0.66720057 0.072761662 -0.04268224 0.999999940 0.999999940 0.999999940
v -0.66121036 0.070966698 -0.02219666 0.999999940 0.999999940 0.999999940
v -0.64726895 0.068937853 -0.00012949 0.999999940 0.999999940 0.999999940
v -0.62812561 0.070837281 -0.01145548 0.999999940 0.999999940 0.999999940
v -0.61442399 0.069922097 -0.00001492 0.999999940 0.999999940 0.999999940
v -0.59039068 0.072154037 -0.01122595 0.999999940 0.999999940 0.999999940
v -0.56629211 0.071614690 0.000148295 0.999999940 0.999999940 0.999999940
v -0.59231204 0.070142291 0.004350759 0.999999940 0.999999940 0.999999940
v -0.6300481 0.067408397 0.016606008 0.999999940 0.999999940 0.999999940
v -0.60844439 0.067739598 0.019075255 0.999999940 0.999999940 0.999999940
v -0.65563595 0.066039249 0.023150524 0.999999940 0.999999940 0.999999940
v -0.66732901 0.067986562 0.003962829 0.999999940 0.999999940 0.999999940
v -0.64159602 0.065978705 0.026033772 0.999999940 0.999999940 0.999999940
v -0.67594504 0.069977134 -0.01671346 0.999999940 0.999999940 0.999999940
v -0.68688327 0.072672292 -0.04994654 0.999999940 0.999999940 0.999999940
v -0.68482047 0.071197606 -0.03196005 0.999999940 0.999999940 0.999999940
v -0.6978215 0.073223561 -0.06269509 0.999999940 0.999999940 0.999999940
v -0.70885623 0.073230974 -0.06953081 0.999999940 0.999999940 0.999999940
v -0.72636694 0.072179153 -0.06257459 0.999999940 0.999999940 0.999999940
v -0.72509402 0.073719814 -0.09177046 0.999999940 0.999999940 0.999999940
v -0.73590142 0.074692748 -0.12940159 0.999999940 0.999999940 0.999999940
v -0.73957521 0.073389537 -0.09937045 0.999999940 0.999999940 0.999999940
v -0.74108189 0.075151749 -0.15084387 0.999999940 0.999999940 0.999999940
v -0.7268787 0.076895602 -0.17242685 0.999999940 0.999999940 0.999999940
v -0.75014949 0.074264079 -0.14081675 0.999999940 0.999999940 0.999999940
v -0.75035524 0.073170751 -0.10773805 0.999999940 0.999999940 0.999999940
v -0.739959 0.071950957 -0.06659053 0.999999940 0.999999940 0.999999940
v -0.75072426 0.071846090 -0.0721816 0.999999940 0.999999940 0.999999940
v -0.74106234 0.070107951 -0.03343671 0.999999940 0.999999940 0.999999940
v -0.73505127 0.069819815 -0.02787095 0.999999940 0.999999940 0.999999940
v -0.71892071 0.071104377 -0.04249324 0.999999940 0.999999940 0.999999940
v -0.70291412 0.070903137 -0.03435561 0.999999940 0.999999940 0.999999940
v -0.69361895 0.069756269 -0.01861307 0.999999940 0.999999940 0.999999940
v -0.68700403 0.067764937 0.003066767 0.999999940 0.999999940 0.999999940
v -0.68039948 0.065449863 0.025542749 0.999999940 0.999999940 0.999999940
v -0.66735387 0.063878327 0.040533550 0.999999940 0.999999940 0.999999940
v -0.64560932 0.061769403 0.060903526 0.999999940 0.999999940 0.999999940
v -0.61850172 0.065070420 0.038033518 0.999999940 0.999999940 0.999999940
v -0.6242699 0.061951775 0.062571115 0.999999940 0.999999940 0.999999940
v -0.65855902 0.060827761 0.068010054 0.999999940 0.999999940 0.999999940
v -0.6290862 0.059330351 0.084763273 0.999999940 0.999999940 0.999999940
v -0.64871234 0.057692091 0.097541883 0.999999940 0.999999940 0.999999940
v -0.68187892 0.062548555 0.052051011 0.999999940 0.999999940 0.999999940
v -0.69872075 0.065456412 0.024941286 0.999999940 0.999999940 0.999999940
v -0.70334649 0.068316750 -0.00469577 0.999999940 0.999999940 0.999999940
v -0.71526545 0.068182483 -0.00438785 0.999999940 0.999999940 0.999999940
v -0.72104603 0.069560974 -0.02197777 0.999999940 0.999999940 0.999999940
v -0.74177617 0.067266561 0.007230118 0.999999940 0.999999940 0.999999940
v -0.73030764 0.067838229 -0.00076917 0.999999940 0.999999940 0.999999940
v -0.75127077 0.070527046 -0.0437874 0.999999940 0.999999940 0.999999940
v -0.75230777 0.068614624 -0.01146886 0.999999940 0.999999940 0.999999940
v -0.75090271 0.079564683 -0.06016667 0.999999940 0.999999940 0.999999940
v -0.75047636 0.083370640 -0.08949424 0.999999940 0.999999940 0.999999940
v -0.75019795 0.082162469 -0.13159215 0.999999940 0.999999940 0.999999940
v -0.75024253 0.091160520 -0.12428212 0.999999940 0.999999940 0.999999940
v -0.75039399 0.090375199 -0.100782 0.999999940 0.999999940 0.999999940
v -0.75064528 0.089489676 -0.07737178 0.999999940 0.999999940 0.999999940
v -0.75142807 0.079846598 -0.03718631 0.999999940 0.999999940 0.999999940
v -0.75103724 0.088460251 -0.05408683 0.999999940 0.999999940 0.999999940
v -0.75216538 0.073576360 -0.01411658 0.999999940 0.999999940 0.999999940
v -0.75347346 0.075724460 0.015935786 0.999999940 0.999999940 0.999999940
v -0.75312901 0.067254297 0.008785080 0.999999940 0.999999940 0.999999940
v -0.75408864 0.065793514 0.028028488 0.999999940 0.999999940 0.999999940
v -0.73954296 0.064919449 0.034983329 0.999999940 0.999999940 0.999999940
v -0.72643369 0.065958388 0.020966185 0.999999940 0.999999940 0.999999940
v -0.71373916 0.065569914 0.024062816 0.999999940 0.999999940 0.999999940
v -0.70699775 0.063432179 0.045107219 0.999999940 0.999999940 0.999999940
v -0.69529599 0.061941359 0.058337763 0.999999940 0.999999940 0.999999940
v -0.68954551 0.059986416 0.076342247 0.999999940 0.999999940 0.999999940
v -0.66487664 0.058787040 0.086512446 0.999999940 0.999999940 0.999999940
v -0.70682657 0.059537582 0.083159484 0.999999940 0.999999940 0.999999940
v -0.71445972 0.062185302 0.05865198 0.999999940 0.999999940 0.999999940
v -0.7272402 0.063673399 0.045752167 0.999999940 0.999999940 0.999999940
v -0.74441957 0.063186422 0.055803127 0.999999940 0.999999940 0.999999940
v -0.75551844 0.063692301 0.053840324 0.999999940 0.999999940 0.999999940
v -0.7552368 0.069677747 0.048953291 0.999999940 0.999999940 0.999999940
v -0.75327963 0.084440678 0.011275236 0.999999940 0.999999940 0.999999940
v -0.75502527 0.081819973 0.044675976 0.999999940 0.999999940 0.999999940
v -0.75543022 0.075395278 0.052361886 0.999999940 0.999999940 0.999999940
v -0.75167149 0.087167337 -0.03014779 0.999999940 0.999999940 0.999999940
v -0.74135286 0.088200032 -0.04538274 0.999999940 0.999999940 0.999999940
v -0.73715985 0.089536532 -0.06825652 0.999999940 0.999999940 0.999999940
v -0.73876792 0.090830937 -0.09864308 0.999999940 0.999999940 0.999999940
v -0.73994225 0.092001028 -0.13210227 0.999999940 0.999999940 0.999999940
v -0.72508097 0.090985268 -0.08795311 0.999999940 0.999999940 0.999999940
v -0.72140366 0.092464141 -0.11664402 0.999999940 0.999999940 0.999999940
v -0.72636044 0.092683665 -0.12879771 0.999999940 0.999999940 0.999999940
v -0.7238239 0.089568905 -0.0608157 0.999999940 0.999999940 0.999999940
v -0.74215239 0.086841918 -0.02335609 0.999999940 0.999999940 0.999999940
v -0.73086029 0.087829433 -0.03594726 0.999999940 0.999999940 0.999999940
v -0.73928398 0.083776183 0.017378954 0.999999940 0.999999940 0.999999940
v -0.73733258 0.085693731 -0.00693304 0.999999940 0.999999940 0.999999940
v -0.7350167 0.082220248 0.034547433 0.999999940 0.999999940 0.999999940
v -0.75625449 0.080038748 0.065429151 0.999999940 0.999999940 0.999999940
v -0.73429549 0.080343365 0.054715912 0.999999940 0.999999940 0.999999940
v -0.7569443 0.061634488 0.077047213 0.999999940 0.999999940 0.999999940
v -0.75791079 0.068604581 0.091739602 0.999999940 0.999999940 0.999999940
v -0.75835723 0.077005162 0.098538026 0.999999940 0.999999940 0.999999940
v -0.74025035 0.060407068 0.083573810 0.999999940 0.999999940 0.999999940
v -0.72486567 0.060861263 0.074248850 0.999999940 0.999999940 0.999999940
v -0.72125 0.058274615 0.099089063 0.999999940 0.999999940 0.999999940
v -0.74858665 0.058000881 0.111455097 0.999999940 0.999999940 0.999999940
v -0.73487729 0.057284191 0.113394781 0.999999940 0.999999940 0.999999940
v -0.75977749 0.057547327 0.121748119 0.999999940 0.999999940 0.999999940
v -0.75965923 0.066413939 0.118993490 0.999999940 0.999999940 0.999999940
v -0.7608884 0.073353156 0.139125749 0.999999940 0.999999940 0.999999940
v -0.74816447 0.073449991 0.131078884 0.999999940 0.999999940 0.999999940
v -0.748671 0.076690308 0.097551740 0.999999940 0.999999940 0.999999940
v -0.7404291 0.077767729 0.083462409 0.999999940 0.999999940 0.999999940
v -0.71599942 0.081074170 0.043477844 0.999999940 0.999999940 0.999999940
v -0.72489059 0.078209824 0.074215143 0.999999940 0.999999940 0.999999940
v -0.71980059 0.08415021 0.011550246 0.999999940 0.999999940 0.999999940
v -0.71825665 0.086825497 -0.01965046 0.999999940 0.999999940 0.999999940
v -0.71785206 0.088684409 -0.04446139 0.999999940 0.999999940 0.999999940
v -0.71046853 0.090866036 -0.07361849 0.999999940 0.999999940 0.999999940
v -0.69623899 0.089881047 -0.05123915 0.999999940 0.999999940 0.999999940
v -0.70794272 0.087820440 -0.02963074 0.999999940 0.999999940 0.999999940
v -0.70834631 0.085826173 -0.00665702 0.999999940 0.999999940 0.999999940
v -0.70571554 0.083864793 0.014507386 0.999999940 0.999999940 0.999999940
v -0.69851929 0.080917365 0.043247085 0.999999940 0.999999940 0.999999940
v -0.70512635 0.078396737 0.068063855 0.999999940 0.999999940 0.999999940
v -0.7184025 0.076213687 0.092245861 0.999999940 0.999999940 0.999999940
v -0.72755408 0.073897309 0.118123292 0.999999940 0.999999940 0.999999940
v -0.75158495 0.071401722 0.156304240 0.999999940 0.999999940 0.999999940
v -0.7304616 0.071590751 0.143846541 0.999999940 0.999999940 0.999999940
v -0.76228541 0.063671074 0.163813531 0.999999940 0.999999940 0.999999940
v -0.76278138 0.070622287 0.174095988 0.999999940 0.999999940 0.999999940
v -0.7609219 0.066258780 0.139583528 0.999999940 0.999999940 0.999999940
v -0.74334657 0.054850436 0.142705380 0.999999940 0.999999940 0.999999940
v -0.76118398 0.055518351 0.144966989 0.999999940 0.999999940 0.999999940
v -0.72279197 0.056158877 0.120894849 0.999999940 0.999999940 0.999999940
v -0.72547132 0.054065864 0.144354999 0.999999940 0.999999940 0.999999940
v -0.7357583 0.053100559 0.160065546 0.999999940 0.999999940 0.999999940
v -0.762357 0.053826123 0.166614502 0.999999940 0.999999940 0.999999940
v -0.75197911 0.052012577 0.183484226 0.999999940 0.999999940 0.999999940
v -0.76398641 0.058363378 0.200969338 0.999999940 0.999999940 0.999999940
v -0.76305801 0.056486226 0.180077031 0.999999940 0.999999940 0.999999940
v -0.76406276 0.068773351 0.203430742 0.999999940 0.999999940 0.999999940
v -0.75653118 0.068451076 0.201614320 0.999999940 0.999999940 0.999999940
v -0.74651283 0.069423355 0.179027915 0.999999940 0.999999940 0.999999940
v -0.73894721 0.070324644 0.162879675 0.999999940 0.999999940 0.999999940
v -0.72104633 0.069645032 0.163650080 0.999999940 0.999999940 0.999999940
v -0.7077902 0.070922963 0.144071638 0.999999940 0.999999940 0.999999940
v -0.71161687 0.073678836 0.115861311 0.999999940 0.999999940 0.999999940
v -0.69626492 0.076054602 0.089343242 0.999999940 0.999999940 0.999999940
v -0.68132901 0.077954053 0.069894924 0.999999940 0.999999940 0.999999940
v -0.68015116 0.075266808 0.095064885 0.999999940 0.999999940 0.999999940
v -0.70164096 0.073261842 0.11790663 0.999999940 0.999999940 0.999999940
v -0.70320356 0.068848244 0.168473258 0.999999940 0.999999940 0.999999940
v -0.68962783 0.071997813 0.129002615 0.999999940 0.999999940 0.999999940
v -0.69318491 0.070079319 0.150902405 0.999999940 0.999999940 0.999999940
v -0.72479653 0.068819716 0.176222056 0.999999940 0.999999940 0.999999940
v -0.73453718 0.067901246 0.195418953 0.999999940 0.999999940 0.999999940
v -0.76499164 0.067433476 0.233858615 0.999999940 0.999999940 0.999999940
v -0.7513814 0.066962204 0.227953419 0.999999940 0.999999940 0.999999940
v -0.73678863 0.067359745 0.206735655 0.999999940 0.999999940 0.999999940
v -0.76430404 0.051016673 0.211894005 0.999999940 0.999999940 0.999999940
v -0.76476163 0.062485970 0.224029317 0.999999940 0.999999940 0.999999940
v -0.7634685 0.052222475 0.190026253 0.999999940 0.999999940 0.999999940
v -0.75242352 0.050121698 0.217645645 0.999999940 0.999999940 0.999999940
v -0.76530516 0.056445561 0.246742487 0.999999940 0.999999940 0.999999940
v -0.76559424 0.066563844 0.264499247 0.999999940 0.999999940 0.999999940
v -0.75525445 0.066451743 0.247952967 0.999999940 0.999999940 0.999999940
v -0.71040481 0.067782111 0.186067387 0.999999940 0.999999940 0.999999940
v -0.68431616 0.068799309 0.165524095 0.999999940 0.999999940 0.999999940
v -0.68511158 0.067821875 0.179376661 0.999999940 0.999999940 0.999999940
v -0.67808974 0.070921912 0.139478892 0.999999940 0.999999940 0.999999940
v -0.66971385 0.072710253 0.120066888 0.999999940 0.999999940 0.999999940
v -0.65970778 0.076514951 0.083034172 0.999999940 0.999999940 0.999999940
v -0.66231406 0.074290461 0.104173272 0.999999940 0.999999940 0.999999940
v -0.65103 0.072412125 0.123742699 0.999999940 0.999999940 0.999999940
v -0.6649974 0.070227168 0.146915406 0.999999940 0.999999940 0.999999940
v -0.64076602 0.073933959 0.109166823 0.999999940 0.999999940 0.999999940
v -0.63435644 0.072240948 0.127769246 0.999999940 0.999999940 0.999999940
v -0.64296561 0.076118432 0.087907560 0.999999940 0.999999940 0.999999940
v -0.65036285 0.078305795 0.067598909 0.999999940 0.999999940 0.999999940
v -0.66628891 0.079158484 0.059011936 0.999999940 0.999999940 0.999999940
v -0.61456877 0.075551964 0.098061941 0.999999940 0.999999940 0.999999940
v -0.62928736 0.077792123 0.074687451 0.999999940 0.999999940 0.999999940
v -0.60553604 0.078535154 0.073364011 0.999999940 0.999999940 0.999999940
v -0.64065379 0.080189347 0.052539862 0.999999940 0.999999940 0.999999940
v -0.62098569 0.080646261 0.052180323 0.999999940 0.999999940 0.999999940
v -0.65795887 0.081369541 0.040331099 0.999999940 0.999999940 0.999999940
v -0.67766154 0.081365764 0.038866478 0.999999940 0.999999940 0.999999940
v -0.69356656 0.082640804 0.026707682 0.999999940 0.999999940 0.999999940
v -0.68300062 0.084533236 0.009579109 0.999999940 0.999999940 0.999999940
v -0.66637528 0.083919100 0.017243193 0.999999940 0.999999940 0.999999940
v -0.64086771 0.083285339 0.026809886 0.999999940 0.999999940 0.999999940
v -0.62078363 0.083769783 0.027024328 0.999999940 0.999999940 0.999999940
v -0.6055091 0.081843361 0.045965090 0.999999940 0.999999940 0.999999940
v -0.57846159 0.079243436 0.075196698 0.999999940 0.999999940 0.999999940
v -0.58857042 0.082800805 0.042753823 0.999999940 0.999999940 0.999999940
v -0.60909081 0.085300862 0.017658228 0.999999940 0.999999940 0.999999940
v -0.58852118 0.085442282 0.021988937 0.999999940 0.999999940 0.999999940
v -0.63060534 0.085811875 0.008275763 0.999999940 0.999999940 0.999999940
v -0.65037304 0.086167216 0.000541577 0.999999940 0.999999940 0.999999940
v -0.67296124 0.086043775 -0.00302698 0.999999940 0.999999940 0.999999940
v -0.69529092 0.084709271 0.006424620 0.999999940 0.999999940 0.999999940
v -0.69392854 0.087228752 -0.01935044 0.999999940 0.999999940 0.999999940
v -0.59991938 0.087822273 0.000147922 0.999999940 0.999999940 0.999999940
v -0.68425119 0.090850040 -0.05792557 0.999999940 0.999999940 0.999999940
v -0.69503492 0.092241942 -0.08441406 0.999999940 0.999999940 0.999999940
v -0.70858926 0.092427991 -0.10002479 0.999999940 0.999999940 0.999999940
v -0.69447994 0.093849301 -0.11154548 0.999999940 0.999999940 0.999999940
v -0.68299913 0.095852933 -0.13519575 0.999999940 0.999999940 0.999999940
v -0.75007176 0.092102974 -0.15301624 0.999999940 0.999999940 0.999999940
v -0.74996579 0.075278952 -0.17302138 0.999999940 0.999999940 0.999999940
v -0.73420173 0.077355779 -0.20402518 0.999999940 0.999999940 0.999999940
v -0.74006826 0.076214045 -0.18066683 0.999999940 0.999999940 0.999999940
v -0.723647 0.078690946 -0.22237909 0.999999940 0.999999940 0.999999940
v -0.69938046 0.080105982 -0.20131852 0.999999940 0.999999940 0.999999940
v -0.67116362 0.083012111 -0.21676898 0.999999940 0.999999940 0.999999940
v -0.70027167 0.080600872 -0.21906534 0.999999940 0.999999940 0.999999940
v -0.7091186 0.080179773 -0.23287176 0.999999940 0.999999940 0.999999940
v -0.71019393 0.080448731 -0.25073421 0.999999940 0.999999940 0.999999940
v -0.72462785 0.079123549 -0.24833429 0.999999940 0.999999940 0.999999940
v -0.71787506 0.079986169 -0.26954934 0.999999940 0.999999940 0.999999940
v -0.6915493 0.082373738 -0.26870382 0.999999940 0.999999940 0.999999940
v -0.68867427 0.082404725 -0.25204048 0.999999940 0.999999940 0.999999940
v -0.67821616 0.082852780 -0.23126805 0.999999940 0.999999940 0.999999940
v -0.64659482 0.085496217 -0.2314916 0.999999940 0.999999940 0.999999940
v -0.66660511 0.084181875 -0.244527 0.999999940 0.999999940 0.999999940
v -0.67266577 0.083979062 -0.26148197 0.999999940 0.999999940 0.999999940
v -0.69205469 0.082438312 -0.28278202 0.999999940 0.999999940 0.999999940
v -0.66571367 0.084783852 -0.27915317 0.999999940 0.999999940 0.999999940
v -0.70562494 0.081216052 -0.28976205 0.999999940 0.999999940 0.999999940
v -0.6745733 0.084050081 -0.29787397 0.999999940 0.999999940 0.999999940
v -0.6410681 0.086757533 -0.27094945 0.999999940 0.999999940 0.999999940
v -0.65264159 0.085582196 -0.2547847 0.999999940 0.999999940 0.999999940
v -0.64601117 0.086496934 -0.29025775 0.999999940 0.999999940 0.999999940
v -0.6312862 0.086968816 -0.24242935 0.999999940 0.999999940 0.999999940
v -0.62675261 0.087780110 -0.26608905 0.999999940 0.999999940 0.999999940
v -0.61958987 0.088488847 -0.28863683 0.999999940 0.999999940 0.999999940
v -0.63321728 0.087491191 -0.30058658 0.999999940 0.999999940 0.999999940
v -0.64528245 0.086475387 -0.3131828 0.999999940 0.999999940 0.999999940
v -0.66068488 0.085211187 -0.30963957 0.999999940 0.999999940 0.999999940
v -0.70869422 0.080879300 -0.30921665 0.999999940 0.999999940 0.999999940
v -0.67961937 0.083472684 -0.31726623 0.999999940 0.999999940 0.999999940
v -0.71860552 0.079845242 -0.3234033 0.999999940 0.999999940 0.999999940
v -0.70075053 0.081421181 -0.32723835 0.999999940 0.999999940 0.999999940
v -0.65884495 0.085147038 -0.3283276 0.999999940 0.999999940 0.999999940
v -0.68689442 0.082506902 -0.33779094 0.999999940 0.999999940 0.999999940
v -0.73665982 0.050006896 0.207105636 0.999999940 0.999999940 0.999999940
v -0.72097462 0.048743985 0.225083202 0.999999940 0.999999940 0.999999940
v -0.71827585 0.049511313 0.205862298 0.999999940 0.999999940 0.999999940
v -0.73393142 0.050850324 0.190357938 0.999999940 0.999999940 0.999999940
v -0.73228621 0.051867943 0.174530908 0.999999940 0.999999940 0.999999940
v -0.71097809 0.050642106 0.183180183 0.999999940 0.999999940 0.999999940
v -0.7004326 0.048585832 0.218552887 0.999999940 0.999999940 0.999999940
v -0.69162786 0.049153901 0.203171312 0.999999940 0.999999940 0.999999940
v -0.70113528 0.048167660 0.230686321 0.999999940 0.999999940 0.999999940
v -0.6704458 0.048476528 0.216008037 0.999999940 0.999999940 0.999999940
v -0.68794745 0.049996081 0.187701553 0.999999940 0.999999940 0.999999940
v -0.66883641 0.049531698 0.194068431 0.999999940 0.999999940 0.999999940
v -0.71535575 0.052745156 0.156312704 0.999999940 0.999999940 0.999999940
v -0.70111483 0.051323700 0.170541480 0.999999940 0.999999940 0.999999940
v -0.71366435 0.054921682 0.131239488 0.999999940 0.999999940 0.999999940
v -0.69977391 0.053490784 0.143558934 0.999999940 0.999999940 0.999999940
v -0.68531132 0.051800537 0.161197766 0.999999940 0.999999940 0.999999940
v -0.66890115 0.050898686 0.172512203 0.999999940 0.999999940 0.999999940
v -0.65270531 0.049820002 0.190212994 0.999999940 0.999999940 0.999999940
v -0.65234447 0.048659414 0.213600024 0.999999940 0.999999940 0.999999940
v -0.63799852 0.048909504 0.211643025 0.999999940 0.999999940 0.999999940
v -0.65213209 0.051113743 0.170394256 0.999999940 0.999999940 0.999999940
v -0.6322338 0.050772178 0.179659768 0.999999940 0.999999940 0.999999940
v -0.62642717 0.050100900 0.192561179 0.999999940 0.999999940 0.999999940
v -0.66442317 0.052981935 0.146069258 0.999999940 0.999999940 0.999999940
v -0.67607588 0.053304705 0.142691895 0.999999940 0.999999940 0.999999940
v -0.69479835 0.054565794 0.130749419 0.999999940 0.999999940 0.999999940
v -0.70571905 0.057294916 0.104981765 0.999999940 0.999999940 0.999999940
v -0.68986845 0.057328779 0.102095499 0.999999940 0.999999940 0.999999940
v -0.67218727 0.055169567 0.122203968 0.999999940 0.999999940 0.999999940
v -0.64623046 0.052947025 0.147906541 0.999999940 0.999999940 0.999999940
v -0.65038848 0.054476656 0.130235284 0.999999940 0.999999940 0.999999940
v -0.63820374 0.051932767 0.161763131 0.999999940 0.999999940 0.999999940
v -0.61326373 0.052377205 0.163296788 0.999999940 0.999999940 0.999999940
v -0.61195862 0.051151473 0.181540533 0.999999940 0.999999940 0.999999940
v -0.60923105 0.050209436 0.198697060 0.999999940 0.999999940 0.999999940
v -0.61640137 0.049364067 0.211487621 0.999999940 0.999999940 0.999999940
v -0.59271407 0.050102591 0.212427794 0.999999940 0.999999940 0.999999940
v -0.59183228 0.051474314 0.187288120 0.999999940 0.999999940 0.999999940
v -0.6002425 0.052481085 0.167666897 0.999999940 0.999999940 0.999999940
v -0.62206638 0.053837072 0.142275467 0.999999940 0.999999940 0.999999940
v -0.60623115 0.054217182 0.143108785 0.999999940 0.999999940 0.999999940
v -0.59025145 0.054571740 0.145574227 0.999999940 0.999999940 0.999999940
v -0.63070273 0.054947946 0.128023788 0.999999940 0.999999940 0.999999940
v -0.63978511 0.056575913 0.109547644 0.999999940 0.999999940 0.999999940
v -0.67362911 0.057250738 0.101434499 0.999999940 0.999999940 0.999999940
v -0.6208691 0.057012599 0.108429282 0.999999940 0.999999940 0.999999940
v -0.60189897 0.056128397 0.123000793 0.999999940 0.999999940 0.999999940
v -0.57055116 0.056735612 0.129904091 0.999999940 0.999999940 0.999999940
v -0.58751619 0.057147271 0.117411188 0.999999940 0.999999940 0.999999940
v -0.57676089 0.054758638 0.150403782 0.999999940 0.999999940 0.999999940
v -0.5737657 0.053561590 0.168009519 0.999999940 0.999999940 0.999999940
v -0.57684916 0.051699679 0.194635123 0.999999940 0.999999940 0.999999940
v -0.57268196 0.050600409 0.220545738 0.999999940 0.999999940 0.999999940
v -0.55186188 0.051832411 0.218534678 0.999999940 0.999999940 0.999999940
v -0.56002098 0.052315671 0.199409857 0.999999940 0.999999940 0.999999940
v -0.55584753 0.053740847 0.179325014 0.999999940 0.999999940 0.999999940
v -0.56218618 0.055262047 0.152992561 0.999999940 0.999999940 0.999999940
v -0.55700088 0.057826232 0.124751113 0.999999940 0.999999940 0.999999940
v -0.57154608 0.058384966 0.111241333 0.999999940 0.999999940 0.999999940
v -0.58362055 0.059439312 0.095743402 0.999999940 0.999999940 0.999999940
v -0.60745269 0.058280415 0.099327646 0.999999940 0.999999940 0.999999940
v -0.60455358 0.060424495 0.080247998 0.999999940 0.999999940 0.999999940
v -0.58081406 0.060851015 0.083576567 0.999999940 0.999999940 0.999999940
v -0.55423123 0.060843940 0.094228811 0.999999940 0.999999940 0.999999940
v -0.54781449 0.059978630 0.106237977 0.999999940 0.999999940 0.999999940
v -0.53956771 0.059445332 0.116671308 0.999999940 0.999999940 0.999999940
v -0.53978842 0.057752110 0.136833936 0.999999940 0.999999940 0.999999940
v -0.54045326 0.056474749 0.152959883 0.999999940 0.999999940 0.999999940
v -0.53033727 0.056328561 0.163880571 0.999999940 0.999999940 0.999999940
v -0.54147798 0.054223649 0.185512155 0.999999940 0.999999940 0.999999940
v -0.54311895 0.053373504 0.198454007 0.999999940 0.999999940 0.999999940
v -0.5268442 0.053714465 0.213079378 0.999999940 0.999999940 0.999999940
v -0.5189442 0.055361781 0.191984117 0.999999940 0.999999940 0.999999940
v -0.51877797 0.056449309 0.173881515 0.999999940 0.999999940 0.999999940
v -0.50915062 0.058929622 0.146563917 0.999999940 0.999999940 0.999999940
v -0.51342618 0.059784460 0.131142959 0.999999940 0.999999940 0.999999940
v -0.51678216 0.06043984 0.120203413 0.999999940 0.999999940 0.999999940
v -0.52368867 0.062416736 0.093761891 0.999999940 0.999999940 0.999999940
v -0.51192397 0.062194496 0.103005491 0.999999940 0.999999940 0.999999940
v -0.54762042 0.062446069 0.081866368 0.999999940 0.999999940 0.999999940
v -0.56632245 0.063411943 0.066053234 0.999999940 0.999999940 0.999999940
v -0.58833498 0.063006445 0.062466427 0.999999940 0.999999940 0.999999940
v -0.60472441 0.063134230 0.057045366 0.999999940 0.999999940 0.999999940
v -0.59757131 0.065769597 0.037492577 0.999999940 0.999999940 0.999999940
v -0.55890518 0.066202148 0.045321438 0.999999940 0.999999940 0.999999940
v -0.57960564 0.066832721 0.033996708 0.999999940 0.999999940 0.999999940
v -0.54412991 0.064721226 0.062872044 0.999999940 0.999999940 0.999999940
v -0.51994795 0.066094212 0.060276825 0.999999940 0.999999940 0.999999940
v -0.50849104 0.064668305 0.078735522 0.999999940 0.999999940 0.999999940
v -0.48566794 0.064566195 0.092525988 0.999999940 0.999999940 0.999999940
v -0.49610198 0.062727734 0.107303373 0.999999940 0.999999940 0.999999940
v -0.47911939 0.062984913 0.117159247 0.999999940 0.999999940 0.999999940
v -0.4843885 0.061284676 0.136671647 0.999999940 0.999999940 0.999999940
v -0.49514741 0.059106033 0.158558249 0.999999940 0.999999940 0.999999940
v -0.49013832 0.058688685 0.171305894 0.999999940 0.999999940 0.999999940
v -0.51300788 0.055304739 0.201252028 0.999999940 0.999999940 0.999999940
v -0.49419817 0.057269822 0.191071122 0.999999940 0.999999940 0.999999940
v -0.47201553 0.059730917 0.177545830 0.999999940 0.999999940 0.999999940
v -0.46861309 0.061598565 0.149110823 0.999999940 0.999999940 0.999999940
v -0.45477718 0.061894368 0.161855831 0.999999940 0.999999940 0.999999940
v -0.45699251 0.063597194 0.128758043 0.999999940 0.999999940 0.999999940
v -0.43740705 0.065690353 0.113928981 0.999999940 0.999999940 0.999999940
v -0.46411851 0.064796559 0.104446552 0.999999940 0.999999940 0.999999940
v -0.46155688 0.065756760 0.093502149 0.999999940 0.999999940 0.999999940
v -0.47992378 0.066137179 0.077980950 0.999999940 0.999999940 0.999999940
v -0.50286388 0.066755637 0.061109703 0.999999940 0.999999940 0.999999940
v -0.52527589 0.067940980 0.042209968 0.999999940 0.999999940 0.999999940
v -0.50702417 0.069199748 0.037510827 0.999999940 0.999999940 0.999999940
v -0.55125386 0.068504333 0.029193520 0.999999940 0.999999940 0.999999940
v -0.58344275 0.068502448 0.019778428 0.999999940 0.999999940 0.999999940
v -0.53799587 0.070682071 0.015699718 0.999999940 0.999999940 0.999999940
v -0.50882542 0.071230113 0.019470704 0.999999940 0.999999940 0.999999940
v -0.47957823 0.070599861 0.033581759 0.999999940 0.999999940 0.999999940
v -0.48414528 0.067785844 0.058865703 0.999999940 0.999999940 0.999999940
v -0.46200788 0.068179704 0.064385302 0.999999940 0.999999940 0.999999940
v -0.45049852 0.067045673 0.08354377 0.999999940 0.999999940 0.999999940
v -0.44059342 0.066284097 0.101255513 0.999999940 0.999999940 0.999999940
v -0.43231231 0.065197393 0.127974197 0.999999940 0.999999940 0.999999940
v -0.41174302 0.066827461 0.118483260 0.999999940 0.999999940 0.999999940
v -0.42263851 0.067260794 0.099631644 0.999999940 0.999999940 0.999999940
v -0.43973094 0.063909627 0.143802881 0.999999940 0.999999940 0.999999940
v -0.44137913 0.062443636 0.170921281 0.999999940 0.999999940 0.999999940
v -0.42926031 0.063998937 0.156680315 0.999999940 0.999999940 0.999999940
v -0.41561514 0.065250664 0.148807585 0.999999940 0.999999940 0.999999940
v -0.40377864 0.066237628 0.142768099 0.999999940 0.999999940 0.999999940
v -0.40372279 0.068039402 0.100692071 0.999999940 0.999999940 0.999999940
v -0.39337736 0.067642249 0.120829455 0.999999940 0.999999940 0.999999940
v -0.42320463 0.067886196 0.088780179 0.999999940 0.999999940 0.999999940
v -0.43323162 0.068921700 0.068306818 0.999999940 0.999999940 0.999999940
v -0.44571707 0.069724887 0.053186029 0.999999940 0.999999940 0.999999940
v -0.46796989 0.069604106 0.046728733 0.999999940 0.999999940 0.999999940
v -0.49016011 0.072474159 0.013355539 0.999999940 0.999999940 0.999999940
v -0.47569793 0.073196083 0.009883003 0.999999940 0.999999940 0.999999940
v -0.4538255 0.071738988 0.028618052 0.999999940 0.999999940 0.999999940
v -0.51938713 0.072753280 0.003928503 0.999999940 0.999999940 0.999999940
v -0.52679628 0.074483916 -0.01234809 0.999999940 0.999999940 0.999999940
v -0.49857986 0.074708797 -0.00815348 0.999999940 0.999999940 0.999999940
v -0.47812009 0.07647302 -0.02098926 0.999999940 0.999999940 0.999999940
v -0.46751344 0.074426949 -0.00042125 0.999999940 0.999999940 0.999999940
v -0.45341495 0.074737608 -0.00190312 0.999999940 0.999999940 0.999999940
v -0.43764839 0.073046900 0.017664955 0.999999940 0.999999940 0.999999940
v -0.43680349 0.071203060 0.038649469 0.999999940 0.999999940 0.999999940
v -0.42272061 0.070199661 0.055072743 0.999999940 0.999999940 0.999999940
v -0.41214353 0.069133549 0.075248792 0.999999940 0.999999940 0.999999940
v -0.39610845 0.069787465 0.071161702 0.999999940 0.999999940 0.999999940
v -0.39410391 0.068746887 0.093229129 0.999999940 0.999999940 0.999999940
v -0.38533968 0.067270070 0.142982617 0.999999940 0.999999940 0.999999940
v -0.36893991 0.068946376 0.111053720 0.999999940 0.999999940 0.999999940
v -0.36038503 0.068786621 0.133699670 0.999999940 0.999999940 0.999999940
v -0.39224434 0.065946266 0.170381873 0.999999940 0.999999940 0.999999940
v -0.41093284 0.064448423 0.176320269 0.999999940 0.999999940 0.999999940
v -0.42947039 0.062871471 0.181638062 0.999999940 0.999999940 0.999999940
v -0.4143025 0.063496619 0.195440277 0.999999940 0.999999940 0.999999940
v -0.38898286 0.065499313 0.191174551 0.999999940 0.999999940 0.999999940
v -0.36684433 0.067449130 0.171438321 0.999999940 0.999999940 0.999999940
v -0.35100228 0.069853022 0.132302075 0.999999940 0.999999940 0.999999940
v -0.33760116 0.070312537 0.106742426 0.999999940 0.999999940 0.999999940
v -0.35672727 0.068840973 0.151069238 0.999999940 0.999999940 0.999999940
v -0.37648416 0.069538809 0.087027087 0.999999940 0.999999940 0.999999940
v -0.35007554 0.070755101 0.073428668 0.999999940 0.999999940 0.999999940
v -0.3347933 0.070663854 0.094744816 0.999999940 0.999999940 0.999999940
v -0.36528885 0.070646233 0.064341165 0.999999940 0.999999940 0.999999940
v -0.40223119 0.070637919 0.054847754 0.999999940 0.999999940 0.999999940
v -0.40789402 0.071685046 0.038189303 0.999999940 0.999999940 0.999999940
v -0.44170037 0.075260996 -0.00678748 0.999999940 0.999999940 0.999999940
v -0.4254418 0.074574589 0.000786092 0.999999940 0.999999940 0.999999940
v -0.40325567 0.072671167 0.024692403 0.999999940 0.999999940 0.999999940
v -0.38398439 0.070947289 0.053557597 0.999999940 0.999999940 0.999999940
v -0.37494937 0.071934387 0.036203380 0.999999940 0.999999940 0.999999940
v -0.34550098 0.071868017 0.036855332 0.999999940 0.999999940 0.999999940
v -0.35045847 0.071193695 0.064144983 0.999999940 0.999999940 0.999999940
v -0.34477991 0.072140805 0.050026483 0.999999940 0.999999940 0.999999940
v -0.34437799 0.072633996 0.071221500 0.999999940 0.999999940 0.999999940
v -0.34480399 0.073127001 0.064464300 0.999999940 0.999999940 0.999999940
v -0.34139401 0.073332697 0.075952097 0.999999940 0.999999940 0.999999940
v -0.33960956 0.071255236 0.084139980 0.999999940 0.999999940 0.999999940
v -0.33318099 0.072962999 0.091943599 0.999999940 0.999999940 0.999999940
v -0.33256301 0.071733400 0.102113500 0.999999940 0.999999940 0.999999940
v -0.332302 0.072132401 0.096516102 0.999999940 0.999999940 0.999999940
v -0.33986199 0.072382003 0.079289697 0.999999940 0.999999940 0.999999940
v -0.33710599 0.072271697 0.083563901 0.999999940 0.999999940 0.999999940
v -0.33515301 0.073045201 0.087555997 0.999999940 0.999999940 0.999999940
v -0.33722484 0.073870621 0.081280626 0.999999940 0.999999940 0.999999940
v -0.34160501 0.074676796 0.071538701 0.999999940 0.999999940 0.999999940
v -0.339066 0.077450901 0.076750099 0.999999940 0.999999940 0.999999940
v -0.34138 0.076523296 0.062576197 0.999999940 0.999999940 0.999999940
v -0.34354001 0.073386199 0.060213100 0.999999940 0.999999940 0.999999940
v -0.34625301 0.071989901 0.057968698 0.999999940 0.999999940 0.999999940
v -0.34319699 0.073099598 0.057596098 0.999999940 0.999999940 0.999999940
v -0.34110001 0.074634097 0.0538323 0.999999940 0.999999940 0.999999940
v -0.34019899 0.072886601 0.044180300 0.999999940 0.999999940 0.999999940
v -0.33842301 0.074834801 0.046681501 0.999999940 0.999999940 0.999999940
v -0.33774599 0.072719797 0.036398999 0.999999940 0.999999940 0.999999940
v -0.35954174 0.072449035 0.023428233 0.999999940 0.999999940 0.999999940
v -0.33120558 0.072664476 0.011357035 0.999999940 0.999999940 0.999999940
v -0.33144927 0.072442911 0.023599969 0.999999940 0.999999940 0.999999940
v -0.38116488 0.072990052 0.018659448 0.999999940 0.999999940 0.999999940
v -0.35308075 0.073501035 0.001626018 0.999999940 0.999999940 0.999999940
v -0.37215465 0.073693603 0.005199465 0.999999940 0.999999940 0.999999940
v -0.326451 0.073359802 0.010507400 0.999999940 0.999999940 0.999999940
v -0.33023655 0.073148973 0.006042657 0.999999940 0.999999940 0.999999940
v -0.33251399 0.073715202 0.033950001 0.999999940 0.999999940 0.999999940
v -0.328334 0.073927700 0.024795899 0.999999940 0.999999940 0.999999940
v -0.32679099 0.073394700 0.016986999 0.999999940 0.999999940 0.999999940
v -0.32615301 0.075308799 0.020081700 0.999999940 0.999999940 0.999999940
v -0.33738601 0.074118599 0.043706201 0.999999940 0.999999940 0.999999940
v -0.335255 0.074939496 0.040012098 0.999999940 0.999999940 0.999999940
v -0.336923 0.075349502 0.044410601 0.999999940 0.999999940 0.999999940
v -0.33770299 0.078747600 0.047749299 0.999999940 0.999999940 0.999999940
v -0.342253 0.074029900 0.058499600 0.999999940 0.999999940 0.999999940
v -0.34148619 0.082633256 0.070346117 0.999999940 0.999999940 0.999999940
v -0.34122801 0.081752598 0.060010299 0.999999940 0.999999940 0.999999940
v -0.33937526 0.082289308 0.050353433 0.999999940 0.999999940 0.999999940
v -0.33138201 0.079353801 0.032524701 0.999999940 0.999999940 0.999999940
v -0.3303906 0.075547009 0.031649306 0.999999940 0.999999940 0.999999940
v -0.32460201 0.075287900 0.015634600 0.999999940 0.999999940 0.999999940
v -0.32646 0.080457203 0.016346499 0.999999940 0.999999940 0.999999940
v -0.32412401 0.074268899 0.011875700 0.999999940 0.999999940 0.999999940
v -0.32896301 0.074771203 0.004894730 0.999999940 0.999999940 0.999999940
v -0.32593799 0.075650401 0.00980228 0.999999940 0.999999940 0.999999940
v -0.34417319 0.074015356 -0.00388701 0.999999940 0.999999940 0.999999940
v -0.33533999 0.074098698 -0.00022861 0.999999940 0.999999940 0.999999940
v -0.33111599 0.073927901 0.002525609 0.999999940 0.999999940 0.999999940
v -0.35709581 0.074969299 -0.01791058 0.999999940 0.999999940 0.999999940
v -0.36315599 0.075615420 -0.02700855 0.999999940 0.999999940 0.999999940
v -0.339151 0.075551301 -0.00380564 0.999999940 0.999999940 0.999999940
v -0.34822199 0.076261401 -0.0122564 0.999999940 0.999999940 0.999999940
v -0.33194119 0.075369678 0.001693964 0.999999940 0.999999940 0.999999940
v -0.33056501 0.078680202 0.00426077 0.999999940 0.999999940 0.999999940
v -0.32431999 0.075854502 0.013215299 0.999999940 0.999999940 0.999999940
v -0.32531899 0.086162097 0.014466499 0.999999940 0.999999940 0.999999940
v -0.32615 0.085523702 0.018042 0.999999940 0.999999940 0.999999940
v -0.3269099 0.084617316 0.020728301 0.999999940 0.999999940 0.999999940
v -0.32545412 0.087012566 0.009976789 0.999999940 0.999999940 0.999999940
v -0.33149299 0.084654197 0.030774099 0.999999940 0.999999940 0.999999940
v -0.32791901 0.086551301 0.021868400 0.999999940 0.999999940 0.999999940
v -0.329855 0.086105898 0.026595100 0.999999940 0.999999940 0.999999940
v -0.327535 0.087936699 0.016217099 0.999999940 0.999999940 0.999999940
v -0.32509899 0.087874896 0.010822500 0.999999940 0.999999940 0.999999940
v -0.32625401 0.087501600 0.008485109 0.999999940 0.999999940 0.999999940
v -0.329721 0.087163098 0.004276759 0.999999940 0.999999940 0.999999940
v -0.33315584 0.086631335 0.000184028 0.999999940 0.999999940 0.999999940
v -0.341005 0.081163600 -0.00646182 0.999999940 0.999999940 0.999999940
v -0.353919 0.076873198 -0.0188396 0.999999940 0.999999940 0.999999940
v -0.352438 0.083900399 -0.0209791 0.999999940 0.999999940 0.999999940
v -0.35603401 0.075883597 -0.0210826 0.999999940 0.999999940 0.999999940
v -0.3549937 0.078753426 -0.02272949 0.999999940 0.999999940 0.999999940
v -0.351179 0.089022599 -0.0167098 0.999999940 0.999999940 0.999999940
v -0.353443 0.089920796 -0.0184889 0.999999940 0.999999940 0.999999940
v -0.349161 0.089171201 -0.0137918 0.999999940 0.999999940 0.999999940
v -0.35534799 0.078146897 -0.0280918 0.999999940 0.999999940 0.999999940
v -0.35528699 0.090134598 -0.0224339 0.999999940 0.999999940 0.999999940
v -0.35426801 0.088861599 -0.0295804 0.999999940 0.999999940 0.999999940
v -0.34325501 0.087671198 -0.00723555 0.999999940 0.999999940 0.999999940
v -0.35294199 0.081759601 -0.031931 0.999999940 0.999999940 0.999999940
v -0.34008601 0.087423197 -0.00441564 0.999999940 0.999999940 0.999999940
v -0.33645499 0.088657297 -0.00085149 0.999999940 0.999999940 0.999999940
v -0.33189601 0.088514901 0.00230293 0.999999940 0.999999940 0.999999940
v -0.33105996 0.089264087 0.006113184 0.999999940 0.999999940 0.999999940
v -0.33328199 0.087358303 0.028877699 0.999999940 0.999999940 0.999999940
v -0.33473501 0.085693903 0.036124799 0.999999940 0.999999940 0.999999940
v -0.341308 0.085579998 0.050199098 0.999999940 0.999999940 0.999999940
v -0.34281501 0.085339300 0.055566098 0.999999940 0.999999940 0.999999940
v -0.343196 0.084762997 0.059604998 0.999999940 0.999999940 0.999999940
v -0.34511399 0.085735000 0.064519703 0.999999940 0.999999940 0.999999940
v -0.344311 0.085251502 0.069452196 0.999999940 0.999999940 0.999999940
v -0.342751 0.085294000 0.074253596 0.999999940 0.999999940 0.999999940
v -0.341322 0.085566699 0.077647000 0.999999940 0.999999940 0.999999940
v -0.338716 0.084863998 0.081331402 0.999999940 0.999999940 0.999999940
v -0.33684599 0.083395600 0.083699800 0.999999940 0.999999940 0.999999940
v -0.33939099 0.086070902 0.086056098 0.999999940 0.999999940 0.999999940
v -0.33405 0.084353901 0.090152397 0.999999940 0.999999940 0.999999940
v -0.33382699 0.082572996 0.089853301 0.999999940 0.999999940 0.999999940
v -0.334043 0.077325798 0.091364599 0.999999940 0.999999940 0.999999940
v -0.33309001 0.083593800 0.094052903 0.999999940 0.999999940 0.999999940
v -0.335437 0.085777297 0.092698797 0.999999940 0.999999940 0.999999940
v -0.33273301 0.085049003 0.099544800 0.999999940 0.999999940 0.999999940
v -0.33252901 0.084037803 0.100451 0.999999940 0.999999940 0.999999940
v -0.33379301 0.081235200 0.104621999 0.999999940 0.999999940 0.999999940
v -0.33279899 0.074434801 0.101373001 0.999999940 0.999999940 0.999999940
v -0.33408046 0.071728825 0.108945727 0.999999940 0.999999940 0.999999940
v -0.33780569 0.074991263 0.119141332 0.999999940 0.999999940 0.999999940
v -0.335814 0.084248296 0.110792003 0.999999940 0.999999940 0.999999940
v -0.33381 0.084200300 0.106496997 0.999999940 0.999999940 0.999999940
v -0.33317101 0.084667898 0.103124000 0.999999940 0.999999940 0.999999940
v -0.33733499 0.082802899 0.116613999 0.999999940 0.999999940 0.999999940
v -0.33467999 0.085251502 0.106586001 0.999999940 0.999999940 0.999999940
v -0.338092 0.084199599 0.116884999 0.999999940 0.999999940 0.999999940
v -0.33929899 0.083077602 0.119938001 0.999999940 0.999999940 0.999999940
v -0.33874452 0.072074547 0.119435496 0.999999940 0.999999940 0.999999940
v -0.34454843 0.075839452 0.133049458 0.999999940 0.999999940 0.999999940
v -0.34361801 0.083183802 0.128181994 0.999999940 0.999999940 0.999999940
v -0.3446731 0.081775955 0.132354229 0.999999940 0.999999940 0.999999940
v -0.33572 0.071431800 0.111924998 0.999999940 0.999999940 0.999999940
v -0.334447 0.070963703 0.107626996 0.999999940 0.999999940 0.999999940
v -0.34139299 0.070714600 0.119691997 0.999999940 0.999999940 0.999999940
v -0.34539801 0.072166703 0.131252005 0.999999940 0.999999940 0.999999940
v -0.3480303 0.074730522 0.140781059 0.999999940 0.999999940 0.999999940
v -0.34912801 0.078714996 0.144777998 0.999999940 0.999999940 0.999999940
v -0.34518 0.083770200 0.130705997 0.999999940 0.999999940 0.999999940
v -0.347312 0.082554899 0.136467993 0.999999940 0.999999940 0.999999940
v -0.346284 0.085190102 0.126247003 0.999999940 0.999999940 0.999999940
v -0.34152699 0.085201501 0.119180999 0.999999940 0.999999940 0.999999940
v -0.34982499 0.083878397 0.141322001 0.999999940 0.999999940 0.999999940
v -0.34970841 0.082154251 0.145213410 0.999999940 0.999999940 0.999999940
v -0.35267401 0.074734799 0.156628996 0.999999940 0.999999940 0.999999940
v -0.35151401 0.072160996 0.151448994 0.999999940 0.999999940 0.999999940
v -0.35167301 0.083139799 0.148662999 0.999999940 0.999999940 0.999999940
v -0.35360366 0.081720650 0.158644929 0.999999940 0.999999940 0.999999940
v -0.352604 0.070000097 0.150677993 0.999999940 0.999999940 0.999999940
v -0.34823999 0.071526400 0.136297002 0.999999940 0.999999940 0.999999940
v -0.35467601 0.070220202 0.155597001 0.999999940 0.999999940 0.999999940
v -0.35612899 0.069706499 0.162033006 0.999999940 0.999999940 0.999999940
v -0.35426 0.072802603 0.164546996 0.999999940 0.999999940 0.999999940
v -0.353585 0.077312201 0.164915993 0.999999940 0.999999940 0.999999940
v -0.354433 0.084239296 0.153918996 0.999999940 0.999999940 0.999999940
v -0.356049 0.084177300 0.160350993 0.999999940 0.999999940 0.999999940
v -0.35511699 0.082332097 0.165564000 0.999999940 0.999999940 0.999999940
v -0.35116199 0.084013000 0.146026998 0.999999940 0.999999940 0.999999940
v -0.35433799 0.083483099 0.172864005 0.999999940 0.999999940 0.999999940
v -0.352635 0.080204203 0.171919003 0.999999940 0.999999940 0.999999940
v -0.352516 0.074202202 0.171499997 0.999999940 0.999999940 0.999999940
v -0.35555699 0.070223003 0.167944997 0.999999940 0.999999940 0.999999940
v -0.35990214 0.068071685 0.173513144 0.999999940 0.999999940 0.999999940
v -0.353807 0.069718599 0.173871994 0.999999940 0.999999940 0.999999940
v -0.35336006 0.068023711 0.181730717 0.999999940 0.999999940 0.999999940
v -0.35134199 0.068904496 0.177769005 0.999999940 0.999999940 0.999999940
v -0.34892771 0.070665977 0.178710699 0.999999940 0.999999940 0.999999940
v -0.34782529 0.082096681 0.180253997 0.999999940 0.999999940 0.999999940
v -0.351051 0.083602502 0.177285999 0.999999940 0.999999940 0.999999940
v -0.34703699 0.083664201 0.181539997 0.999999940 0.999999940 0.999999940
v -0.3459402 0.076477624 0.184676170 0.999999940 0.999999940 0.999999940
v -0.347534 0.069652296 0.180687993 0.999999940 0.999999940 0.999999940
v -0.38256529 0.065740577 0.198434457 0.999999940 0.999999940 0.999999940
v -0.3462854 0.068636320 0.191161871 0.999999940 0.999999940 0.999999940
v -0.34747499 0.068748801 0.183364003 0.999999940 0.999999940 0.999999940
v -0.35342214 0.067741736 0.207858607 0.999999940 0.999999940 0.999999940
v -0.41399091 0.063037976 0.209632560 0.999999940 0.999999940 0.999999940
v -0.38644496 0.064766772 0.224401190 0.999999940 0.999999940 0.999999940
v -0.34840599 0.068647697 0.202197000 0.999999940 0.999999940 0.999999940
v -0.346838 0.069755703 0.204439997 0.999999940 0.999999940 0.999999940
v -0.34931201 0.070949599 0.209619000 0.999999940 0.999999940 0.999999940
v -0.35207099 0.070602998 0.217794999 0.999999940 0.999999940 0.999999940
v -0.35503 0.067873299 0.216392993 0.999999940 0.999999940 0.999999940
v -0.35861874 0.067096293 0.222652241 0.999999940 0.999999940 0.999999940
v -0.36335254 0.066282115 0.232458159 0.999999940 0.999999940 0.999999940
v -0.34549201 0.071535602 0.200856998 0.999999940 0.999999940 0.999999940
v -0.34393901 0.071279503 0.194304004 0.999999940 0.999999940 0.999999940
v -0.34369999 0.070030599 0.189384996 0.999999940 0.999999940 0.999999940
v -0.34525499 0.070225298 0.184147998 0.999999940 0.999999940 0.999999940
v -0.343523 0.072746403 0.190788000 0.999999940 0.999999940 0.999999940
v -0.34452301 0.082228899 0.189597994 0.999999940 0.999999940 0.999999940
v -0.34541401 0.083570398 0.184247002 0.999999940 0.999999940 0.999999940
v -0.34455699 0.076832398 0.194520995 0.999999940 0.999999940 0.999999940
v -0.34753999 0.084757097 0.183548003 0.999999940 0.999999940 0.999999940
v -0.3475576 0.084571108 0.193334654 0.999999940 0.999999940 0.999999940
v -0.34500599 0.082194000 0.197220996 0.999999940 0.999999940 0.999999940
v -0.34719303 0.083023130 0.206070095 0.999999940 0.999999940 0.999999940
v -0.34652799 0.071204401 0.204767003 0.999999940 0.999999940 0.999999940
v -0.34997299 0.078511402 0.213451996 0.999999940 0.999999940 0.999999940
v -0.35326499 0.069213599 0.219199001 0.999999940 0.999999940 0.999999940
v -0.35274619 0.071459844 0.221540466 0.999999940 0.999999940 0.999999940
v -0.35081801 0.076701797 0.224009007 0.999999940 0.999999940 0.999999940
v -0.35374501 0.070039100 0.222688004 0.999999940 0.999999940 0.999999940
v -0.35341477 0.067392773 0.230442211 0.999999940 0.999999940 0.999999940
v -0.35235199 0.068826302 0.227782994 0.999999940 0.999999940 0.999999940
v -0.37342715 0.065290018 0.247021645 0.999999940 0.999999940 0.999999940
v -0.34005135 0.067677788 0.243755176 0.999999940 0.999999940 0.999999940
v -0.34615201 0.068612001 0.234454006 0.999999940 0.999999940 0.999999940
v -0.349426 0.069904096 0.230920001 0.999999940 0.999999940 0.999999940
v -0.350914 0.071773402 0.226761996 0.999999940 0.999999940 0.999999940
v -0.35235199 0.080781199 0.216565996 0.999999940 0.999999940 0.999999940
v -0.35058701 0.081452302 0.212605997 0.999999940 0.999999940 0.999999940
v -0.35312399 0.080897197 0.220976993 0.999999940 0.999999940 0.999999940
v -0.352034 0.081284999 0.226702004 0.999999940 0.999999940 0.999999940
v -0.349123 0.080829702 0.230459004 0.999999940 0.999999940 0.999999940
v -0.34429699 0.076231598 0.234077006 0.999999940 0.999999940 0.999999940
v -0.34618199 0.083509102 0.202279999 0.999999940 0.999999940 0.999999940
v -0.347229 0.084184996 0.204854995 0.999999940 0.999999940 0.999999940
v -0.349433 0.083730898 0.208603993 0.999999940 0.999999940 0.999999940
v -0.34629399 0.082806102 0.234426006 0.999999940 0.999999940 0.999999940
v -0.34434667 0.080399431 0.234753027 0.999999940 0.999999940 0.999999940
v -0.32834828 0.082348644 0.247682452 0.999999940 0.999999940 0.999999940
v -0.331745 0.079098299 0.245351001 0.999999940 0.999999940 0.999999940
v -0.34189174 0.071975477 0.236455395 0.999999940 0.999999940 0.999999940
v -0.336712 0.068961903 0.241486996 0.999999940 0.999999940 0.999999940
v -0.36705515 0.065488435 0.266252785 0.999999940 0.999999940 0.999999940
v -0.32805219 0.068502068 0.251130133 0.999999940 0.999999940 0.999999940
v -0.332133 0.068263597 0.246527999 0.999999940 0.999999940 0.999999940
v -0.332908 0.068608596 0.243774995 0.999999940 0.999999940 0.999999940
v -0.33346 0.069471202 0.243351995 0.999999940 0.999999940 0.999999940
v -0.33108601 0.072059601 0.246228992 0.999999940 0.999999940 0.999999940
v -0.325537 0.079367801 0.255221009 0.999999940 0.999999940 0.999999940
v -0.32492301 0.082630097 0.256559014 0.999999940 0.999999940 0.999999940
v -0.332192 0.084115296 0.244872003 0.999999940 0.999999940 0.999999940
v -0.32771 0.084253199 0.248947992 0.999999940 0.999999940 0.999999940
v -0.32604301 0.084007799 0.251720994 0.999999940 0.999999940 0.999999940
v -0.33905399 0.083638601 0.240390002 0.999999940 0.999999940 0.999999940
v -0.3302494 0.085020080 0.249987527 0.999999940 0.999999940 0.999999940
v -0.32810551 0.084406569 0.262260288 0.999999940 0.999999940 0.999999940
v -0.32475701 0.082900397 0.262827992 0.999999940 0.999999940 0.999999940
v -0.324056 0.079960398 0.261065006 0.999999940 0.999999940 0.999999940
v -0.32471299 0.074494302 0.257400006 0.999999940 0.999999940 0.999999940
v -0.32621601 0.070426799 0.250995010 0.999999940 0.999999940 0.999999940
v -0.33379522 0.068082645 0.276269584 0.999999940 0.999999940 0.999999940
v -0.32860833 0.068603627 0.269131422 0.999999940 0.999999940 0.999999940
v -0.32416701 0.069617003 0.253069013 0.999999940 0.999999940 0.999999940
v -0.35423788 0.066343203 0.290128678 0.999999940 0.999999940 0.999999940
v -0.35368842 0.067126601 0.302746892 0.999999940 0.999999940 0.999999940
v -0.327465 0.071050897 0.274540990 0.999999940 0.999999940 0.999999940
v -0.331489 0.070508897 0.281033009 0.999999940 0.999999940 0.999999940
v -0.33331001 0.069495096 0.284108012 0.999999940 0.999999940 0.999999940
v -0.33630499 0.068371996 0.284556001 0.999999940 0.999999940 0.999999940
v -0.323484 0.070526599 0.257416993 0.999999940 0.999999940 0.999999940
v -0.32399899 0.070932202 0.265056014 0.999999940 0.999999940 0.999999940
v -0.325248 0.071115002 0.269901990 0.999999940 0.999999940 0.999999940
v -0.32368401 0.070870697 0.254435986 0.999999940 0.999999940 0.999999940
v -0.32440999 0.079617135 0.266420215 0.999999940 0.999999940 0.999999940
v -0.32487199 0.074679501 0.268000006 0.999999940 0.999999940 0.999999940
v -0.32577899 0.082874797 0.268795996 0.999999940 0.999999940 0.999999940
v -0.33161461 0.084232904 0.273498714 0.999999940 0.999999940 0.999999940
v -0.34342661 0.084180891 0.281284868 0.999999940 0.999999940 0.999999940
v -0.36274859 0.082921832 0.292154163 0.999999940 0.999999940 0.999999940
v -0.35428321 0.083273440 0.291665226 0.999999940 0.999999940 0.999999940
v -0.34266782 0.082940451 0.290567874 0.999999940 0.999999940 0.999999940
v -0.33638 0.083534002 0.283518999 0.999999940 0.999999940 0.999999940
v -0.330497 0.083232402 0.277785986 0.999999940 0.999999940 0.999999940
v -0.327553 0.082633599 0.272989004 0.999999940 0.999999940 0.999999940
v -0.333186 0.083090297 0.282664001 0.999999940 0.999999940 0.999999940
v -0.32724401 0.079034797 0.273703992 0.999999940 0.999999940 0.999999940
v -0.327723 0.074592001 0.275460004 0.999999940 0.999999940 0.999999940
v -0.33311036 0.071127556 0.284934103 0.999999940 0.999999940 0.999999940
v -0.34577149 0.069616347 0.299573481 0.999999940 0.999999940 0.999999940
v -0.34038743 0.073478825 0.294631838 0.999999940 0.999999940 0.999999940
v -0.33509201 0.079653501 0.286383003 0.999999940 0.999999940 0.999999940
v -0.33096728 0.082282289 0.280783921 0.999999940 0.999999940 0.999999940
v -0.334658 0.082319803 0.285064011 0.999999940 0.999999940 0.999999940
v -0.35312939 0.082327939 0.303007811 0.999999940 0.999999940 0.999999940
v -0.344713 0.081478148 0.297157496 0.999999940 0.999999940 0.999999940
v -0.33978301 0.081481702 0.291355997 0.999999940 0.999999940 0.999999940
v -0.36757755 0.082355052 0.323406398 0.999999940 0.999999940 0.999999940
v -0.36198571 0.082180693 0.317116200 0.999999940 0.999999940 0.999999940
v -0.38625777 0.081142261 0.288399964 0.999999940 0.999999940 0.999999940
v -0.38488337 0.081201709 0.318426847 0.999999940 0.999999940 0.999999940
v -0.36891669 0.082373492 0.332036316 0.999999940 0.999999940 0.999999940
v -0.36348701 0.081629298 0.325507998 0.999999940 0.999999940 0.999999940
v -0.36048001 0.081133298 0.320473998 0.999999940 0.999999940 0.999999940
v -0.35761401 0.079663999 0.316799998 0.999999940 0.999999940 0.999999940
v -0.354965 0.080807097 0.312597006 0.999999940 0.999999940 0.999999940
v -0.34805599 0.080098196 0.302554994 0.999999940 0.999999940 0.999999940
v -0.3440451 0.079517602 0.298240184 0.999999940 0.999999940 0.999999940
v -0.35197899 0.069730602 0.308378011 0.999999940 0.999999940 0.999999940
v -0.35603642 0.073894619 0.316034227 0.999999940 0.999999940 0.999999940
v -0.35153142 0.079026803 0.309060841 0.999999940 0.999999940 0.999999940
v -0.35499299 0.067948997 0.312731504 0.999999940 0.999999940 0.999999940
v -0.35500664 0.069949150 0.314203649 0.999999940 0.999999940 0.999999940
v -0.35784501 0.068503901 0.317070990 0.999999940 0.999999940 0.999999940
v -0.36022076 0.079201273 0.322392165 0.999999940 0.999999940 0.999999940
v -0.36159 0.071092501 0.326958000 0.999999940 0.999999940 0.999999940
v -0.361027 0.067486196 0.322084993 0.999999940 0.999999940 0.999999940
v -0.36426401 0.080332897 0.331153988 0.999999940 0.999999940 0.999999940
v -0.38635144 0.081277519 0.347329616 0.999999940 0.999999940 0.999999940
v -0.36770222 0.082546077 0.339998394 0.999999940 0.999999940 0.999999940
v -0.363929 0.081003502 0.338618993 0.999999940 0.999999940 0.999999940
v -0.411107 0.078997179 0.328211873 0.999999940 0.999999940 0.999999940
v -0.40317494 0.079632841 0.307981669 0.999999940 0.999999940 0.999999940
v -0.40081158 0.079930588 0.285641104 0.999999940 0.999999940 0.999999940
v -0.42337918 0.077816888 0.307801485 0.999999940 0.999999940 0.999999940
v -0.41659358 0.078513398 0.288519024 0.999999940 0.999999940 0.999999940
v -0.4131557 0.078968681 0.344180613 0.999999940 0.999999940 0.999999940
v -0.43979308 0.076437398 0.333714246 0.999999940 0.999999940 0.999999940
v -0.39367989 0.081173695 0.378742009 0.999999940 0.999999940 0.999999940
v -0.404331 0.079949386 0.359269410 0.999999940 0.999999940 0.999999940
v -0.34736457 0.084103353 0.365917205 0.999999940 0.999999940 0.999999940
v -0.36282641 0.083628222 0.388197213 0.999999940 0.999999940 0.999999940
v -0.36168149 0.083014421 0.347040474 0.999999940 0.999999940 0.999999940
v -0.36114299 0.082100100 0.344031989 0.999999940 0.999999940 0.999999940
v -0.36017081 0.079265385 0.341982215 0.999999940 0.999999940 0.999999940
v -0.36281499 0.075698502 0.334464013 0.999999940 0.999999940 0.999999940
v -0.362427 0.076035298 0.328925013 0.999999940 0.999999940 0.999999940
v -0.36357999 0.066878497 0.326288998 0.999999940 0.999999940 0.999999940
v -0.36333299 0.069957897 0.334369003 0.999999940 0.999999940 0.999999940
v -0.3626301 0.065961256 0.317786991 0.999999940 0.999999940 0.999999940
v -0.36160699 0.072584599 0.339165985 0.999999940 0.999999940 0.999999940
v -0.35870999 0.082651600 0.346415996 0.999999940 0.999999940 0.999999940
v -0.35339999 0.082666598 0.349514007 0.999999940 0.999999940 0.999999940
v -0.35321099 0.079686798 0.347784012 0.999999940 0.999999940 0.999999940
v -0.3465687 0.08365082 0.356951504 0.999999940 0.999999940 0.999999940
v -0.35230917 0.083463914 0.392080962 0.999999940 0.999999940 0.999999940
v -0.34357095 0.083108827 0.374596774 0.999999940 0.999999940 0.999999940
v -0.342188 0.083510696 0.366885006 0.999999940 0.999999940 0.999999940
v -0.342363 0.083056196 0.360466003 0.999999940 0.999999940 0.999999940
v -0.39453059 0.08176855 0.405703067 0.999999940 0.999999940 0.999999940
v -0.37676385 0.083397366 0.420672118 0.999999940 0.999999940 0.999999940
v -0.36050212 0.083803467 0.396106302 0.999999940 0.999999940 0.999999940
v -0.41622302 0.079535178 0.387514114 0.999999940 0.999999940 0.999999940
v -0.4284935 0.077918075 0.362731576 0.999999940 0.999999940 0.999999940
v -0.4329564 0.078688822 0.404361724 0.999999940 0.999999940 0.999999940
v -0.41797754 0.080705091 0.428408652 0.999999940 0.999999940 0.999999940
v -0.4041549 0.081594809 0.424401819 0.999999940 0.999999940 0.999999940
v -0.43397033 0.078020572 0.386214643 0.999999940 0.999999940 0.999999940
v -0.39431831 0.082602053 0.434124022 0.999999940 0.999999940 0.999999940
v -0.3865371 0.08375182 0.454530239 0.999999940 0.999999940 0.999999940
v -0.37035152 0.084752500 0.457658410 0.999999940 0.999999940 0.999999940
v -0.35488853 0.084958106 0.436013937 0.999999940 0.999999940 0.999999940
v -0.34626949 0.084758803 0.417308777 0.999999940 0.999999940 0.999999940
v -0.34705701 0.082083202 0.388157010 0.999999940 0.999999940 0.999999940
v -0.346903 0.082147896 0.393317997 0.999999940 0.999999940 0.999999940
v -0.34164795 0.083815984 0.409726381 0.999999940 0.999999940 0.999999940
v -0.342933 0.082267902 0.401396989 0.999999940 0.999999940 0.999999940
v -0.34101599 0.081383496 0.374772995 0.999999940 0.999999940 0.999999940
v -0.339017 0.082013398 0.365868002 0.999999940 0.999999940 0.999999940
v -0.33961701 0.081501200 0.369962990 0.999999940 0.999999940 0.999999940
v -0.338983 0.080084003 0.361283004 0.999999940 0.999999940 0.999999940
v -0.340462 0.081774801 0.358339995 0.999999940 0.999999940 0.999999940
v -0.344037 0.082355499 0.354544997 0.999999940 0.999999940 0.999999940
v -0.33864999 0.080346703 0.364423006 0.999999940 0.999999940 0.999999940
v -0.340175 0.075416602 0.360038995 0.999999940 0.999999940 0.999999940
v -0.33899468 0.074915379 0.368872523 0.999999940 0.999999940 0.999999940
v -0.34214884 0.079821810 0.381360799 0.999999940 0.999999940 0.999999940
v -0.34410223 0.078681908 0.389125317 0.999999940 0.999999940 0.999999940
v -0.339349 0.081064201 0.405844986 0.999999940 0.999999940 0.999999940
v -0.34178284 0.080590680 0.398915112 0.999999940 0.999999940 0.999999940
v -0.33826974 0.083838455 0.414851754 0.999999940 0.999999940 0.999999940
v -0.33789399 0.082695998 0.409489989 0.999999940 0.999999940 0.999999940
v -0.33651999 0.0828823 0.412021994 0.999999940 0.999999940 0.999999940
v -0.34646741 0.084672935 0.432611495 0.999999940 0.999999940 0.999999940
v -0.35837108 0.085977762 0.484363257 0.999999940 0.999999940 0.999999940
v -0.33955646 0.084651589 0.445754140 0.999999940 0.999999940 0.999999940
v -0.34045765 0.083433643 0.430161058 0.999999940 0.999999940 0.999999940
v -0.33665699 0.082468099 0.420217007 0.999999940 0.999999940 0.999999940
v -0.33599499 0.082695797 0.415948987 0.999999940 0.999999940 0.999999940
v -0.336086 0.081887602 0.413242012 0.999999940 0.999999940 0.999999940
v -0.336826 0.081538297 0.410362005 0.999999940 0.999999940 0.999999940
v -0.33697501 0.077312298 0.410941004 0.999999940 0.999999940 0.999999940
v -0.34027499 0.077216401 0.399993985 0.999999940 0.999999940 0.999999940
v -0.342599 0.075637303 0.387636005 0.999999940 0.999999940 0.999999940
v -0.33889464 0.071477592 0.37391904 0.999999940 0.999999940 0.999999940
v -0.33750299 0.071710199 0.366562008 0.999999940 0.999999940 0.999999940
v -0.33792999 0.070949703 0.363038003 0.999999940 0.999999940 0.999999940
v -0.338328 0.071851998 0.361532986 0.999999940 0.999999940 0.999999940
v -0.34068799 0.071049600 0.378212004 0.999999940 0.999999940 0.999999940
v -0.34144101 0.073039099 0.400507986 0.999999940 0.999999940 0.999999940
v -0.334874 0.075093701 0.427008003 0.999999940 0.999999940 0.999999940
v -0.33583581 0.080941841 0.415336519 0.999999940 0.999999940 0.999999940
v -0.33875301 0.072022698 0.407187014 0.999999940 0.999999940 0.999999940
v -0.33548611 0.073443219 0.411814272 0.999999940 0.999999940 0.999999940
v -0.33645299 0.080751203 0.425408005 0.999999940 0.999999940 0.999999940
v -0.33609301 0.080509200 0.432805001 0.999999940 0.999999940 0.999999940
v -0.33577901 0.072035498 0.429580986 0.999999940 0.999999940 0.999999940
v -0.334609 0.073282800 0.437788009 0.999999940 0.999999940 0.999999940
v -0.33435801 0.081620596 0.442674011 0.999999940 0.999999940 0.999999940
v -0.33442199 0.071443900 0.418698012 0.999999940 0.999999940 0.999999940
v -0.334214 0.071800299 0.422275990 0.999999940 0.999999940 0.999999940
v -0.33524299 0.071427896 0.424050986 0.999999940 0.999999940 0.999999940
v -0.33499801 0.070741698 0.414342999 0.999999940 0.999999940 0.999999940
v -0.33699799 0.070820398 0.410163998 0.999999940 0.999999940 0.999999940
v -0.334465 0.070643998 0.420141011 0.999999940 0.999999940 0.999999940
v -0.33306599 0.082647703 0.447896003 0.999999940 0.999999940 0.999999940
v -0.4084405 0.082385353 0.454848289 0.999999940 0.999999940 0.999999940
v -0.42593804 0.081334523 0.457896798 0.999999940 0.999999940 0.999999940
v -0.43451935 0.079421170 0.427494466 0.999999940 0.999999940 0.999999940
v -0.44468999 0.079524412 0.447324276 0.999999940 0.999999940 0.999999940
v -0.45112017 0.077769890 0.418974667 0.999999940 0.999999940 0.999999940
v -0.45906058 0.076337561 0.399139225 0.999999940 0.999999940 0.999999940
v -0.46871617 0.077639922 0.445033609 0.999999940 0.999999940 0.999999940
v -0.44943893 0.079980820 0.463593959 0.999999940 0.999999940 0.999999940
v -0.47065735 0.076446771 0.423990637 0.999999940 0.999999940 0.999999940
v -0.46930668 0.078952312 0.470047354 0.999999940 0.999999940 0.999999940
v -0.48694173 0.075811140 0.436060249 0.999999940 0.999999940 0.999999940
v -0.4828231 0.077547840 0.461683809 0.999999940 0.999999940 0.999999940
v -0.50384623 0.073623381 0.417772650 0.999999940 0.999999940 0.999999940
v -0.49699849 0.073483772 0.403982758 0.999999940 0.999999940 0.999999940
v -0.47773778 0.074874281 0.401115506 0.999999940 0.999999940 0.999999940
v -0.45646665 0.076053798 0.384670019 0.999999940 0.999999940 0.999999940
v -0.48029184 0.073888652 0.379789203 0.999999940 0.999999940 0.999999940
v -0.45353252 0.075783364 0.366086900 0.999999940 0.999999940 0.999999940
v -0.48130924 0.073310248 0.363439470 0.999999940 0.999999940 0.999999940
v -0.50351071 0.072248734 0.386102855 0.999999940 0.999999940 0.999999940
v -0.50393474 0.071642890 0.369267404 0.999999940 0.999999940 0.999999940
v -0.52469122 0.071240320 0.398926287 0.999999940 0.999999940 0.999999940
v -0.52643776 0.072048649 0.417778104 0.999999940 0.999999940 0.999999940
v -0.51330954 0.073927499 0.435795128 0.999999940 0.999999940 0.999999940
v -0.50861388 0.075199917 0.451745212 0.999999940 0.999999940 0.999999940
v -0.50600988 0.076688513 0.472422689 0.999999940 0.999999940 0.999999940
v -0.49389237 0.078068837 0.482029169 0.999999940 0.999999940 0.999999940
v -0.50738072 0.078182548 0.495617330 0.999999940 0.999999940 0.999999940
v -0.5286693 0.075673282 0.477340459 0.999999940 0.999999940 0.999999940
v -0.52890861 0.074643798 0.462763309 0.999999940 0.999999940 0.999999940
v -0.53736567 0.072409510 0.436389982 0.999999940 0.999999940 0.999999940
v -0.54599142 0.070545896 0.412536442 0.999999940 0.999999940 0.999999940
v -0.52428591 0.070429250 0.378209173 0.999999940 0.999999940 0.999999940
v -0.46673459 0.074202954 0.346080362 0.999999940 0.999999940 0.999999940
v -0.45705017 0.074938632 0.338464021 0.999999940 0.999999940 0.999999940
v -0.4689458 0.073666565 0.315133303 0.999999940 0.999999940 0.999999940
v -0.4444955 0.075881212 0.307669162 0.999999940 0.999999940 0.999999940
v -0.56162488 0.070978336 0.435121297 0.999999940 0.999999940 0.999999940
v -0.5436334 0.073242262 0.454647898 0.999999940 0.999999940 0.999999940
v -0.54725021 0.074470311 0.474694758 0.999999940 0.999999940 0.999999940
v -0.56682193 0.072305031 0.458507329 0.999999940 0.999999940 0.999999940
v -0.56790763 0.073452107 0.474465727 0.999999940 0.999999940 0.999999940
v -0.52917373 0.076938375 0.495058178 0.999999940 0.999999940 0.999999940
v -0.55225116 0.075735233 0.494511276 0.999999940 0.999999940 0.999999940
v -0.53387821 0.059321813 0.494960993 0.999999940 0.999999940 0.999999940
v -0.5698629 0.057584468 0.494171679 0.999999940 0.999999940 0.999999940
v -0.51506686 0.060377705 0.495443046 0.999999940 0.999999940 0.999999940
v -0.55000037 0.057335171 0.479460626 0.999999940 0.999999940 0.999999940
v -0.57142395 0.05584215 0.472911953 0.999999940 0.999999940 0.999999940
v -0.58565372 0.056959994 0.493897646 0.999999940 0.999999940 0.999999940
v -0.52855158 0.05780169 0.469807654 0.999999940 0.999999940 0.999999940
v -0.5468508 0.055739697 0.454932719 0.999999940 0.999999940 0.999999940
v -0.57097214 0.054708048 0.457535684 0.999999940 0.999999940 0.999999940
v -0.50189829 0.060167446 0.481009304 0.999999940 0.999999940 0.999999940
v -0.52269638 0.057364072 0.458161205 0.999999940 0.999999940 0.999999940
v -0.54483819 0.054919406 0.440851807 0.999999940 0.999999940 0.999999940
v -0.57210606 0.053563561 0.441692411 0.999999940 0.999999940 0.999999940
v -0.59322631 0.055016301 0.473361641 0.999999940 0.999999940 0.999999940
v -0.59693319 0.053025733 0.448562443 0.999999940 0.999999940 0.999999940
v -0.61317772 0.054086051 0.469229251 0.999999940 0.999999940 0.999999940
v -0.62159044 0.052422117 0.450025379 0.999999940 0.999999940 0.999999940
v -0.62786371 0.053750772 0.469002425 0.999999940 0.999999940 0.999999940
v -0.64110273 0.052575364 0.456815481 0.999999940 0.999999940 0.999999940
v -0.66161484 0.051832389 0.449260085 0.999999940 0.999999940 0.999999940
v -0.65922445 0.053156722 0.466278344 0.999999940 0.999999940 0.999999940
v -0.33774999 0.075434699 0.362084001 0.999999940 0.999999940 0.999999940
v -0.33941099 0.070471100 0.359037995 0.999999940 0.999999940 0.999999940
v -0.34647599 0.068608202 0.352315992 0.999999940 0.999999940 0.999999940
v -0.34288001 0.070112302 0.355103999 0.999999940 0.999999940 0.999999940
v -0.34666201 0.071952596 0.352407008 0.999999940 0.999999940 0.999999940
v -0.35191101 0.067842699 0.350133001 0.999999940 0.999999940 0.999999940
v -0.35889199 0.067145697 0.346287995 0.999999940 0.999999940 0.999999940
v -0.35616401 0.071974799 0.345952987 0.999999940 0.999999940 0.999999940
v -0.34477699 0.078647196 0.353758007 0.999999940 0.999999940 0.999999940
v -0.33973399 0.078754402 0.358763009 0.999999940 0.999999940 0.999999940
v -0.347469 0.082951903 0.352185994 0.999999940 0.999999940 0.999999940
v -0.34804299 0.081072099 0.350892990 0.999999940 0.999999940 0.999999940
v -0.36036101 0.067725099 0.344269990 0.999999940 0.999999940 0.999999940
v -0.35791054 0.066500879 0.312432050 0.999999940 0.999999940 0.999999940
v -0.41656187 0.061836000 0.244397997 0.999999940 0.999999940 0.999999940
v -0.39429361 0.063712000 0.244101554 0.999999940 0.999999940 0.999999940
v -0.41370687 0.062607236 0.224263533 0.999999940 0.999999940 0.999999940
v -0.44363293 0.059899833 0.228969395 0.999999940 0.999999940 0.999999940
v -0.44943208 0.059001226 0.241894990 0.999999940 0.999999940 0.999999940
v -0.43643013 0.060988817 0.214937105 0.999999940 0.999999940 0.999999940
v -0.45909902 0.059049658 0.215034112 0.999999940 0.999999940 0.999999940
v -0.474363 0.057112973 0.232001170 0.999999940 0.999999940 0.999999940
v -0.50228691 0.054482281 0.240945369 0.999999940 0.999999940 0.999999940
v -0.48961145 0.056174799 0.222507804 0.999999940 0.999999940 0.999999940
v -0.48724422 0.057085577 0.205793023 0.999999940 0.999999940 0.999999940
v -0.44535458 0.060838498 0.199496641 0.999999940 0.999999940 0.999999940
v -0.45977792 0.060182046 0.187806621 0.999999940 0.999999940 0.999999940
v -0.50964153 0.054639261 0.220926195 0.999999940 0.999999940 0.999999940
v -0.350961 0.091054797 -0.0110179 0.999999940 0.999999940 0.999999940
v -0.35075799 0.090504102 -0.0147527 0.999999940 0.999999940 0.999999940
v -0.35716766 0.091868273 -0.01792054 0.999999940 0.999999940 0.999999940
v -0.36224595 0.092819362 -0.02573479 0.999999940 0.999999940 0.999999940
v -0.357243 0.091647103 -0.0264921 0.999999940 0.999999940 0.999999940
v -0.35806099 0.092973202 -0.0323895 0.999999940 0.999999940 0.999999940
v -0.38019776 0.094421930 -0.03892674 0.999999940 0.999999940 0.999999940
v -0.35593301 0.091963701 -0.0300902 0.999999940 0.999999940 0.999999940
v -0.38602158 0.096496641 -0.06246234 0.999999940 0.999999940 0.999999940
v -0.39891949 0.096413224 -0.05657353 0.999999940 0.999999940 0.999999940
v -0.39628053 0.098850607 -0.08607621 0.999999940 0.999999940 0.999999940
v -0.41028929 0.098425582 -0.07614192 0.999999940 0.999999940 0.999999940
v -0.40338334 0.100760839 -0.10572258 0.999999940 0.999999940 0.999999940
v -0.41803753 0.100631840 -0.09887803 0.999999940 0.999999940 0.999999940
v -0.39715034 0.102636367 -0.13165802 0.999999940 0.999999940 0.999999940
v -0.41137856 0.102885633 -0.12837893 0.999999940 0.999999940 0.999999940
v -0.354377 0.091919198 -0.0332241 0.999999940 0.999999940 0.999999940
v -0.35237199 0.092350401 -0.0387783 0.999999940 0.999999940 0.999999940
v -0.35129499 0.090599097 -0.0390156 0.999999940 0.999999940 0.999999940
v -0.35503301 0.091623798 -0.0307621 0.999999940 0.999999940 0.999999940
v -0.35124299 0.079201102 -0.0375297 0.999999940 0.999999940 0.999999940
v -0.34927303 0.077687352 -0.04479495 0.999999940 0.999999940 0.999999940
v -0.35450199 0.077471196 -0.0327858 0.999999940 0.999999940 0.999999940
v -0.352366 0.077105097 -0.0384966 0.999999940 0.999999940 0.999999940
v -0.358017 0.076264701 -0.0321124 0.999999940 0.999999940 0.999999940
v -0.35595748 0.076480649 -0.04167844 0.999999940 0.999999940 0.999999940
v -0.35103047 0.077071696 -0.04873422 0.999999940 0.999999940 0.999999940
v -0.357467 0.076297901 -0.0250465 0.999999940 0.999999940 0.999999940
v -0.3798874 0.075367175 -0.01745543 0.999999940 0.999999940 0.999999940
v -0.39822155 0.076090596 -0.02143095 0.999999940 0.999999940 0.999999940
v -0.40549904 0.077792488 -0.04051771 0.999999940 0.999999940 0.999999940
v -0.39294752 0.074754416 -0.0050111 0.999999940 0.999999940 0.999999940
v -0.39801747 0.073773592 0.009416870 0.999999940 0.999999940 0.999999940
v -0.41245192 0.074958890 -0.00450848 0.999999940 0.999999940 0.999999940
v -0.41274166 0.076417461 -0.02224246 0.999999940 0.999999940 0.999999940
v -0.42340076 0.079169116 -0.05202903 0.999999940 0.999999940 0.999999940
v -0.41074181 0.080175779 -0.06695193 0.999999940 0.999999940 0.999999940
v -0.42533323 0.076907225 -0.02583145 0.999999940 0.999999940 0.999999940
v -0.43955073 0.079523369 -0.0528857 0.999999940 0.999999940 0.999999940
v -0.44050878 0.081707231 -0.07682036 0.999999940 0.999999940 0.999999940
v -0.43847489 0.076905049 -0.02443931 0.999999940 0.999999940 0.999999940
v -0.46094126 0.079843655 -0.0541378 0.999999940 0.999999940 0.999999940
v -0.46191424 0.081426411 -0.0709786 0.999999940 0.999999940 0.999999940
v -0.45864463 0.083332628 -0.09238666 0.999999940 0.999999940 0.999999940
v -0.4849335 0.080883704 -0.06491308 0.999999940 0.999999940 0.999999940
v -0.463146 0.078071773 -0.03583243 0.999999940 0.999999940 0.999999940
v -0.48850498 0.078882776 -0.04515634 0.999999940 0.999999940 0.999999940
v -0.51758021 0.077701315 -0.03836749 0.999999940 0.999999940 0.999999940
v -0.49774602 0.077554337 -0.03360246 0.999999940 0.999999940 0.999999940
v -0.34564701 0.103439003 -0.27932701 0.999999940 0.999999940 0.999999940
v -0.4425008 0.109894037 -0.26897475 0.999999940 0.999999940 0.999999940
v -0.45277584 0.109834373 -0.25439048 0.999999940 0.999999940 0.999999940
v -0.45403504 0.110058508 -0.2943224 0.999999940 0.999999940 0.999999940
v -0.4663941 0.110055983 -0.27583641 0.999999940 0.999999940 0.999999940
v -0.48180506 0.109993338 -0.26191702 0.999999940 0.999999940 0.999999940
v -0.49503666 0.11005909 -0.28174278 0.999999940 0.999999940 0.999999940
v -0.4876309 0.110077366 -0.29717276 0.999999940 0.999999940 0.999999940
v -0.45649633 0.109952971 -0.32974893 0.999999940 0.999999940 0.999999940
v -0.47593844 0.110054813 -0.32082841 0.999999940 0.999999940 0.999999940
v -0.43815836 0.109942100 -0.30323252 0.999999940 0.999999940 0.999999940
v -0.45604983 0.109693348 -0.34990481 0.999999940 0.999999940 0.999999940
v -0.48686391 0.109865509 -0.34356815 0.999999940 0.999999940 0.999999940
v -0.49575672 0.109963208 -0.33055586 0.999999940 0.999999940 0.999999940
v -0.49258438 0.110059455 -0.31056976 0.999999940 0.999999940 0.999999940
v -0.51313317 0.109998226 -0.29418907 0.999999940 0.999999940 0.999999940
v -0.53713578 0.109677135 -0.29755142 0.999999940 0.999999940 0.999999940
v -0.52075428 0.109910309 -0.31234983 0.999999940 0.999999940 0.999999940
v -0.51367342 0.109682761 -0.34268335 0.999999940 0.999999940 0.999999940
v -0.49657053 0.109390549 -0.36520156 0.999999940 0.999999940 0.999999940
v -0.48007932 0.109502136 -0.36286506 0.999999940 0.999999940 0.999999940
v -0.45632452 0.109419181 -0.36287695 0.999999940 0.999999940 0.999999940
v -0.47501299 0.109000966 -0.37974966 0.999999940 0.999999940 0.999999940
v -0.52369523 0.109284266 -0.3559849 0.999999940 0.999999940 0.999999940
v -0.51748824 0.108936004 -0.37226641 0.999999940 0.999999940 0.999999940
v -0.50509703 0.108639173 -0.38550159 0.999999940 0.999999940 0.999999940
v -0.52938694 0.109529078 -0.33754969 0.999999940 0.999999940 0.999999940
v -0.54319376 0.109399385 -0.32439792 0.999999940 0.999999940 0.999999940
v -0.55633432 0.109145037 -0.31096411 0.999999940 0.999999940 0.999999940
v -0.54884028 0.109004445 -0.34143862 0.999999940 0.999999940 0.999999940
v -0.53921223 0.108525678 -0.37054151 0.999999940 0.999999940 0.999999940
v -0.52269274 0.108142375 -0.39057881 0.999999940 0.999999940 0.999999940
v -0.47998437 0.108325973 -0.39655915 0.999999940 0.999999940 0.999999940
v -0.50145119 0.108051948 -0.39933443 0.999999940 0.999999940 0.999999940
v -0.45409214 0.108902633 -0.37872249 0.999999940 0.999999940 0.999999940
v -0.45979258 0.108227185 -0.39668933 0.999999940 0.999999940 0.999999940
v -0.44371626 0.108183659 -0.39341158 0.999999940 0.999999940 0.999999940
v -0.46579555 0.107008218 -0.41997609 0.999999940 0.999999940 0.999999940
v -0.44681773 0.107231043 -0.41242608 0.999999940 0.999999940 0.999999940
v -0.48330536 0.107500962 -0.41224217 0.999999940 0.999999940 0.999999940
v -0.50595957 0.107116065 -0.41575184 0.999999940 0.999999940 0.999999940
v -0.51883018 0.107236303 -0.41002822 0.999999940 0.999999940 0.999999940
v -0.54546624 0.107053868 -0.40062749 0.999999940 0.999999940 0.999999940
v -0.54865283 0.107617586 -0.38635075 0.999999940 0.999999940 0.999999940
v -0.55990654 0.108253978 -0.35801145 0.999999940 0.999999940 0.999999940
v -0.57182378 0.107228286 -0.37381187 0.999999940 0.999999940 0.999999940
v -0.5685572 0.106332317 -0.39688534 0.999999940 0.999999940 0.999999940
v -0.54295284 0.106449142 -0.41283745 0.999999940 0.999999940 0.999999940
v -0.56515765 0.105312541 -0.41784859 0.999999940 0.999999940 0.999999940
v -0.5212459 0.105986721 -0.4294098 0.999999940 0.999999940 0.999999940
v -0.49158159 0.106306679 -0.43080992 0.999999940 0.999999940 0.999999940
v -0.4733347 0.105656288 -0.44020423 0.999999940 0.999999940 0.999999940
v -0.45177138 0.106187082 -0.43036097 0.999999940 0.999999940 0.999999940
v -0.42925522 0.106599435 -0.41724703 0.999999940 0.999999940 0.999999940
v -0.41657016 0.105565547 -0.4274714 0.999999940 0.999999940 0.999999940
v -0.43425733 0.105158999 -0.44007781 0.999999940 0.999999940 0.999999940
v -0.4516086 0.104535549 -0.45221981 0.999999940 0.999999940 0.999999940
v -0.48609385 0.104653231 -0.45303944 0.999999940 0.999999940 0.999999940
v -0.46499491 0.104170128 -0.45850605 0.999999940 0.999999940 0.999999940
v -0.50634527 0.104852989 -0.44835094 0.999999940 0.999999940 0.999999940
v -0.52713954 0.104139007 -0.45249107 0.999999940 0.999999940 0.999999940
v -0.53941423 0.104318924 -0.4458327 0.999999940 0.999999940 0.999999940
v -0.54495949 0.105461001 -0.42734492 0.999999940 0.999999940 0.999999940
v -0.55799884 0.104178682 -0.43894649 0.999999940 0.999999940 0.999999940
v -0.5806824 0.103067353 -0.44027525 0.999999940 0.999999940 0.999999940
v -0.58670163 0.104677595 -0.41089344 0.999999940 0.999999940 0.999999940
v -0.58734804 0.105914138 -0.38630396 0.999999940 0.999999940 0.999999940
v -0.58594781 0.106891043 -0.3635276 0.999999940 0.999999940 0.999999940
v -0.5989207 0.102549508 -0.43361253 0.999999940 0.999999940 0.999999940
v -0.57489473 0.101467534 -0.46470398 0.999999940 0.999999940 0.999999940
v -0.59996474 0.101089946 -0.453347 0.999999940 0.999999940 0.999999940
v -0.5638271 0.102794058 -0.45420226 0.999999940 0.999999940 0.999999940
v -0.54494911 0.102472297 -0.46649998 0.999999940 0.999999940 0.999999940
v -0.5184207 0.103284306 -0.46502325 0.999999940 0.999999940 0.999999940
v -0.53026974 0.101328671 -0.48431611 0.999999940 0.999999940 0.999999940
v -0.49701509 0.103603109 -0.46490395 0.999999940 0.999999940 0.999999940
v -0.47980204 0.102826558 -0.47462234 0.999999940 0.999999940 0.999999940
v -0.45872602 0.102264046 -0.47960472 0.999999940 0.999999940 0.999999940
v -0.44523439 0.102954439 -0.46983245 0.999999940 0.999999940 0.999999940
v -0.43038574 0.103228636 -0.46309674 0.999999940 0.999999940 0.999999940
v -0.44064403 0.101178392 -0.48867884 0.999999940 0.999999940 0.999999940
v -0.46929082 0.101052500 -0.49354017 0.999999940 0.999999940 0.999999940
v -0.49439275 0.101858168 -0.48476186 0.999999940 0.999999940 0.999999940
v -0.51370156 0.101636461 -0.48460731 0.999999940 0.999999940 0.999999940
v -0.55081296 0.098983988 -0.50338161 0.999999940 0.999999940 0.999999940
v -0.55186689 0.101121671 -0.47975558 0.999999940 0.999999940 0.999999940
v -0.510535 0.099854476 -0.50364602 0.999999940 0.999999940 0.999999940
v -0.57913798 0.099333934 -0.48820069 0.999999940 0.999999940 0.999999940
v -0.59800881 0.099512293 -0.47497663 0.999999940 0.999999940 0.999999940
v -0.61157185 0.098223924 -0.48216844 0.999999940 0.999999940 0.999999940
v -0.62124997 0.099423609 -0.4588457 0.999999940 0.999999940 0.999999940
v -0.6234107 0.100948318 -0.43474826 0.999999940 0.999999940 0.999999940
v -0.63061202 0.097806848 -0.47334665 0.999999940 0.999999940 0.999999940
v -0.61468554 0.096461601 -0.50261551 0.999999940 0.999999940 0.999999940
v -0.6409623 0.095943421 -0.49084085 0.999999940 0.999999940 0.999999940
v -0.58684874 0.097715392 -0.50299597 0.999999940 0.999999940 0.999999940
v -0.53961325 0.090407192 -0.5034917 0.999999940 0.999999940 0.999999940
v -0.47512037 0.100072972 -0.5037123 0.999999940 0.999999940 0.999999940
v -0.4968873 0.093487940 -0.50370216 0.999999940 0.999999940 0.999999940
v -0.51228744 0.090407773 -0.50365257 0.999999940 0.999999940 0.999999940
v -0.44410962 0.099794149 -0.50362778 0.999999940 0.999999940 0.999999940
v -0.41574749 0.099185027 -0.50344276 0.999999940 0.999999940 0.999999940
v -0.41690198 0.100845746 -0.4858796 0.999999940 0.999999940 0.999999940
v -0.41332975 0.091488443 -0.50342709 0.999999940 0.999999940 0.999999940
v -0.44152275 0.090069450 -0.50361651 0.999999940 0.999999940 0.999999940
v -0.4669148 0.091427616 -0.50371063 0.999999940 0.999999940 0.999999940
v -0.489802 0.082587271 -0.50368875 0.999999940 0.999999940 0.999999940
v -0.51227129 0.082387104 -0.50362778 0.999999940 0.999999940 0.999999940
v -0.53824776 0.081876829 -0.50347298 0.999999940 0.999999940 0.999999940
v -0.66611099 0.095198124 -0.47956908 0.999999940 0.999999940 0.999999940
v -0.65195912 0.096820540 -0.46817416 0.999999940 0.999999940 0.999999940
v -0.68417567 0.093637108 -0.48723975 0.999999940 0.999999940 0.999999940
v -0.69761789 0.093349620 -0.47783834 0.999999940 0.999999940 0.999999940
v -0.70863539 0.093793064 -0.45503429 0.999999940 0.999999940 0.999999940
v -0.70626396 0.092363752 -0.48745254 0.999999940 0.999999940 0.999999940
v -0.71854144 0.092588432 -0.46752957 0.999999940 0.999999940 0.999999940
v -0.48318997 0.084203429 -0.48732582 0.999999940 0.999999940 0.999999940
v -0.45617276 0.082476437 -0.50365502 0.999999940 0.999999940 0.999999940
v -0.42692637 0.081984311 -0.50350559 0.999999940 0.999999940 0.999999940
v -0.44499692 0.083729930 -0.48917502 0.999999940 0.999999940 0.999999940
v -0.46585953 0.085176155 -0.4759123 0.999999940 0.999999940 0.999999940
v -0.48369032 0.086478717 -0.46153727 0.999999940 0.999999940 0.999999940
v -0.41817588 0.082801669 -0.49247578 0.999999940 0.999999940 0.999999940
v -0.4276363 0.084905393 -0.47197142 0.999999940 0.999999940 0.999999940
v -0.44793299 0.085513122 -0.46988699 0.999999940 0.999999940 0.999999940
v -0.37974149 0.080585651 -0.50290948 0.999999940 0.999999940 0.999999940
v -0.40886015 0.083091743 -0.48608035 0.999999940 0.999999940 0.999999940
v -0.41336122 0.085536636 -0.45961389 0.999999940 0.999999940 0.999999940
v -0.45909429 0.086939662 -0.45476192 0.999999940 0.999999940 0.999999940
v -0.47606251 0.086894422 -0.45648059 0.999999940 0.999999940 0.999999940
v -0.4004229 0.084201142 -0.46997997 0.999999940 0.999999940 0.999999940
v -0.35610801 0.080339126 -0.49329969 0.999999940 0.999999940 0.999999940
v -0.36945799 0.080588102 -0.50218999 0.999999940 0.999999940 0.999999940
v -0.37326735 0.083394065 -0.50296301 0.999999940 0.999999940 0.999999940
v -0.376306 0.097775101 -0.50296003 0.999999940 0.999999940 0.999999940
v -0.35628861 0.092124000 -0.50266826 0.999999940 0.999999940 0.999999940
v -0.35608599 0.083973996 -0.50247502 0.999999940 0.999999940 0.999999940
v -0.35611999 0.080395303 -0.50139701 0.999999940 0.999999940 0.999999940
v -0.38579938 0.083977535 -0.46536198 0.999999940 0.999999940 0.999999940
v -0.35719109 0.081626623 -0.47769591 0.999999940 0.999999940 0.999999940
v -0.35343501 0.081557497 -0.48869199 0.999999940 0.999999940 0.999999940
v -0.352384 0.080518797 -0.49515101 0.999999940 0.999999940 0.999999940
v -0.37009087 0.083239123 -0.46509039 0.999999940 0.999999940 0.999999940
v -0.36142999 0.082498297 -0.47003099 0.999999940 0.999999940 0.999999940
v -0.35555899 0.082349002 -0.472817 0.999999940 0.999999940 0.999999940
v -0.35350373 0.085901103 -0.47264221 0.999999940 0.999999940 0.999999940
v -0.352449 0.085666999 -0.48713899 0.999999940 0.999999940 0.999999940
v -0.35153601 0.08253517 -0.49372393 0.999999940 0.999999940 0.999999940
v -0.35142601 0.080738402 -0.50014198 0.999999940 0.999999940 0.999999940
v -0.3512255 0.086481556 -0.50128901 0.999999940 0.999999940 0.999999940
v -0.35095301 0.092464603 -0.50203103 0.999999940 0.999999940 0.999999940
v -0.35092101 0.095913998 -0.50146598 0.999999940 0.999999940 0.999999940
v -0.35599399 0.096367903 -0.50181699 0.999999940 0.999999940 0.999999940
v -0.40371531 0.100103430 -0.48939878 0.999999940 0.999999940 0.999999940
v -0.38507855 0.100506521 -0.47635114 0.999999940 0.999999940 0.999999940
v -0.35779104 0.09757635 -0.49487481 0.999999940 0.999999940 0.999999940
v -0.41300377 0.102814868 -0.46197355 0.999999940 0.999999940 0.999999940
v -0.39518666 0.102059505 -0.4630821 0.999999940 0.999999940 0.999999940
v -0.37111458 0.101161062 -0.46032622 0.999999940 0.999999940 0.999999940
v -0.36163071 0.099805876 -0.46937826 0.999999940 0.999999940 0.999999940
v -0.35724911 0.098591171 -0.47943264 0.999999940 0.999999940 0.999999940
v -0.35662401 0.097569197 -0.48949799 0.999999940 0.999999940 0.999999940
v -0.35205099 0.096401400 -0.49617401 0.999999940 0.999999940 0.999999940
v -0.35047463 0.094780020 -0.49962214 0.999999940 0.999999940 0.999999940
v -0.35147238 0.090389959 -0.49471885 0.999999940 0.999999940 0.999999940
v -0.35325599 0.093744300 -0.482458 0.999999940 0.999999940 0.999999940
v -0.35601899 0.083306297 -0.46957099 0.999999940 0.999999940 0.999999940
v -0.353587 0.095872201 -0.46711901 0.999999940 0.999999940 0.999999940
v -0.34995899 0.092067599 -0.45713201 0.999999940 0.999999940 0.999999940
v -0.36126599 0.083181902 -0.46173501 0.999999940 0.999999940 0.999999940
v -0.355387 0.084679201 -0.462082 0.999999940 0.999999940 0.999999940
v -0.35049501 0.097781896 -0.45748201 0.999999940 0.999999940 0.999999940
v -0.34905201 0.097515299 -0.454954 0.999999940 0.999999940 0.999999940
v -0.346338 0.097313202 -0.445822 0.999999940 0.999999940 0.999999940
v -0.35325599 0.084888503 -0.45883301 0.999999940 0.999999940 0.999999940
v -0.34880099 0.084749400 -0.45591 0.999999940 0.999999940 0.999999940
v -0.35179499 0.097029097 -0.460403 0.999999940 0.999999940 0.999999940
v -0.34687996 0.084327645 -0.45345646 0.999999940 0.999999940 0.999999940
v -0.34405103 0.095580339 -0.44230607 0.999999940 0.999999940 0.999999940
v -0.355041 0.098626196 -0.46485001 0.999999940 0.999999940 0.999999940
v -0.35623699 0.098763696 -0.46760201 0.999999940 0.999999940 0.999999940
v -0.35392401 0.098800003 -0.46141601 0.999999940 0.999999940 0.999999940
v -0.35538101 0.098237700 -0.47187099 0.999999940 0.999999940 0.999999940
v -0.35420701 0.096799001 -0.483024 0.999999940 0.999999940 0.999999940
v -0.352631 0.094794198 -0.490619 0.999999940 0.999999940 0.999999940
v -0.356491 0.099524803 -0.46368599 0.999999940 0.999999940 0.999999940
v -0.35635301 0.100355997 -0.45638201 0.999999940 0.999999940 0.999999940
v -0.3508926 0.099520117 -0.45444545 0.999999940 0.999999940 0.999999940
v -0.34783494 0.100460529 -0.43859538 0.999999940 0.999999940 0.999999940
v -0.34362 0.097873702 -0.438757 0.999999940 0.999999940 0.999999940
v -0.342325 0.089971296 -0.435339 0.999999940 0.999999940 0.999999940
v -0.3412452 0.096298843 -0.43096876 0.999999940 0.999999940 0.999999940
v -0.34496799 0.084596499 -0.44616899 0.999999940 0.999999940 0.999999940
v -0.347188 0.083477899 -0.45369601 0.999999940 0.999999940 0.999999940
v -0.3494792 0.083191596 -0.45437801 0.999999940 0.999999940 0.999999940
v -0.34403399 0.084242299 -0.44171599 0.999999940 0.999999940 0.999999940
v -0.34208807 0.086305387 -0.43830514 0.999999940 0.999999940 0.999999940
v -0.34145001 0.086466297 -0.42784899 0.999999940 0.999999940 0.999999940
v -0.34174699 0.085884198 -0.43418601 0.999999940 0.999999940 0.999999940
v -0.341544 0.088988997 -0.426557 0.999999940 0.999999940 0.999999940
v -0.34232599 0.084715001 -0.437563 0.999999940 0.999999940 0.999999940
v -0.342857 0.092666097 -0.42081001 0.999999940 0.999999940 0.999999940
v -0.34266499 0.098490700 -0.433871 0.999999940 0.999999940 0.999999940
v -0.342329 0.098983101 -0.42887601 0.999999940 0.999999940 0.999999940
v -0.342379 0.098221398 -0.42482901 0.999999940 0.999999940 0.999999940
v -0.35157949 0.101959496 -0.43155977 0.999999940 0.999999940 0.999999940
v -0.3448627 0.100493848 -0.42645988 0.999999940 0.999999940 0.999999940
v -0.37493816 0.103481546 -0.43195418 0.999999940 0.999999940 0.999999940
v -0.3494125 0.101553142 -0.41697124 0.999999940 0.999999940 0.999999940
v -0.34338501 0.098789803 -0.42102101 0.999999940 0.999999940 0.999999940
v -0.34288201 0.097199402 -0.42067501 0.999999940 0.999999940 0.999999940
v -0.34206301 0.087952800 -0.42229199 0.999999940 0.999999940 0.999999940
v -0.346389 0.091044597 -0.406349 0.999999940 0.999999940 0.999999940
v -0.34319463 0.088117219 -0.41588044 0.999999940 0.999999940 0.999999940
v -0.34786752 0.098609067 -0.40278304 0.999999940 0.999999940 0.999999940
v -0.34466901 0.098020598 -0.41698 0.999999940 0.999999940 0.999999940
v -0.34468201 0.085970997 -0.421386 0.999999940 0.999999940 0.999999940
v -0.34409857 0.084518849 -0.43371627 0.999999940 0.999999940 0.999999940
v -0.34955287 0.086189739 -0.41360149 0.999999940 0.999999940 0.999999940
v -0.34878799 0.087782703 -0.40374801 0.999999940 0.999999940 0.999999940
v -0.34730801 0.087811298 -0.40796399 0.999999940 0.999999940 0.999999940
v -0.34522799 0.086953297 -0.41394699 0.999999940 0.999999940 0.999999940
v -0.342998 0.086974501 -0.41895601 0.999999940 0.999999940 0.999999940
v -0.348735 0.100469999 -0.40467301 0.999999940 0.999999940 0.999999940
v -0.35078001 0.101887002 -0.40059301 0.999999940 0.999999940 0.999999940
v -0.34700701 0.099652499 -0.41060901 0.999999940 0.999999940 0.999999940
v -0.39591891 0.104869358 -0.4263472 0.999999940 0.999999940 0.999999940
v -0.3993921 0.103833459 -0.44295728 0.999999940 0.999999940 0.999999940
v -0.42441404 0.104477092 -0.44566354 0.999999940 0.999999940 0.999999940
v -0.35031199 0.088625699 -0.398606 0.999999940 0.999999940 0.999999940
v -0.35274616 0.071459852 0.221540480 0.999999940 0.999999940 0.999999940
v -0.33898297 0.080084011 0.361283034 0.999999940 0.999999940 0.999999940
v -0.33792996 0.070949710 0.363038033 0.999999940 0.999999940 0.999999940
v -0.33774996 0.075434707 0.362084031 0.999999940 0.999999940 0.999999940
v -0.33973396 0.078754410 0.358763039 0.999999940 0.999999940 0.999999940
v -0.35235196 0.080781206 0.216566011 0.999999940 0.999999940 0.999999940
v -0.34997296 0.078511409 0.213452011 0.999999940 0.999999940 0.999999940
v -0.35058698 0.081452310 0.212606012 0.999999940 0.999999940 0.999999940
v -0.33750296 0.071710206 0.366562038 0.999999940 0.999999940 0.999999940
vt 0.223062008 0.039330422
vt 0.222784072 0.036855161
vt 0.223620027 0.037389814
vt 0.222899362 0.034447550
vt 0.222061216 0.041378438
vt 0.222345635 0.036967456
vt 0.222446784 0.034276008
vt 0.228377640 0.051572501
vt 0.225948482 0.054851949
vt 0.227586671 0.045505106
vt 0.224581331 0.036336243
vt 0.223707392 0.033131182
vt 0.223079606 0.031262159
vt 0.221853554 0.036716580
vt 0.221344426 0.034074425
vt 0.221224710 0.029367744
vt 0.221573397 0.037636518
vt 0.220222696 0.045835793
vt 0.223850503 0.068221926
vt 0.230899378 0.061049819
vt 0.231266483 0.056568980
vt 0.230246201 0.043518185
vt 0.225638911 0.031421482
vt 0.224206388 0.030851244
vt 0.223825305 0.026974976
vt 0.220360487 0.030978024
vt 0.221333146 0.026426196
vt 0.220255479 0.026062786
vt 0.222159400 0.026187479
vt 0.221004501 0.034863591
vt 0.217050090 0.038463354
vt 0.220421835 0.035436570
vt 0.213621899 0.050487577
vt 0.219879746 0.087791442
vt 0.205873116 0.092186451
vt 0.234823808 0.067156255
vt 0.229695737 0.084340274
vt 0.232199117 0.047710776
vt 0.234410598 0.053105413
vt 0.228634029 0.024824917
vt 0.231947541 0.043242931
vt 0.226440891 0.026330888
vt 0.223413065 0.023983955
vt 0.222356855 0.025024831
vt 0.221861586 0.023804068
vt 0.219739064 0.020473122
vt 0.219684496 0.023854911
vt 0.219179779 0.026279091
vt 0.220261216 0.033424377
vt 0.219537764 0.032029211
vt 0.452195882 0.896507203
vt 0.461683541 0.880618274
vt 0.464139491 0.888073146
vt 0.479173153 0.865227818
vt 0.215423941 0.104191422
vt 0.229613468 0.101922810
vt 0.235171586 0.085071623
vt 0.240558952 0.077251732
vt 0.454085081 0.770135998
vt 0.468666613 0.760869264
vt 0.488013237 0.766976714
vt 0.492742478 0.774863600
vt 0.226843029 0.020368456
vt 0.224761292 0.019900798
vt 0.2209647 0.019878268
vt 0.450341939 0.908855795
vt 0.452385753 0.912532150
vt 0.458198279 0.904500663
vt 0.453828454 0.901103436
vt 0.450963616 0.900757074
vt 0.454875320 0.907826781
vt 0.463678807 0.893527090
vt 0.455244958 0.899113237
vt 0.476635813 0.894641161
vt 0.478493690 0.888614416
vt 0.497190803 0.882597684
vt 0.495531648 0.873073101
vt 0.218580365 0.123922109
vt 0.226092562 0.115957021
vt 0.235218420 0.107808351
vt 0.230241984 0.126244902
vt 0.242786929 0.095332264
vt 0.248782366 0.087076246
vt 0.505584359 0.774575769
vt 0.497503101 0.758827805
vt 0.484273254 0.757199406
vt 0.511103928 0.764091372
vt 0.526579260 0.774454474
vt 0.255607247 0.096710205
vt 0.251148730 0.101586401
vt 0.241094484 0.114701390
vt 0.244521945 0.116459131
vt 0.235870540 0.128114998
vt 0.233354538 0.151138126
vt 0.226382747 0.142176628
vt 0.215874940 0.139277815
vt 0.528262972 0.874267578
vt 0.516520619 0.890038967
vt 0.517538726 0.864263594
vt 0.501818239 0.888961434
vt 0.492778450 0.889408826
vt 0.482740134 0.894172191
vt 0.494148492 0.893472969
vt 0.489751964 0.894510626
vt 0.508821785 0.890882194
vt 0.502404034 0.894102513
vt 0.499591827 0.893764257
vt 0.538160681 0.886456131
vt 0.530895590 0.888058543
vt 0.522751987 0.891808271
vt 0.516319572 0.893442571
vt 0.512036681 0.893638789
vt 0.546634137 0.885795831
vt 0.534482419 0.866589129
vt 0.220486536 0.165186286
vt 0.218242824 0.179440319
vt 0.219359338 0.152628362
vt 0.227419748 0.159283816
vt 0.237658366 0.153920233
vt 0.234227508 0.171751558
vt 0.240614697 0.136053383
vt 0.241668403 0.158207058
vt 0.238399282 0.170617818
vt 0.238508522 0.188548386
vt 0.232743188 0.192446768
vt 0.229166492 0.172177672
vt 0.226489424 0.183426618
vt 0.223378285 0.186605274
vt 0.220395967 0.190910518
vt 0.214936852 0.186989724
vt 0.547899246 0.866399407
vt 0.561639905 0.882703304
vt 0.557065248 0.889831483
vt 0.550766766 0.890084743
vt 0.545648515 0.889201641
vt 0.540555775 0.887832582
vt 0.217088952 0.196453392
vt 0.212510600 0.198385059
vt 0.571064472 0.875674784
vt 0.225606560 0.204312384
vt 0.221009597 0.209542453
vt 0.229720532 0.197923004
vt 0.237220346 0.205751538
vt 0.231922343 0.214113712
vt 0.244607597 0.181680798
vt 0.243981137 0.200289189
vt 0.246621280 0.140348792
vt 0.246641844 0.160686910
vt 0.250556945 0.122805714
vt 0.252188682 0.149903655
vt 0.251613616 0.173373878
vt 0.250930964 0.190517783
vt 0.251237362 0.211710274
vt 0.242881208 0.212492406
vt 0.239223465 0.224941492
vt 0.226276993 0.221595704
vt 0.231837540 0.235333263
vt 0.222552046 0.223951637
vt 0.217469617 0.214994132
vt 0.213823601 0.223726928
vt 0.208854287 0.220190107
vt 0.588551759 0.870658338
vt 0.589457631 0.881509006
vt 0.172429382 0.214385271
vt 0.150691255 0.205788910
vt 0.211674735 0.244713068
vt 0.202801451 0.237654864
vt 0.218734756 0.234111547
vt 0.225137025 0.237896978
vt 0.233874738 0.254382312
vt 0.226937547 0.254231810
vt 0.239419654 0.245355844
vt 0.245305448 0.229890584
vt 0.257052749 0.201045870
vt 0.258996754 0.218985557
vt 0.252225846 0.227392017
vt 0.258318543 0.183537721
vt 0.256246507 0.164140880
vt 0.263649344 0.167143881
vt 0.263947099 0.195520043
vt 0.266161799 0.181089103
vt 0.268826395 0.206486225
vt 0.268924742 0.224403500
vt 0.261987656 0.241707503
vt 0.256472170 0.241311490
vt 0.248780861 0.245626330
vt 0.244990497 0.259499192
vt 0.238683328 0.265635907
vt 0.230798035 0.270471513
vt 0.219741508 0.268697381
vt 0.217723637 0.248234987
vt 0.210469171 0.268298089
vt 0.181519702 0.255174040
vt 0.168162107 0.235167920
vt 0.194274067 0.274896621
vt 0.208041146 0.288496255
vt 0.223977416 0.283151388
vt 0.234874412 0.282209873
vt 0.245951250 0.274960577
vt 0.253771662 0.257445573
vt 0.268199861 0.243108153
vt 0.261867195 0.261492192
vt 0.275588661 0.213504612
vt 0.278901487 0.225052654
vt 0.279007911 0.239225029
vt 0.273170173 0.186302721
vt 0.281941711 0.194532752
vt 0.273492127 0.172823071
vt 0.281617760 0.178485691
vt 0.287428259 0.175878942
vt 0.285836964 0.200533092
vt 0.293778330 0.187894880
vt 0.286647051 0.213065803
vt 0.291953146 0.226259350
vt 0.278514206 0.252550005
vt 0.293478995 0.241329908
vt 0.266497701 0.267637729
vt 0.254486054 0.278226077
vt 0.246425598 0.298787951
vt 0.237947642 0.295351505
vt 0.227186441 0.301100909
vt 0.219937667 0.299825668
vt 0.233652323 0.316970050
vt 0.219690516 0.321021020
vt 0.212500006 0.314672470
vt 0.253597080 0.316297471
vt 0.244909361 0.317678570
vt 0.257288068 0.296468257
vt 0.278340905 0.269418656
vt 0.269676446 0.285059750
vt 0.294123619 0.260128736
vt 0.305411428 0.233805060
vt 0.305095404 0.246985554
vt 0.296673148 0.213423907
vt 0.307794034 0.217530071
vt 0.300509780 0.202918291
vt 0.309103220 0.186876595
vt 0.300748825 0.175487935
vt 0.316810429 0.193426668
vt 0.317974567 0.230441570
vt 0.323080837 0.212720572
vt 0.319464981 0.247239589
vt 0.309627920 0.262071609
vt 0.291082888 0.275337696
vt 0.305487781 0.281355023
vt 0.277890414 0.288602650
vt 0.271122932 0.301140129
vt 0.261559575 0.306295275
vt 0.261930495 0.322255373
vt 0.251678258 0.328886985
vt 0.241834938 0.334357261
vt 0.259670466 0.341178834
vt 0.248604998 0.340922474
vt 0.270752012 0.330982327
vt 0.273787409 0.317940652
vt 0.284015655 0.311359465
vt 0.288747221 0.292979896
vt 0.316765695 0.265241086
vt 0.322957962 0.283122181
vt 0.313496083 0.299133956
vt 0.299568206 0.299894809
vt 0.327086836 0.237062871
vt 0.327202081 0.26280123
vt 0.339346408 0.247975409
vt 0.329523772 0.224565863
vt 0.330961734 0.193924903
vt 0.336893022 0.209833681
vt 0.339716225 0.236159086
vt 0.351115614 0.218154430
vt 0.336692541 0.268406450
vt 0.352730870 0.246241986
vt 0.350523293 0.267727434
vt 0.322976857 0.304147839
vt 0.338893532 0.285897016
vt 0.303832948 0.313737750
vt 0.289610683 0.327894270
vt 0.277274310 0.339683651
vt 0.309749066 0.333687663
vt 0.292620718 0.342403888
vt 0.312373161 0.322144627
vt 0.338956266 0.297929704
vt 0.338277190 0.313172280
vt 0.326319336 0.326490283
vt 0.355957180 0.292690813
vt 0.362687766 0.264424026
vt 0.360916435 0.284461915
vt 0.354608476 0.226099133
vt 0.362081557 0.240612089
vt 0.344362288 0.195567131
vt 0.356184601 0.196897149
vt 0.369465053 0.207611978
vt 0.365570932 0.224117577
vt 0.329595774 0.178897202
vt 0.339498996 0.170591890
vt 0.351843655 0.181019127
vt 0.369196713 0.190939068
vt 0.376230001 0.220245838
vt 0.382054328 0.192504763
vt 0.372059583 0.242442786
vt 0.370624423 0.267956376
vt 0.365905731 0.304953634
vt 0.355215340 0.306059777
vt 0.353890061 0.321515858
vt 0.339396387 0.334892451
vt 0.325964748 0.341995358
vt 0.353177011 0.341563701
vt 0.336567610 0.353517711
vt 0.362151205 0.339536130
vt 0.373813748 0.317428648
vt 0.375107407 0.298459827
vt 0.375953078 0.282935559
vt 0.380021423 0.263647913
vt 0.377476304 0.240831553
vt 0.384309738 0.218884944
vt 0.369805008 0.177118063
vt 0.383772462 0.162484884
vt 0.390845567 0.174019932
vt 0.389375120 0.198268830
vt 0.355813235 0.166062772
vt 0.330507546 0.159074306
vt 0.341595292 0.154046416
vt 0.352750331 0.150482296
vt 0.372801393 0.157706141
vt 0.378116488 0.142621219
vt 0.385570794 0.145911037
vt 0.390039384 0.143319428
vt 0.397361844 0.192349910
vt 0.398805856 0.152683556
vt 0.397659510 0.170859038
vt 0.390673756 0.220293402
vt 0.387602776 0.242541849
vt 0.382490694 0.290246129
vt 0.386091321 0.259978830
vt 0.381308883 0.315171003
vt 0.729350924 0.638756930
vt 0.726104319 0.663096725
vt 0.732746779 0.672593593
vt 0.727627217 0.691355764
vt 0.724937558 0.720588684
vt 0.724783837 0.709601163
vt 0.725150585 0.730402946
vt 0.723954856 0.749604582
vt 0.721473395 0.775176167
vt 0.732451498 0.775286078
vt 0.365112304 0.138737857
vt 0.341179907 0.136641264
vt 0.353460520 0.138412594
vt 0.328474283 0.147301018
vt 0.328657239 0.133587300
vt 0.347047984 0.123078465
vt 0.364047348 0.125936985
vt 0.708368539 0.760685682
vt 0.712208032 0.742191612
vt 0.708276629 0.727853894
vt 0.712209463 0.714541256
vt 0.715416491 0.699298858
vt 0.718925237 0.676808953
vt 0.713710784 0.685025811
vt 0.720197022 0.657120108
vt 0.708445012 0.663197040
vt 0.726193189 0.620623946
vt 0.717383861 0.641616821
vt 0.704267501 0.647106766
vt 0.702161967 0.678977251
vt 0.696287334 0.665668010
vt 0.699964761 0.695047736
vt 0.705284833 0.706447958
vt 0.697592794 0.718547582
vt 0.696122109 0.732091903
vt 0.702021777 0.743442535
vt 0.697694778 0.754863321
vt 0.690520584 0.765631377
vt 0.333855718 0.120324373
vt 0.670318603 0.762119293
vt 0.314663767 0.142649769
vt 0.317056387 0.130612671
vt 0.323766231 0.117557406
vt 0.655761003 0.753348350
vt 0.676060438 0.748602569
vt 0.684310674 0.754986524
vt 0.687564551 0.740102708
vt 0.686867058 0.726570129
vt 0.690573990 0.706109702
vt 0.677823007 0.715371727
vt 0.687719285 0.68199718
vt 0.680529117 0.699406802
vt 0.689704477 0.652997970
vt 0.675300717 0.668638885
vt 0.675673127 0.685401082
vt 0.668112278 0.69597435
vt 0.662569642 0.707232713
vt 0.672122120 0.726711273
vt 0.657155275 0.717195153
vt 0.674834132 0.735755205
vt 0.657462656 0.737804412
vt 0.642963886 0.746658325
vt 0.643222034 0.761486113
vt 0.308242529 0.113555192
vt 0.305713504 0.127549707
vt 0.628818571 0.760442853
vt 0.613738179 0.773059546
vt 0.296932637 0.124412477
vt 0.640685796 0.729995131
vt 0.627925932 0.744039297
vt 0.658613562 0.728529334
vt 0.647082746 0.707301378
vt 0.635424852 0.717851400
vt 0.647661089 0.695588469
vt 0.653696119 0.686908721
vt 0.661970436 0.678328633
vt 0.667357802 0.658949852
vt 0.652384817 0.662741661
vt 0.690331757 0.634872913
vt 0.67547369 0.642747879
vt 0.655015349 0.643346488
vt 0.640323877 0.673165321
vt 0.639239907 0.655218184
vt 0.638176560 0.685608267
vt 0.634251534 0.703003406
vt 0.629604160 0.687277555
vt 0.623561024 0.732262492
vt 0.618316769 0.719788551
vt 0.624500393 0.708315610
vt 0.616858124 0.758423030
vt 0.614272773 0.745909810
vt 0.596275806 0.772969245
vt 0.606560528 0.751293301
vt 0.606993854 0.732354521
vt 0.612514495 0.707562804
vt 0.603662252 0.717032432
vt 0.617608487 0.693428754
vt 0.624542236 0.671506166
vt 0.611407816 0.680695712
vt 0.627642869 0.655970931
vt 0.632605016 0.636008501
vt 0.673465430 0.626125216
vt 0.653041958 0.627387940
vt 0.700078547 0.631494522
vt 0.689765691 0.615722835
vt 0.711821615 0.629775881
vt 0.701954186 0.614702463
vt 0.691117048 0.598025083
vt 0.675310194 0.606794178
vt 0.659570217 0.614250183
vt 0.636039614 0.620169282
vt 0.618234753 0.632307052
vt 0.617855250 0.652103900
vt 0.607210993 0.664784014
vt 0.600289702 0.693018078
vt 0.593916952 0.679644882
vt 0.593456149 0.703295469
vt 0.589856863 0.713922143
vt 0.596232950 0.727094650
vt 0.583183765 0.688251495
vt 0.576780736 0.705604910
vt 0.573882222 0.696013450
vt 0.591092705 0.666823864
vt 0.579530119 0.677211046
vt 0.608465015 0.646914064
vt 0.595151066 0.651834726
vt 0.613679409 0.613865017
vt 0.607623100 0.627299249
vt 0.630711734 0.603128790
vt 0.654373288 0.601844131
vt 0.678955793 0.592897951
vt 0.685434043 0.582860469
vt 0.705176830 0.588145673
vt 0.706799626 0.601468443
vt 0.710460662 0.614161968
vt 0.719593584 0.596601247
vt 0.721532344 0.609450101
vt 0.696553111 0.573906958
vt 0.703937888 0.570964813
vt 0.714799523 0.584307611
vt 0.660416781 0.584892630
vt 0.681021988 0.573107957
vt 0.641264081 0.591600656
vt 0.630988180 0.585170269
vt 0.617132365 0.601960063
vt 0.600269198 0.605181276
vt 0.597184896 0.623690724
vt 0.593315780 0.640360534
vt 0.576127052 0.645310401
vt 0.574582099 0.665459275
vt 0.568610250 0.680628776
vt 0.558173298 0.671308279
vt 0.565838992 0.656535983
vt 0.560915589 0.628020882
vt 0.576563239 0.636366009
vt 0.559037923 0.641105413
vt 0.587226986 0.627875149
vt 0.581071257 0.616694688
vt 0.600504040 0.585730850
vt 0.589671492 0.597667217
vt 0.612926662 0.592954039
vt 0.639547824 0.573350429
vt 0.623590469 0.574650645
vt 0.652259051 0.583051145
vt 0.613145947 0.580185651
vt 0.659433782 0.570758342
vt 0.687752246 0.563614249
vt 0.673549234 0.562029361
vt 0.658718526 0.555535435
vt 0.647935986 0.561755538
vt 0.632763147 0.560126245
vt 0.617717742 0.564641237
vt 0.601872146 0.571804165
vt 0.588856875 0.578827738
vt 0.577055096 0.588065683
vt 0.574659168 0.604675412
vt 0.562827408 0.617248475
vt 0.538845121 0.623990058
vt 0.545243978 0.638746619
vt 0.550991535 0.657489299
vt 0.536987960 0.648290991
vt 0.533759892 0.659285426
vt 0.537375509 0.671440720
vt 0.530509591 0.637298822
vt 0.508048951 0.631085157
vt 0.513092517 0.621125400
vt 0.529335558 0.610320329
vt 0.543354690 0.599015057
vt 0.556802094 0.607860326
vt 0.562291443 0.592849135
vt 0.558572113 0.580627560
vt 0.576269626 0.573218524
vt 0.587870538 0.559563159
vt 0.611320197 0.558261573
vt 0.645071327 0.546621203
vt 0.625268220 0.546298921
vt 0.635510265 0.536171197
vt 0.651553988 0.528851151
vt 0.660730719 0.542739152
vt 0.616594016 0.530628323
vt 0.608787119 0.542437493
vt 0.600320458 0.553269743
vt 0.572232484 0.556610047
vt 0.580991745 0.543225646
vt 0.595147788 0.541557192
vt 0.557846844 0.564352512
vt 0.534644246 0.585225880
vt 0.544477403 0.573503077
vt 0.519719123 0.598652958
vt 0.505767881 0.610359072
vt 0.489585697 0.615496814
vt 0.487461000 0.598839759
vt 0.495564699 0.590985178
vt 0.511522889 0.581337571
vt 0.523823559 0.576925993
vt 0.527876853 0.563975095
vt 0.538594007 0.561496555
vt 0.550046443 0.549686551
vt 0.560332477 0.536523342
vt 0.569001138 0.528369545
vt 0.582783341 0.531167447
vt 0.600265860 0.527602970
vt 0.607570409 0.515253722
vt 0.624332249 0.521066546
vt 0.640034973 0.526389598
vt 0.617194533 0.503417968
vt 0.632496655 0.508241057
vt 0.589338481 0.512059569
vt 0.601666927 0.504191756
vt 0.577878952 0.514141678
vt 0.562379241 0.517659306
vt 0.542288422 0.520412862
vt 0.541625380 0.536074638
vt 0.531708717 0.547691106
vt 0.516960918 0.547034204
vt 0.511165261 0.562935411
vt 0.501891970 0.569658398
vt 0.490452826 0.576335787
vt 0.475027471 0.585022032
vt 0.472085952 0.604916155
vt 0.474880516 0.567039430
vt 0.462524741 0.577518582
vt 0.461532473 0.595664024
vt 0.491710841 0.561749756
vt 0.500428438 0.547205328
vt 0.524540603 0.528580665
vt 0.510185957 0.532911300
vt 0.547122180 0.509939611
vt 0.526513040 0.511011719
vt 0.517880857 0.515358626
vt 0.568146765 0.504342913
vt 0.584094762 0.495493352
vt 0.610975801 0.488025486
vt 0.589860260 0.486778259
vt 0.562786221 0.492318391
vt 0.542899191 0.498646318
vt 0.521925509 0.495412886
vt 0.510820984 0.501541018
vt 0.504354178 0.524478197
vt 0.500149905 0.511732101
vt 0.488312155 0.534274101
vt 0.485389053 0.551509499
vt 0.470994740 0.547281980
vt 0.460054159 0.561054050
vt 0.445352941 0.586416840
vt 0.444909781 0.573074698
vt 0.452182710 0.616384506
vt 0.449442237 0.600732207
vt 0.433202564 0.595193564
vt 0.438764005 0.584628045
vt 0.442684203 0.578102588
vt 0.439465820 0.572596669
vt 0.436129421 0.563774585
vt 0.447696059 0.538809061
vt 0.459145903 0.531058609
vt 0.476840853 0.529533147
vt 0.490848481 0.519217848
vt 0.481267184 0.508453726
vt 0.500769853 0.495861113
vt 0.512265026 0.482123494
vt 0.529644906 0.484904885
vt 0.547892093 0.485268771
vt 0.561009824 0.476719200
vt 0.533968389 0.468932330
vt 0.526460349 0.476083040
vt 0.509920358 0.470183253
vt 0.498366296 0.481108546
vt 0.484769463 0.49547261
vt 0.470124840 0.521628022
vt 0.463655710 0.506267666
vt 0.439760923 0.547809660
vt 0.442006468 0.538854479
vt 0.439249396 0.526134014
vt 0.439705342 0.513305127
vt 0.453442156 0.496098339
vt 0.470167219 0.493183255
vt 0.482111096 0.483174383
vt 0.485566586 0.468481659
vt 0.498062193 0.459768295
vt 0.516271054 0.459655880
vt 0.534406483 0.458093822
vt 0.549347877 0.458169817
vt 0.580439329 0.473127007
vt 0.567647874 0.461021482
vt 0.543425738 0.445019424
vt 0.563533604 0.444342255
vt 0.524885296 0.447628021
vt 0.503345608 0.447838246
vt 0.478716075 0.454349041
vt 0.470097452 0.475956797
vt 0.465920388 0.459219098
vt 0.464138239 0.485095620
vt 0.437518179 0.484136879
vt 0.454627424 0.471263766
vt 0.426849693 0.491526365
vt 0.426252394 0.497844636
vt 0.433291614 0.513964176
vt 0.432878285 0.476168572
vt 0.442197203 0.469440460
vt 0.447882354 0.454252064
vt 0.467827886 0.448412239
vt 0.490201264 0.440716922
vt 0.516055643 0.434556305
vt 0.533296227 0.432042896
vt 0.540302693 0.434632062
vt 0.557463467 0.430870175
vt 0.573989570 0.440992176
vt 0.583355546 0.459093570
vt 0.591851770 0.446852088
vt 0.604067862 0.465096890
vt 0.578168571 0.431138277
vt 0.550120770 0.420620918
vt 0.569311201 0.418996870
vt 0.530152976 0.413251757
vt 0.538061678 0.407953143
vt 0.503551900 0.422955572
vt 0.516481518 0.413103461
vt 0.477377951 0.438485443
vt 0.484783291 0.425880372
vt 0.457549452 0.443396270
vt 0.436690539 0.455072462
vt 0.449335753 0.433169245
vt 0.435050100 0.471213996
vt 0.436473786 0.464381098
vt 0.433029323 0.417610764
vt 0.443480908 0.414381742
vt 0.423096954 0.429051756
vt 0.423027545 0.439069151
vt 0.431428015 0.454735517
vt 0.434290647 0.460216820
vt 0.470092177 0.427203834
vt 0.461628139 0.418230414
vt 0.485236048 0.410714924
vt 0.492781847 0.413038253
vt 0.508529067 0.404235184
vt 0.527394771 0.396452307
vt 0.541100561 0.391382932
vt 0.552204549 0.400774478
vt 0.566940188 0.405730009
vt 0.587907016 0.412943065
vt 0.567894995 0.394140601
vt 0.578711152 0.389101386
vt 0.587487816 0.400301396
vt 0.553579449 0.38208884
vt 0.526858270 0.382691562
vt 0.540673315 0.374457120
vt 0.501839757 0.397546768
vt 0.505489468 0.384033918
vt 0.477428823 0.402845740
vt 0.489995718 0.390626967
vt 0.455973416 0.403567194
vt 0.473699629 0.391260445
vt 0.487949430 0.376606226
vt 0.503618061 0.360690116
vt 0.523213625 0.374122798
vt 0.518764257 0.363928496
vt 0.536963224 0.362286746
vt 0.552438736 0.365495681
vt 0.565576970 0.377048432
vt 0.586666882 0.371088743
vt 0.596394658 0.384719848
vt 0.612721324 0.398797273
vt 0.605812788 0.415319502
vt 0.592451751 0.426756978
vt 0.625177919 0.415040910
vt 0.633164167 0.402086317
vt 0.631947279 0.394339025
vt 0.611247122 0.382033169
vt 0.604362666 0.367515027
vt 0.585318386 0.353772342
vt 0.573274970 0.364062249
vt 0.598381042 0.357003212
vt 0.560419738 0.357251584
vt 0.547101974 0.347223877
vt 0.532411336 0.351165771
vt 0.512843489 0.350803494
vt 0.523838698 0.344809413
vt 0.493095368 0.361480474
vt 0.501439869 0.342049241
vt 0.511336207 0.333205878
vt 0.537203550 0.333440721
vt 0.520544588 0.327850997
vt 0.564701438 0.344409465
vt 0.554356277 0.332734763
vt 0.576912939 0.347133040
vt 0.593108654 0.338985443
vt 0.60521245 0.346580445
vt 0.616347551 0.360711336
vt 0.625017166 0.374222576
vt 0.634474337 0.382948696
vt 0.655866980 0.395880818
vt 0.656045675 0.408722817
vt 0.637858986 0.41016078
vt 0.675812482 0.394342660
vt 0.675397932 0.410070419
vt 0.661654114 0.380613684
vt 0.648348450 0.376731395
vt 0.634101390 0.363767623
vt 0.619679629 0.349159538
vt 0.605675816 0.331990838
vt 0.593733668 0.317251086
vt 0.583975434 0.329185247
vt 0.569846034 0.328885734
vt 0.553005695 0.318666279
vt 0.532692134 0.320827901
vt 0.505419075 0.318398475
vt 0.520302534 0.312268257
vt 0.493695974 0.328424334
vt 0.505118906 0.306804716
vt 0.489644736 0.307108700
vt 0.535377383 0.306643307
vt 0.519986152 0.297999143
vt 0.54602319 0.310163497
vt 0.566038489 0.315812468
vt 0.559806227 0.300511717
vt 0.580766737 0.316578745
vt 0.581626176 0.305819571
vt 0.600696384 0.304826498
vt 0.609383642 0.319233298
vt 0.622308075 0.337264835
vt 0.639109075 0.350795507
vt 0.655030965 0.362719357
vt 0.674010753 0.367667853
vt 0.657870829 0.349725484
vt 0.643099963 0.334861695
vt 0.631143450 0.325950980
vt 0.612973928 0.300655186
vt 0.625622570 0.310972154
vt 0.604613483 0.286838233
vt 0.589480936 0.291827857
vt 0.573866903 0.294074237
vt 0.540616691 0.295124352
vt 0.554688274 0.286563336
vt 0.529387295 0.283765077
vt 0.515290021 0.288221359
vt 0.501384615 0.296402454
vt 0.490738123 0.286015391
vt 0.506016969 0.281220138
vt 0.524315416 0.273962616
vt 0.544057786 0.278648555
vt 0.567010700 0.285176158
vt 0.561503410 0.273200631
vt 0.576698541 0.278118550
vt 0.595893263 0.275884866
vt 0.611356139 0.267300784
vt 0.619057953 0.284362971
vt 0.629788875 0.296215653
vt 0.645189464 0.311705708
vt 0.660187482 0.334545493
vt 0.674519121 0.351797401
vt 0.661645114 0.31744802
vt 0.671043455 0.334497511
vt 0.650453507 0.296065211
vt 0.664064407 0.303936898
vt 0.634551107 0.286788702
vt 0.631464481 0.268088281
vt 0.606879591 0.253263950
vt 0.593322098 0.265949428
vt 0.619374275 0.259486258
vt 0.579081594 0.262997746
vt 0.569104254 0.261026322
vt 0.547865867 0.267212092
vt 0.524196982 0.264222085
vt 0.501815497 0.270225942
vt 0.513874411 0.256236314
vt 0.494796395 0.253888249
vt 0.483975052 0.265132963
vt 0.544218540 0.253664910
vt 0.525317251 0.247882783
vt 0.561314404 0.254938900
vt 0.576934874 0.250860273
vt 0.590224266 0.255513250
vt 0.594056069 0.244382262
vt 0.605617582 0.234477281
vt 0.61731112 0.246939599
vt 0.633132338 0.250880181
vt 0.644605755 0.267748177
vt 0.648367226 0.283084571
vt 0.668572247 0.292129457
vt 0.680765509 0.312850475
vt 0.681264519 0.300394177
vt 0.663078129 0.278878152
vt 0.686486125 0.292160034
vt 0.647666871 0.249640107
vt 0.664018154 0.263911366
vt 0.622422993 0.237344682
vt 0.641983747 0.237967073
vt 0.590327560 0.226321339
vt 0.615800499 0.221085429
vt 0.602884888 0.219373822
vt 0.577195763 0.240318298
vt 0.562464296 0.243204176
vt 0.539502799 0.242217242
vt 0.553105056 0.232912838
vt 0.566886246 0.2280249
vt 0.578924536 0.224559187
vt 0.592046797 0.207116723
vt 0.603152930 0.198777556
vt 0.612371146 0.200075268
vt 0.624070763 0.202232241
vt 0.630170524 0.214137733
vt 0.633651852 0.228339314
vt 0.651881754 0.223502755
vt 0.666359722 0.231184482
vt 0.663501203 0.245209872
vt 0.676698744 0.260884881
vt 0.686315298 0.277346372
vt 0.697626113 0.306363344
vt 0.702200949 0.291018724
vt 0.697815358 0.321954667
vt 0.712748289 0.311484754
vt 0.711765348 0.294677674
vt 0.702939152 0.278029024
vt 0.695570468 0.268582463
vt 0.687688827 0.252564668
vt 0.671566546 0.241364955
vt 0.673239469 0.211736440
vt 0.683259427 0.222187101
vt 0.688178539 0.237689673
vt 0.643549442 0.215857148
vt 0.660209357 0.211717903
vt 0.639374196 0.202780842
vt 0.614772915 0.187602222
vt 0.635552585 0.189304888
vt 0.622013628 0.170699238
vt 0.631161451 0.182837247
vt 0.607290566 0.176473021
vt 0.596493721 0.184583067
vt 0.643621921 0.177549362
vt 0.653175175 0.189570009
vt 0.648460447 0.199227929
vt 0.665448248 0.198914170
vt 0.682587742 0.194343149
vt 0.691698968 0.208662748
vt 0.697914719 0.232176661
vt 0.706058800 0.218132555
vt 0.705900728 0.251909852
vt 0.717524051 0.271147787
vt 0.716724693 0.281437218
vt 0.722864747 0.300885558
vt 0.730601728 0.284634292
vt 0.718969404 0.252674579
vt 0.730793058 0.264840424
vt 0.713444709 0.232825756
vt 0.702850163 0.203568458
vt 0.720587670 0.208037674
vt 0.721042633 0.229317724
vt 0.679627060 0.188517332
vt 0.706901252 0.195056557
vt 0.665299356 0.184003770
vt 0.665057539 0.172835886
vt 0.633215785 0.166169822
vt 0.648720562 0.164763927
vt 0.62451756 0.155259192
vt 0.636784434 0.148773193
vt 0.655300378 0.152535438
vt 0.669773817 0.15861696
vt 0.692727863 0.161046087
vt 0.690980076 0.175582766
vt 0.701557636 0.180287659
vt 0.716970562 0.185866415
vt 0.732401073 0.188508212
vt 0.731648802 0.218681812
vt 0.731229841 0.24084723
vt 0.393251389 0.726002454
vt 0.388497293 0.701138913
vt 0.385463625 0.673363506
vt 0.393470943 0.676525175
vt 0.38002038 0.696457982
vt 0.381992518 0.709375381
vt 0.393198370 0.747481823
vt 0.384702116 0.728029370
vt 0.400766313 0.779787540
vt 0.717415273 0.171009182
vt 0.731701850 0.163583576
vt 0.403862237 0.809882640
vt 0.685327470 0.148113846
vt 0.702223300 0.153112232
vt 0.672515034 0.147185862
vt 0.646402120 0.139287293
vt 0.659632504 0.13736552
vt 0.626998066 0.138547658
vt 0.631407856 0.125096142
vt 0.651605844 0.121038198
vt 0.661936938 0.121708571
vt 0.675298214 0.126436889
vt 0.683685123 0.134789168
vt 0.70475775 0.137705564
vt 0.712469816 0.152182579
vt 0.408135086 0.826984167
vt 0.723003745 0.148263037
vt 0.733884692 0.131351649
vt 0.414123714 0.853509962
vt 0.397397488 0.813301920
vt 0.390685766 0.772604405
vt 0.387778103 0.750456154
vt 0.376155734 0.725734412
vt 0.378336042 0.748285174
vt 0.374481231 0.762726545
vt 0.372717261 0.776719868
vt 0.380713403 0.803299427
vt 0.406142801 0.868479251
vt 0.390088170 0.847308516
vt 0.380618095 0.828342139
vt 0.413465946 0.872573375
vt 0.726361870 0.115324974
vt 0.734425365 0.113237917
vt 0.416165739 0.894258558
vt 0.720981895 0.137366116
vt 0.697384536 0.128562629
vt 0.713942289 0.127755343
vt 0.667949616 0.108138203
vt 0.684568643 0.111877620
vt 0.652305781 0.103141546
vt 0.669000387 0.096229910
vt 0.684600234 0.094017624
vt 0.690907061 0.102984607
vt 0.705720067 0.115947485
vt 0.720428168 0.106825888
vt 0.729467093 0.087970435
vt 0.735869526 0.100209534
vt 0.422132879 0.928410589
vt 0.408876210 0.892639756
vt 0.411287099 0.910704612
vt 0.393301755 0.879837274
vt 0.402484953 0.893187463
vt 0.384533166 0.872486472
vt 0.370865523 0.846715331
vt 0.375267207 0.861682891
vt 0.357402682 0.831885397
vt 0.368506521 0.815276503
vt 0.342518150 0.848295807
vt 0.353254765 0.863190829
vt 0.352004259 0.875624775
vt 0.369848340 0.891715467
vt 0.385737210 0.897770583
vt 0.398053646 0.908990681
vt 0.404616594 0.930684864
vt 0.414857983 0.939830958
vt 0.427652865 0.928556323
vt 0.418149381 0.945503115
vt 0.423755526 0.946834862
vt 0.427602887 0.944020032
vt 0.426274150 0.947395205
vt 0.730900943 0.066683471
vt 0.408826172 0.95469594
vt 0.414396643 0.945098817
vt 0.410665303 0.946376204
vt 0.384484112 0.920745492
vt 0.390900075 0.940480470
vt 0.369110882 0.911321580
vt 0.348786443 0.890025317
vt 0.352249473 0.905153393
vt 0.330806493 0.856264174
vt 0.317434459 0.870433092
vt 0.317535489 0.881146669
vt 0.336708426 0.829185903
vt 0.319580853 0.838914394
vt 0.314698457 0.854469835
vt 0.298439145 0.855429649
vt 0.292452961 0.871741116
vt 0.291859388 0.881439507
vt 0.311478227 0.889749527
vt 0.334060400 0.900640189
vt 0.333992928 0.913032591
vt 0.348440557 0.923428058
vt 0.369999975 0.932735860
vt 0.371695101 0.949333488
vt 0.390630811 0.948888301
vt 0.384807020 0.957593500
vt 0.407637924 0.960432350
vt 0.716302275 0.078667521
vt 0.384255588 0.963547706
vt 0.363481432 0.964782476
vt 0.353215247 0.957916259
vt 0.345532685 0.950832724
vt 0.358165502 0.937135696
vt 0.339433580 0.932520210
vt 0.314848035 0.906653404
vt 0.317188620 0.920077204
vt 0.297286659 0.900292694
vt 0.277523666 0.883839845
vt 0.284268379 0.856011211
vt 0.276575118 0.866726219
vt 0.303502112 0.832708358
vt 0.287082344 0.834908366
vt 0.296459049 0.813994169
vt 0.318859428 0.821274042
vt 0.275757342 0.818948030
vt 0.275275647 0.835647821
vt 0.266954451 0.853673398
vt 0.260714888 0.874242901
vt 0.259549766 0.891051769
vt 0.278968036 0.901423811
vt 0.288054913 0.917677760
vt 0.305750280 0.928380131
vt 0.320959031 0.939406991
vt 0.314110547 0.953327238
vt 0.324970662 0.959371566
vt 0.331284493 0.966976881
vt 0.297979831 0.964175343
vt 0.298506736 0.939893901
vt 0.287615001 0.955548644
vt 0.271928757 0.921509265
vt 0.286736220 0.940773844
vt 0.261973053 0.908435881
vt 0.244985193 0.881302833
vt 0.244783580 0.899709641
vt 0.236828014 0.871318459
vt 0.253305047 0.855916082
vt 0.259372234 0.832057476
vt 0.283872306 0.802006006
vt 0.258321017 0.808913826
vt 0.270473152 0.802794694
vt 0.246786162 0.816382110
vt 0.238946750 0.829242646
vt 0.248548865 0.840440034
vt 0.236333951 0.852582097
vt 0.220169246 0.883304834
vt 0.212562501 0.870202541
vt 0.228502392 0.858046174
vt 0.232330292 0.894341945
vt 0.253307551 0.920409739
vt 0.228808596 0.911359310
vt 0.241715535 0.922255814
vt 0.267154038 0.942718505
vt 0.271679550 0.957123875
vt 0.272394210 0.964376449
vt 0.250740915 0.943547368
vt 0.258726984 0.958665967
vt 0.227450102 0.934664249
vt 0.216023668 0.915271639
vt 0.217527389 0.899703204
vt 0.194633692 0.882697463
vt 0.204689651 0.894272506
vt 0.217115163 0.853152394
vt 0.195403099 0.865007638
vt 0.225737318 0.83058846
vt 0.232643485 0.807481706
vt 0.244872272 0.799814820
vt 0.253716111 0.788728892
vt 0.273494333 0.787158966
vt 0.242052093 0.770696759
vt 0.234289363 0.785403668
vt 0.259974062 0.776881814
vt 0.222474262 0.796934723
vt 0.217556774 0.814833998
vt 0.213696807 0.832828223
vt 0.205306366 0.847051203
vt 0.183231338 0.850099444
vt 0.176646888 0.868495702
vt 0.168751746 0.882257342
vt 0.188093960 0.894019842
vt 0.202698022 0.907964944
vt 0.210461527 0.926707744
vt 0.214585214 0.947038829
vt 0.234867602 0.950358450
vt 0.201573208 0.937694251
vt 0.197411164 0.922439694
vt 0.184332102 0.909142851
vt 0.167789414 0.895971119
vt 0.157284021 0.866144537
vt 0.141886189 0.875805079
vt 0.146289601 0.887090981
vt 0.159553498 0.850044786
vt 0.193155437 0.833688557
vt 0.170554280 0.836049020
vt 0.203038081 0.816683888
vt 0.211363032 0.797740876
vt 0.217259049 0.775116443
vt 0.226775541 0.773435354
vt 0.226096227 0.756176888
vt 0.212339267 0.760905683
vt 0.204191744 0.777162492
vt 0.196860909 0.799461364
vt 0.185981661 0.816923916
vt 0.171190500 0.817512750
vt 0.153691053 0.831631898
vt 0.136345669 0.842945337
vt 0.144538089 0.860352158
vt 0.128102600 0.864477396
vt 0.118060380 0.877937138
vt 0.123012974 0.889655590
vt 0.150395691 0.907078445
vt 0.135799348 0.905603051
vt 0.170060634 0.912634193
vt 0.157138198 0.917246818
vt 0.133434295 0.924713015
vt 0.145768120 0.932939708
vt 0.123691789 0.908593356
vt 0.104106411 0.894987106
vt 0.111733831 0.903440594
vt 0.106462054 0.876153111
vt 0.126324489 0.852532744
vt 0.109673634 0.858037889
vt 0.128777936 0.830445110
vt 0.113379657 0.840880870
vt 0.149066597 0.820166468
vt 0.166288390 0.806337833
vt 0.184045031 0.797765672
vt 0.187754169 0.783520400
vt 0.196881711 0.766205012
vt 0.181748241 0.764519810
vt 0.166568964 0.773785591
vt 0.169449627 0.789018809
vt 0.146888479 0.803574740
vt 0.132450789 0.817666530
vt 0.120108962 0.812474489
vt 0.111686669 0.823102831
vt 0.097716920 0.833719849
vt 0.095134444 0.846825897
vt 0.090246163 0.857898831
vt 0.074035927 0.867353320
vt 0.088293112 0.895670890
vt 0.080922395 0.882892727
vt 0.104394428 0.914829850
vt 0.082678310 0.909411668
vt 0.118259251 0.932092905
vt 0.097572818 0.927005171
vt 0.106135718 0.936267674
vt 0.078608326 0.903241634
vt 0.076407231 0.935842812
vt 0.085726186 0.947408199
vt 0.075633421 0.882092416
vt 0.076947808 0.892316341
vt 0.072573855 0.875517487
vt 0.071304120 0.871571302
vt 0.068701066 0.867437362
vt 0.065364159 0.862928748
vt 0.069052822 0.857856988
vt 0.080138079 0.838696718
vt 0.100305765 0.811002254
vt 0.087499700 0.826135456
vt 0.108935788 0.806726276
vt 0.086060330 0.816228568
vt 0.088916167 0.793138921
vt 0.102789580 0.784138560
vt 0.057936739 0.821045458
vt 0.060003567 0.807695031
vt 0.061519231 0.862226843
vt 0.063136130 0.857436537
vt 0.054371412 0.839904308
vt 0.065873421 0.866202354
vt 0.431463897 0.174983143
vt 0.067455284 0.874342143
vt 0.069902919 0.882775664
vt 0.072039179 0.88007164
vt 0.072428427 0.888109803
vt 0.073930144 0.893731474
vt 0.074385725 0.897553563
vt 0.072014771 0.897270739
vt 0.439127922 0.139393627
vt 0.441079855 0.152821838
vt 0.435824722 0.173843026
vt 0.438418388 0.169090926
vt 0.442174822 0.159522831
vt 0.440177708 0.162810266
vt 0.431888818 0.184239924
vt 0.435113340 0.178187191
vt 0.428194254 0.177102565
vt 0.059963922 0.860954940
vt 0.051089935 0.841451942
vt 0.049053892 0.834541976
vt 0.053481046 0.818156123
vt 0.047220561 0.827282965
vt 0.056180317 0.807539463
vt 0.052567850 0.812913775
vt 0.053670652 0.810456752
vt 0.429174959 0.190597593
vt 0.431636214 0.218117058
vt 0.432707101 0.206228375
vt 0.434393316 0.183023929
vt 0.432159185 0.186335384
vt 0.437559008 0.183459103
vt 0.437206983 0.173669099
vt 0.44083184 0.173835754
vt 0.440576195 0.167601347
vt 0.441922098 0.163965106
vt 0.443311333 0.154680609
vt 0.445663482 0.159793078
vt 0.450192511 0.164099812
vt 0.449144929 0.194497585
vt 0.441012233 0.205109357
vt 0.436253637 0.197399437
vt 0.435083240 0.189012110
vt 0.433476090 0.197111129
vt 0.434370905 0.202408969
vt 0.434676826 0.207460999
vt 0.434560358 0.211402237
vt 0.433894217 0.215196609
vt 0.436926662 0.209415435
vt 0.455119818 0.233368277
vt 0.448120206 0.233401477
vt 0.442048668 0.226075351
vt 0.457282036 0.214676201
vt 0.459714531 0.18972224
vt 0.463234871 0.146749854
vt 0.450077533 0.143953621
vt 0.464093148 0.166885137
vt 0.445250749 0.145006895
vt 0.442889452 0.149043440
vt 0.443230509 0.129226207
vt 0.449359923 0.123492062
vt 0.442069947 0.134938001
vt 0.442178309 0.139093101
vt 0.441839903 0.143706858
vt 0.464782089 0.127855956
vt 0.474862217 0.142585694
vt 0.476389855 0.155752837
vt 0.474701166 0.171598613
vt 0.466699689 0.186509847
vt 0.468111246 0.203302860
vt 0.470210939 0.218959450
vt 0.464425325 0.231328845
vt 0.467918247 0.245438337
vt 0.458936452 0.253756463
vt 0.448204726 0.256298661
vt 0.440060555 0.248740911
vt 0.441411703 0.237291455
vt 0.457905054 0.266503155
vt 0.439583808 0.270892679
vt 0.470361948 0.265346407
vt 0.482363671 0.238441646
vt 0.476646423 0.252492308
vt 0.476866930 0.227631568
vt 0.480328530 0.210097193
vt 0.478255987 0.191153705
vt 0.486429452 0.164547383
vt 0.488443017 0.179207563
vt 0.486389488 0.152636468
vt 0.473309695 0.126079201
vt 0.481799215 0.130386889
vt 0.494664967 0.137349665
vt 0.500809490 0.152547836
vt 0.500015616 0.165590643
vt 0.502226352 0.184486627
vt 0.489757716 0.193887293
vt 0.495778948 0.213291645
vt 0.491991758 0.226235210
vt 0.501410007 0.244659662
vt 0.461190968 0.279467284
vt 0.474866092 0.279946327
vt 0.445249199 0.293680250
vt 0.439127504 0.306276619
vt 0.425443291 0.273116707
vt 0.467768579 0.291931808
vt 0.481269061 0.291354537
vt 0.457379519 0.303793489
vt 0.480212062 0.307931959
vt 0.467890739 0.308788776
vt 0.446644723 0.321881830
vt 0.422930538 0.277728319
vt 0.43192029 0.304882109
vt 0.432553708 0.316125512
vt 0.437349498 0.342658758
vt 0.446533381 0.340846538
vt 0.421917378 0.27494663
vt 0.422490835 0.272761762
vt 0.422184646 0.269681274
vt 0.424532353 0.267581164
vt 0.427799552 0.262858152
vt 0.423269122 0.288326144
vt 0.420955866 0.281952917
vt 0.421242684 0.277753412
vt 0.428542733 0.301226615
vt 0.429359555 0.309318661
vt 0.427738457 0.306461215
vt 0.429726153 0.313642978
vt 0.430853247 0.319525957
vt 0.428945243 0.316945076
vt 0.431437701 0.327039659
vt 0.433079838 0.338480114
vt 0.434887319 0.344169318
vt 0.432928264 0.341579616
vt 0.446485757 0.357741475
vt 0.440059423 0.352820634
vt 0.435251414 0.346750795
vt 0.459769576 0.322264552
vt 0.464508980 0.341010391
vt 0.455037117 0.363372147
vt 0.445047885 0.376729846
vt 0.439501404 0.360168814
vt 0.437781631 0.370005309
vt 0.436690956 0.353877842
vt 0.434172928 0.344947934
vt 0.433874070 0.352879703
vt 0.430465877 0.338881373
vt 0.428647130 0.325980842
vt 0.429176986 0.323200702
vt 0.428788572 0.319973886
vt 0.427859395 0.31139189
vt 0.426982045 0.317873776
vt 0.425352573 0.307782411
vt 0.425078511 0.324127197
vt 0.423571050 0.315169930
vt 0.422107249 0.306931912
vt 0.426996678 0.339346647
vt 0.435257494 0.358322441
vt 0.428880453 0.350679099
vt 0.431618034 0.359619259
vt 0.437413126 0.364501655
vt 0.435342133 0.362503349
vt 0.433756679 0.369344592
vt 0.433884769 0.373338818
vt 0.435860246 0.382323443
vt 0.434702515 0.365457773
vt 0.439239293 0.388560712
vt 0.432273209 0.367932438
vt 0.427199423 0.363597214
vt 0.429583489 0.368218600
vt 0.428664237 0.360461354
vt 0.427584677 0.354635000
vt 0.428462535 0.358054995
vt 0.426506459 0.350754618
vt 0.425941288 0.346570432
vt 0.424600571 0.342488110
vt 0.423651754 0.334249913
vt 0.423772573 0.337084472
vt 0.425043731 0.339732706
vt 0.424610674 0.346600472
vt 0.424515783 0.351808548
vt 0.420581340 0.346848309
vt 0.426702231 0.357204318
vt 0.039622996 0.656877458
vt 0.035500824 0.654101014
vt 0.032658439 0.653992772
vt 0.427949398 0.373017132
vt 0.430284649 0.376576781
vt 0.432732045 0.380961239
vt 0.434999078 0.387591183
vt 0.431120812 0.388347327
vt 0.426256924 0.381676614
vt 0.425913602 0.375695586
vt 0.428552359 0.386175751
vt 0.425987273 0.371172726
vt 0.033138036 0.648247003
vt 0.049766376 0.648916006
vt 0.041645616 0.667084217
vt 0.055262509 0.684675335
vt 0.050817642 0.708000004
vt 0.042305134 0.711330235
vt 0.419003129 0.322492420
vt 0.422173589 0.339833855
vt 0.423986047 0.340029001
vt 0.422721356 0.333202481
vt 0.420803636 0.329385042
vt 0.420323759 0.317648649
vt 0.421130269 0.321002841
vt 0.422057062 0.323676347
vt 0.420941144 0.314224660
vt 0.415488272 0.299147307
vt 0.420865565 0.30931288
vt 0.037605952 0.734701514
vt 0.067180492 0.690583109
vt 0.069987624 0.706324040
vt 0.065745286 0.721069812
vt 0.068045184 0.672921776
vt 0.065156288 0.659476935
vt 0.071701146 0.646158814
vt 0.067336365 0.630061626
vt 0.056898128 0.622175395
vt 0.084102571 0.665139436
vt 0.079694114 0.686331629
vt 0.086640052 0.704041600
vt 0.080206245 0.722880959
vt 0.065081492 0.731744766
vt 0.414075940 0.290040373
vt 0.409768849 0.279119432
vt 0.047031588 0.756859660
vt 0.062261935 0.744326531
vt 0.419641882 0.305979132
vt 0.418456494 0.302588701
vt 0.418214380 0.299910664
vt 0.416564852 0.296298980
vt 0.422632575 0.320598244
vt 0.422774463 0.328260660
vt 0.420356124 0.302978813
vt 0.421045839 0.299684345
vt 0.417873561 0.296572625
vt 0.416748791 0.294085621
vt 0.414876282 0.287237048
vt 0.413735240 0.283559382
vt 0.417269796 0.286335408
vt 0.424883693 0.300568819
vt 0.422789871 0.296410977
vt 0.419748723 0.288513541
vt 0.420401573 0.285714268
vt 0.420263856 0.281106650
vt 0.420308768 0.277047932
vt 0.414670556 0.281710982
vt 0.413991898 0.280556440
vt 0.414249599 0.278602480
vt 0.416696816 0.273156404
vt 0.421858817 0.273451447
vt 0.421312868 0.269716441
vt 0.420137614 0.263092756
vt 0.421183824 0.288777709
vt 0.422450453 0.292392611
vt 0.427357584 0.252790153
vt 0.427672743 0.248563587
vt 0.424574226 0.261222481
vt 0.422665417 0.265538990
vt 0.421958297 0.250723719
vt 0.412864238 0.259022474
vt 0.414279699 0.268692374
vt 0.414446830 0.273156583
vt 0.413929820 0.276240110
vt 0.413627386 0.278521359
vt 0.413506299 0.273595988
vt 0.034629542 0.759462237
vt 0.033639002 0.762439966
vt 0.041256699 0.764622509
vt 0.036220718 0.764703095
vt 0.038088668 0.767750442
vt 0.041693057 0.771719992
vt 0.423537880 0.243426322
vt 0.420812815 0.248003065
vt 0.433194607 0.239647865
vt 0.428550481 0.241188228
vt 0.431737840 0.245328724
vt 0.428819239 0.249151289
vt 0.430380433 0.251049935
vt 0.438166737 0.243666768
vt 0.435531973 0.241937041
vt 0.049890890 0.780638754
vt 0.052392747 0.795124173
vt 0.052816033 0.784879267
vt 0.435430884 0.230310261
vt 0.436970323 0.239664137
vt 0.437178939 0.235548853
vt 0.049228631 0.774642229
vt 0.042907919 0.771981000
vt 0.041860498 0.769954681
vt 0.044483508 0.770032882
vt 0.058541137 0.773263216
vt 0.056623518 0.782128572
vt 0.055303253 0.788881242
vt 0.056181632 0.794219374
vt 0.053829617 0.798342049
vt 0.435063183 0.222237706
vt 0.436738729 0.224982857
vt 0.43828848 0.228905677
vt 0.437997311 0.232801854
vt 0.438388347 0.236532449
vt 0.438311964 0.222321391
vt 0.434250384 0.218443453
vt 0.429548472 0.217182755
vt 0.055682364 0.799734711
vt 0.054436016 0.806324720
vt 0.061541244 0.792563557
vt 0.075924083 0.788149714
vt 0.082111202 0.775421679
vt 0.082077793 0.755755662
vt 0.070236735 0.753465175
vt 0.069736130 0.805438041
vt 0.097893849 0.769794762
vt 0.092909663 0.759923160
vt 0.089340649 0.739787101
vt 0.076622322 0.739805698
vt 0.105141528 0.735906243
vt 0.093756593 0.720673024
vt 0.109128803 0.752140283
vt 0.114963583 0.768514394
vt 0.121781729 0.745876550
vt 0.124234631 0.725536346
vt 0.107233740 0.719493508
vt 0.103658683 0.703469157
vt 0.120037533 0.707187295
vt 0.137503549 0.734617710
vt 0.141555249 0.721086621
vt 0.135943964 0.709111869
vt 0.125302359 0.76153934
vt 0.139961510 0.745889186
vt 0.115342229 0.790757834
vt 0.129989668 0.777449011
vt 0.132649481 0.796586811
vt 0.148222684 0.782095372
vt 0.143349677 0.762782335
vt 0.152858361 0.732560396
vt 0.162606656 0.752435267
vt 0.148352026 0.702967464
vt 0.163483858 0.716474950
vt 0.131636992 0.692180275
vt 0.116642974 0.691208899
vt 0.109350018 0.683067917
vt 0.092734359 0.690467
vt 0.097055561 0.673782467
vt 0.129255175 0.675045728
vt 0.113638870 0.668813705
vt 0.151855170 0.685727119
vt 0.13726677 0.684953451
vt 0.162206113 0.699768185
vt 0.175612509 0.708767175
vt 0.171256437 0.731813073
vt 0.173543795 0.746770501
vt 0.194909006 0.735686600
vt 0.196299031 0.750012278
vt 0.192042037 0.723542869
vt 0.198281660 0.708687424
vt 0.180801749 0.689873933
vt 0.194165602 0.700448274
vt 0.170609816 0.682587385
vt 0.149082362 0.669730305
vt 0.165116161 0.670737385
vt 0.120811939 0.659534096
vt 0.136847823 0.654745638
vt 0.101868316 0.655927002
vt 0.087260544 0.654704809
vt 0.109149426 0.641369700
vt 0.090590290 0.637784659
vt 0.126099377 0.648317039
vt 0.147458985 0.646959900
vt 0.135338455 0.630918979
vt 0.158499598 0.655278265
vt 0.17649059 0.654489159
vt 0.188811019 0.669561028
vt 0.191795557 0.686108410
vt 0.218390554 0.702363312
vt 0.213267520 0.690650284
vt 0.211938589 0.719651281
vt 0.212704286 0.740820348
vt 0.224669948 0.734057903
vt 0.228862211 0.714970588
vt 0.236566975 0.697579503
vt 0.207938358 0.677676320
vt 0.228725493 0.676501929
vt 0.195997431 0.657444477
vt 0.211442664 0.664843320
vt 0.187904998 0.636364698
vt 0.174983754 0.633164882
vt 0.162007287 0.641063094
vt 0.143542915 0.624965012
vt 0.160000011 0.624228000
vt 0.181591510 0.619203329
vt 0.196204870 0.615540564
vt 0.200478300 0.633367538
vt 0.212790921 0.649731993
vt 0.229781940 0.665397048
vt 0.248709872 0.670323431
vt 0.245902970 0.688879489
vt 0.258366823 0.710279822
vt 0.249972239 0.721994876
vt 0.241760119 0.730098605
vt 0.242291852 0.748140692
vt 0.264042705 0.742775797
vt 0.263492107 0.757825970
vt 0.247851997 0.761072874
vt 0.270927250 0.723172664
vt 0.264502793 0.685602605
vt 0.271641761 0.701970398
vt 0.262999147 0.659139394
vt 0.248930692 0.653633713
vt 0.23393628 0.646736741
vt 0.214848876 0.636048317
vt 0.217276573 0.615499138
vt 0.212936118 0.605704426
vt 0.196209639 0.594650685
vt 0.179529771 0.599881529
vt 0.165823444 0.606654763
vt 0.154826507 0.611293554
vt 0.156919628 0.593470752
vt 0.173696667 0.581343233
vt 0.189991056 0.578856706
vt 0.215337425 0.581749558
vt 0.217606142 0.592758894
vt 0.237463474 0.598299562
vt 0.236525982 0.614213705
vt 0.224788904 0.628697156
vt 0.242040127 0.623898029
vt 0.252849906 0.636502087
vt 0.266661673 0.641444563
vt 0.281032979 0.648962676
vt 0.281772315 0.662176609
vt 0.288951128 0.672209084
vt 0.287634640 0.689131438
vt 0.287241458 0.708113372
vt 0.306696206 0.677622556
vt 0.307548463 0.697902441
vt 0.304273247 0.655896306
vt 0.291475713 0.633769035
vt 0.312123537 0.642956674
vt 0.275741398 0.620610117
vt 0.264361500 0.610843896
vt 0.259076267 0.593418717
vt 0.240731477 0.587877154
vt 0.240632444 0.564221978
vt 0.248749181 0.575195908
vt 0.219788923 0.565184652
vt 0.198481261 0.566681385
vt 0.172767266 0.566037476
vt 0.186585441 0.551171898
vt 0.206992447 0.551061749
vt 0.234152495 0.550259590
vt 0.258387267 0.549218773
vt 0.266212850 0.557481408
vt 0.268250137 0.572632134
vt 0.280825465 0.594090938
vt 0.276445597 0.583492934
vt 0.290711045 0.605043053
vt 0.300046205 0.615230619
vt 0.316151380 0.625921487
vt 0.331999868 0.644554257
vt 0.325304597 0.666179180
vt 0.317626595 0.682969152
vt 0.342191904 0.668308019
vt 0.338236421 0.685122549
vt 0.345393657 0.626032948
vt 0.348447948 0.649452090
vt 0.325146883 0.611973762
vt 0.308890283 0.593116402
vt 0.292873144 0.579681038
vt 0.286017745 0.563966155
vt 0.278314650 0.546834945
vt 0.263182938 0.528099060
vt 0.247487977 0.537592053
vt 0.233880415 0.528365731
vt 0.215544745 0.539614319
vt 0.194998040 0.533661246
vt 0.215168058 0.526146888
vt 0.245887473 0.514053106
vt 0.226921290 0.512395858
vt 0.268298149 0.509170055
vt 0.281113684 0.525331735
vt 0.255009293 0.506139874
vt 0.291152656 0.542783260
vt 0.304741233 0.570527017
vt 0.300968527 0.555701851
vt 0.316093564 0.581407904
vt 0.327470511 0.587801098
vt 0.343204021 0.583178401
vt 0.345745205 0.606903314
vt 0.359959244 0.638231039
vt 0.360183715 0.613990426
vt 0.367168188 0.655988156
vt 0.356531679 0.673176705
vt 0.374549269 0.648322939
vt 0.37107867 0.621356368
vt 0.356737434 0.587206125
vt 0.367387175 0.592333436
vt 0.354730516 0.560476660
vt 0.348310113 0.555671989
vt 0.334204345 0.566416382
vt 0.318053185 0.558562040
vt 0.307805657 0.545237183
vt 0.299462199 0.527175068
vt 0.291358262 0.508505463
vt 0.277511447 0.495508372
vt 0.255175709 0.477567493
vt 0.232806146 0.495711386
vt 0.235250741 0.475394308
vt 0.266683340 0.472617507
vt 0.238706767 0.457986474
vt 0.255336791 0.448267698
vt 0.290151149 0.487091302
vt 0.308843731 0.510229945
vt 0.315729260 0.534583509
vt 0.327137291 0.535329520
vt 0.334316134 0.549972772
vt 0.351348877 0.527814745
vt 0.341160684 0.533476591
vt 0.365239083 0.569610953
vt 0.363381743 0.543018102
vt 0.374072194 0.583656549
vt 0.378881990 0.607525944
vt 0.381361275 0.641687154
vt 0.389369219 0.637126326
vt 0.385509043 0.616634368
vt 0.384667962 0.598274052
vt 0.373523980 0.565289259
vt 0.381695300 0.579456985
vt 0.367885142 0.545835614
vt 0.369733750 0.522121965
vt 0.361812233 0.526849329
vt 0.360783010 0.511464834
vt 0.346595883 0.505010128
vt 0.335536509 0.515588879
vt 0.323234528 0.512164592
vt 0.314921438 0.494586467
vt 0.302512884 0.483050108
vt 0.295369863 0.468004465
vt 0.271202892 0.458112776
vt 0.311238646 0.463882267
vt 0.320782810 0.484173178
vt 0.334152132 0.495534539
vt 0.349484473 0.488442957
vt 0.359987020 0.490756571
vt 0.365007430 0.495680153
vt 0.377486228 0.527193784
vt 0.378076672 0.500429630
vt 0.370458871 0.49379915
vt 0.380140304 0.560627281
vt 0.722714126 0.390956163
vt 0.719887256 0.374532759
vt 0.721336722 0.353068769
vt 0.722851336 0.329040110
vt 0.71100384 0.360552728
vt 0.708547949 0.340030133
vt 0.712551295 0.331401765
vt 0.709860026 0.379857420
vt 0.723523914 0.406588852
vt 0.715051293 0.397508740
vt 0.720782578 0.435706794
vt 0.719773292 0.418261349
vt 0.717454433 0.447949886
vt 0.732947826 0.470215320
vt 0.716724395 0.462353825
vt 0.361169815 0.472391665
vt 0.371099799 0.462888419
vt 0.382473766 0.460531532
vt 0.342885017 0.465961694
vt 0.329185158 0.472408056
vt 0.323542863 0.452153205
vt 0.348313301 0.444679021
vt 0.335290700 0.441748440
vt 0.357854843 0.437166631
vt 0.367961406 0.441368520
vt 0.735650420 0.523062229
vt 0.726276516 0.517225801
vt 0.726553320 0.493516981
vt 0.720840573 0.483153522
vt 0.703260660 0.454260706
vt 0.709476232 0.476302266
vt 0.706374645 0.431357443
vt 0.705602228 0.408961057
vt 0.705121874 0.391296505
vt 0.699898779 0.370743989
vt 0.688512146 0.386593163
vt 0.697699546 0.401832819
vt 0.697999119 0.418273031
vt 0.695826828 0.433407127
vt 0.690191626 0.454048335
vt 0.694862544 0.471854507
vt 0.704400003 0.48912853
vt 0.710887789 0.507712602
vt 0.728290736 0.535355150
vt 0.712892532 0.526198744
vt 0.368361145 0.405639529
vt 0.374577641 0.398675739
vt 0.367111057 0.424646794
vt 0.341810792 0.418907582
vt 0.358087688 0.418526351
vt 0.323459327 0.434742987
vt 0.325494974 0.416177153
vt 0.335063874 0.404559850
vt 0.360119432 0.401490330
vt 0.350682646 0.387764751
vt 0.367673099 0.376292884
vt 0.363688916 0.39169842
vt 0.735317468 0.569564342
vt 0.729973733 0.567339181
vt 0.724221766 0.551347672
vt 0.718827009 0.539863407
vt 0.705640554 0.540291786
vt 0.696092724 0.526248097
vt 0.699195861 0.506033062
vt 0.688009977 0.487060546
vt 0.677000582 0.473106265
vt 0.675870239 0.491100907
vt 0.691748440 0.507461428
vt 0.692448794 0.543697357
vt 0.682751715 0.515378952
vt 0.685177445 0.531049847
vt 0.708188831 0.549311637
vt 0.714875757 0.562953770
vt 0.737664818 0.590427160
vt 0.727364182 0.586358070
vt 0.716457486 0.571265339
vt 0.360913842 0.366212427
vt 0.372261285 0.358424782
vt 0.361521184 0.383621394
vt 0.350373834 0.360646069
vt 0.368243485 0.339487791
vt 0.378901511 0.327147722
vt 0.730188190 0.600450813
vt 0.697485268 0.556258082
vt 0.678421199 0.541410505
vt 0.678866386 0.551292896
vt 0.674033403 0.522792339
vt 0.667916297 0.508909523
vt 0.660697877 0.482433140
vt 0.662510573 0.497514069
vt 0.653994739 0.511409640
vt 0.664173662 0.528003215
vt 0.646448016 0.500900864
vt 0.641617775 0.514036774
vt 0.648113250 0.485789835
vt 0.653910279 0.471321046
vt 0.665889263 0.465269267
vt 0.627229332 0.492597937
vt 0.638300776 0.476096391
vt 0.620914280 0.474779307
vt 0.646978855 0.460327863
vt 0.632525980 0.459810257
vt 0.659904658 0.451813161
vt 0.674572765 0.450879573
vt 0.686586439 0.442170262
vt 0.678658008 0.429929077
vt 0.666231632 0.435390889
vt 0.647382974 0.441824555
vt 0.632578253 0.441775083
vt 0.621195495 0.455092310
vt 0.601057767 0.475683927
vt 0.608785033 0.452521920
vt 0.624046266 0.434878528
vt 0.608920991 0.437629640
vt 0.639872789 0.428476989
vt 0.654439866 0.42314744
vt 0.671230375 0.420898020
vt 0.687954604 0.427663564
vt 0.687204241 0.409284114
vt 0.617378354 0.422191441
vt 0.679771125 0.381649375
vt 0.688511252 0.362838745
vt 0.698837339 0.351816654
vt 0.688524782 0.343385994
vt 0.680303394 0.326303601
vt 0.731554746 0.314358055
vt 0.377672433 0.674427807
vt 0.365781426 0.699442744
vt 0.369103580 0.680038869
vt 0.358980864 0.714757561
vt 0.334692686 0.696858644
vt 0.311687409 0.710386633
vt 0.337709367 0.711788892
vt 0.347317606 0.723384738
vt 0.350605636 0.738247990
vt 0.363346666 0.736271917
vt 0.359743893 0.753935158
vt 0.336043566 0.753502190
vt 0.331472665 0.739633798
vt 0.319688141 0.722406387
vt 0.291969150 0.723533749
vt 0.311006009 0.733889997
vt 0.318470299 0.747965693
vt 0.338233470 0.765352129
vt 0.314446032 0.762969970
vt 0.351126492 0.771056592
vt 0.324515610 0.778352737
vt 0.292048662 0.757065653
vt 0.300015091 0.742972493
vt 0.298631638 0.773077547
vt 0.280080497 0.733424663
vt 0.279083341 0.753569722
vt 0.275827795 0.772936880
vt 0.288719177 0.782381057
vt 0.300535410 0.792308926
vt 0.313685178 0.788768589
vt 0.355819761 0.787494778
vt 0.331179708 0.794525146
vt 0.366370827 0.799446821
vt 0.351457446 0.802961349
vt 0.314284622 0.804499507
vt 0.339927971 0.811319470
vt 0.336414903 0.367867648
vt 0.323783189 0.352641999
vt 0.320140183 0.36731112
vt 0.333330094 0.380497098
vt 0.331858038 0.392836213
vt 0.312720954 0.384610712
vt 0.305699139 0.355932354
vt 0.297600299 0.367505073
vt 0.308161497 0.346508324
vt 0.282990306 0.355679869
vt 0.293496221 0.379811286
vt 0.279150992 0.372881948
vt 0.316260457 0.405843257
vt 0.303738594 0.394021511
vt 0.314804166 0.425825715
vt 0.302130311 0.414974510
vt 0.288935035 0.399761796
vt 0.276124775 0.390240669
vt 0.266577422 0.375002980
vt 0.269783556 0.356089770
vt 0.260103225 0.356580138
vt 0.263384491 0.390525519
vt 0.250566631 0.381138026
vt 0.250312954 0.370504319
vt 0.270062416 0.410673201
vt 0.28054142 0.414030730
vt 0.297500878 0.424657106
vt 0.308421701 0.446324884
vt 0.293557822 0.447354614
vt 0.276610195 0.430057287
vt 0.256797194 0.408079564
vt 0.257097691 0.422746002
vt 0.251749873 0.395821929
vt 0.237491041 0.391011178
vt 0.239884421 0.376454412
vt 0.242812126 0.362652003
vt 0.248122602 0.353864073
vt 0.237022116 0.348973870
vt 0.232274204 0.366911590
vt 0.232028409 0.384730160
vt 0.239324167 0.409945249
vt 0.230875119 0.405996978
vt 0.222536057 0.401011347
vt 0.24276039 0.422733008
vt 0.248009041 0.438585519
vt 0.278533637 0.446808099
vt 0.232258334 0.437785863
vt 0.225490152 0.421005666
vt 0.208979666 0.407864272
vt 0.218966245 0.419537067
vt 0.217539697 0.392619133
vt 0.220416382 0.376980185
vt 0.227208867 0.358525514
vt 0.231645032 0.336508274
vt 0.222850427 0.332020878
vt 0.222164318 0.3500579
vt 0.215012013 0.361541509
vt 0.211999595 0.384522378
vt 0.176915407 0.39110744
vt 0.179347187 0.408116281
vt 0.180107995 0.424469649
vt 0.221626132 0.444200813
vt 0.215374961 0.459664940
vt 0.174890995 0.429850637
vt 0.165594086 0.407601237
vt 0.166436940 0.396515786
vt 0.165693983 0.385161042
vt 0.172597810 0.373496174
vt 0.178970158 0.3646366
vt 0.177679359 0.352546095
vt 0.191144049 0.346582770
vt 0.215260267 0.347612142
vt 0.212428167 0.330457806
vt 0.181522473 0.329123318
vt 0.174714580 0.339008927
vt 0.160864204 0.348812580
vt 0.157855868 0.360589861
vt 0.155644595 0.369300782
vt 0.150843411 0.390073537
vt 0.148204818 0.377527654
vt 0.158399015 0.411100924
vt 0.186968982 0.484350264
vt 0.205029070 0.479952573
vt 0.219501778 0.480491221
vt 0.215835973 0.497599422
vt 0.183433696 0.500323295
vt 0.201069936 0.503389418
vt 0.169441342 0.494946181
vt 0.150970295 0.505633413
vt 0.139389738 0.498728156
vt 0.132450148 0.368665456
vt 0.142024338 0.365818142
vt 0.137004062 0.349599659
vt 0.145564064 0.340236425
vt 0.158024922 0.333241283
vt 0.159429177 0.322247564
vt 0.182028949 0.319946587
vt 0.16817303 0.313612341
vt 0.152697086 0.307410240
vt 0.141901895 0.322850048
vt 0.139128714 0.307129204
vt 0.130382835 0.328843951
vt 0.117635920 0.328186333
vt 0.126190960 0.348552167
vt 0.121766641 0.353870272
vt 0.125584214 0.373804986
vt 0.137025713 0.511353015
vt 0.157721117 0.514904856
vt 0.143649295 0.524455070
vt 0.180081069 0.514908313
vt 0.206142798 0.513629555
vt 0.171186402 0.528519988
vt 0.147322669 0.535118758
vt 0.122555621 0.537087619
vt 0.122779890 0.520102620
vt 0.104725837 0.525383949
vt 0.092807628 0.519741892
vt 0.115389317 0.338916361
vt 0.118958160 0.316031754
vt 0.106887809 0.319101572
vt 0.106926396 0.334275901
vt 0.126752689 0.309714376
vt 0.136484399 0.293041765
vt 0.126414939 0.295470476
vt 0.117653235 0.293133020
vt 0.110454648 0.299960076
vt 0.099687293 0.328333795
vt 0.395587474 0.533531248
vt 0.103433623 0.342558443
vt 0.078763097 0.533545315
vt 0.092488981 0.537777066
vt 0.111439272 0.533862412
vt 0.133677855 0.546542942
vt 0.122667357 0.553904771
vt 0.103105776 0.550064802
vt 0.157718136 0.543030023
vt 0.165048405 0.552906870
vt 0.143071577 0.558285117
vt 0.128779351 0.573242306
vt 0.117638029 0.563761591
vt 0.106542095 0.569911778
vt 0.091237448 0.563151955
vt 0.088118501 0.550203084
vt 0.074688494 0.545478820
vt 0.063148208 0.537112236
vt 0.052360095 0.547066569
vt 0.092359244 0.338249325
vt 0.403600335 0.539859414
vt 0.404747456 0.517386198
vt 0.416375994 0.524878621
vt 0.403399229 0.554007589
vt 0.124056354 0.273117363
vt 0.134629145 0.279782831
vt 0.131020709 0.262265563
vt 0.119142040 0.249683022
vt 0.417760998 0.547499835
vt 0.419571608 0.518597960
vt 0.415592491 0.505057871
vt 0.423845022 0.532499253
vt 0.034806393 0.548436522
vt 0.016976462 0.564919471
vt 0.002382719 0.561047375
vt 0.029153721 0.563776254
vt 0.059084896 0.554000496
vt 0.065824315 0.561628341
vt 0.098056167 0.577434659
vt 0.084202706 0.578354835
vt 0.064094103 0.571521222
vt 0.045208830 0.562115669
vt 0.040872756 0.575366497
vt 0.017605323 0.586016535
vt 0.017417017 0.570027530
vt 0.014782668 0.579627752
vt 0.012087710 0.567875087
vt 0.013322469 0.570734322
vt 0.009056916 0.566955089
vt 0.006801162 0.564358890
vt 0.001205139 0.563549876
vt 0.416557908 0.496557414
vt 0.416813045 0.492120027
vt 0.007304741 0.566392183
vt 0.004905672 0.565924406
vt 0.002650118 0.565357804
vt 0.005247085 0.567324757
vt 0.009759724 0.569038510
vt 0.006211848 0.569194197
vt 0.01039105 0.573278307
vt 0.012900631 0.573779225
vt 0.015016116 0.574645876
vt 0.012859404 0.575736761
vt 0.011191050 0.578480362
vt 0.011626142 0.584304511
vt 0.009691804 0.583322763
vt 0.011732043 0.589066386
vt 0.030560337 0.588522434
vt 0.012632932 0.604297757
vt 0.009799387 0.597988963
vt 0.047896578 0.583343386
vt 0.027916712 0.603869915
vt 0.042402390 0.594944715
vt 0.009442854 0.606744051
vt 0.012389027 0.607849001
vt 0.008498955 0.591684162
vt 0.006819962 0.598031163
vt 0.007343421 0.603504300
vt 0.005122319 0.602191388
vt 0.009737961 0.585414171
vt 0.008621441 0.587944209
vt 0.008896366 0.585169732
vt 0.007128639 0.583295881
vt 0.012029314 0.575283169
vt 0.429516762 0.470288038
vt 0.429807573 0.463654160
vt 0.426872164 0.458334147
vt 0.417823046 0.446632385
vt 0.416004896 0.446249842
vt 0.005053767 0.605952322
vt 0.415955215 0.433145344
vt 0.007842171 0.60718894
vt 0.010927164 0.609705328
vt 0.008121625 0.608749032
vt 0.021949587 0.609794437
vt 0.015653751 0.610222578
vt 0.012688596 0.610074937
vt 0.032193157 0.614456296
vt 0.037877313 0.618576228
vt 0.018239364 0.611430883
vt 0.024077726 0.613957703
vt 0.012885145 0.611176133
vt 0.010146295 0.613560676
vt 0.005403073 0.607405662
vt 0.419417500 0.431550443
vt 0.418863505 0.435444116
vt 0.418421238 0.438484072
vt 0.420366883 0.427088201
vt 0.420067369 0.445276141
vt 0.420071214 0.438780605
vt 0.420572489 0.442263007
vt 0.420551538 0.433943986
vt 0.420687526 0.428326070
vt 0.421321302 0.426675081
vt 0.422861099 0.423681855
vt 0.424272328 0.420992791
vt 0.018244491 0.615732789
vt 0.030017094 0.616025090
vt 0.025998910 0.618775963
vt 0.031864047 0.617014288
vt 0.030023556 0.618932485
vt 0.436199218 0.406928002
vt 0.437890410 0.405323565
vt 0.435272812 0.409316182
vt 0.029977949 0.622515916
vt 0.438944369 0.402191162
vt 0.437064588 0.397501349
vt 0.431468427 0.414223074
vt 0.025486940 0.624514102
vt 0.429366201 0.416649639
vt 0.427573174 0.419738888
vt 0.424609184 0.422495365
vt 0.424341559 0.424715936
vt 0.423473566 0.443839907
vt 0.423729658 0.448607206
vt 0.429611295 0.457102358
vt 0.431413382 0.460171878
vt 0.432195484 0.462774276
vt 0.433045685 0.465829670
vt 0.432042032 0.469299256
vt 0.430984377 0.472678601
vt 0.430158168 0.475063860
vt 0.428310751 0.477641701
vt 0.426467478 0.479509353
vt 0.428656578 0.481183886
vt 0.424838244 0.484271764
vt 0.423639088 0.483733296
vt 0.420562923 0.485183656
vt 0.424135863 0.486970663
vt 0.426245778 0.486150026
vt 0.424397558 0.490588426
vt 0.423715651 0.491009473
vt 0.421578079 0.495180428
vt 0.418059229 0.494640350
vt 0.418076992 0.500456094
vt 0.421005457 0.507663786
vt 0.423780560 0.499113321
vt 0.422957778 0.495751977
vt 0.423821508 0.493141651
vt 0.423411160 0.503185629
vt 0.424016147 0.496174573
vt 0.424318671 0.503225803
vt 0.424411535 0.505855202
vt 0.419665277 0.508580327
vt 0.423968166 0.517614603
vt 0.426382184 0.510873436
vt 0.426957219 0.515204668
vt 0.418285071 0.503262102
vt 0.417388111 0.500685691
vt 0.418667346 0.510242164
vt 0.421734929 0.516985535
vt 0.426222205 0.522500872
vt 0.430018425 0.523978173
vt 0.428033500 0.513221323
vt 0.429905772 0.517820119
vt 0.429537206 0.509801089
vt 0.426124870 0.504781305
vt 0.433472186 0.521544814
vt 0.432191282 0.523499667
vt 0.431073159 0.533491313
vt 0.428414315 0.530262231
vt 0.433821588 0.525784909
vt 0.43535918 0.533108949
vt 0.426453590 0.530662596
vt 0.423259228 0.521286845
vt 0.427059978 0.533973932
vt 0.427214771 0.538162469
vt 0.430225461 0.538804054
vt 0.433970481 0.538265705
vt 0.436739981 0.529042124
vt 0.438225835 0.533617734
vt 0.437423676 0.537963390
vt 0.434177756 0.524139881
vt 0.437731474 0.543141782
vt 0.43512398 0.542661309
vt 0.430918246 0.543003976
vt 0.427551627 0.541333258
vt 0.423312276 0.545172929
vt 0.426975786 0.545267462
vt 0.421213507 0.554014265
vt 0.425098002 0.548368930
vt 0.426922678 0.548709392
vt 0.432936668 0.548851370
vt 0.435698032 0.546718955
vt 0.433721095 0.549835801
vt 0.429140836 0.552215099
vt 0.425678968 0.550118923
vt 0.407611340 0.565693438
vt 0.424553513 0.558463215
vt 0.424013823 0.553359568
vt 0.423171460 0.571408331
vt 0.134534925 0.252379417
vt 0.128453359 0.224838435
vt 0.424962669 0.566754043
vt 0.426467508 0.568271160
vt 0.427705377 0.571618378
vt 0.426684171 0.576041221
vt 0.422745883 0.575320303
vt 0.419714540 0.577733814
vt 0.411979943 0.583302497
vt 0.426722943 0.565090656
vt 0.426337957 0.559931159
vt 0.425760239 0.556503534
vt 0.425296336 0.553178429
vt 0.426956206 0.557211756
vt 0.432255297 0.555639565
vt 0.433165043 0.552006006
vt 0.428692460 0.559512853
vt 0.434553980 0.551217556
vt 0.434469938 0.557826161
vt 0.432132035 0.560872316
vt 0.433707922 0.566823065
vt 0.427452415 0.568588972
vt 0.435315758 0.573735952
vt 0.424546688 0.57670784
vt 0.425611615 0.578045606
vt 0.427973240 0.580415546
vt 0.423870921 0.578454732
vt 0.419604361 0.582981228
vt 0.421493649 0.580579519
vt 0.399759113 0.589274585
vt 0.412288814 0.594545722
vt 0.111202508 0.167704880
vt 0.107665747 0.165236592
vt 0.424328327 0.580537796
vt 0.437559485 0.575127601
vt 0.436766296 0.572058796
vt 0.096706174 0.150825202
vt 0.101719826 0.153497874
vt 0.106357574 0.155765831
vt 0.112101182 0.162097752
vt 0.433616191 0.564095377
vt 0.434479981 0.565701365
vt 0.435936182 0.568185925
vt 0.108405187 0.153026640
vt 0.111154049 0.155320882
vt 0.119852051 0.149979353
vt 0.118893377 0.154100716
vt 0.114525653 0.166006624
vt 0.118157327 0.169584214
vt 0.142807111 0.186884224
vt 0.125536993 0.161636889
vt 0.121848158 0.167163670
vt 0.120340600 0.167815268
vt 0.119906902 0.167044997
vt 0.121315047 0.161208927
vt 0.125417947 0.150473415
vt 0.126012295 0.147211492
vt 0.116979651 0.148311793
vt 0.120899431 0.147762358
vt 0.123002626 0.147195935
vt 0.112759925 0.150490939
vt 0.122751444 0.143566846
vt 0.129080727 0.141771554
vt 0.129899665 0.143724143
vt 0.129893362 0.146111130
vt 0.128357842 0.151299297
vt 0.125219658 0.158566474
vt 0.149143263 0.154705941
vt 0.140770390 0.153488397
vt 0.127371043 0.156717836
vt 0.583839595 0.891165196
vt 0.576270043 0.894326150
vt 0.144798174 0.149595439
vt 0.151091083 0.148394584
vt 0.595499515 0.897883772
vt 0.593621611 0.896743416
vt 0.130765706 0.154093861
vt 0.1363637 0.150780022
vt 0.140217423 0.149807572
vt 0.128108650 0.155127406
vt 0.134506344 0.144090712
vt 0.137639328 0.147007823
vt 0.135263666 0.140656232
vt 0.136972814 0.135031044
vt 0.139943286 0.123859942
vt 0.444991916 0.627864837
vt 0.147609934 0.118184685
vt 0.148324087 0.127891182
vt 0.144627407 0.132726788
vt 0.141494989 0.137135386
vt 0.138303771 0.139394462
vt 0.145134672 0.135691523
vt 0.141151458 0.142648518
vt 0.145003482 0.146481335
vt 0.153766363 0.145821094
vt 0.581254065 0.896797359
vt 0.584927797 0.899164438
vt 0.150080502 0.137263715
vt 0.144319400 0.137670576
vt 0.147486925 0.135458946
vt 0.154696986 0.117967248
vt 0.152513608 0.126298189
vt 0.150429278 0.131169259
vt 0.447790443 0.650029540
vt 0.162208169 0.104733228
vt 0.460833370 0.625219821
vt 0.459757983 0.646786153
vt 0.448674678 0.656122148
vt 0.166766256 0.097668767
vt 0.165264919 0.103887498
vt 0.163575157 0.108235299
vt 0.160718187 0.112008452
vt 0.155737415 0.123076200
vt 0.154167085 0.128170907
vt 0.572167217 0.897071719
vt 0.564801037 0.899850964
vt 0.570657908 0.903081417
vt 0.568652391 0.895493924
vt 0.567059278 0.897012174
vt 0.564158558 0.895320653
vt 0.558544099 0.904026567
vt 0.555108368 0.896759927
vt 0.559498548 0.893976986
vt 0.551747143 0.905612170
vt 0.460693210 0.667165696
vt 0.447848975 0.661895990
vt 0.546578586 0.904494762
vt 0.478141039 0.654123306
vt 0.472599029 0.639680624
vt 0.471087843 0.623701453
vt 0.486932724 0.639899373
vt 0.482228249 0.626112520
vt 0.479596883 0.665427446
vt 0.498501151 0.658655524
vt 0.465629965 0.689210176
vt 0.473308056 0.675958097
vt 0.519719660 0.907175421
vt 0.506533265 0.921879231
vt 0.538035571 0.907112479
vt 0.541147947 0.904971599
vt 0.542527377 0.902077376
vt 0.549170076 0.899302363
vt 0.553321540 0.901054501
vt 0.555566370 0.892812430
vt 0.549253404 0.893615722
vt 0.564093589 0.892211258
vt 0.545266985 0.895433306
vt 0.537943482 0.905136883
vt 0.534495711 0.903820216
vt 0.536238312 0.901114881
vt 0.529081463 0.904082596
vt 0.499863177 0.913840055
vt 0.511941611 0.905679762
vt 0.517905771 0.904133021
vt 0.522976636 0.903279602
vt 0.466242700 0.708229064
vt 0.454046636 0.718733310
vt 0.442975193 0.701458096
vt 0.481407433 0.696116805
vt 0.490415543 0.678852319
vt 0.493435144 0.708282828
vt 0.482600003 0.724896192
vt 0.472830772 0.721775054
vt 0.494274795 0.695503711
vt 0.466082721 0.728593647
vt 0.460853844 0.742868185
vt 0.449877291 0.744928658
vt 0.468238949 0.926864266
vt 0.480676353 0.915551900
vt 0.501747131 0.908512949
vt 0.498113513 0.908932745
vt 0.485507011 0.908612370
vt 0.491930931 0.907496273
vt 0.511097431 0.903265833
vt 0.517644286 0.901989579
vt 0.514702558 0.901992082
vt 0.521353662 0.900561869
vt 0.523937284 0.901157915
vt 0.527601063 0.901617348
vt 0.518966674 0.900909662
vt 0.522551000 0.897290945
vt 0.514735579 0.897628605
vt 0.505959987 0.903368115
vt 0.500123679 0.903708875
vt 0.487209588 0.904698252
vt 0.492899209 0.904848158
vt 0.480116277 0.90868783
vt 0.483837455 0.905787348
vt 0.481407523 0.906057417
vt 0.468617230 0.917986929
vt 0.435671716 0.942347109
vt 0.457357764 0.915381014
vt 0.468974351 0.912035584
vt 0.475437581 0.907489061
vt 0.478505104 0.906598269
vt 0.480230242 0.905442059
vt 0.482702463 0.904747128
vt 0.481566816 0.901623010
vt 0.491128921 0.901047766
vt 0.500980556 0.899469554
vt 0.511140227 0.895015656
vt 0.516597509 0.895108461
vt 0.519402742 0.894775688
vt 0.520597398 0.895256221
vt 0.507942080 0.894922137
vt 0.490409374 0.897087633
vt 0.469879448 0.901566624
vt 0.478082209 0.90502882
vt 0.484680891 0.897029757
vt 0.479392677 0.898995757
vt 0.471187681 0.906960129
vt 0.465581983 0.907269656
vt 0.467365384 0.898095369
vt 0.460871666 0.899622798
vt 0.457894861 0.908503651
vt 0.474837750 0.897467374
vt 0.472458899 0.897623300
vt 0.470959276 0.896588802
vt 0.478065431 0.896882772
vt 0.481622457 0.896693587
vt 0.474097609 0.896536231
vt 0.453771293 0.909385085
vt 0.475907057 0.743297100
vt 0.4886069 0.745970368
vt 0.496131479 0.724781870
vt 0.502366662 0.739019393
vt 0.508180022 0.719002425
vt 0.512852430 0.704763174
vt 0.520514965 0.738092780
vt 0.505908608 0.750716030
vt 0.523029923 0.723319172
vt 0.520302474 0.755695402
vt 0.533852815 0.73186028
vt 0.530750393 0.749814271
vt 0.545339345 0.718573808
vt 0.540206968 0.708722829
vt 0.526454746 0.706560373
vt 0.510603547 0.694757163
vt 0.527947723 0.691681146
vt 0.508520960 0.681662201
vt 0.528706014 0.680205822
vt 0.544763624 0.696277737
vt 0.544946074 0.684380650
vt 0.559860169 0.705438017
vt 0.561261594 0.718709945
vt 0.552147746 0.731371283
vt 0.54900527 0.742641389
vt 0.547304153 0.757312059
vt 0.538684487 0.764091849
vt 0.548679113 0.773686528
vt 0.563377022 0.760748386
vt 0.563460052 0.750436902
vt 0.568975746 0.731879711
vt 0.575125455 0.715311527
vt 0.559585690 0.690825521
vt 0.518187522 0.667738497
vt 0.511134088 0.662214636
vt 0.519762635 0.645786762
vt 0.502096891 0.640204787
vt 0.586355090 0.731411039
vt 0.573725581 0.744755625
vt 0.576317668 0.758825779
vt 0.590238213 0.747876584
vt 0.591100990 0.759107112
vt 0.564136624 0.773216426
vt 0.580014109 0.772897005
vt 0.269723743 0.109820067
vt 0.282071501 0.118476808
vt 0.263321489 0.105987548
vt 0.271587282 0.125033617
vt 0.278158158 0.134089589
vt 0.287767827 0.121785342
vt 0.262992024 0.127133071
vt 0.266029298 0.142955899
vt 0.274908095 0.145735621
vt 0.256092429 0.112532794
vt 0.258773714 0.135199546
vt 0.262379497 0.153210401
vt 0.273022741 0.159190177
vt 0.285953670 0.138817310
vt 0.283239752 0.159233391
vt 0.294301122 0.145569026
vt 0.295410156 0.162039399
vt 0.301938086 0.147515714
vt 0.306697309 0.159179210
vt 0.316444635 0.168283641
vt 0.318579495 0.154124379
vt 0.159309476 0.999067783
vt 0.522484600 0.894309520
vt 0.529025197 0.891953468
vt 0.526144146 0.893393814
vt 0.529754459 0.894026041
vt 0.533244788 0.890764355
vt 0.538504421 0.888638258
vt 0.538733601 0.893999218
vt 0.528964936 0.898933887
vt 0.523296833 0.899396657
vt 0.530754566 0.902224779
vt 0.531871080 0.901178062
vt 0.540683686 0.889188706
vt 0.568626046 0.893764495
vt 0.151894688 0.232704699
vt 0.140904456 0.217624545
vt 0.140441849 0.244480490
vt 0.157363116 0.2599895
vt 0.168227493 0.256255567
vt 0.148477569 0.263780653
vt 0.160584077 0.277633309
vt 0.176545202 0.277871370
vt 0.194713592 0.291167795
vt 0.179632306 0.293038368
vt 0.170760661 0.301123440
vt 0.147663474 0.277463138
vt 0.150558933 0.293808817
vt 0.188805371 0.306913316
vt 0.437026053 0.411349415
vt 0.436687171 0.408447682
vt 0.440672785 0.405534684
vt 0.444873333 0.398847281
vt 0.440663725 0.399103522
vt 0.441261231 0.394497752
vt 0.458053112 0.390299320
vt 0.440171539 0.396786332
vt 0.462183028 0.373567044
vt 0.471572160 0.377956330
vt 0.469978392 0.356891989
vt 0.480019301 0.36401999
vt 0.475586414 0.342823982
vt 0.486035078 0.347763299
vt 0.471538960 0.324104785
vt 0.481781333 0.326649129
vt 0.438297271 0.394697964
vt 0.436880976 0.390269100
vt 0.435493797 0.390282213
vt 0.439147979 0.396324038
vt 0.428551763 0.392766952
vt 0.427245378 0.387678444
vt 0.029335167 0.625404536
vt 0.027607703 0.629558086
vt 0.033410266 0.623884797
vt 0.032565441 0.630779445
vt 0.029180211 0.637929141
vt 0.032833688 0.619498074
vt 0.050718665 0.606548726
vt 0.065626733 0.602693557
vt 0.073313057 0.612910449
vt 0.059655360 0.593706011
vt 0.061622116 0.582721948
vt 0.074784159 0.586561143
vt 0.077107675 0.597918629
vt 0.088834680 0.614641666
vt 0.080298960 0.629437625
vt 0.087327234 0.596144914
vt 0.101606406 0.610026836
vt 0.105193339 0.627105295
vt 0.097658261 0.590229511
vt 0.118414990 0.603942573
vt 0.121172882 0.616038680
vt 0.121052756 0.633438706
vt 0.138483628 0.605138182
vt 0.118495002 0.589536547
vt 0.139106527 0.588871002
vt 0.160566210 0.576003432
vt 0.145053565 0.577834069
vt 0.435947239 0.217074394
vt 0.506578207 0.226437330
vt 0.513856709 0.237004637
vt 0.515354216 0.208511233
vt 0.524055779 0.221904218
vt 0.535110712 0.232112109
vt 0.545038104 0.218180358
vt 0.539892435 0.207002937
vt 0.517704725 0.183302521
vt 0.531755328 0.189932346
vt 0.503964543 0.202005863
vt 0.517691195 0.168874979
vt 0.540063142 0.173807740
vt 0.546315193 0.183256089
vt 0.543753981 0.197518646
vt 0.558393836 0.209618032
vt 0.575923740 0.207594275
vt 0.564153015 0.196727335
vt 0.559554219 0.174915969
vt 0.547592639 0.158533930
vt 0.535467386 0.159932017
vt 0.518048703 0.159579694
vt 0.532117366 0.147801339
vt 0.567130208 0.165583431
vt 0.562950670 0.153836965
vt 0.554184973 0.144144535
vt 0.570866346 0.178926646
vt 0.580705583 0.188622653
vt 0.590108275 0.198362588
vt 0.585068225 0.176690697
vt 0.578733325 0.155530512
vt 0.567109108 0.140843272
vt 0.536129057 0.135876178
vt 0.551832437 0.134186267
vt 0.516833066 0.148249328
vt 0.521389603 0.135522544
vt 0.509620010 0.137618303
vt 0.526275813 0.119014918
vt 0.512306094 0.124101519
vt 0.538873493 0.124720096
vt 0.555445313 0.122529149
vt 0.564752161 0.126854360
vt 0.583907067 0.134111762
vt 0.585915863 0.144399046
vt 0.593459487 0.164999902
vt 0.602440416 0.153881132
vt 0.600515723 0.137279689
vt 0.582319319 0.125335753
vt 0.598502039 0.122188568
vt 0.566896736 0.113061547
vt 0.545226216 0.111514329
vt 0.53211236 0.104608833
vt 0.516232192 0.111361920
vt 0.499645412 0.120398819
vt 0.490598440 0.112920820
vt 0.503711283 0.104133606
vt 0.516584515 0.095725238
vt 0.541726946 0.095584392
vt 0.526481568 0.091401934
vt 0.556430220 0.099212050
vt 0.571628332 0.096671938
vt 0.580405473 0.101694285
vt 0.584108471 0.115006566
vt 0.593729674 0.106935918
vt 0.610057592 0.106456100
vt 0.613844633 0.127596497
vt 0.613851189 0.145133197
vt 0.612519800 0.161393761
vt 0.623100340 0.111545860
vt 0.606375038 0.088848173
vt 0.624204874 0.097436845
vt 0.598214149 0.096135795
vt 0.584797799 0.086995542
vt 0.565556824 0.087524235
vt 0.574558198 0.073909342
vt 0.549971520 0.087232172
vt 0.537651956 0.080068349
vt 0.522438049 0.076209247
vt 0.512409448 0.083023130
vt 0.501445114 0.087562859
vt 0.509500205 0.069505453
vt 0.530479848 0.066345870
vt 0.548544824 0.072999894
vt 0.562551796 0.073416829
vt 0.589820146 0.060602843
vt 0.590048909 0.077609777
vt 0.560805201 0.059703409
vt 0.609901607 0.072092831
vt 0.623299062 0.081976354
vt 0.633184850 0.077179729
vt 0.639786601 0.093999505
vt 0.640800297 0.111217558
vt 0.646939575 0.083862423
vt 0.635912418 0.062464177
vt 0.654804885 0.071442186
vt 0.615711391 0.061595976
vt 0.239704713 0.968493998
vt 0.188696160 0.983603358
vt 0.205173268 0.975303411
vt 0.216997027 0.970735430
vt 0.512250185 0.058846533
vt 0.491823643 0.058644413
vt 0.492258429 0.071182370
vt 0.139472901 0.987293541
vt 0.160729080 0.980041027
vt 0.181019663 0.977472424
vt 0.197834 0.967022240
vt 0.215269699 0.963925719
vt 0.237243935 0.961312413
vt 0.672969579 0.080071628
vt 0.662355840 0.087924897
vt 0.686441242 0.074919283
vt 0.696123123 0.082023203
vt 0.703859806 0.098547160
vt 0.702809453 0.075318634
vt 0.711555182 0.089857816
vt 0.190195843 0.953926026
vt 0.171329841 0.971417188
vt 0.148159295 0.975996911
vt 0.160483807 0.960787951
vt 0.174884662 0.946702241
vt 0.186953783 0.932131826
vt 0.139557451 0.967938602
vt 0.144271582 0.949125349
vt 0.159931704 0.944213509
vt 0.111950323 0.983711838
vt 0.131424114 0.964144349
vt 0.131258040 0.941447198
vt 0.166457414 0.929782271
vt 0.180120468 0.928999304
vt 0.122478738 0.952288508
vt 0.092456944 0.979224205
vt 0.103942044 0.984841346
vt 0.106984287 0.987162530
vt 0.110992722 0.998951911
vt 0.094606779 0.995830297
vt 0.093486629 0.988845229
vt 0.093676991 0.985715091
vt 0.110337823 0.951039075
vt 0.090849250 0.965899944
vt 0.089099921 0.975587248
vt 0.089890956 0.981323599
vt 0.098315082 0.953096449
vt 0.092547722 0.958745598
vt 0.088580593 0.962069571
vt 0.437485724 0.076435864
vt 0.439239502 0.066960454
vt 0.438319861 0.062240958
vt 0.090262137 0.984476804
vt 0.089588202 0.990681946
vt 0.089729368 0.995964705
vt 0.090804979 0.997764408
vt 0.093442216 0.999745726
vt 0.482825875 0.068477094
vt 0.468583166 0.077537000
vt 0.449929863 0.065362334
vt 0.488867938 0.088213801
vt 0.475751280 0.087143898
vt 0.457883924 0.088958621
vt 0.449584484 0.082334160
vt 0.447961121 0.073973
vt 0.447669774 0.067185640
vt 0.445947170 0.062425077
vt 0.445362776 0.059697508
vt 0.442527055 0.062823593
vt 0.443540006 0.071963131
vt 0.434889972 0.077699840
vt 0.442006647 0.081984102
vt 0.436750620 0.088705301
vt 0.091224901 0.951708376
vt 0.087206497 0.953181982
vt 0.440190911 0.090201377
vt 0.439509213 0.092732429
vt 0.438071072 0.098435878
vt 0.433052182 0.085496664
vt 0.432050913 0.089052856
vt 0.439978599 0.087634205
vt 0.431030154 0.091177403
vt 0.436332345 0.100721061
vt 0.443518877 0.084585785
vt 0.444860994 0.082830071
vt 0.441850930 0.086991727
vt 0.445314616 0.079309821
vt 0.445677727 0.071950852
vt 0.444663852 0.066146671
vt 0.444647282 0.085772395
vt 0.445260494 0.091237485
vt 0.441319525 0.093142449
vt 0.440848380 0.103200197
vt 0.437518864 0.103264153
vt 0.433191180 0.105358004
vt 0.435802936 0.108444452
vt 0.430686831 0.096808731
vt 0.430542171 0.090779960
vt 0.080691658 0.947511553
vt 0.073744915 0.938014984
vt 0.431287467 0.103211879
vt 0.431136101 0.110379636
vt 0.431325823 0.106385469
vt 0.432337641 0.111473500
vt 0.430916070 0.104890883
vt 0.434225291 0.115769207
vt 0.437404006 0.106620729
vt 0.437374979 0.109910190
vt 0.436880320 0.112860798
vt 0.444333314 0.107099473
vt 0.439189553 0.111535251
vt 0.460219115 0.109001696
vt 0.441739320 0.118530035
vt 0.437732964 0.115525722
vt 0.436770260 0.115737497
vt 0.431342780 0.114134490
vt 0.435121744 0.126170992
vt 0.430512398 0.118273556
vt 0.438878387 0.128964304
vt 0.437661111 0.118566632
vt 0.072165146 0.921246588
vt 0.072743594 0.930268943
vt 0.074893228 0.914950907
vt 0.074174031 0.906345665
vt 0.073243208 0.910286605
vt 0.072020292 0.915381372
vt 0.070917673 0.919430673
vt 0.440141052 0.127665996
vt 0.441429883 0.130470633
vt 0.439290612 0.123318254
vt 0.475495934 0.113467395
vt 0.478444188 0.101607084
vt 0.496712714 0.100012064
vt 0.074213124 0.901813268
vt 0.430432409 0.579547405
vt 0.167041361 0.999789118
vt 0.156743735 0.997025907
vt 0.167041361 0.996304631
vt 0.164989978 0.999314725
vt 0.172337740 0.998191297
vt 0.175318613 0.996931731
vt 0.175318613 0.999162018
vt 0.155143708 0.999067783
vt 0.466846823 0.862959027
vt 0.441396087 0.856025159
vt 0.448329895 0.875926971
vt 0.439682245 0.893451154
vt 0.440015554 0.898590266
vt 0.441517204 0.901719272
vt 0.204201370 0.115877270
vt 0.458683967 0.774461865
vt 0.464567631 0.773967266
vt 0.243550941 0.066092908
vt 0.454212099 0.775274634
vt 0.445619434 0.790406227
vt 0.227205932 0.000254213
vt 0.446833849 0.910428345
vt 0.444228678 0.916341543
vt 0.446071624 0.908767998
vt 0.447477728 0.904983639
vt 0.209477692 0.132817804
vt 0.247940510 0.071628272
vt 0.257225483 0.077599525
vt 0.208851844 0.149837434
vt 0.539913892 0.856737613
vt 0.558625996 0.863137900
vt 0.574871301 0.866364717
vt 0.591174602 0.857425212
vt 0.181735426 0.214969456
vt 0.167928665 0.197570145
vt 0.157673642 0.184034943
vt 0.183049574 0.239763617
vt 0.202844977 0.268048048
vt 0.214974671 0.288353025
vt 0.737837851 0.645606517
vt 0.737878024 0.623075962
vt 0.737461507 0.672412991
vt 0.736908674 0.688522160
vt 0.735934913 0.707758545
vt 0.734655261 0.732319593
vt 0.733621597 0.751316964
vt 0.732862532 0.766438901
vt 0.396032512 0.140938520
vt 0.392218828 0.12871629
vt 0.703829348 0.774796366
vt 0.683676600 0.774301528
vt 0.667453169 0.773842632
vt 0.653702318 0.773481190
vt 0.633083939 0.773134231
vt 0.295605033 0.108910083
vt 0.398782163 0.716011881
vt 0.401880532 0.743716895
vt 0.395667135 0.693440675
vt 0.730584979 0.299410402
vt 0.407129317 0.768999695
vt 0.410544216 0.803958952
vt 0.421397626 0.827350497
vt 0.42242226 0.871154904
vt 0.423939794 0.892415463
vt 0.426500082 0.907795250
vt 0.735571563 0.084257960
vt 0.736506998 0.071700334
vt 0.736149966 0.066913962
vt 0.420918434 0.956008493
vt 0.721697747 0.066285014
vt 0.706115067 0.065529525
vt 0.426537782 0.170193612
vt 0.427755951 0.174251079
vt 0.058187618 0.867904126
vt 0.437500029 0.148684740
vt 0.438079893 0.159442305
vt 0.435540437 0.135860085
vt 0.426999628 0.175759434
vt 0.427584588 0.195481061
vt 0.428119629 0.204588890
vt 0.428535848 0.213295877
vt 0.427158862 0.187361419
vt 0.036634463 0.663522005
vt 0.035742215 0.660451352
vt 0.034324359 0.656721591
vt 0.426997721 0.366911828
vt 0.029867950 0.651647865
vt 0.038026440 0.668879151
vt 0.038205623 0.675554633
vt 0.416069656 0.312203824
vt 0.411402791 0.290976524
vt 0.034501828 0.751497626
vt 0.030484557 0.757918775
vt 0.034680027 0.767317414
vt 0.419185996 0.250161886
vt 0.047679815 0.779857039
vt 0.047779638 0.784133374
vt 0.432600498 0.228561461
vt 0.045956626 0.776227116
vt 0.042813938 0.774413824
vt 0.430671513 0.22517699
vt 0.052231367 0.808497607
vt 0.730687081 0.401832222
vt 0.729669868 0.384845852
vt 0.730100274 0.368303239
vt 0.730015337 0.351707398
vt 0.730229497 0.334901750
vt 0.731276929 0.431470871
vt 0.732261359 0.455330133
vt 0.376229584 0.488383054
vt 0.734286665 0.493911147
vt 0.373183667 0.425954103
vt 0.736587345 0.548083186
vt 0.374381035 0.375528454
vt 0.377215862 0.351194322
vt 0.737920820 0.612064123
vt 0.392769575 0.659480214
vt 0.185281798 0.397089302
vt 0.188925474 0.414183676
vt 0.188992813 0.378458142
vt 0.207406073 0.440075695
vt 0.184038400 0.445198953
vt 0.197972193 0.358241796
vt 0.196680128 0.340887367
vt 0.193571791 0.322667002
vt 0.195875406 0.467593550
vt 0.169628009 0.481480479
vt 0.138913139 0.390185177
vt 0.116793483 0.510451674
vt 0.113590046 0.353098034
vt 0.383741736 0.530581772
vt 0.383173018 0.538049936
vt 0.390856415 0.546143412
vt 0.065237999 0.521898984
vt 0.046206645 0.537204146
vt 0.385875821 0.524901688
vt 0.384848207 0.551122188
vt 0.114530354 0.265153169
vt 0.405455976 0.562439203
vt 0.024107465 0.541605949
vt 0.413922280 0.489335179
vt 0.000081641 0.561520814
vt 0.425023317 0.474604249
vt 0.426358252 0.466605484
vt 0.424294948 0.458629429
vt 0.006373097 0.592574119
vt 0.414498865 0.437247812
vt 0.413956672 0.434925317
vt 0.002555973 0.609857797
vt 0.413241416 0.434457719
vt 0.416273981 0.422724485
vt 0.426270514 0.413594543
vt 0.433947801 0.403269290
vt 0.431579828 0.396421432
vt 0.421623796 0.478154480
vt 0.419176787 0.482706785
vt 0.418616563 0.486198246
vt 0.118911348 0.240996718
vt 0.400545984 0.576920688
vt 0.119293004 0.174976706
vt 0.103968925 0.164397478
vt 0.421910047 0.582176804
vt 0.099906340 0.155402481
vt 0.422295004 0.585443496
vt 0.090787075 0.149223685
vt 0.092733033 0.14860183
vt 0.096820212 0.147544801
vt 0.090940721 0.145818173
vt 0.104198016 0.152926385
vt 0.127485156 0.201283633
vt 0.108337082 0.147405386
vt 0.601390481 0.895663619
vt 0.154146358 0.148154974
vt 0.433518648 0.621905207
vt 0.439497262 0.628273010
vt 0.594443440 0.898661255
vt 0.157284751 0.134678125
vt 0.164714396 0.096376240
vt 0.169771835 0.089957356
vt 0.576374173 0.903733253
vt 0.563346803 0.904263258
vt 0.560003221 0.906098783
vt 0.567103683 0.904663622
vt 0.555770456 0.907192230
vt 0.550813853 0.911420285
vt 0.546160519 0.908075809
vt 0.444547057 0.695799827
vt 0.500189125 0.922124147
vt 0.457373648 0.944419741
vt 0.431812793 0.928044199
vt 0.224546566 0.010621786
vt 0.433226406 0.958427906
vt 0.272305697 0.090116441
vt 0.279130399 0.097916424
vt 0.286766648 0.105090260
vt 0.265133559 0.088818907
vt 0.205540835 0.308890879
vt 0.024758389 0.628001093
vt 0.026632616 0.635598599
vt 0.026667017 0.642934441
vt 0.027630697 0.647509694
vt 0.413509249 0.435246050
vt 0.250545978 0.974913597
vt 0.217045918 0.978952527
vt 0.279296726 0.971321582
vt 0.535027563 0.059136509
vt 0.164104133 0.987634241
vt 0.142427280 0.993974506
vt 0.303052604 0.970113933
vt 0.660356044 0.063404500
vt 0.688340008 0.064687550
vt 0.436854928 0.065115034
vt 0.435159266 0.075324714
vt 0.437130034 0.060530960
vt 0.438788920 0.058188736
vt 0.463764250 0.058214128
vt 0.448873162 0.060300171
vt 0.44685781 0.059287488
vt 0.444303631 0.057250142
vt 0.441140115 0.057686984
vt 0.088031597 0.959075272
vt 0.434305936 0.083996772
vt 0.080560781 0.94962883
vt 0.079022541 0.947515666
vt 0.084353469 0.951039612
vt 0.075212933 0.941464781
vt 0.429574132 0.100593745
vt 0.070636957 0.926882863
vt 0.070137210 0.922379493
vt 0.070868194 0.932145953
vt 0.071941167 0.934881806
vt 0.070380181 0.916909575
vt 0.071352511 0.908746779
s 0
f 1/1 2/2 3/3
f 2/2 4/4 3/3
f 2/2 1/1 5/5
f 2/2 5/5 6/6
f 4/4 2/2 7/7
f 2/2 6/6 7/7
f 1/1 8/8 9/9
f 1/1 9/9 5/5
f 8/8 1/1 3/3
f 10/10 8/8 3/3
f 10/10 3/3 11/11
f 3/3 4/4 12/12
f 3/3 12/12 11/11
f 12/12 4/4 13/13
f 4/4 7/7 13/13
f 6/6 14/14 7/7
f 14/14 15/15 7/7
f 15/15 16/16 7/7
f 16/16 13/13 7/7
f 14/14 6/6 5/5
f 17/17 14/14 5/5
f 17/17 5/5 18/18
f 5/5 9/9 18/18
f 18/18 9/9 19/19
f 8/8 20/20 9/9
f 9/9 20/20 19/19
f 21/21 20/20 8/8
f 21/21 8/8 10/10
f 22/22 10/10 11/11
f 21/21 10/10 22/22
f 22/22 11/11 23/23
f 11/11 12/12 23/23
f 12/12 24/24 23/23
f 24/24 12/12 13/13
f 24/24 13/13 25/25
f 16/16 25/25 13/13
f 26/26 16/16 15/15
f 27/27 16/16 28/28
f 16/16 27/27 29/29
f 16/16 29/29 25/25
f 26/26 28/28 16/16
f 15/15 17/17 30/30
f 14/14 17/17 15/15
f 15/15 30/30 26/26
f 18/18 31/31 17/17
f 17/17 31/31 32/32
f 17/17 32/32 30/30
f 18/18 19/19 33/33
f 18/18 33/33 31/31
f 19/19 20/20 34/34
f 19/19 34/34 35/35
f 33/2851 19/2850 35/2849
f 21/21 36/36 20/20
f 20/20 36/36 37/37
f 20/20 37/37 34/34
f 21/21 22/22 38/38
f 39/39 21/21 38/38
f 39/39 36/36 21/21
f 22/22 23/23 40/40
f 41/41 22/22 40/40
f 38/38 22/22 41/41
f 40/40 23/23 42/42
f 23/23 24/24 42/42
f 25/25 42/42 24/24
f 42/42 25/25 43/43
f 25/25 29/29 43/43
f 44/44 43/43 29/29
f 44/44 29/29 27/27
f 45/45 44/44 27/27
f 27/27 28/28 45/45
f 46/46 45/45 28/28
f 46/46 28/28 47/47
f 28/28 26/26 48/48
f 48/48 47/47 28/28
f 30/30 49/49 26/26
f 49/49 50/50 26/26
f 26/26 50/50 48/48
f 30/30 32/32 49/49
f 32/2853 31/2852 51/51
f 49/49 32/32 50/50
f 50/2854 32/2853 51/51
f 31/2852 33/2851 52/52
f 31/2852 52/52 53/53
f 31/2852 53/53 51/51
f 33/2851 35/2849 52/52
f 52/52 35/2849 54/54
f 35/35 55/55 54/2855
f 34/34 55/55 35/35
f 37/37 56/56 34/34
f 34/34 56/56 55/55
f 37/37 57/57 56/56
f 36/36 57/57 37/37
f 36/36 58/58 57/57
f 39/39 58/58 36/36
f 59/59 39/2857 38/2856
f 60/60 39/2857 59/59
f 61/61 62/62 39/2857
f 58/58 39/39 62/2858
f 60/60 61/61 39/2857
f 59/59 38/2856 41/2859
f 59/59 41/2859 40/2860
f 63/63 59/2861 40/40
f 42/42 63/63 40/40
f 64/64 63/63 42/42
f 42/42 43/43 64/64
f 65/65 64/64 43/43
f 45/45 43/43 44/44
f 45/45 65/65 43/43
f 46/46 65/65 45/45
f 66/66 67/67 46/2862
f 67/67 65/2863 46/2862
f 66/66 46/2862 47/2864
f 47/2864 48/2865 66/66
f 68/68 48/2865 69/69
f 48/2865 70/70 69/69
f 68/68 71/71 48/2865
f 71/71 66/66 48/2865
f 50/2854 70/70 48/2865
f 50/2854 51/51 70/70
f 51/51 53/53 72/72
f 73/73 51/51 72/72
f 51/51 73/73 70/70
f 72/72 53/53 74/74
f 53/53 52/52 75/75
f 53/53 75/75 74/74
f 52/52 76/76 75/75
f 52/52 54/54 76/76
f 54/54 77/77 76/76
f 54/2855 78/78 77/2866
f 54/2855 55/55 78/78
f 55/55 56/56 79/79
f 55/55 79/79 78/78
f 56/56 57/57 80/80
f 56/56 80/80 81/81
f 56/56 81/81 79/79
f 58/58 82/82 57/57
f 57/57 82/82 80/80
f 58/58 83/83 82/82
f 83/83 58/58 62/2858
f 61/61 84/84 62/62
f 84/2867 83/83 62/2858
f 61/61 85/85 84/84
f 85/85 61/61 86/86
f 86/86 61/61 60/60
f 85/85 87/87 84/84
f 87/87 88/88 84/84
f 83/83 84/2867 88/2868
f 83/83 89/89 90/90
f 83/83 90/90 82/82
f 88/2868 89/89 83/83
f 82/82 91/91 80/80
f 82/82 92/92 91/91
f 82/82 90/90 92/92
f 80/80 93/93 81/81
f 80/80 91/91 93/93
f 81/81 93/93 94/94
f 81/81 94/94 95/95
f 79/79 81/81 95/95
f 79/79 95/95 78/78
f 77/2866 78/78 96/96
f 78/78 95/95 96/96
f 77/77 97/97 98/98
f 77/77 99/99 97/97
f 76/76 77/77 98/98
f 77/2866 96/96 99/2869
f 100/100 76/76 98/98
f 101/101 76/76 100/100
f 75/75 76/76 101/101
f 74/74 75/75 102/102
f 75/75 101/101 102/102
f 103/103 101/101 100/100
f 101/101 103/103 104/104
f 101/101 104/104 102/102
f 105/105 100/100 98/98
f 105/105 106/106 100/100
f 106/106 107/107 100/100
f 103/103 100/100 107/107
f 98/98 97/97 108/108
f 98/98 108/108 109/109
f 98/98 109/109 110/110
f 111/111 98/98 110/110
f 112/112 105/105 98/98
f 112/112 98/98 111/111
f 97/97 113/113 108/108
f 97/97 114/114 113/113
f 97/97 99/99 114/114
f 99/2869 115/115 116/116
f 114/114 99/99 116/2870
f 99/2869 117/117 115/115
f 96/96 117/117 99/2869
f 96/96 95/95 117/117
f 94/94 118/118 95/95
f 95/95 118/118 117/117
f 93/93 119/119 94/94
f 94/94 120/120 118/118
f 94/94 119/119 120/120
f 91/91 121/121 93/93
f 93/93 121/121 119/119
f 121/121 122/122 119/119
f 119/119 122/122 123/123
f 119/119 123/123 120/120
f 120/120 124/124 125/125
f 123/123 124/124 120/120
f 126/126 120/120 125/125
f 118/118 120/120 126/126
f 118/118 126/126 115/115
f 117/117 118/118 115/115
f 115/115 126/126 127/127
f 115/115 127/127 128/128
f 115/115 128/128 116/116
f 116/116 128/128 129/129
f 116/116 129/129 130/130
f 131/131 116/2870 130/2871
f 114/114 116/2870 131/131
f 113/113 114/114 131/131
f 113/113 131/131 132/132
f 113/113 132/132 133/133
f 134/134 113/113 133/133
f 135/135 113/113 134/134
f 113/113 135/135 136/136
f 113/113 136/136 108/108
f 131/131 130/2871 132/132
f 129/129 137/137 130/130
f 130/130 137/137 138/138
f 139/139 130/2871 138/2872
f 132/132 130/2871 139/139
f 128/128 140/140 129/129
f 129/129 140/140 141/141
f 129/129 141/141 137/137
f 128/128 142/142 140/140
f 127/127 142/142 128/128
f 127/127 125/125 142/142
f 126/126 125/125 127/127
f 125/125 143/143 144/144
f 124/124 143/143 125/125
f 142/142 125/125 144/144
f 124/124 145/145 146/146
f 124/124 146/146 143/143
f 123/123 145/145 124/124
f 122/122 145/145 123/123
f 121/121 147/147 122/122
f 147/147 148/148 122/122
f 122/122 148/148 145/145
f 91/91 92/92 121/121
f 121/121 92/92 147/147
f 149/149 147/147 92/92
f 147/147 150/150 148/148
f 149/149 150/150 147/147
f 148/148 151/151 145/145
f 150/150 151/151 148/148
f 151/151 152/152 145/145
f 145/145 152/152 146/146
f 146/146 152/152 153/153
f 146/146 153/153 154/154
f 146/146 154/154 143/143
f 143/143 154/154 155/155
f 143/143 155/155 144/144
f 156/156 144/144 157/157
f 144/144 155/155 157/157
f 142/142 144/144 140/140
f 140/140 144/144 156/156
f 140/140 156/156 141/141
f 141/141 156/156 158/158
f 141/141 158/158 159/159
f 137/137 141/141 159/159
f 137/137 159/159 138/138
f 138/138 159/159 160/160
f 138/138 160/160 161/161
f 138/2872 161/2873 162/162
f 139/139 138/2872 162/162
f 139/139 162/162 163/163
f 132/132 139/139 163/163
f 162/2875 161/2874 164/164
f 162/2875 164/164 165/165
f 163/2876 162/2875 165/165
f 161/161 166/166 167/167
f 164/164 161/2874 167/2877
f 160/160 166/166 161/161
f 160/160 168/168 166/166
f 159/159 168/168 160/160
f 159/159 158/158 168/168
f 158/158 156/156 169/169
f 158/158 169/169 168/168
f 156/156 157/157 169/169
f 157/157 170/170 171/171
f 157/157 172/172 170/170
f 157/157 171/171 169/169
f 157/157 155/155 172/172
f 155/155 173/173 172/172
f 154/154 173/173 155/155
f 153/153 173/173 154/154
f 152/152 174/174 153/153
f 174/174 175/175 153/153
f 153/153 175/175 176/176
f 173/173 153/153 176/176
f 151/151 177/177 152/152
f 177/177 174/174 152/152
f 150/150 178/178 151/151
f 178/178 177/177 151/151
f 178/178 179/179 177/177
f 177/177 180/180 174/174
f 177/177 181/181 180/180
f 179/179 181/181 177/177
f 174/174 180/180 175/175
f 180/180 182/182 175/175
f 182/182 183/183 175/175
f 175/175 183/183 184/184
f 175/175 184/184 185/185
f 176/176 175/175 185/185
f 173/173 176/176 186/186
f 176/176 185/185 186/186
f 173/173 186/186 172/172
f 172/172 187/187 188/188
f 172/172 188/188 170/170
f 172/172 186/186 187/187
f 170/170 189/189 171/171
f 170/170 188/188 189/189
f 171/171 189/189 190/190
f 191/191 171/171 190/190
f 169/169 171/171 191/191
f 168/168 169/169 191/191
f 168/168 191/191 166/166
f 167/167 166/166 192/192
f 166/166 190/190 192/192
f 191/191 190/190 166/166
f 167/2877 192/2878 193/193
f 167/2877 193/193 194/194
f 164/164 167/2877 194/194
f 192/2878 195/195 193/193
f 192/2878 196/196 195/195
f 192/192 190/190 196/2879
f 190/190 197/197 196/2879
f 190/190 189/189 197/197
f 189/189 198/198 197/197
f 188/188 198/198 189/189
f 188/188 187/187 199/199
f 188/188 199/199 198/198
f 186/186 200/200 187/187
f 187/187 200/200 199/199
f 186/186 185/185 200/200
f 185/185 184/184 200/200
f 183/183 201/201 184/184
f 184/184 202/202 200/200
f 184/184 201/201 202/202
f 182/182 203/203 183/183
f 203/203 204/204 183/183
f 183/183 204/204 205/205
f 183/183 205/205 201/201
f 206/206 182/182 180/180
f 206/206 207/207 182/182
f 182/182 207/207 203/203
f 181/181 206/206 180/180
f 179/179 208/208 181/181
f 208/208 206/206 181/181
f 208/208 209/209 206/206
f 206/206 209/209 207/207
f 209/209 210/210 207/207
f 207/207 211/211 203/203
f 210/210 212/212 207/207
f 207/207 212/212 211/211
f 203/203 213/213 204/204
f 211/211 213/213 203/203
f 213/213 214/214 204/204
f 204/204 214/214 205/205
f 201/201 205/205 215/215
f 214/214 216/216 205/205
f 205/205 216/216 215/215
f 201/201 215/215 217/217
f 201/201 217/217 202/202
f 202/202 217/217 218/218
f 200/200 202/202 218/218
f 200/200 218/218 199/199
f 199/199 218/218 219/219
f 199/199 219/219 220/220
f 198/198 199/199 220/220
f 198/198 220/220 221/221
f 198/198 221/221 197/197
f 197/197 221/221 222/222
f 196/2879 197/197 222/222
f 221/221 223/223 224/224
f 221/221 220/220 223/223
f 225/225 221/221 224/224
f 222/222 221/221 225/225
f 220/220 219/219 223/223
f 219/219 226/226 227/227
f 219/219 228/228 226/226
f 219/219 218/218 228/228
f 219/219 227/227 223/223
f 218/218 217/217 228/228
f 217/217 229/229 230/230
f 215/215 229/229 217/217
f 217/217 230/230 228/228
f 215/215 231/231 229/229
f 216/216 231/231 215/215
f 214/214 232/232 216/216
f 216/216 233/233 231/231
f 232/232 233/233 216/216
f 213/213 234/234 214/214
f 234/234 235/235 214/214
f 214/214 235/235 232/232
f 211/211 236/236 213/213
f 236/236 234/234 213/213
f 212/212 236/236 211/211
f 212/212 237/237 236/236
f 210/210 238/238 212/212
f 238/238 237/237 212/212
f 236/236 235/235 234/234
f 236/236 239/239 235/235
f 237/237 239/239 236/236
f 235/235 240/240 232/232
f 241/241 240/240 235/235
f 239/239 241/241 235/235
f 232/232 240/240 242/242
f 232/232 242/242 233/233
f 233/233 243/243 231/231
f 233/233 242/242 243/243
f 229/229 231/231 244/244
f 231/231 245/245 244/244
f 231/231 243/243 245/245
f 229/229 244/244 246/246
f 229/229 246/246 230/230
f 230/230 246/246 247/247
f 230/230 247/247 248/248
f 228/228 230/230 248/248
f 228/228 248/248 226/226
f 226/226 248/248 249/249
f 226/226 249/249 250/250
f 227/227 226/226 250/250
f 227/227 250/250 251/251
f 223/223 227/227 251/251
f 250/250 252/252 253/253
f 250/250 253/253 251/251
f 250/250 249/249 252/252
f 249/249 254/254 252/252
f 249/249 255/255 254/254
f 248/248 255/255 249/249
f 247/247 255/255 248/248
f 247/247 256/256 255/255
f 247/247 246/246 256/256
f 246/246 257/257 256/256
f 244/244 257/257 246/246
f 244/244 245/245 257/257
f 243/243 258/258 245/245
f 245/245 258/258 259/259
f 245/245 259/259 260/260
f 261/261 245/245 260/260
f 257/257 245/245 261/261
f 242/242 258/258 243/243
f 240/240 262/262 242/242
f 242/242 263/263 258/258
f 262/262 264/264 242/242
f 242/242 264/264 263/263
f 241/241 265/265 240/240
f 265/265 262/262 240/240
f 239/239 266/266 241/241
f 266/266 267/267 241/241
f 241/241 267/267 265/265
f 265/265 268/268 262/262
f 267/267 269/269 265/265
f 265/265 269/269 268/268
f 262/262 268/268 264/264
f 264/264 270/270 263/263
f 264/264 271/271 272/272
f 264/264 272/272 270/270
f 268/268 271/271 264/264
f 263/263 259/259 258/258
f 263/263 270/270 259/259
f 259/259 273/273 260/260
f 259/259 274/274 273/273
f 259/259 270/270 274/274
f 261/261 260/260 275/275
f 260/260 273/273 275/275
f 256/256 261/261 275/275
f 257/257 261/261 256/256
f 256/256 275/275 276/276
f 255/255 256/256 276/276
f 255/255 276/276 254/254
f 254/254 277/277 252/252
f 254/254 276/276 277/277
f 276/276 278/278 279/279
f 276/276 279/279 277/277
f 276/276 280/280 278/278
f 275/275 280/280 276/276
f 275/275 273/273 280/280
f 274/274 281/281 273/273
f 273/273 281/281 282/282
f 273/273 282/282 283/283
f 273/273 283/283 280/280
f 270/270 272/272 274/274
f 274/274 284/284 281/281
f 272/272 284/284 274/274
f 272/272 285/285 286/286
f 272/272 286/286 284/284
f 271/271 285/285 272/272
f 268/268 287/287 271/271
f 287/287 288/288 271/271
f 288/288 285/285 271/271
f 269/269 287/287 268/268
f 267/267 289/289 269/269
f 289/289 290/290 269/269
f 290/290 291/291 269/269
f 269/269 292/292 287/287
f 291/291 292/292 269/269
f 266/266 289/289 267/267
f 239/239 293/293 266/266
f 293/293 289/289 266/266
f 294/294 289/289 293/293
f 294/294 295/295 289/289
f 289/289 295/295 290/290
f 295/295 296/296 290/290
f 290/290 296/296 291/291
f 291/291 297/297 292/292
f 291/291 298/298 297/297
f 296/296 298/298 291/291
f 287/287 292/292 288/288
f 292/292 299/299 288/288
f 292/292 297/297 299/299
f 288/288 299/299 285/285
f 285/285 299/299 300/300
f 285/285 300/300 301/301
f 285/285 301/301 286/286
f 286/286 301/301 284/284
f 281/281 284/284 302/302
f 284/284 301/301 302/302
f 281/281 302/302 282/282
f 282/282 302/302 303/303
f 282/282 303/303 304/304
f 283/283 282/282 304/304
f 278/278 283/283 305/305
f 280/280 283/283 278/278
f 283/283 304/304 305/305
f 304/304 303/303 306/306
f 304/304 306/306 307/307
f 305/305 304/304 307/307
f 302/302 301/301 303/303
f 303/303 301/301 308/308
f 303/303 308/308 306/306
f 308/308 301/301 309/309
f 309/309 301/301 310/310
f 310/310 301/301 311/311
f 301/301 300/300 311/311
f 311/311 300/300 312/312
f 312/312 300/300 313/313
f 300/300 299/299 313/313
f 299/299 297/297 313/313
f 314/314 297/297 298/298
f 313/313 297/297 314/314
f 315/315 298/298 296/296
f 315/315 316/316 298/298
f 298/298 316/316 317/317
f 318/318 298/298 317/317
f 314/314 298/298 318/318
f 295/295 315/315 296/296
f 294/294 319/319 295/295
f 319/319 315/315 295/295
f 320/320 294/294 293/293
f 320/320 321/321 294/294
f 321/321 319/319 294/294
f 322/322 319/319 321/321
f 319/319 323/323 315/315
f 322/322 323/323 319/319
f 323/323 316/316 315/315
f 324/324 325/325 316/316
f 324/324 316/316 323/323
f 317/317 316/316 326/326
f 316/316 325/325 326/326
f 318/318 317/317 327/327
f 317/317 326/326 328/328
f 329/329 317/317 328/328
f 327/327 317/317 329/329
f 330/330 314/314 318/318
f 330/330 318/318 327/327
f 331/331 313/313 314/314
f 331/331 314/314 330/330
f 312/312 313/313 331/331
f 332/332 312/312 333/333
f 311/311 312/312 332/332
f 333/333 312/312 331/331
f 310/310 311/311 332/332
f 309/309 310/310 332/332
f 334/334 309/309 332/332
f 334/2881 332/2880 335/335
f 335/335 332/2880 336/336
f 336/336 332/2880 337/337
f 332/2880 333/2882 337/337
f 337/337 333/2882 338/338
f 333/2882 331/2883 338/338
f 331/2883 330/2884 338/338
f 330/2884 327/2885 339/339
f 340/340 330/2884 339/339
f 338/338 330/2884 340/340
f 341/341 327/2885 342/342
f 339/339 327/2885 341/341
f 327/2885 329/2886 342/342
f 329/2886 328/2887 342/342
f 342/342 328/2887 343/343
f 328/2887 344/344 343/343
f 328/328 326/326 344/2888
f 344/2888 326/326 343/2889
f 326/326 324/324 343/2889
f 326/326 325/325 324/324
f 345/345 324/324 323/323
f 343/2889 324/324 345/345
f 345/345 323/323 322/322
f 346/346 322/322 321/321
f 346/346 347/347 322/322
f 347/347 345/345 322/322
f 346/346 321/321 348/348
f 348/348 321/321 320/320
f 349/349 346/346 348/348
f 350/350 346/346 349/349
f 347/347 346/346 350/350
f 351/351 347/347 350/350
f 351/351 345/345 347/347
f 343/2889 345/345 351/351
f 352/352 343/343 351/2890
f 352/352 342/342 343/343
f 353/353 342/342 352/352
f 341/341 342/342 353/353
f 339/339 341/341 354/354
f 354/354 341/341 353/353
f 340/340 339/339 355/355
f 355/355 339/339 354/354
f 338/338 340/340 356/356
f 356/356 340/340 355/355
f 357/357 337/337 338/338
f 357/357 338/338 358/358
f 358/358 338/338 356/356
f 336/336 337/337 357/357
f 335/335 336/336 359/359
f 359/359 336/336 360/360
f 360/360 336/336 357/357
f 361/361 334/2881 335/335
f 361/361 335/335 362/362
f 362/362 335/335 359/359
f 362/362 359/359 360/360
f 362/362 360/360 363/363
f 360/360 357/357 364/364
f 360/360 364/364 365/365
f 363/363 360/360 365/365
f 364/364 357/357 358/358
f 358/358 356/356 366/366
f 364/364 358/358 366/366
f 367/367 356/356 355/355
f 366/366 356/356 367/367
f 367/367 355/355 368/368
f 368/368 355/355 354/354
f 354/354 353/353 369/369
f 368/368 354/354 369/369
f 369/369 353/353 370/370
f 370/370 353/353 371/371
f 353/353 352/352 371/371
f 371/371 352/352 372/372
f 372/372 352/352 351/2890
f 372/372 351/2890 350/2891
f 350/350 349/349 373/373
f 373/2892 374/374 350/2891
f 374/374 372/372 350/2891
f 375/375 349/349 348/348
f 376/376 349/349 375/375
f 373/373 349/349 376/376
f 373/373 376/376 377/377
f 374/374 373/2892 377/2893
f 378/378 379/379 374/374
f 378/378 374/374 377/2893
f 379/379 380/380 374/374
f 380/380 372/372 374/374
f 380/380 371/371 372/372
f 381/381 371/371 380/380
f 381/381 370/370 371/371
f 369/369 370/370 381/381
f 382/382 369/369 381/381
f 368/368 369/369 382/382
f 383/383 367/367 368/368
f 383/383 368/368 384/384
f 384/384 368/368 382/382
f 366/366 367/367 383/383
f 364/364 366/366 385/385
f 385/385 366/366 386/386
f 386/386 366/366 383/383
f 365/365 364/364 385/385
f 387/387 363/363 365/365
f 388/388 365/365 385/385
f 387/387 365/365 388/388
f 388/388 385/385 389/389
f 389/389 385/385 386/386
f 386/386 383/383 384/384
f 389/389 386/386 390/390
f 386/386 384/384 391/391
f 390/390 386/386 391/391
f 384/384 382/382 392/392
f 391/391 384/384 393/393
f 393/393 384/384 392/392
f 392/392 382/382 394/394
f 382/382 381/381 394/394
f 379/379 381/381 380/380
f 394/394 381/381 379/379
f 394/394 379/379 395/395
f 395/395 379/379 378/378
f 396/396 378/378 397/397
f 396/396 395/395 378/378
f 378/378 377/2893 397/397
f 377/377 376/376 398/398
f 397/397 377/2893 398/2894
f 376/376 399/399 398/398
f 376/376 375/375 399/399
f 400/400 398/2894 401/401
f 398/398 402/402 401/2895
f 399/399 402/402 398/398
f 400/400 397/397 398/2894
f 396/396 397/397 400/400
f 395/395 396/396 403/403
f 403/403 396/396 404/404
f 404/404 396/396 400/400
f 405/405 392/392 395/395
f 392/392 394/394 395/395
f 403/403 405/405 395/395
f 393/393 392/392 405/405
f 393/393 405/405 403/403
f 406/406 391/391 393/393
f 406/406 393/393 407/407
f 407/407 393/393 403/403
f 408/408 390/390 391/391
f 408/408 391/391 406/406
f 409/409 389/389 390/390
f 409/409 390/390 408/408
f 388/388 389/389 410/410
f 410/410 389/389 409/409
f 411/411 387/387 388/388
f 412/412 388/388 410/410
f 411/411 388/388 412/412
f 413/413 363/363 387/387
f 413/413 387/387 414/414
f 414/414 387/387 411/411
f 414/414 411/411 415/415
f 415/415 411/411 412/412
f 412/412 410/410 416/416
f 415/415 412/412 417/417
f 417/417 412/412 416/416
f 416/416 410/410 409/409
f 416/416 409/409 418/418
f 418/418 409/409 408/408
f 408/408 406/406 419/419
f 420/420 408/408 419/419
f 418/418 408/408 420/420
f 419/419 406/406 407/407
f 407/407 403/403 421/421
f 422/422 407/407 421/421
f 423/423 407/407 422/422
f 419/419 407/407 423/423
f 421/421 403/403 404/404
f 404/404 400/400 424/424
f 425/425 404/404 424/424
f 421/421 404/404 425/425
f 424/424 400/400 401/401
f 426/426 424/424 401/401
f 427/427 424/424 426/426
f 425/425 424/424 427/427
f 428/428 421/421 425/425
f 428/428 425/425 427/427
f 428/428 422/422 421/421
f 429/429 422/422 430/430
f 422/422 428/428 430/430
f 429/429 423/423 422/422
f 431/431 419/419 423/423
f 431/431 423/423 429/429
f 420/420 419/419 431/431
f 432/432 416/416 420/420
f 416/416 418/418 420/420
f 432/432 420/420 433/433
f 433/433 420/420 431/431
f 434/434 417/417 416/416
f 434/434 416/416 432/432
f 435/435 415/415 417/417
f 435/435 417/417 434/434
f 436/436 414/414 415/415
f 437/437 436/436 415/415
f 435/435 437/437 415/415
f 413/413 414/414 436/436
f 438/438 363/363 413/413
f 439/439 438/438 413/413
f 439/439 413/413 436/436
f 440/440 362/362 363/363
f 438/438 440/440 363/363
f 441/441 440/440 438/438
f 439/439 441/441 438/438
f 442/442 441/441 439/439
f 443/443 439/439 436/436
f 442/442 439/439 443/443
f 444/444 436/436 437/437
f 443/443 436/436 444/444
f 445/445 437/437 435/435
f 444/444 437/437 445/445
f 446/446 435/435 447/447
f 435/435 434/434 447/447
f 445/445 435/435 446/446
f 447/447 434/434 432/432
f 448/448 432/432 433/433
f 447/447 432/432 448/448
f 433/433 431/431 449/449
f 448/448 433/433 450/450
f 450/450 433/433 449/449
f 431/431 429/429 449/449
f 451/451 429/429 430/430
f 449/449 429/429 451/451
f 451/451 430/430 452/452
f 452/452 430/430 453/453
f 430/430 428/428 453/453
f 454/454 449/449 451/451
f 451/451 452/452 455/455
f 454/454 451/451 456/456
f 456/456 451/451 455/455
f 450/450 449/449 454/454
f 457/457 448/448 450/450
f 458/458 450/450 454/454
f 457/457 450/450 458/458
f 459/459 447/447 448/448
f 460/460 459/459 448/448
f 460/460 448/448 457/457
f 446/446 447/447 459/459
f 461/461 445/445 446/446
f 461/461 446/446 462/462
f 462/462 446/446 459/459
f 463/463 464/464 445/445
f 463/463 445/445 461/461
f 464/464 444/444 445/445
f 464/464 443/443 444/444
f 465/465 443/443 464/464
f 465/465 442/442 443/443
f 466/466 442/442 465/465
f 466/466 467/467 442/442
f 467/467 468/468 442/442
f 468/468 441/441 442/442
f 468/468 469/469 441/441
f 469/469 440/440 441/441
f 467/467 470/470 468/468
f 470/470 471/471 468/468
f 468/468 471/471 469/469
f 472/472 467/467 466/466
f 472/472 473/473 467/467
f 473/473 474/474 467/467
f 474/474 470/470 467/467
f 475/475 466/466 465/465
f 476/476 466/466 475/475
f 476/476 472/472 466/466
f 475/475 465/465 464/464
f 477/477 464/464 463/463
f 477/477 475/475 464/464
f 478/478 477/477 463/463
f 478/478 463/463 479/479
f 479/479 463/463 461/461
f 480/480 479/479 461/461
f 480/480 461/461 481/481
f 461/461 462/462 481/481
f 481/481 462/462 482/482
f 462/462 459/459 482/482
f 482/482 459/459 460/460
f 482/482 460/460 483/483
f 483/483 460/460 457/457
f 457/457 458/458 484/484
f 483/483 457/457 484/484
f 458/458 454/454 485/485
f 484/484 458/458 485/485
f 484/484 485/485 486/486
f 483/483 484/484 487/487
f 487/487 484/484 486/486
f 488/488 489/489 483/483
f 488/488 483/483 490/490
f 489/489 482/482 483/483
f 490/490 483/483 487/487
f 481/481 482/482 491/491
f 491/491 482/482 489/489
f 480/480 481/481 492/492
f 492/492 481/481 491/491
f 493/493 480/480 494/494
f 493/493 495/495 480/480
f 495/495 479/479 480/480
f 494/494 480/480 492/492
f 478/478 479/479 495/495
f 496/496 478/478 497/497
f 496/496 498/498 478/478
f 497/497 478/478 499/499
f 499/499 478/478 495/495
f 478/478 498/498 477/477
f 498/498 475/475 477/477
f 500/500 476/476 475/475
f 500/500 475/475 498/498
f 501/501 476/476 502/502
f 502/502 476/476 500/500
f 501/501 472/472 476/476
f 503/503 502/502 500/500
f 503/503 500/500 504/504
f 504/504 500/500 496/496
f 496/496 500/500 498/498
f 505/505 496/496 497/497
f 505/505 504/504 496/496
f 506/506 505/505 497/497
f 506/506 497/497 499/499
f 507/507 499/499 493/493
f 506/506 499/499 507/507
f 499/499 495/495 493/493
f 507/507 493/493 508/508
f 508/508 493/493 494/494
f 508/508 494/494 509/509
f 509/509 494/494 510/510
f 510/510 494/494 492/492
f 510/510 492/492 511/511
f 511/511 492/492 488/488
f 492/492 489/489 488/488
f 492/492 491/491 489/489
f 512/512 488/488 513/513
f 512/512 511/511 488/488
f 488/488 490/490 513/513
f 513/513 490/490 514/514
f 490/490 487/487 514/514
f 487/487 486/486 514/514
f 513/513 514/514 515/515
f 515/515 514/514 516/516
f 516/516 514/514 517/517
f 514/514 486/486 517/517
f 512/512 513/513 518/518
f 518/518 513/513 515/515
f 512/512 518/518 519/519
f 520/520 512/512 519/519
f 521/521 512/512 520/520
f 522/522 512/512 521/521
f 522/522 523/523 512/512
f 523/523 511/511 512/512
f 523/523 510/510 511/511
f 524/524 510/510 523/523
f 524/524 509/509 510/510
f 525/525 509/509 524/524
f 526/526 509/509 525/525
f 526/526 508/508 509/509
f 527/527 508/508 526/526
f 527/527 507/507 508/508
f 528/528 507/507 527/527
f 528/528 506/506 507/507
f 528/528 505/505 506/506
f 529/529 504/504 505/505
f 529/529 505/505 530/530
f 530/530 505/505 528/528
f 529/529 503/503 504/504
f 531/531 529/529 530/530
f 532/532 533/533 529/529
f 531/531 532/532 529/529
f 529/529 533/533 503/503
f 534/534 530/530 535/535
f 535/535 530/530 528/528
f 534/534 531/531 530/530
f 536/536 528/528 527/527
f 535/535 528/528 536/536
f 537/537 527/527 526/526
f 538/538 527/527 537/537
f 538/538 539/539 527/527
f 539/539 536/536 527/527
f 540/540 526/526 525/525
f 537/537 526/526 540/540
f 541/541 525/525 522/522
f 542/542 525/525 541/541
f 525/525 524/524 522/522
f 540/540 525/525 542/542
f 543/543 522/522 521/521
f 541/541 522/522 543/543
f 522/522 524/524 523/523
f 543/543 521/521 544/544
f 544/544 521/521 520/520
f 545/545 520/520 519/519
f 544/544 520/520 545/545
f 546/546 544/544 545/545
f 547/547 543/543 544/544
f 547/547 544/544 546/546
f 548/548 543/543 547/547
f 548/548 541/541 543/543
f 549/549 541/541 548/548
f 542/542 541/541 549/549
f 550/550 542/542 549/549
f 551/551 542/542 550/550
f 551/551 540/540 542/542
f 552/552 537/537 540/540
f 552/552 540/540 551/551
f 553/553 538/538 537/537
f 553/553 537/537 552/552
f 554/554 538/538 553/553
f 554/554 555/555 538/538
f 555/555 539/539 538/538
f 535/535 536/536 539/539
f 556/556 535/535 539/539
f 556/556 539/539 555/555
f 556/556 534/534 535/535
f 557/557 534/534 556/556
f 557/557 558/558 534/534
f 558/558 531/531 534/534
f 558/558 559/559 531/531
f 559/559 532/532 531/531
f 560/560 558/558 557/557
f 560/560 561/561 558/558
f 561/561 559/559 558/558
f 562/562 557/557 556/556
f 563/563 557/557 562/562
f 563/563 560/560 557/557
f 562/562 556/556 555/555
f 564/564 562/562 555/555
f 564/564 555/555 554/554
f 565/565 564/564 554/554
f 565/565 554/554 553/553
f 566/566 565/565 553/553
f 566/566 553/553 567/567
f 567/567 553/553 552/552
f 567/567 552/552 568/568
f 568/568 552/552 551/551
f 568/568 551/551 550/550
f 569/569 568/568 550/550
f 569/569 550/550 570/570
f 570/570 550/550 549/549
f 570/570 549/549 571/571
f 571/571 549/549 548/548
f 571/571 548/548 572/572
f 572/572 548/548 547/547
f 572/572 547/547 573/573
f 547/547 546/546 573/573
f 573/573 546/546 574/574
f 546/546 545/545 574/574
f 575/575 572/572 573/573
f 575/575 573/573 576/576
f 576/576 573/573 577/577
f 573/573 574/574 577/577
f 578/578 571/571 572/572
f 578/578 572/572 575/575
f 578/578 570/570 571/571
f 579/579 569/569 570/570
f 579/579 570/570 578/578
f 580/580 568/568 569/569
f 581/581 580/580 569/569
f 581/581 569/569 579/579
f 580/580 567/567 568/568
f 580/580 566/566 567/567
f 582/582 565/565 566/566
f 583/583 582/582 566/566
f 583/583 566/566 584/584
f 584/584 566/566 580/580
f 585/585 564/564 565/565
f 585/585 565/565 582/582
f 585/585 562/562 564/564
f 586/586 563/563 562/562
f 586/586 562/562 585/585
f 587/587 560/560 563/563
f 588/588 587/587 563/563
f 588/588 563/563 586/586
f 588/588 586/586 589/589
f 589/589 586/586 585/585
f 590/590 585/585 582/582
f 589/589 585/585 590/590
f 591/591 582/582 583/583
f 590/590 582/582 591/591
f 592/592 591/591 583/583
f 592/592 583/583 584/584
f 584/584 580/580 593/593
f 594/594 584/584 593/593
f 592/592 584/584 594/594
f 593/593 580/580 581/581
f 593/593 581/581 595/595
f 595/595 581/581 579/579
f 595/595 579/579 596/596
f 579/579 578/578 596/596
f 596/596 578/578 575/575
f 597/597 596/596 575/575
f 597/597 575/575 598/598
f 598/598 575/575 576/576
f 576/576 577/577 599/599
f 600/600 576/576 599/599
f 598/598 576/576 600/600
f 577/577 574/574 601/601
f 577/577 601/601 602/602
f 599/599 577/577 602/602
f 599/599 602/602 603/603
f 604/604 599/599 603/603
f 604/604 605/605 599/599
f 605/605 600/600 599/599
f 605/605 606/606 600/600
f 607/607 600/600 606/606
f 607/607 608/608 600/600
f 608/608 598/598 600/600
f 609/609 598/598 608/608
f 609/609 597/597 598/598
f 609/609 610/610 597/597
f 610/610 595/595 597/597
f 595/595 596/596 597/597
f 610/610 611/611 595/595
f 611/611 593/593 595/595
f 594/594 593/593 611/611
f 612/612 594/594 611/611
f 613/613 592/592 594/594
f 613/613 594/594 612/612
f 613/613 591/591 592/592
f 614/614 591/591 613/613
f 614/614 615/615 591/591
f 615/615 590/590 591/591
f 616/616 589/589 590/590
f 615/615 616/616 590/590
f 617/617 588/588 589/589
f 616/616 617/617 589/589
f 618/618 617/617 616/616
f 618/618 616/616 619/619
f 619/619 616/616 615/615
f 619/619 615/615 614/614
f 620/620 614/614 621/621
f 620/620 619/619 614/614
f 621/621 614/614 613/613
f 622/622 613/613 612/612
f 621/621 613/613 622/622
f 612/612 611/611 623/623
f 624/624 612/612 623/623
f 622/622 612/612 624/624
f 611/611 610/610 623/623
f 623/623 610/610 609/609
f 624/624 609/609 608/608
f 623/623 609/609 624/624
f 608/608 607/607 625/625
f 626/626 608/608 625/625
f 627/627 608/608 626/626
f 628/628 608/608 627/627
f 629/629 624/624 608/608
f 628/628 629/629 608/608
f 630/630 622/622 624/624
f 630/630 624/624 629/629
f 631/631 621/621 622/622
f 631/631 622/622 630/630
f 632/632 621/621 631/631
f 632/632 620/620 621/621
f 633/633 620/620 632/632
f 633/633 634/634 620/620
f 634/634 618/618 620/620
f 620/620 618/618 619/619
f 635/635 636/636 618/618
f 634/634 635/635 618/618
f 636/636 617/617 618/618
f 637/637 588/588 617/617
f 638/638 637/637 617/617
f 636/636 638/638 617/617
f 639/639 640/640 636/636
f 640/640 638/638 636/636
f 639/639 636/636 635/635
f 641/641 639/639 635/635
f 641/641 635/635 634/634
f 642/642 641/641 634/634
f 642/642 634/634 633/633
f 643/643 633/633 632/632
f 643/643 642/642 633/633
f 632/632 631/631 644/644
f 645/645 632/632 644/644
f 643/643 632/632 645/645
f 646/646 631/631 630/630
f 644/644 631/631 646/646
f 646/646 630/630 629/629
f 647/647 629/629 628/628
f 648/648 646/646 629/629
f 648/648 629/629 647/647
f 649/649 647/647 628/628
f 649/649 628/628 650/650
f 650/650 628/628 651/651
f 651/651 628/628 627/627
f 652/652 647/647 649/649
f 653/653 648/648 647/647
f 652/652 653/653 647/647
f 644/644 646/646 648/648
f 645/645 644/644 648/648
f 654/654 648/648 653/653
f 645/645 648/648 654/654
f 655/655 645/645 654/654
f 655/655 643/643 645/645
f 656/656 642/642 643/643
f 655/655 656/656 643/643
f 656/656 657/657 642/642
f 657/657 641/641 642/642
f 658/658 659/659 641/641
f 659/659 639/639 641/641
f 657/657 658/658 641/641
f 659/659 660/660 639/639
f 660/660 640/640 639/639
f 660/660 661/661 640/640
f 640/640 662/662 638/638
f 640/640 661/661 662/662
f 638/638 662/662 637/637
f 663/663 664/664 662/662
f 662/662 664/664 637/637
f 661/661 663/663 662/662
f 660/660 665/665 661/661
f 665/665 663/663 661/661
f 666/666 660/660 659/659
f 666/666 667/667 660/660
f 667/667 665/665 660/660
f 658/658 666/666 659/659
f 668/668 669/669 658/658
f 669/669 666/666 658/658
f 668/668 658/658 657/657
f 670/670 657/657 656/656
f 671/671 657/657 670/670
f 671/671 668/668 657/657
f 672/672 656/656 655/655
f 673/673 656/656 672/672
f 673/673 670/670 656/656
f 674/674 655/655 654/654
f 674/674 672/672 655/655
f 675/675 654/654 653/653
f 676/676 654/654 675/675
f 676/676 674/674 654/654
f 677/677 653/653 652/652
f 678/678 653/653 677/677
f 675/675 653/653 678/678
f 679/679 680/680 675/675
f 679/679 675/675 681/681
f 680/680 676/676 675/675
f 681/681 675/675 682/682
f 682/682 675/675 683/683
f 683/683 675/675 684/684
f 678/678 684/684 675/675
f 685/685 674/674 676/676
f 686/686 685/685 676/676
f 680/680 686/686 676/676
f 685/685 672/672 674/674
f 685/685 673/673 672/672
f 685/685 687/687 673/673
f 688/688 670/670 673/673
f 687/687 688/688 673/673
f 689/689 670/670 688/688
f 689/689 671/671 670/670
f 689/689 690/690 671/671
f 690/690 668/668 671/671
f 690/690 669/669 668/668
f 691/691 669/669 690/690
f 691/691 692/692 669/669
f 692/692 666/666 669/669
f 692/692 693/693 666/666
f 693/693 667/667 666/666
f 693/693 694/694 667/667
f 667/667 694/694 665/665
f 692/692 695/695 693/693
f 695/695 696/696 693/693
f 696/696 697/697 693/693
f 697/697 694/694 693/693
f 698/698 695/695 692/692
f 698/698 692/692 691/691
f 699/699 691/691 690/690
f 700/700 691/691 699/699
f 700/700 698/698 691/691
f 699/699 690/690 689/689
f 701/701 689/689 688/688
f 702/702 699/699 689/689
f 702/702 689/689 701/701
f 687/687 701/701 688/688
f 686/686 687/687 685/685
f 703/703 687/687 686/686
f 704/704 701/701 687/687
f 704/704 687/687 703/703
f 705/705 703/703 686/686
f 705/705 686/686 680/680
f 705/705 706/706 703/703
f 706/706 704/704 703/703
f 702/702 701/701 704/704
f 707/707 704/704 706/706
f 704/704 707/707 702/702
f 707/707 708/708 702/702
f 709/709 699/699 702/702
f 710/710 709/709 702/702
f 710/710 702/702 708/708
f 711/711 700/700 699/699
f 711/711 699/699 709/709
f 711/711 712/712 700/700
f 712/712 698/698 700/700
f 712/712 713/713 698/698
f 713/713 695/695 698/698
f 713/713 696/696 695/695
f 713/713 714/714 696/696
f 714/714 715/715 696/696
f 715/715 697/697 696/696
f 715/715 716/716 697/697
f 697/697 716/716 694/694
f 716/716 717/717 694/694
f 694/694 718/718 665/665
f 694/694 717/717 718/718
f 716/716 719/719 717/717
f 716/716 720/720 719/719
f 716/716 721/721 720/720
f 722/722 721/721 716/716
f 722/722 716/716 715/715
f 714/714 723/723 715/715
f 723/723 722/722 715/715
f 724/724 714/714 725/725
f 724/724 726/726 714/714
f 726/726 723/723 714/714
f 725/725 714/714 713/713
f 727/727 713/713 712/712
f 727/727 725/725 713/713
f 728/728 712/712 711/711
f 728/728 727/727 712/712
f 710/710 711/711 709/709
f 729/729 711/711 710/710
f 728/728 711/711 729/729
f 708/708 730/730 710/710
f 730/730 731/731 710/710
f 731/731 729/729 710/710
f 707/707 732/732 708/708
f 733/733 730/730 708/708
f 733/733 708/708 732/732
f 733/733 734/734 730/730
f 734/734 731/731 730/730
f 731/731 735/735 729/729
f 736/736 735/735 731/731
f 734/734 736/736 731/731
f 735/735 728/728 729/729
f 728/728 737/737 727/727
f 738/738 737/737 728/728
f 735/735 738/738 728/728
f 737/737 739/739 727/727
f 727/727 739/739 725/725
f 739/739 724/724 725/725
f 739/739 740/740 724/724
f 740/740 726/726 724/724
f 740/740 741/741 726/726
f 741/741 742/742 726/726
f 726/726 742/742 723/723
f 723/723 742/742 743/743
f 723/723 743/743 722/722
f 744/744 721/721 722/722
f 743/743 744/744 722/722
f 721/721 745/745 720/720
f 744/744 745/745 721/721
f 720/720 746/746 747/747
f 720/720 745/745 746/746
f 720/720 747/747 719/719
f 745/745 748/748 749/749
f 745/745 749/749 746/746
f 750/750 748/748 745/745
f 751/751 750/750 745/745
f 744/744 751/751 745/745
f 743/743 751/751 744/744
f 742/742 752/752 743/743
f 752/752 751/751 743/743
f 741/741 753/753 742/742
f 753/753 752/752 742/742
f 740/740 754/754 741/741
f 754/754 753/753 741/741
f 755/755 754/754 740/740
f 756/756 755/755 740/740
f 756/756 740/740 739/739
f 757/757 756/756 739/739
f 757/757 739/739 737/737
f 738/738 757/757 737/737
f 758/758 757/757 738/738
f 758/758 738/738 735/735
f 759/759 758/758 735/735
f 759/759 735/735 736/736
f 760/760 761/761 736/736
f 760/760 736/736 734/734
f 761/761 759/759 736/736
f 762/762 734/734 733/733
f 762/762 760/760 734/734
f 763/763 761/761 760/760
f 764/764 760/760 762/762
f 764/764 763/763 760/760
f 765/765 759/759 761/761
f 766/766 765/765 761/761
f 766/766 761/761 763/763
f 767/767 758/758 759/759
f 765/765 767/767 759/759
f 768/768 757/757 758/758
f 769/769 768/768 758/758
f 767/767 769/769 758/758
f 768/768 770/770 757/757
f 770/770 756/756 757/757
f 770/770 755/755 756/756
f 771/771 772/772 755/755
f 771/771 755/755 770/770
f 755/755 772/772 773/773
f 755/755 773/773 754/754
f 773/773 774/774 754/754
f 754/754 774/774 753/753
f 774/774 775/775 753/753
f 753/753 775/775 752/752
f 752/752 776/776 751/751
f 775/775 776/776 752/752
f 751/751 776/776 750/750
f 776/776 777/777 750/750
f 778/778 776/776 775/775
f 778/778 777/777 776/776
f 774/774 779/779 775/775
f 779/779 778/778 775/775
f 773/773 780/780 774/774
f 780/780 779/779 774/774
f 772/772 781/781 773/773
f 781/781 782/782 773/773
f 773/773 782/782 780/780
f 783/783 781/781 772/772
f 783/783 772/772 784/784
f 784/784 772/772 771/771
f 768/768 771/771 770/770
f 769/769 771/771 768/768
f 785/785 771/771 769/769
f 785/785 784/784 771/771
f 786/786 769/769 767/767
f 787/787 769/769 786/786
f 787/787 785/785 769/769
f 786/786 767/767 765/765
f 766/766 786/786 765/765
f 788/788 786/786 766/766
f 789/789 788/788 766/766
f 790/790 766/766 763/763
f 790/790 789/789 766/766
f 790/790 763/763 764/764
f 791/791 790/790 764/764
f 792/792 789/789 790/790
f 791/791 792/792 790/790
f 793/793 788/788 789/789
f 792/792 793/793 789/789
f 788/788 794/794 786/786
f 793/793 794/794 788/788
f 794/794 787/787 786/786
f 787/787 795/795 785/785
f 796/796 795/795 787/787
f 794/794 796/796 787/787
f 797/797 784/784 785/785
f 797/797 785/785 795/795
f 797/797 798/798 784/784
f 798/798 783/783 784/784
f 798/798 799/799 783/783
f 799/799 800/800 783/783
f 783/783 800/800 781/781
f 800/800 801/801 781/781
f 801/801 782/782 781/781
f 801/801 802/802 782/782
f 782/782 802/802 780/780
f 802/802 779/779 780/780
f 802/802 803/803 779/779
f 779/779 803/803 778/778
f 778/778 804/804 777/777
f 778/778 803/803 804/804
f 802/802 805/805 803/803
f 803/803 806/806 804/804
f 803/803 805/805 806/806
f 801/801 807/807 802/802
f 807/807 808/808 802/802
f 802/802 808/808 805/805
f 800/800 809/809 801/801
f 809/809 807/807 801/801
f 799/799 810/810 800/800
f 800/800 810/810 809/809
f 811/811 799/799 812/812
f 811/811 813/813 799/799
f 813/813 810/810 799/799
f 812/812 799/799 798/798
f 797/797 812/812 798/798
f 796/796 797/797 795/795
f 814/814 812/812 797/797
f 815/815 814/814 797/797
f 815/815 797/797 796/796
f 816/816 796/796 794/794
f 816/816 815/815 796/796
f 793/793 816/816 794/794
f 817/817 816/816 793/793
f 818/818 817/817 793/793
f 818/818 793/793 792/792
f 791/791 818/818 792/792
f 819/819 817/817 818/818
f 820/820 819/819 818/818
f 821/821 820/820 818/818
f 821/821 818/818 791/791
f 817/817 822/822 816/816
f 819/819 823/823 817/817
f 823/823 822/822 817/817
f 822/822 824/824 816/816
f 824/824 815/815 816/816
f 815/815 825/825 814/814
f 824/824 825/825 815/815
f 814/814 826/826 812/812
f 825/825 826/826 814/814
f 826/826 811/811 812/812
f 827/827 811/811 826/826
f 827/827 828/828 811/811
f 828/828 829/829 811/811
f 811/811 829/829 813/813
f 829/829 830/830 813/813
f 813/813 830/830 810/810
f 830/830 831/831 810/810
f 831/831 832/832 810/810
f 810/810 832/832 809/809
f 809/809 832/832 807/807
f 832/832 833/833 807/807
f 807/807 833/833 808/808
f 808/808 834/834 805/805
f 808/808 835/835 834/834
f 833/833 835/835 808/808
f 836/836 833/833 832/832
f 833/833 837/837 835/835
f 836/836 837/837 833/833
f 831/831 836/836 832/832
f 830/830 838/838 831/831
f 838/838 839/839 831/831
f 831/831 839/839 836/836
f 840/840 841/841 830/830
f 841/841 838/838 830/830
f 840/840 830/830 829/829
f 828/828 840/840 829/829
f 842/842 828/828 827/827
f 843/843 840/840 828/828
f 844/844 843/843 828/828
f 842/842 844/844 828/828
f 825/825 827/827 826/826
f 845/845 827/827 825/825
f 845/845 842/842 827/827
f 846/846 845/845 825/825
f 846/846 825/825 824/824
f 822/822 846/846 824/824
f 847/847 848/848 822/822
f 848/848 846/846 822/822
f 823/823 847/847 822/822
f 849/849 845/845 846/846
f 848/848 849/849 846/846
f 849/849 850/850 845/845
f 850/850 842/842 845/845
f 850/850 851/851 842/842
f 851/851 844/844 842/842
f 852/852 853/853 844/844
f 853/853 843/843 844/844
f 851/851 852/852 844/844
f 854/854 855/855 843/843
f 853/853 854/854 843/843
f 843/843 855/855 856/856
f 843/843 856/856 840/840
f 840/840 856/856 841/841
f 857/857 858/858 841/841
f 841/841 858/858 859/859
f 856/856 857/857 841/841
f 841/841 859/859 838/838
f 859/859 839/839 838/838
f 859/859 860/860 839/839
f 839/839 861/861 836/836
f 839/839 860/860 861/861
f 836/836 861/861 837/837
f 835/835 837/837 862/862
f 837/837 863/863 862/862
f 861/861 863/863 837/837
f 835/835 862/862 834/834
f 834/834 862/862 864/864
f 862/862 865/865 864/864
f 862/862 866/866 865/865
f 863/863 866/866 862/862
f 867/867 866/866 863/863
f 867/867 863/863 861/861
f 860/860 868/868 861/861
f 861/861 868/868 867/867
f 859/859 869/869 860/860
f 860/860 869/869 868/868
f 858/858 870/870 859/859
f 870/870 869/869 859/859
f 857/857 871/871 858/858
f 871/871 872/872 858/858
f 872/872 873/873 858/858
f 858/858 873/873 870/870
f 874/874 875/875 857/857
f 875/875 871/871 857/857
f 874/874 857/857 856/856
f 855/855 874/874 856/856
f 854/854 876/876 855/855
f 855/855 876/876 874/874
f 877/877 878/878 854/854
f 877/877 854/854 853/853
f 878/878 876/876 854/854
f 877/877 853/853 852/852
f 879/879 880/880 877/877
f 881/881 879/879 877/877
f 882/882 881/881 877/877
f 877/877 880/880 878/878
f 882/882 877/877 852/852
f 880/880 883/883 878/878
f 878/878 883/883 884/884
f 878/878 884/884 885/885
f 878/878 885/885 876/876
f 876/876 885/885 874/874
f 885/885 875/875 874/874
f 885/885 886/886 875/875
f 886/886 871/871 875/875
f 886/886 887/887 871/871
f 887/887 888/888 871/871
f 888/888 872/872 871/871
f 872/872 889/889 873/873
f 872/872 888/888 890/890
f 872/872 890/890 889/889
f 870/870 873/873 869/869
f 889/889 891/891 873/873
f 873/873 891/891 869/869
f 869/869 891/891 868/868
f 891/891 892/892 868/868
f 868/868 892/892 867/867
f 867/867 892/892 893/893
f 867/867 893/893 866/866
f 866/866 893/893 894/894
f 866/866 894/894 865/865
f 892/892 895/895 893/893
f 893/893 895/895 894/894
f 891/891 896/896 892/892
f 892/892 897/897 895/895
f 896/896 897/897 892/892
f 889/889 898/898 891/891
f 898/898 896/896 891/891
f 890/890 898/898 889/889
f 899/899 900/900 890/890
f 899/899 890/890 888/888
f 890/890 900/900 901/901
f 890/890 901/901 898/898
f 887/887 899/899 888/888
f 902/902 887/887 886/886
f 902/902 903/903 887/887
f 887/887 903/903 899/899
f 884/884 886/886 885/885
f 884/884 904/904 886/886
f 904/904 902/902 886/886
f 883/883 905/905 884/884
f 905/905 904/904 884/884
f 906/906 883/883 880/880
f 907/907 883/883 906/906
f 907/907 905/905 883/883
f 879/879 906/906 880/880
f 908/908 906/906 879/879
f 908/908 909/909 906/906
f 909/909 907/907 906/906
f 909/909 910/910 907/907
f 910/910 911/911 907/907
f 911/911 905/905 907/907
f 911/911 912/912 905/905
f 905/905 912/912 913/913
f 905/905 913/913 904/904
f 904/904 913/913 902/902
f 913/913 914/914 902/902
f 902/902 914/914 903/903
f 914/914 915/915 903/903
f 915/915 900/900 903/903
f 899/899 903/903 900/900
f 900/900 916/916 917/917
f 915/915 916/916 900/900
f 900/900 917/917 901/901
f 898/898 901/901 896/896
f 901/901 917/917 918/918
f 901/901 918/918 896/896
f 896/896 918/918 897/897
f 918/2897 919/919 897/2896
f 897/2896 919/919 920/920
f 897/2896 920/920 895/2898
f 895/2898 920/920 921/921
f 895/2898 921/921 922/922
f 894/894 895/895 922/2899
f 920/920 923/923 921/921
f 920/920 924/924 923/923
f 919/919 924/924 920/920
f 918/2897 925/925 919/919
f 925/925 926/926 919/919
f 919/919 926/926 924/924
f 917/2900 925/925 918/2897
f 916/2901 927/927 917/2900
f 917/2900 927/927 925/925
f 928/928 916/916 915/915
f 928/928 929/929 916/916
f 929/2902 930/930 916/2901
f 930/930 927/927 916/2901
f 928/928 915/915 914/914
f 913/913 928/928 914/914
f 912/912 928/928 913/913
f 931/931 912/912 911/911
f 931/931 932/932 912/912
f 932/932 928/928 912/912
f 910/910 933/933 911/911
f 933/933 931/931 911/911
f 934/934 910/910 909/909
f 934/934 935/935 910/910
f 935/935 933/933 910/910
f 936/936 909/909 908/908
f 936/936 934/934 909/909
f 937/937 938/938 934/934
f 938/938 935/935 934/934
f 937/937 934/934 936/936
f 938/938 939/939 935/935
f 939/939 940/940 935/935
f 940/940 933/933 935/935
f 940/940 941/941 933/933
f 941/941 931/931 933/933
f 941/941 942/942 931/931
f 931/931 942/942 932/932
f 942/942 943/943 932/932
f 932/932 943/943 928/928
f 943/943 929/929 928/928
f 929/2902 944/944 930/930
f 945/945 946/946 929/929
f 946/2903 947/947 929/2902
f 947/947 944/944 929/2902
f 945/945 929/929 943/943
f 930/930 948/948 927/927
f 944/944 948/948 930/930
f 927/927 949/949 925/925
f 927/927 948/948 949/949
f 949/949 950/950 925/925
f 925/925 950/950 926/926
f 951/951 926/926 952/952
f 926/926 950/950 952/952
f 924/924 926/926 951/951
f 950/950 949/949 953/953
f 952/952 950/950 953/953
f 949/949 948/948 954/954
f 953/953 949/949 954/954
f 954/954 948/948 955/955
f 948/948 956/956 957/957
f 947/947 956/956 948/948
f 947/947 948/948 944/944
f 958/958 948/948 957/957
f 955/955 948/948 958/958
f 946/2903 959/959 947/947
f 959/959 956/956 947/947
f 960/960 961/961 946/946
f 961/2904 962/962 946/2903
f 946/2903 962/962 959/959
f 960/960 946/946 963/963
f 963/963 946/946 945/945
f 943/943 963/963 945/945
f 942/942 963/963 943/943
f 941/941 964/964 942/942
f 964/964 965/965 942/942
f 942/942 965/965 963/963
f 940/940 964/964 941/941
f 966/966 967/967 940/940
f 966/966 940/940 939/939
f 967/967 964/964 940/940
f 966/966 939/939 938/938
f 968/968 966/966 938/938
f 969/969 970/970 966/966
f 966/966 970/970 967/967
f 968/968 969/969 966/966
f 970/970 971/971 967/967
f 971/971 972/972 967/967
f 967/967 972/972 964/964
f 972/972 965/965 964/964
f 972/972 960/960 965/965
f 965/965 960/960 963/963
f 973/973 974/974 960/960
f 974/974 975/975 960/960
f 960/960 975/975 961/961
f 972/972 973/973 960/960
f 975/2905 962/962 961/2904
f 975/2905 976/976 962/962
f 962/962 956/956 959/959
f 962/962 977/977 956/956
f 976/976 978/978 962/962
f 962/962 978/978 977/977
f 979/979 956/956 980/980
f 956/956 977/977 980/980
f 981/981 956/956 979/979
f 957/957 956/956 981/981
f 982/982 957/957 983/983
f 957/957 981/981 983/983
f 958/958 957/957 982/982
f 984/984 958/958 982/982
f 985/985 958/958 984/984
f 955/955 958/958 985/985
f 984/984 982/982 986/986
f 982/982 983/983 987/987
f 986/986 982/982 987/987
f 987/987 983/983 988/988
f 983/983 981/981 988/988
f 988/988 981/981 989/989
f 981/981 979/979 989/989
f 979/979 990/990 989/989
f 979/979 980/980 990/990
f 990/990 980/980 991/991
f 977/977 978/978 980/980
f 980/980 978/978 991/991
f 991/991 978/978 992/992
f 978/978 993/993 992/992
f 976/976 993/993 978/978
f 994/994 976/976 975/2905
f 995/995 993/993 976/976
f 996/996 995/995 976/976
f 997/997 976/976 994/994
f 996/996 976/976 997/997
f 974/974 994/2906 975/975
f 974/974 997/2907 994/2906
f 998/998 996/996 997/997
f 999/999 998/2908 997/2907
f 999/999 997/2907 974/974
f 999/2909 1000/1000 996/996
f 999/2909 996/996 998/998
f 1000/1000 995/995 996/996
f 995/995 1001/1001 993/993
f 1000/1000 1001/1001 995/995
f 992/992 993/993 1002/1002
f 993/993 1001/1001 1002/1002
f 991/991 992/992 1003/1003
f 1003/1003 992/992 1004/1004
f 1004/1004 992/992 1002/1002
f 990/990 991/991 1003/1003
f 989/989 990/990 1005/1005
f 990/990 1003/1003 1005/1005
f 988/988 989/989 1006/1006
f 1006/1006 989/989 1007/1007
f 989/989 1005/1005 1007/1007
f 1008/1008 987/987 988/988
f 1008/1008 988/988 1009/1009
f 1009/1009 988/988 1010/1010
f 988/988 1006/1006 1010/1010
f 986/986 987/987 1008/1008
f 1011/1011 986/986 1012/1012
f 1011/1011 984/984 986/986
f 1012/1012 986/986 1008/1008
f 1012/1012 1008/1008 1013/1013
f 1013/1013 1008/1008 1009/1009
f 1014/1014 1013/1013 1009/1009
f 1014/1014 1009/1009 1015/1015
f 1009/1009 1010/1010 1015/1015
f 1015/1015 1010/1010 1016/1016
f 1010/1010 1017/1017 1016/1016
f 1010/1010 1006/1006 1018/1018
f 1010/1010 1018/1018 1017/1017
f 1006/1006 1007/1007 1018/1018
f 1018/1018 1007/1007 1019/1019
f 1007/1007 1020/1020 1019/1019
f 1007/1007 1005/1005 1020/1020
f 1005/1005 1021/1021 1020/1020
f 1005/1005 1003/1003 1021/1021
f 1003/1003 1004/1004 1021/1021
f 1021/1021 1004/1004 1022/1022
f 1004/1004 1023/1023 1022/1022
f 1004/1004 1002/1002 1023/1023
f 1000/1000 1002/1002 1001/1001
f 1000/1000 1023/1023 1002/1002
f 1024/1024 1023/1023 1000/1000
f 1025/1025 1000/1000 999/2909
f 1024/1024 1000/1000 1025/1025
f 1025/2910 999/999 974/974
f 1025/2910 974/974 1026/1026
f 1027/1027 1024/1024 1025/1025
f 1027/2911 1025/2910 1026/1026
f 1028/1028 1029/1029 1024/1024
f 1028/1028 1024/1024 1027/1027
f 1024/1024 1022/1022 1023/1023
f 1029/1029 1022/1022 1024/1024
f 1029/1029 1030/1030 1022/1022
f 1031/1031 1021/1021 1022/1022
f 1031/1031 1022/1022 1030/1030
f 1020/1020 1021/1021 1031/1031
f 1019/1019 1020/1020 1032/1032
f 1020/1020 1031/1031 1032/1032
f 1033/1033 1018/1018 1019/1019
f 1019/1019 1032/1032 1034/1034
f 1033/1033 1019/1019 1034/1034
f 1017/1017 1018/1018 1033/1033
f 1016/1016 1017/1017 1035/1035
f 1017/1017 1033/1033 1035/1035
f 1015/1015 1016/1016 1036/1036
f 1016/1016 1035/1035 1036/1036
f 1037/1037 1015/1015 1038/1038
f 1037/1037 1014/1014 1015/1015
f 1038/1038 1015/1015 1036/1036
f 1039/1039 1014/1014 1040/1040
f 1039/1039 1013/1013 1014/1014
f 1040/1040 1014/1014 1037/1037
f 1012/1012 1013/1013 1039/1039
f 1041/1041 1042/1042 1039/1039
f 1041/1041 1039/1039 1040/1040
f 1039/1039 1042/1042 1012/1012
f 1043/1043 1041/1041 1040/1040
f 1043/1043 1040/1040 1044/1044
f 1044/1044 1040/1040 1037/1037
f 1044/1044 1037/1037 1045/1045
f 1045/1045 1037/1037 1038/1038
f 1045/1045 1038/1038 1046/1046
f 1038/1038 1036/1036 1046/1046
f 1046/1046 1036/1036 1047/1047
f 1036/1036 1035/1035 1048/1048
f 1047/1047 1036/1036 1048/1048
f 1048/1048 1035/1035 1049/1049
f 1035/1035 1033/1033 1050/1050
f 1035/1035 1050/1050 1049/1049
f 1033/1033 1034/1034 1050/1050
f 1034/1034 1032/1032 1051/1051
f 1034/1034 1051/1051 1050/1050
f 1051/1051 1032/1032 1030/1030
f 1032/1032 1031/1031 1030/1030
f 1051/1051 1030/1030 1052/1052
f 1053/1053 1052/1052 1030/1030
f 1053/1053 1030/1030 1029/1029
f 1054/1054 1029/1029 1028/1028
f 1053/1053 1029/1029 1054/1054
f 1055/1055 1052/1052 1053/1053
f 1055/1055 1053/1053 1054/1054
f 1056/1056 1051/1051 1052/1052
f 1056/1056 1052/1052 1057/1057
f 1057/1057 1052/1052 1055/1055
f 1050/1050 1051/1051 1056/1056
f 1049/1049 1050/1050 1056/1056
f 1048/1048 1049/1049 1058/1058
f 1049/1049 1056/1056 1059/1059
f 1049/1049 1059/1059 1058/1058
f 1047/1047 1048/1048 1060/1060
f 1048/1048 1058/1058 1060/1060
f 1061/1061 1046/1046 1047/1047
f 1047/1047 1060/1060 1062/1062
f 1061/1061 1047/1047 1062/1062
f 1063/1063 1046/1046 1061/1061
f 1064/1064 1046/1046 1063/1063
f 1045/1045 1046/1046 1064/1064
f 1065/1065 1044/1044 1045/1045
f 1065/1065 1045/1045 1064/1064
f 1043/1043 1044/1044 1065/1065
f 1066/1066 1041/1041 1043/1043
f 1067/1067 1043/1043 1065/1065
f 1068/1068 1043/1043 1067/1067
f 1068/1068 1066/1066 1043/1043
f 1069/1069 1067/1067 1065/1065
f 1069/1069 1065/1065 1070/1070
f 1071/1071 1065/1065 1064/1064
f 1070/1070 1065/1065 1071/1071
f 1072/1072 1064/1064 1063/1063
f 1071/1071 1064/1064 1072/1072
f 1063/1063 1061/1061 1073/1073
f 1074/1074 1063/1063 1073/1073
f 1075/1075 1063/1063 1074/1074
f 1075/1075 1072/1072 1063/1063
f 1073/1073 1061/1061 1076/1076
f 1061/1061 1062/1062 1076/1076
f 1062/1062 1060/1060 1077/1077
f 1078/1078 1062/1062 1079/1079
f 1062/1062 1077/1077 1079/1079
f 1076/1076 1062/1062 1078/1078
f 1060/1060 1058/1058 1077/1077
f 1077/1077 1058/1058 1080/1080
f 1058/1058 1059/1059 1080/1080
f 1059/1059 1056/1056 1057/1057
f 1080/1080 1059/1059 1057/1057
f 1080/1080 1057/1057 1081/1081
f 1082/1082 1081/1081 1057/1057
f 1082/1082 1057/1057 1055/1055
f 1077/1077 1080/1080 1083/1083
f 1083/1083 1080/1080 1084/1084
f 1080/1080 1081/1081 1084/1084
f 1079/1079 1077/1077 1083/1083
f 1079/1079 1083/1083 1085/1085
f 1078/1078 1079/1079 1085/1085
f 1086/1086 1078/1078 1085/1085
f 1087/1087 1078/1078 1086/1086
f 1076/1076 1078/1078 1087/1087
f 1073/1073 1076/1076 1087/1087
f 1074/1074 1073/1073 1088/1088
f 1088/1088 1073/1073 1089/1089
f 1089/1089 1073/1073 1087/1087
f 1090/1090 1075/1075 1074/1074
f 1091/1091 1090/1090 1074/1074
f 1091/1091 1074/1074 1088/1088
f 1072/1072 1075/1075 1090/1090
f 1092/1092 1072/1072 1090/1090
f 1092/1092 1070/1070 1072/1072
f 1070/1070 1071/1071 1072/1072
f 1093/1093 1070/1070 1092/1092
f 1093/1093 1069/1069 1070/1070
f 1094/1094 1067/1067 1069/1069
f 1094/1094 1069/1069 1093/1093
f 1095/1095 1068/1068 1067/1067
f 1094/1094 1095/1095 1067/1067
f 1096/1096 1068/1068 1095/1095
f 1096/1096 1066/1066 1068/1068
f 1097/1097 1095/1095 1098/1098
f 1097/1097 1099/1099 1095/1095
f 1099/1099 1096/1096 1095/1095
f 1098/1098 1095/1095 1094/1094
f 1098/1098 1094/1094 1093/1093
f 1100/1100 1098/1098 1093/1093
f 1100/1100 1093/1093 1101/1101
f 1101/1101 1093/1093 1092/1092
f 1101/1101 1092/1092 1102/1102
f 1102/1102 1092/1092 1090/1090
f 1102/1102 1090/1090 1103/1103
f 1103/1103 1090/1090 1091/1091
f 1104/1104 1103/1103 1091/1091
f 1104/1104 1091/1091 1105/1105
f 1105/1105 1091/1091 1088/1088
f 1105/1105 1088/1088 1106/1106
f 1106/1106 1088/1088 1107/1107
f 1088/1088 1089/1089 1107/1107
f 1107/1107 1089/1089 1108/1108
f 1089/1089 1087/1087 1108/1108
f 1087/1087 1086/1086 1108/1108
f 1086/1086 1109/1109 1108/1108
f 1086/1086 1085/1085 1109/1109
f 1109/1109 1085/1085 1110/1110
f 1085/1085 1111/1111 1110/1110
f 1085/1085 1083/1083 1111/1111
f 1112/1112 1109/1109 1110/1110
f 1113/1113 1109/1109 1112/1112
f 1108/1108 1109/1109 1113/1113
f 1107/1107 1108/1108 1114/1114
f 1108/1108 1113/1113 1114/1114
f 1106/1106 1107/1107 1115/1115
f 1107/1107 1114/1114 1115/1115
f 1116/1116 1105/1105 1106/1106
f 1116/1116 1106/1106 1117/1117
f 1117/1117 1106/1106 1118/1118
f 1118/1118 1106/1106 1115/1115
f 1119/1119 1104/1104 1105/1105
f 1119/1119 1105/1105 1116/1116
f 1120/1120 1103/1103 1104/1104
f 1121/1121 1120/1120 1104/1104
f 1121/1121 1104/1104 1119/1119
f 1120/1120 1102/1102 1103/1103
f 1122/1122 1102/1102 1120/1120
f 1122/1122 1101/1101 1102/1102
f 1123/1123 1101/1101 1122/1122
f 1123/1123 1100/1100 1101/1101
f 1124/1124 1125/1125 1100/1100
f 1124/1124 1100/1100 1123/1123
f 1125/1125 1098/1098 1100/1100
f 1125/1125 1097/1097 1098/1098
f 1126/1126 1097/1097 1125/1125
f 1127/1127 1125/1125 1124/1124
f 1126/1126 1125/1125 1127/1127
f 1127/1127 1124/1124 1128/1128
f 1128/1128 1124/1124 1123/1123
f 1128/1128 1123/1123 1129/1129
f 1129/1129 1123/1123 1122/1122
f 1129/1129 1122/1122 1130/1130
f 1130/1130 1122/1122 1120/1120
f 1130/1130 1120/1120 1121/1121
f 1131/1131 1130/1130 1121/1121
f 1131/1131 1121/1121 1132/1132
f 1132/1132 1121/1121 1119/1119
f 1132/1132 1119/1119 1133/1133
f 1133/1133 1119/1119 1134/1134
f 1119/1119 1116/1116 1134/1134
f 1134/1134 1116/1116 1117/1117
f 1135/1135 1117/1117 1136/1136
f 1135/1135 1134/1134 1117/1117
f 1136/1136 1117/1117 1137/1137
f 1117/1117 1118/1118 1137/1137
f 1118/1118 1115/1115 1138/1138
f 1118/1118 1138/1138 1139/1139
f 1137/1137 1118/1118 1139/1139
f 1115/1115 1114/1114 1140/1140
f 1138/1138 1115/1115 1140/1140
f 1138/1138 1140/1140 1141/1141
f 1138/1138 1142/1142 1139/1139
f 1138/1138 1141/1141 1143/1143
f 1138/1138 1143/1143 1142/1142
f 1144/1144 1139/1139 1142/1142
f 1137/1137 1139/1139 1144/1144
f 1136/1136 1137/1137 1145/1145
f 1145/1145 1137/1137 1146/1146
f 1137/1137 1144/1144 1146/1146
f 1135/1135 1136/1136 1147/1147
f 1147/1147 1136/1136 1145/1145
f 1148/1148 1134/1134 1135/1135
f 1149/1149 1135/1135 1147/1147
f 1148/1148 1135/1135 1149/1149
f 1133/1133 1134/1134 1148/1148
f 1150/1150 1132/1132 1133/1133
f 1151/1151 1133/1133 1148/1148
f 1150/1150 1133/1133 1151/1151
f 1152/1152 1131/1131 1132/1132
f 1152/1152 1132/1132 1150/1150
f 1153/1153 1130/1130 1131/1131
f 1153/1153 1131/1131 1152/1152
f 1154/1154 1130/1130 1153/1153
f 1154/1154 1129/1129 1130/1130
f 1155/1155 1129/1129 1154/1154
f 1155/1155 1128/1128 1129/1129
f 1156/1156 1127/1127 1128/1128
f 1156/1156 1128/1128 1155/1155
f 1157/1157 1156/1156 1155/1155
f 1157/1157 1155/1155 1158/1158
f 1158/1158 1155/1155 1159/1159
f 1159/1159 1155/1155 1154/1154
f 1159/1159 1154/1154 1153/1153
f 1160/1160 1159/1159 1153/1153
f 1160/1160 1153/1153 1152/1152
f 1160/1160 1152/1152 1161/1161
f 1161/1161 1152/1152 1150/1150
f 1162/1162 1161/1161 1150/1150
f 1162/1162 1150/1150 1163/1163
f 1163/1163 1150/1150 1151/1151
f 1151/1151 1148/1148 1149/1149
f 1163/1163 1151/1151 1164/1164
f 1165/1165 1151/1151 1149/1149
f 1164/1164 1151/1151 1165/1165
f 1165/1165 1149/1149 1166/1166
f 1149/1149 1147/1147 1166/1166
f 1166/1166 1147/1147 1167/1167
f 1147/1147 1145/1145 1168/1168
f 1169/1169 1147/1147 1168/1168
f 1167/1167 1147/1147 1169/1169
f 1145/1145 1146/1146 1170/1170
f 1168/1168 1145/1145 1171/1171
f 1171/1171 1145/1145 1170/1170
f 1146/1146 1144/1144 1170/1170
f 1144/1144 1142/1142 1172/1172
f 1170/1170 1144/1144 1172/1172
f 1171/1171 1170/1170 1173/1173
f 1173/1173 1170/1170 1174/1174
f 1170/1170 1172/1172 1174/1174
f 1175/1175 1168/1168 1171/1171
f 1176/1176 1175/1175 1171/1171
f 1171/1171 1173/1173 1177/1177
f 1176/1176 1171/1171 1177/1177
f 1169/1169 1168/1168 1175/1175
f 1178/1178 1169/1169 1179/1179
f 1169/1169 1175/1175 1179/1179
f 1167/1167 1169/1169 1178/1178
f 1180/1180 1167/1167 1178/1178
f 1181/1181 1167/1167 1180/1180
f 1182/1182 1167/1167 1181/1181
f 1183/1183 1184/1184 1167/1167
f 1183/1183 1167/1167 1182/1182
f 1184/1184 1166/1166 1167/1167
f 1185/1185 1165/1165 1166/1166
f 1184/1184 1185/1185 1166/1166
f 1164/1164 1165/1165 1185/1185
f 1186/1186 1163/1163 1164/1164
f 1187/1187 1164/1164 1185/1185
f 1186/1186 1164/1164 1187/1187
f 1188/1188 1162/1162 1163/1163
f 1188/1188 1163/1163 1186/1186
f 1189/1189 1186/1186 1187/1187
f 1190/1190 1186/1186 1189/1189
f 1191/1191 1186/1186 1190/1190
f 1191/1191 1188/1188 1186/1186
f 1185/1185 1189/1189 1187/1187
f 1192/1192 1185/1185 1184/1184
f 1193/1193 1185/1185 1192/1192
f 1193/1193 1189/1189 1185/1185
f 1184/1184 1183/1183 1194/1194
f 1184/1184 1194/1194 1195/1195
f 1196/1196 1184/1184 1195/1195
f 1196/1196 1192/1192 1184/1184
f 1197/1197 1183/1183 1182/1182
f 1198/1198 1194/2913 1183/2912
f 1198/2914 1183/1183 1197/1197
f 1181/1181 1199/1199 1182/1182
f 1199/1199 1197/1197 1182/1182
f 1181/1181 1180/1180 1200/1200
f 1199/1199 1181/1181 1200/1200
f 1180/1180 1178/1178 1201/1201
f 1180/1180 1201/1201 1200/1200
f 1201/1201 1178/1178 1202/1202
f 1202/1202 1178/1178 1179/1179
f 1202/1202 1179/1179 1203/1203
f 1203/1203 1179/1179 1204/1204
f 1179/1179 1175/1175 1204/1204
f 1203/1203 1205/1205 1202/1202
f 1200/1200 1201/1201 1202/1202
f 1205/1205 1200/1200 1202/1202
f 1206/1206 1207/1207 1200/2915
f 1200/2915 1207/1207 1199/2916
f 1200/2915 1205/2917 1206/1206
f 1198/1198 1199/2916 1208/1208
f 1199/2916 1209/1209 1208/1208
f 1199/1199 1198/2914 1197/1197
f 1210/1210 1199/2916 1207/1207
f 1199/2916 1211/1211 1209/1209
f 1199/2916 1210/1210 1211/1211
f 1212/1212 1198/1198 1213/1213
f 1213/1213 1198/1198 1208/1208
f 1198/1198 1212/1212 1214/1214
f 1198/1198 1214/1214 1194/2913
f 1215/1215 1195/1195 1194/1194
f 1215/2918 1194/2913 1214/1214
f 1196/1196 1195/1195 1215/1215
f 1196/1196 1215/1215 1216/1216
f 1217/1217 1196/1196 1216/1216
f 1218/1218 1192/1192 1196/1196
f 1219/1219 1218/1218 1196/1196
f 1219/1219 1196/1196 1217/1217
f 1220/1220 1193/1193 1192/1192
f 1220/1220 1192/1192 1218/1218
f 1221/1221 1218/1218 1219/1219
f 1222/1222 1220/1220 1218/1218
f 1222/1222 1218/1218 1221/1221
f 1223/1223 1219/2920 1217/2919
f 1224/1224 1221/2921 1219/2920
f 1224/1224 1219/2920 1225/1225
f 1225/1225 1219/2920 1223/1223
f 1217/2919 1216/2922 1223/1223
f 1216/2922 1215/2918 1223/1223
f 1214/1214 1223/1223 1215/2918
f 1212/1212 1223/1223 1214/1214
f 1213/1213 1226/1226 1212/1212
f 1226/1226 1227/1227 1212/1212
f 1223/1223 1212/1212 1227/1227
f 1213/1213 1228/1228 1226/1226
f 1229/1229 1228/1228 1213/1213
f 1229/1229 1213/1213 1208/1208
f 1208/1208 1209/1209 1229/1229
f 1230/1230 1209/1209 1231/1231
f 1209/1209 1230/1230 1229/1229
f 1231/1231 1209/1209 1211/1211
f 1210/1210 1232/1232 1211/1211
f 1232/1232 1231/1231 1211/1211
f 1233/1233 1234/1234 1210/1210
f 1210/1210 1234/1234 1232/1232
f 1233/1233 1210/1210 1207/1207
f 1234/1234 1230/1230 1232/1232
f 1232/1232 1230/1230 1231/1231
f 1234/1234 1235/1235 1230/1230
f 1230/1230 1236/1236 1237/1237
f 1228/1228 1230/1230 1237/1237
f 1235/1235 1236/1236 1230/1230
f 1229/1229 1230/1230 1228/1228
f 1228/1228 1237/1237 1238/1238
f 1239/1239 1228/1228 1238/1238
f 1239/1239 1227/1227 1228/1228
f 1227/1227 1226/1226 1228/1228
f 1227/1227 1239/1239 1238/1238
f 1227/1227 1238/1238 1240/1240
f 1240/1240 1223/1223 1227/1227
f 1225/1225 1223/1223 1240/1240
f 1240/1240 1241/1241 1225/1225
f 1241/1241 1242/1242 1225/1225
f 1242/1242 1243/1243 1225/1225
f 1243/1243 1244/1244 1225/1225
f 1244/1244 1224/1224 1225/1225
f 1240/1240 1238/1238 1241/1241
f 1238/1238 1237/1237 1245/1245
f 1238/1238 1245/1245 1241/1241
f 1237/1237 1246/1246 1247/1247
f 1248/1248 1237/1237 1247/1247
f 1237/1237 1249/1249 1246/1246
f 1237/1237 1248/1248 1245/1245
f 1236/1236 1249/1249 1237/1237
f 1250/1250 1249/1249 1236/1236
f 1235/1235 1250/1250 1236/1236
f 1251/1251 1235/1235 1252/1252
f 1235/1235 1251/1251 1253/1253
f 1252/1252 1235/1235 1234/1234
f 1253/1253 1250/1250 1235/1235
f 1254/1254 1252/1252 1234/1234
f 1233/1233 1254/1254 1234/1234
f 1255/1255 1254/1254 1233/1233
f 1255/1255 1233/1233 1207/1207
f 1256/1256 1257/1257 1254/1254
f 1256/1256 1254/1254 1258/1258
f 1258/1258 1254/1254 1259/1259
f 1254/1254 1257/1257 1252/1252
f 1259/1259 1254/1254 1260/1260
f 1260/1260 1254/1254 1255/1255
f 1257/1257 1261/1261 1252/1252
f 1261/1261 1251/1251 1252/1252
f 1261/1261 1262/1262 1251/1251
f 1251/1251 1262/1262 1263/1263
f 1251/1251 1263/1263 1253/1253
f 1253/1253 1263/1263 1264/1264
f 1253/1253 1265/1265 1250/1250
f 1253/1253 1264/1264 1265/1265
f 1250/1250 1266/1266 1249/1249
f 1250/1250 1265/1265 1266/1266
f 1249/1249 1267/1267 1268/1268
f 1246/1246 1249/1249 1268/1268
f 1266/1266 1267/1267 1249/1249
f 1246/1246 1269/1269 1270/1270
f 1246/1246 1271/1271 1247/1247
f 1246/1246 1270/1270 1271/1271
f 1268/1268 1269/1269 1246/1246
f 1272/1272 1247/1247 1271/1271
f 1273/1273 1247/1247 1272/1272
f 1248/1248 1247/1247 1273/1273
f 1270/1270 1274/1274 1271/1271
f 1271/1271 1274/1274 1275/1275
f 1272/1272 1271/1271 1275/1275
f 1270/1270 1269/1269 1276/1276
f 1270/1270 1276/1276 1274/1274
f 1269/1269 1277/1277 1278/1278
f 1279/1279 1277/1277 1269/1269
f 1268/1268 1279/1279 1269/1269
f 1269/1269 1278/1278 1276/1276
f 1267/1267 1279/1279 1268/1268
f 1267/1267 1280/1280 1279/1279
f 1266/1266 1280/1280 1267/1267
f 1265/1265 1281/1281 1266/1266
f 1266/1266 1281/1281 1280/1280
f 1265/1265 1264/1264 1281/1281
f 1263/1263 1282/1282 1264/1264
f 1264/1264 1282/1282 1283/1283
f 1264/1264 1283/1283 1281/1281
f 1262/1262 1284/1284 1263/1263
f 1263/1263 1284/1284 1282/1282
f 1285/1285 1262/1262 1261/1261
f 1285/1285 1286/1286 1262/1262
f 1286/1286 1287/1287 1262/1262
f 1262/1262 1287/1287 1284/1284
f 1284/1284 1288/1288 1282/1282
f 1287/1287 1288/1288 1284/1284
f 1288/1288 1289/1289 1282/1282
f 1282/1282 1289/1289 1283/1283
f 1289/1289 1290/1290 1283/1283
f 1283/1283 1290/1290 1291/1291
f 1281/1281 1283/1283 1291/1291
f 1281/1281 1291/1291 1280/1280
f 1280/1280 1291/1291 1292/1292
f 1280/1280 1292/1292 1293/1293
f 1279/1279 1280/1280 1293/1293
f 1279/1279 1293/1293 1277/1277
f 1277/1277 1293/1293 1294/1294
f 1277/1277 1294/1294 820/820
f 1277/1277 820/820 1278/1278
f 1278/1278 820/820 821/821
f 1278/1278 821/821 1276/1276
f 1274/1274 1276/1276 1295/1295
f 1295/1295 1276/1276 1296/1296
f 1276/1276 821/821 1296/1296
f 1275/1275 1274/1274 1295/1295
f 1275/1275 1295/1295 1297/1297
f 1275/1275 1297/1297 1298/1298
f 1299/1299 1275/1275 1298/1298
f 1272/1272 1275/1275 1299/1299
f 1295/1295 1296/1296 1300/1300
f 1295/1295 1300/1300 1297/1297
f 821/821 791/791 1296/1296
f 1296/1296 791/791 1301/1301
f 1296/1296 1301/1301 1300/1300
f 1297/1297 1300/1300 1302/1302
f 1300/1300 1301/1301 1303/1303
f 1300/1300 1303/1303 1304/1304
f 1302/1302 1300/1300 1304/1304
f 1297/1297 1302/1302 1305/1305
f 1297/1297 1305/1305 1298/1298
f 1299/1299 1298/1298 1306/1306
f 1306/1306 1298/1298 1307/1307
f 1307/1307 1298/1298 1308/1308
f 1308/1308 1298/1298 1309/1309
f 1298/1298 1305/1305 1310/1310
f 1298/1298 1310/1310 1309/1309
f 1306/1306 1311/1311 1299/1299
f 1311/1311 1312/1312 1299/1299
f 1313/1313 1314/1314 1299/1299
f 1313/1313 1299/1299 1312/1312
f 1314/1314 1315/1315 1299/1299
f 1272/1272 1299/1299 1315/1315
f 1316/1316 1306/1306 1307/1307
f 1317/1317 1306/1306 1316/1316
f 1306/1306 1317/1317 1318/1318
f 1311/1311 1306/1306 1318/1318
f 1316/1316 1307/1307 1319/1319
f 1307/1307 1320/1320 1321/1321
f 1307/1307 1321/1321 1319/1319
f 1320/1320 1307/1307 1322/1322
f 1307/1307 1308/1308 1322/1322
f 1323/1323 1324/1324 1308/1308
f 1324/1324 1322/1322 1308/1308
f 1323/1323 1308/1308 1325/1325
f 1325/1325 1308/1308 1309/1309
f 1325/1325 1309/1309 1326/1326
f 1309/1309 1327/1327 1328/1328
f 1309/1309 1328/1328 1326/1326
f 1309/1309 1310/1310 1329/1329
f 1309/1309 1329/1329 1330/1330
f 1327/1327 1309/1309 1331/1331
f 1309/1309 1330/1330 1331/1331
f 1332/1332 1333/1333 1310/1310
f 1305/1305 1332/1332 1310/1310
f 1310/1310 1333/1333 1334/1334
f 1310/1310 1334/1334 1329/1329
f 1329/1329 1334/1334 1335/1335
f 1336/1336 1329/1329 1337/1337
f 1329/1329 1335/1335 1337/1337
f 1330/1330 1329/1329 1336/1336
f 1338/1338 1330/1330 1336/1336
f 1331/1331 1330/1330 1338/1338
f 1327/1327 1331/1331 1339/1339
f 1339/1339 1331/1331 1340/1340
f 1331/1331 1338/1338 1340/1340
f 1328/1328 1327/1327 1339/1339
f 1341/1341 1326/1326 1328/1328
f 1341/1341 1328/1328 1339/1339
f 1342/1342 1325/1325 1326/1326
f 1342/1342 1326/1326 1341/1341
f 1323/1323 1325/1325 1343/1343
f 1343/1343 1325/1325 1342/1342
f 1344/1344 1323/1323 1343/1343
f 1324/1324 1323/1323 1344/1344
f 1322/1322 1324/1324 1345/1345
f 1324/1324 1346/1346 1345/1345
f 1344/1344 1346/1346 1324/1324
f 1320/1320 1322/1322 1345/1345
f 1321/1321 1320/1320 1345/1345
f 1345/1345 1347/1347 1321/1321
f 1347/1347 1345/1345 1346/1346
f 1344/1344 1343/1343 1346/1346
f 1343/1343 1342/1342 1346/1346
f 1348/1348 1349/1349 1346/1346
f 1350/1350 1347/1347 1346/1346
f 1350/1350 1346/1346 1349/1349
f 1348/1348 1346/1346 1342/1342
f 1341/1341 1351/1351 1342/1342
f 1351/1351 1348/1348 1342/1342
f 1339/1339 1351/1351 1341/1341
f 1351/1351 1339/1339 1340/1340
f 1338/1338 1352/1352 1340/1340
f 1353/1353 1340/1340 1354/1354
f 1351/1351 1340/1340 1353/1353
f 1354/1354 1340/1340 1352/1352
f 1338/1338 1336/1336 1352/1352
f 1355/1355 1356/1356 1336/1336
f 1356/1356 1352/1352 1336/1336
f 1355/1355 1336/1336 1337/1337
f 1357/1357 1337/1337 1358/1358
f 1337/1337 1359/1359 1358/1358
f 1360/1360 1355/1355 1337/1337
f 1360/1360 1337/1337 1357/1357
f 1359/1359 1337/1337 1361/1361
f 1337/1337 1335/1335 1361/1361
f 1356/1356 1355/1355 1360/1360
f 1352/1352 1356/1356 1362/1362
f 1356/1356 1360/1360 1362/1362
f 1354/1354 1352/1352 1362/1362
f 1363/1363 1354/1354 1364/1364
f 1363/1363 1365/1365 1354/1354
f 1366/1366 1354/1354 1367/1367
f 1367/1367 1354/1354 1365/1365
f 1354/1354 1366/1366 1353/1353
f 1362/1362 1364/1364 1354/1354
f 1366/1366 1368/1368 1353/1353
f 1368/1368 1369/1369 1353/1353
f 1351/1351 1353/1353 1369/1369
f 1370/1370 1351/1351 1369/1369
f 1371/1371 1351/1351 1372/1372
f 1372/1372 1351/1351 1373/1373
f 1351/1351 1370/1370 1373/1373
f 1351/1351 1371/1371 1348/1348
f 1368/1368 1374/1374 1369/1369
f 1374/1374 1370/1370 1369/1369
f 1366/1366 1375/1375 1368/1368
f 1368/1368 1375/1375 1376/1376
f 1368/1368 1376/1376 1374/1374
f 1375/1375 1366/1366 1377/1377
f 1377/1377 1366/1366 1367/1367
f 1365/1365 1377/1377 1367/1367
f 1365/2924 1378/1378 1377/2923
f 1378/1378 1365/2924 1363/2925
f 1378/1378 1363/2925 1379/1379
f 1380/1380 1379/1379 1363/2925
f 1380/2926 1363/1363 1364/1364
f 1380/2926 1364/1364 1381/1381
f 1382/1382 1381/1381 1364/1364
f 1364/1364 1362/1362 1382/1382
f 1360/1360 1357/1357 1362/1362
f 1362/1362 1358/1358 1382/1382
f 1358/1358 1362/1362 1357/1357
f 1358/1358 1359/1359 1383/1383
f 1358/1358 1383/1383 1382/1382
f 1361/1361 1384/1384 1359/1359
f 1383/1383 1359/1359 1384/1384
f 1382/1382 1383/1383 1385/1385
f 1383/1383 1384/1384 1385/1385
f 1381/1381 1382/1382 1385/1385
f 1386/1386 1387/1387 1381/1381
f 1386/1386 1381/1381 1388/1388
f 1387/1387 1389/1389 1381/1381
f 1389/1389 1380/2926 1381/1381
f 1381/1381 1385/1385 1388/1388
f 1389/2927 1390/1390 1380/1380
f 1390/1390 1379/1379 1380/1380
f 1378/1378 1379/1379 1390/1390
f 1378/1378 1391/1391 1392/1392
f 1390/1390 1391/1391 1378/1378
f 1378/1378 1392/1392 1377/2923
f 1375/2928 1377/2923 1392/1392
f 1375/2928 1392/1392 1376/2929
f 1376/2929 1393/1393 1394/1394
f 1392/1392 1393/1393 1376/2929
f 1376/2929 1394/1394 1395/1395
f 1376/1376 1395/2930 1396/1396
f 1397/1397 1370/1370 1376/1376
f 1370/1370 1374/1374 1376/1376
f 1397/1397 1376/1376 1396/1396
f 1370/1370 1397/1397 1398/1398
f 1370/1370 1398/1398 1373/1373
f 1398/1398 1372/1372 1373/1373
f 1398/1398 1397/1397 1372/1372
f 1372/1372 1397/1397 1399/1399
f 1372/1372 1399/1399 1371/1371
f 1397/1397 1396/1396 1400/1400
f 1397/1397 1400/1400 1399/1399
f 1396/1396 1401/1401 1402/1402
f 1401/1401 1396/1396 1395/2930
f 1400/1400 1396/1396 1403/1403
f 1403/1403 1396/1396 1402/1402
f 1401/1401 1395/2930 1404/1404
f 1405/1405 1406/1406 1395/2930
f 1406/1406 1404/1404 1395/2930
f 1395/1395 1394/1394 1407/1407
f 1405/1405 1395/2930 1407/2931
f 1394/1394 1393/1393 1408/1408
f 1394/1394 1408/1408 1409/1409
f 1394/1394 1410/1410 1407/1407
f 1394/1394 1409/1409 1410/1410
f 1411/1411 1408/1408 1393/1393
f 1392/1392 1411/1411 1393/1393
f 1392/1392 1412/1412 1411/1411
f 1391/1391 1412/1412 1392/1392
f 1413/1413 1412/1412 1391/1391
f 1414/1414 1413/1413 1391/1391
f 1415/1415 1391/1391 1390/1390
f 1415/1415 1414/1414 1391/1391
f 1412/1412 1416/1416 1411/1411
f 1413/1413 1416/1416 1412/1412
f 1411/1411 1416/1416 1417/1417
f 1411/1411 1417/1417 1408/1408
f 1408/1408 1417/1417 1409/1409
f 1409/1409 1418/1418 1419/1419
f 1409/1409 1419/1419 1410/1410
f 1417/1417 1418/1418 1409/1409
f 1410/1410 1420/1420 1407/1407
f 1410/1410 1419/1419 1420/1420
f 1421/1421 1405/1405 1407/2931
f 1421/1421 1407/2931 1422/1422
f 1422/2932 1407/1407 1423/1423
f 1407/1407 1424/1424 1423/1423
f 1407/1407 1420/1420 1424/1424
f 1406/1406 1405/1405 1425/1425
f 1426/1426 1425/1425 1405/1405
f 1426/1426 1405/1405 1427/1427
f 1427/1427 1405/1405 1428/1428
f 1421/1421 1428/1428 1405/1405
f 1406/1406 1425/1425 1350/1350
f 1406/1406 1350/1350 1349/1349
f 1349/1349 1404/1404 1406/1406
f 1401/1401 1404/1404 1429/1429
f 1349/1349 1429/1429 1404/1404
f 1349/1349 1348/1348 1429/1429
f 1402/1402 1429/1429 1348/1348
f 1402/1402 1401/1401 1429/1429
f 1430/1430 1403/1403 1348/1348
f 1403/1403 1402/1402 1348/1348
f 1371/1371 1430/1430 1348/1348
f 1430/1430 1400/1400 1403/1403
f 1399/1399 1400/1400 1430/1430
f 1399/1399 1430/1430 1371/1371
f 1425/1425 1431/1431 1350/1350
f 1350/1350 1431/1431 1432/1432
f 1347/1347 1350/1350 1432/1432
f 1425/1425 1426/1426 1431/1431
f 1426/1426 1427/1427 1432/1432
f 1426/1426 1432/1432 1431/1431
f 1427/1427 1428/1428 1433/1433
f 1427/1427 1433/1433 1432/1432
f 1421/1421 1434/1434 1428/1428
f 1428/1428 1434/1434 1433/1433
f 1434/1434 1421/1421 1435/1435
f 1435/1435 1421/1421 1436/1436
f 1421/1421 1422/1422 1436/1436
f 1432/1432 1433/1433 1434/1434
f 1432/1432 1434/1434 1437/1437
f 1434/1434 1435/1435 1437/1437
f 1321/1321 1347/1347 1432/1432
f 1321/1321 1432/1432 1438/1438
f 1438/1438 1432/1432 1439/1439
f 1439/1439 1432/1432 1440/1440
f 1432/1432 1437/1437 1440/1440
f 1441/1441 1437/1437 1442/1442
f 1437/1437 1443/1443 1442/1442
f 1440/1440 1437/1437 1441/1441
f 1444/1444 1437/1437 1435/1435
f 1443/1443 1437/1437 1444/1444
f 1435/1435 1436/1436 1444/1444
f 1445/1445 1436/1436 1422/1422
f 1436/1436 1445/1445 1444/1444
f 1446/1446 1444/1444 1445/1445
f 1447/1447 1444/1444 1446/1446
f 1447/1447 1443/1443 1444/1444
f 1311/1311 1318/1318 1443/1443
f 1442/1442 1443/1443 1318/1318
f 1448/1448 1443/1443 1449/1449
f 1443/1443 1450/1450 1449/1449
f 1311/1311 1443/1443 1448/1448
f 1443/1443 1447/1447 1450/1450
f 1318/1318 1317/1317 1442/1442
f 1317/1317 1441/1441 1442/1442
f 1441/1441 1316/1316 1451/1451
f 1317/1317 1316/1316 1441/1441
f 1441/1441 1451/1451 1440/1440
f 1451/1451 1452/1452 1440/1440
f 1452/1452 1439/1439 1440/1440
f 1452/1452 1319/1319 1439/1439
f 1439/1439 1319/1319 1438/1438
f 1438/1438 1319/1319 1321/1321
f 1452/1452 1316/1316 1319/1319
f 1316/1316 1452/1452 1451/1451
f 1453/1453 1450/1450 1454/1454
f 1453/1453 1455/1455 1450/1450
f 1455/1455 1456/1456 1450/1450
f 1456/1456 1313/1313 1450/1450
f 1313/1313 1449/1449 1450/1450
f 1450/1450 1457/1457 1454/1454
f 1450/1450 1458/1458 1457/1457
f 1447/1447 1458/1458 1450/1450
f 1459/1459 1447/1447 1460/1460
f 1461/1461 1447/1447 1446/1446
f 1460/1460 1447/1447 1461/1461
f 1447/1447 1459/1459 1458/1458
f 1445/1445 1462/1462 1446/1446
f 1462/1462 1461/1461 1446/1446
f 1445/1445 1422/1422 1462/1462
f 1462/1462 1422/1422 1461/1461
f 1422/1422 1463/1463 1461/1461
f 1461/1461 1463/1463 1460/1460
f 1463/1463 1459/1459 1460/1460
f 1463/1463 1422/1422 1459/1459
f 1422/2932 1464/1464 1459/2933
f 1459/2933 1464/1464 1465/1465
f 1459/2933 1465/1465 1458/2934
f 1422/2932 1423/1423 1466/1466
f 1422/2932 1466/1466 1464/1464
f 1466/1466 1465/1465 1464/1464
f 1466/1466 1467/1467 1465/1465
f 1465/1465 1467/1467 1458/2934
f 1467/1467 1468/1468 1458/2934
f 1458/2934 1468/1468 1469/1469
f 1458/1458 1469/2935 1457/1457
f 1470/1470 1457/1457 1471/1471
f 1457/1457 1469/2935 1471/1471
f 1457/1457 1472/1472 1454/1454
f 1472/1472 1457/1457 1473/1473
f 1457/1457 1470/1470 1473/1473
f 1454/1454 1474/1474 1475/1475
f 1475/1475 1453/1453 1454/1454
f 1472/1472 1474/1474 1454/1454
f 1453/1453 1476/1476 1315/1315
f 1453/1453 1315/1315 1455/1455
f 1475/1475 1476/1476 1453/1453
f 1456/1456 1455/1455 1315/1315
f 1314/1314 1456/1456 1315/1315
f 1456/1456 1314/1314 1313/1313
f 1313/1313 1312/1312 1448/1448
f 1313/1313 1448/1448 1449/1449
f 1448/1448 1312/1312 1311/1311
f 1476/1476 1272/1272 1315/1315
f 1475/1475 1474/1474 1476/1476
f 1476/1476 1477/1477 1272/1272
f 1476/1476 1474/1474 1477/1477
f 1474/1474 1478/1478 1477/1477
f 1474/1474 1472/1472 1478/1478
f 1479/1479 1472/2937 1473/2936
f 1480/1480 1472/2937 1481/1481
f 1472/2937 1479/1479 1481/1481
f 1480/2938 1482/1482 1472/1472
f 1472/1472 1483/1483 1478/1478
f 1482/1482 1484/1484 1472/1472
f 1484/1484 1483/1483 1472/1472
f 1473/2936 1470/2939 1479/1479
f 1485/1485 1479/1479 1470/2939
f 1471/2940 1485/1485 1470/2939
f 1485/1485 1471/2940 1486/1486
f 1486/1486 1471/2940 1469/1469
f 1468/1468 1487/1487 1469/1469
f 1487/1487 1486/1486 1469/1469
f 1467/1467 1466/1466 1468/1468
f 1468/1468 1466/1466 1487/1487
f 1466/1466 1488/1488 1487/1487
f 1487/1487 1488/1488 1486/1486
f 1466/1466 1423/1423 1488/1488
f 1485/1485 1486/1486 1488/1488
f 1423/1423 1489/1489 1488/1488
f 1488/1488 1489/1489 1485/1485
f 1490/1490 1479/1479 1485/1485
f 1490/1490 1485/1485 1489/1489
f 1490/1490 1481/1481 1479/1479
f 1481/1481 1490/1490 1491/1491
f 1481/1481 1491/1491 1480/1480
f 1491/1491 1492/1492 1480/1480
f 1492/1492 1493/1493 1480/1480
f 1480/2938 1493/2941 1224/1224
f 1482/1482 1480/2938 1224/1224
f 1494/1494 1495/1495 1482/1482
f 1495/1495 1496/1496 1482/1482
f 1496/1496 1497/1497 1482/1482
f 1484/1484 1482/1482 1497/1497
f 1494/1494 1482/1482 1224/1224
f 1497/1497 1498/1498 1484/1484
f 1498/1498 1483/1483 1484/1484
f 1477/1477 1483/1483 1273/1273
f 1483/1483 1498/1498 1273/1273
f 1483/1483 1477/1477 1478/1478
f 1477/1477 1273/1273 1272/1272
f 1497/1497 1273/1273 1498/1498
f 1496/1496 1248/1248 1273/1273
f 1496/1496 1273/1273 1497/1497
f 1248/1248 1496/1496 1495/1495
f 1248/1248 1495/1495 1499/1499
f 1494/1494 1499/1499 1495/1495
f 1499/1499 1494/1494 1500/1500
f 1494/1494 1224/1224 1500/1500
f 1221/2921 1224/1224 1501/1501
f 1493/2941 1501/1501 1224/1224
f 1224/1224 1244/1244 1500/1500
f 1492/1492 1502/1502 1493/1493
f 1502/1502 1503/1503 1493/1493
f 1503/1503 1501/2942 1493/1493
f 1502/1502 1492/1492 1504/1504
f 1491/1491 1504/1504 1492/1492
f 1490/1490 1504/1504 1491/1491
f 1490/1490 1489/1489 1504/1504
f 1489/1489 1505/1505 1504/1504
f 1489/1489 1506/1506 1505/1505
f 1489/1489 1507/1507 1506/1506
f 1508/1508 1507/1507 1489/1489
f 1423/1423 1508/1508 1489/1489
f 1504/1504 1505/1505 1509/1509
f 1504/1504 1509/1509 1193/1193
f 1220/1220 1504/1504 1193/1193
f 1220/1220 1502/1502 1504/1504
f 1503/1503 1502/1502 1220/1220
f 1503/1503 1220/1220 1222/1222
f 1503/1503 1222/1222 1501/2942
f 1222/1222 1221/1221 1501/2942
f 1509/1509 1189/1189 1193/1193
f 1190/1190 1189/1189 1509/1509
f 1505/1505 1190/1190 1509/1509
f 1506/1506 1190/1190 1505/1505
f 1506/1506 1510/1510 1190/1190
f 1511/1511 1510/1510 1506/1506
f 1507/1507 1511/1511 1506/1506
f 1512/1512 1511/1511 1507/1507
f 1513/1513 1507/1507 1508/1508
f 1513/1513 1512/1512 1507/1507
f 1424/1424 1513/1513 1508/1508
f 1424/1424 1508/1508 1423/1423
f 1420/1420 1419/1419 1513/1513
f 1419/1419 1512/1512 1513/1513
f 1420/1420 1513/1513 1424/1424
f 1512/1512 1514/1514 1511/1511
f 1419/1419 1515/1515 1512/1512
f 1515/1515 1514/1514 1512/1512
f 1511/1511 1516/1516 1510/1510
f 1514/1514 1516/1516 1511/1511
f 1510/1510 1191/1191 1190/1190
f 1510/1510 1517/1517 1191/1191
f 1516/1516 1517/1517 1510/1510
f 1516/1516 1518/1518 1517/1517
f 1514/1514 1518/1518 1516/1516
f 1514/1514 1519/1519 1518/1518
f 1515/1515 1520/1520 1514/1514
f 1520/1520 1519/1519 1514/1514
f 1521/1521 1520/1520 1515/1515
f 1418/1418 1521/1521 1515/1515
f 1418/1418 1515/1515 1419/1419
f 1522/1522 1519/1519 1520/1520
f 1521/1521 1522/1522 1520/1520
f 1519/1519 1523/1523 1518/1518
f 1524/1524 1523/1523 1519/1519
f 1525/1525 1524/1524 1519/1519
f 1522/1522 1525/1525 1519/1519
f 1518/1518 1526/1526 1517/1517
f 1518/1518 1527/1527 1526/1526
f 1518/1518 1523/1523 1527/1527
f 1191/1191 1517/1517 1528/1528
f 1517/1517 1529/1529 1528/1528
f 1526/1526 1529/1529 1517/1517
f 1191/1191 1528/1528 1188/1188
f 1188/1188 1528/1528 1162/1162
f 1529/1529 1530/1530 1528/1528
f 1528/1528 1530/1530 1162/1162
f 1529/1529 1531/1531 1530/1530
f 1526/1526 1532/1532 1529/1529
f 1532/1532 1531/1531 1529/1529
f 1527/1527 1532/1532 1526/1526
f 1523/1523 1533/1533 1527/1527
f 1533/1533 1534/1534 1527/1527
f 1527/1527 1534/1534 1532/1532
f 1524/1524 1533/1533 1523/1523
f 1525/1525 1535/1535 1524/1524
f 1535/1535 1536/1536 1524/1524
f 1524/1524 1536/1536 1533/1533
f 1537/1537 1535/1535 1525/1525
f 1537/1537 1525/1525 1522/1522
f 1538/1538 1522/1522 1521/1521
f 1538/1538 1537/1537 1522/1522
f 1539/1539 1538/1538 1521/1521
f 1540/1540 1521/1521 1418/1418
f 1540/1540 1539/1539 1521/1521
f 1417/1417 1540/1540 1418/1418
f 1541/1541 1539/1539 1540/1540
f 1417/1417 1541/1541 1540/1540
f 1539/1539 1542/1542 1538/1538
f 1543/1543 1542/1542 1539/1539
f 1541/1541 1543/1543 1539/1539
f 1538/1538 1542/1542 1537/1537
f 1537/1537 1544/1544 1535/1535
f 1545/1545 1544/1544 1537/1537
f 1542/1542 1545/1545 1537/1537
f 1544/1544 1546/1546 1535/1535
f 1535/1535 1546/1546 1536/1536
f 1546/1546 1547/1547 1536/1536
f 1536/1536 1548/1548 1533/1533
f 1536/1536 1547/1547 1548/1548
f 1533/1533 1548/1548 1534/1534
f 1549/1549 1157/1157 1534/1534
f 1534/1534 1157/1157 1158/1158
f 1548/1548 1549/1549 1534/1534
f 1534/1534 1158/1158 1532/1532
f 1532/1532 1158/1158 1531/1531
f 1531/1531 1159/1159 1160/1160
f 1158/1158 1159/1159 1531/1531
f 1531/1531 1160/1160 1530/1530
f 1530/1530 1160/1160 1161/1161
f 1530/1530 1161/1161 1162/1162
f 1548/1548 1550/1550 1549/1549
f 1550/1550 1551/1551 1549/1549
f 1549/1549 1551/1551 1157/1157
f 1547/1547 1552/1552 1548/1548
f 1552/1552 1550/1550 1548/1548
f 1547/1547 1553/1553 1552/1552
f 1546/1546 1554/1554 1547/1547
f 1554/1554 1555/1555 1547/1547
f 1555/1555 1553/1553 1547/1547
f 1544/1544 1556/1556 1546/1546
f 1556/1556 1554/1554 1546/1546
f 1545/1545 1557/1557 1544/1544
f 1544/1544 1558/1558 1556/1556
f 1557/1557 1558/1558 1544/1544
f 1542/1542 1557/1557 1545/1545
f 1543/1543 1559/1559 1542/1542
f 1560/1560 1557/1557 1542/1542
f 1559/1559 1560/1560 1542/1542
f 1561/1561 1543/1543 1541/1541
f 1561/1561 1559/1559 1543/1543
f 1416/1416 1541/1541 1417/1417
f 1416/1416 1561/1561 1541/1541
f 1562/1562 1561/1561 1416/1416
f 1563/1563 1559/1559 1561/1561
f 1564/1564 1561/1561 1562/1562
f 1563/1563 1561/1561 1564/1564
f 1565/1565 1560/1560 1559/1559
f 1563/1563 1565/1565 1559/1559
f 1566/1566 1557/1557 1560/1560
f 1567/1567 1560/1560 1565/1565
f 1567/1567 1566/1566 1560/1560
f 1566/1566 1568/1568 1557/1557
f 1568/1568 1558/1558 1557/1557
f 1569/1569 1570/1570 1558/1558
f 1568/1568 1569/1569 1558/1558
f 1558/1558 1570/1570 1556/1556
f 1556/1556 1570/1570 1554/1554
f 1570/1570 1571/1571 1554/1554
f 1571/1571 1555/1555 1554/1554
f 1555/1555 1572/1572 1553/1553
f 1573/1573 1572/1572 1555/1555
f 1571/1571 1573/1573 1555/1555
f 1572/1572 1574/1574 1553/1553
f 1553/1553 1574/1574 1552/1552
f 1552/1552 1574/1574 1550/1550
f 1574/1574 1575/1575 1550/1550
f 1550/1550 1575/1575 1551/1551
f 1575/1575 1127/1127 1551/1551
f 1551/1551 1127/1127 1156/1156
f 1551/1551 1156/1156 1157/1157
f 1574/1574 1576/1576 1575/1575
f 1576/1576 1126/1126 1575/1575
f 1575/1575 1126/1126 1127/1127
f 1574/1574 1577/1577 1576/1576
f 1572/1572 1577/1577 1574/1574
f 1572/1572 1578/1578 1577/1577
f 1573/1573 1578/1578 1572/1572
f 1579/1579 1580/1580 1573/1573
f 1580/1580 1578/1578 1573/1573
f 1579/1579 1573/1573 1571/1571
f 1570/1570 1579/1579 1571/1571
f 1569/1569 1581/1581 1570/1570
f 1581/1581 1582/1582 1570/1570
f 1570/1570 1582/1582 1579/1579
f 1583/1583 1581/1581 1569/1569
f 1584/1584 1583/1583 1569/1569
f 1585/1585 1584/1584 1569/1569
f 1585/1585 1569/1569 1568/1568
f 1566/1566 1585/1585 1568/1568
f 1586/1586 1587/1587 1566/1566
f 1587/1587 1585/1585 1566/1566
f 1567/1567 1586/1586 1566/1566
f 1587/1587 1584/1584 1585/1585
f 1588/1588 1583/1583 1584/1584
f 1587/1587 1588/1588 1584/1584
f 1589/1589 1590/1590 1583/1583
f 1588/1588 1589/1589 1583/1583
f 1583/1583 1590/1590 1581/1581
f 1590/1590 1591/1591 1581/1581
f 1591/1591 1582/1582 1581/1581
f 1591/1591 1592/1592 1582/1582
f 1582/1582 1592/1592 1579/1579
f 1592/1592 1580/1580 1579/1579
f 1580/1580 1593/1593 1594/1594
f 1592/1592 1593/1593 1580/1580
f 1580/1580 1594/1594 1578/1578
f 1594/1594 1595/1595 1578/1578
f 1578/1578 1596/1596 1577/1577
f 1578/1578 1595/1595 1596/1596
f 1577/1577 1596/1596 1597/1597
f 1577/1577 1597/1597 1576/1576
f 1597/1597 1598/1598 1576/1576
f 1576/1576 1598/1598 1126/1126
f 1598/1598 1097/1097 1126/1126
f 1597/1597 1599/1599 1598/1598
f 1599/1599 1600/1600 1598/1598
f 1598/1598 1601/1601 1097/1097
f 1598/1598 1600/1600 1601/1601
f 1596/1596 1599/1599 1597/1597
f 1595/1595 1602/1602 1596/1596
f 1596/1596 1602/1602 1599/1599
f 1594/1594 1603/1603 1595/1595
f 1603/1603 1604/1604 1595/1595
f 1604/1604 1602/1602 1595/1595
f 1593/1593 1603/1603 1594/1594
f 1593/1593 1605/1605 1603/1603
f 1606/1606 1605/1605 1593/1593
f 1606/1606 1593/1593 1592/1592
f 1607/1607 1606/1606 1592/1592
f 1591/1591 1607/1607 1592/1592
f 1608/1608 1607/1607 1591/1591
f 1590/1590 1608/1608 1591/1591
f 1589/1589 1609/1609 1590/1590
f 1590/1590 1609/1609 1608/1608
f 1610/1610 1609/1609 1589/1589
f 1611/1611 1610/1610 1589/1589
f 1612/1612 1611/1611 1589/1589
f 1612/1612 1589/1589 1588/1588
f 1613/1613 1612/1612 1588/1588
f 1613/1613 1588/1588 1587/1587
f 1614/1614 1613/1613 1587/1587
f 1614/1614 1587/1587 1586/1586
f 1615/1615 1613/1613 1614/1614
f 1615/1615 1612/1612 1613/1613
f 1615/1615 1616/1616 1612/1612
f 1616/1616 1617/1617 1612/1612
f 1617/1617 1611/1611 1612/1612
f 1618/1618 1619/1619 1611/1611
f 1611/1611 1619/1619 1610/1610
f 1617/1617 1618/1618 1611/1611
f 1619/1619 1620/1620 1610/1610
f 1610/1610 1620/1620 1609/1609
f 1620/1620 1621/1621 1609/1609
f 1609/1609 1621/1621 1622/1622
f 1609/1609 1622/1622 1608/1608
f 1622/1622 1607/1607 1608/1608
f 1622/1622 1623/1623 1607/1607
f 1623/1623 1624/1624 1607/1607
f 1624/1624 1606/1606 1607/1607
f 1625/1625 1605/1605 1606/1606
f 1624/1624 1625/1625 1606/1606
f 1626/1626 1627/1627 1605/1605
f 1625/1625 1626/1626 1605/1605
f 1605/1605 1627/1627 1603/1603
f 1627/1627 1628/1628 1603/1603
f 1603/1603 1629/1629 1604/1604
f 1603/1603 1628/1628 1629/1629
f 1629/1629 1630/1630 1604/1604
f 1604/1604 1630/1630 1602/1602
f 1628/1628 1631/1631 1629/1629
f 1629/1629 1632/1632 1630/1630
f 1629/1629 1631/1631 1632/1632
f 1627/1627 1633/1633 1628/1628
f 1633/1633 1631/1631 1628/1628
f 1626/1626 1633/1633 1627/1627
f 1634/1634 1635/1635 1626/1626
f 1634/1634 1626/1626 1625/1625
f 1626/1626 1635/1635 1633/1633
f 1636/1636 1634/1634 1625/1625
f 1636/1636 1625/1625 1624/1624
f 1637/1637 1636/1636 1624/1624
f 1637/1637 1624/1624 1623/1623
f 1621/1621 1637/1637 1623/1623
f 1621/1621 1623/1623 1622/1622
f 1620/1620 1638/1638 1621/1621
f 1638/1638 1637/1637 1621/1621
f 1639/1639 1638/1638 1620/1620
f 1619/1619 1639/1639 1620/1620
f 1618/1618 1639/1639 1619/1619
f 1640/1640 1641/1641 1618/1618
f 1618/1618 1641/1641 1639/1639
f 1642/1642 1640/1640 1618/1618
f 1643/1643 1642/1642 1618/1618
f 1617/1617 1643/1643 1618/1618
f 1644/1644 1643/1643 1617/1617
f 1644/1644 1617/1617 1616/1616
f 1644/1644 1645/1645 1643/1643
f 1645/1645 1646/1646 1643/1643
f 1646/1646 1642/1642 1643/1643
f 1642/1642 1647/1647 1640/1640
f 1646/1646 1647/1647 1642/1642
f 1648/1648 1649/1649 1640/1640
f 1640/1640 1649/1649 1641/1641
f 1647/1647 1648/1648 1640/1640
f 1649/1649 1650/1650 1641/1641
f 1641/1641 1650/1650 1638/1638
f 1641/1641 1638/1638 1639/1639
f 1638/1638 1651/1651 1637/1637
f 1652/1652 1651/1651 1638/1638
f 1650/1650 1652/1652 1638/1638
f 1637/1637 1651/1651 1653/1653
f 1637/1637 1653/1653 1636/1636
f 1636/1636 1654/1654 1634/1634
f 1653/1653 1654/1654 1636/1636
f 1654/1654 1655/1655 1634/1634
f 1655/1655 1635/1635 1634/1634
f 1655/1655 1656/1656 1635/1635
f 1635/1635 1656/1656 1657/1657
f 1635/1635 1657/1657 1633/1633
f 1657/1657 1631/1631 1633/1633
f 1631/1631 1657/1657 1658/1658
f 1631/1631 1658/1658 1632/1632
f 1657/1657 1659/1659 1660/1660
f 1656/1656 1659/1659 1657/1657
f 1657/1657 1660/1660 1658/1658
f 1655/1655 1661/1661 1656/1656
f 1656/1656 1662/1662 1659/1659
f 1661/1661 1662/1662 1656/1656
f 1654/1654 1663/1663 1655/1655
f 1663/1663 1661/1661 1655/1655
f 1664/1664 1663/1663 1654/1654
f 1664/1664 1654/1654 1653/1653
f 1665/1665 1664/1664 1653/1653
f 1665/1665 1653/1653 1651/1651
f 1652/1652 1665/1665 1651/1651
f 1650/1650 1666/1666 1652/1652
f 1666/1666 1665/1665 1652/1652
f 1649/1649 1666/1666 1650/1650
f 1648/1648 1667/1667 1649/1649
f 1649/1649 1667/1667 1666/1666
f 1668/1668 1667/1667 1648/1648
f 1668/1668 1648/1648 1669/1669
f 1647/1647 1669/1669 1648/1648
f 1670/1670 1669/1669 1647/1647
f 1671/1671 1670/1670 1647/1647
f 1671/1671 1647/1647 1646/1646
f 1645/1645 1672/1672 1646/1646
f 1672/1672 1671/1671 1646/1646
f 1672/1672 1673/1673 1671/1671
f 1673/1673 1670/1670 1671/1671
f 1670/1670 1674/1674 1669/1669
f 1675/1675 1670/1670 1673/1673
f 1675/1675 1674/1674 1670/1670
f 1674/1674 1668/1668 1669/1669
f 1676/1676 1677/1677 1668/1668
f 1677/1677 1667/1667 1668/1668
f 1678/1678 1676/1676 1668/1668
f 1678/1678 1668/1668 1674/1674
f 1677/1677 1679/1679 1667/1667
f 1679/1679 1666/1666 1667/1667
f 1666/1666 1680/1680 1665/1665
f 1679/1679 1681/1681 1666/1666
f 1681/1681 1680/1680 1666/1666
f 1680/1680 1682/1682 1665/1665
f 1665/1665 1682/1682 1664/1664
f 1682/1682 1683/1683 1664/1664
f 1664/1664 1683/1683 1663/1663
f 1683/1683 1684/1684 1663/1663
f 1684/1684 1685/1685 1663/1663
f 1685/1685 1661/1661 1663/1663
f 1661/1661 1686/1686 1662/1662
f 1661/1661 1687/1687 1686/1686
f 1685/1685 1687/1687 1661/1661
f 1662/1662 1688/1688 1689/1689
f 1686/1686 1688/1688 1662/1662
f 1662/1662 1689/1689 1659/1659
f 1686/1686 1690/1690 1688/1688
f 1691/1691 1690/1690 1686/1686
f 1687/1687 1691/1691 1686/1686
f 1692/1692 1693/1693 1687/1687
f 1692/1692 1687/1687 1685/1685
f 1693/1693 1691/1691 1687/1687
f 1684/1684 1692/1692 1685/1685
f 1694/1694 1692/1692 1684/1684
f 1695/1695 1694/1694 1684/1684
f 1696/1696 1695/1695 1684/1684
f 1696/1696 1684/1684 1683/1683
f 1696/1696 1683/1683 1682/1682
f 1697/1697 1696/1696 1682/1682
f 1680/1680 1697/1697 1682/1682
f 1681/1681 1697/1697 1680/1680
f 1679/1679 1698/1698 1681/1681
f 1698/1698 1697/1697 1681/1681
f 1677/1677 1699/1699 1679/1679
f 1699/1699 1698/1698 1679/1679
f 1700/1700 1699/1699 1677/1677
f 1701/1701 1700/1700 1677/1677
f 1701/1701 1677/1677 1676/1676
f 1702/1702 1676/1676 1678/1678
f 1702/1702 1701/1701 1676/1676
f 1703/1703 1678/1678 1674/1674
f 1704/1704 1678/1678 1703/1703
f 1704/1704 1702/1702 1678/1678
f 1705/1705 1701/1701 1702/1702
f 1706/1706 1702/1702 1704/1704
f 1707/1707 1705/1705 1702/1702
f 1706/1706 1707/1707 1702/1702
f 1708/1708 1700/1700 1701/1701
f 1705/1705 1708/1708 1701/1701
f 1700/1700 1709/1709 1699/1699
f 1708/1708 1709/1709 1700/1700
f 1709/1709 1710/1710 1699/1699
f 1699/1699 1710/1710 1698/1698
f 1710/1710 1697/1697 1698/1698
f 1711/1711 1712/1712 1697/1697
f 1712/1712 1696/1696 1697/1697
f 1710/1710 1711/1711 1697/1697
f 1712/1712 1695/1695 1696/1696
f 1713/1713 1694/1694 1695/1695
f 1713/1713 1695/1695 1714/1714
f 1714/1714 1695/1695 1712/1712
f 1694/1694 1715/1715 1692/1692
f 1716/1716 1715/1715 1694/1694
f 1713/1713 1716/1716 1694/1694
f 1715/1715 1693/1693 1692/1692
f 1693/1693 1715/1715 1717/1717
f 1718/1718 1691/1691 1693/1693
f 1718/1718 1693/1693 1717/1717
f 1719/1719 1691/1691 1718/1718
f 1719/1719 1690/1690 1691/1691
f 1720/1720 1719/1719 1718/1718
f 1720/1720 1718/1718 1721/1721
f 1721/1721 1718/1718 1722/1722
f 1722/1722 1718/1718 1717/1717
f 1717/1717 1715/1715 1723/1723
f 1717/1717 1723/1723 1724/1724
f 1722/1722 1717/1717 1724/1724
f 1715/1715 1716/1716 1723/1723
f 1725/1725 1716/1716 1726/1726
f 1716/1716 1727/1727 1726/1726
f 1723/1723 1716/1716 1725/1725
f 1727/1727 1716/1716 1713/1713
f 1728/1728 1727/1727 1713/1713
f 1729/1729 1713/1713 1730/1730
f 1729/1729 1728/1728 1713/1713
f 1730/1730 1713/1713 1714/1714
f 1711/1711 1714/1714 1712/1712
f 1730/1730 1714/1714 1711/1711
f 1731/1731 1730/1730 1711/1711
f 1731/1731 1711/1711 1710/1710
f 1731/1731 1710/1710 1709/1709
f 1732/1732 1731/1731 1709/1709
f 1733/1733 1732/1732 1709/1709
f 1733/1733 1709/1709 1708/1708
f 1734/1734 1733/1733 1708/1708
f 1735/1735 1734/1734 1708/1708
f 1735/1735 1708/1708 1705/1705
f 1734/1734 1736/1736 1733/1733
f 1736/1736 1737/1737 1733/1733
f 1737/1737 1732/1732 1733/1733
f 1737/1737 1738/1738 1732/1732
f 1732/1732 1738/1738 1731/1731
f 1738/1738 1730/1730 1731/1731
f 1738/1738 1729/1729 1730/1730
f 1739/1739 1728/1728 1729/1729
f 1738/1738 1739/1739 1729/1729
f 1727/1727 1728/1728 1726/1726
f 1728/1728 1740/1740 1741/1741
f 1739/1739 1740/1740 1728/1728
f 1726/1726 1728/1728 1741/1741
f 1725/1725 1726/1726 1742/1742
f 1742/1742 1726/1726 1743/1743
f 1726/1726 1744/1744 1743/1743
f 1726/1726 1741/1741 1744/1744
f 1745/1745 1725/1725 1742/1742
f 1723/1723 1725/1725 1745/1745
f 1724/1724 1723/1723 1745/1745
f 1746/1746 1724/2944 1745/2943
f 1747/1747 1724/2944 1746/1746
f 1747/1747 1722/2945 1724/2944
f 1748/1748 1721/2946 1722/2945
f 1748/1748 1722/2945 1747/1747
f 1748/1748 1720/2947 1721/2946
f 1749/1749 1720/2947 1748/1748
f 1750/1750 1748/1748 1747/1747
f 1751/1751 1748/1748 1750/1750
f 1752/1752 1748/1748 1751/1751
f 1752/1752 1749/1749 1748/1748
f 1750/1750 1747/1747 1753/1753
f 1753/1753 1747/1747 1746/1746
f 1746/1746 1745/2943 1754/1754
f 1753/1753 1746/1746 1755/1755
f 1755/1755 1746/1746 1754/1754
f 1754/1754 1745/2943 1742/2948
f 1742/2948 1743/2949 1756/1756
f 1757/1757 1742/2948 1756/1756
f 1754/1754 1742/2948 1757/1757
f 1756/1756 1743/2949 1758/1758
f 1743/2949 1759/1759 1760/1760
f 1743/1743 1744/1744 1759/2950
f 1758/1758 1743/2949 1760/1760
f 1744/1744 1761/1761 1762/1762
f 1744/1744 1762/1762 1763/1763
f 1759/2950 1744/1744 1763/1763
f 1741/1741 1761/1761 1744/1744
f 1740/1740 1761/1761 1741/1741
f 1739/1739 1761/1761 1740/1740
f 1764/1764 1761/1761 1739/1739
f 1765/1765 1764/1764 1739/1739
f 1765/1765 1739/1739 1738/1738
f 1765/1765 1738/1738 1737/1737
f 1736/1736 1765/1765 1737/1737
f 1766/1766 1765/1765 1736/1736
f 1766/1766 1764/1764 1765/1765
f 1767/1767 1761/1761 1764/1764
f 1768/1768 1767/1767 1764/1764
f 1766/1766 1768/1768 1764/1764
f 1761/1761 1769/1769 1762/1762
f 1767/1767 1769/1769 1761/1761
f 1762/1762 1770/1770 1763/1763
f 1762/1762 1769/1769 1770/1770
f 1763/2951 1771/1771 1772/1772
f 1763/1763 1770/1770 1771/2952
f 1773/1773 1763/2951 1772/1772
f 1774/1774 1763/2951 1773/1773
f 1759/1759 1763/2951 1774/1774
f 1760/1760 1759/1759 1774/1774
f 1775/1775 1760/1760 1776/1776
f 1775/1775 1758/1758 1760/1760
f 1760/1760 1774/1774 1776/1776
f 1777/1777 1758/1758 1775/1775
f 1777/1777 1756/1756 1758/1758
f 1757/1757 1756/1756 1777/1777
f 1778/1778 1757/1757 1777/1777
f 1778/1778 1755/1755 1757/1757
f 1755/1755 1754/1754 1757/1757
f 1779/1779 1755/1755 1778/1778
f 1753/1753 1755/1755 1779/1779
f 1780/1780 1750/1750 1753/1753
f 1780/1780 1753/1753 1779/1779
f 1781/1781 1779/1779 1782/1782
f 1781/1781 1780/1780 1779/1779
f 1782/1782 1779/1779 1778/1778
f 1783/1783 1778/1778 1777/1777
f 1782/1782 1778/1778 1783/1783
f 1784/1784 1777/1777 1775/1775
f 1784/1784 1783/1783 1777/1777
f 1785/1785 1775/1775 1786/1786
f 1784/1784 1775/1775 1785/1785
f 1775/1775 1776/1776 1786/1786
f 1776/1776 1774/1774 1787/1787
f 1786/1786 1776/1776 1787/1787
f 1774/1774 1788/1788 1787/1787
f 1774/1774 1773/1773 1788/1788
f 1773/1773 1772/1772 1788/1788
f 1772/1772 1771/1771 1789/1789
f 1772/1772 1789/1789 1790/1790
f 1788/1788 1772/1772 1790/1790
f 1771/2952 1791/1791 1792/1792
f 1771/1771 1792/2953 1789/1789
f 1793/1793 1791/1791 1771/2952
f 1770/1770 1793/1793 1771/2952
f 1770/1770 1769/1769 1793/1793
f 1794/1794 1769/1769 1767/1767
f 1794/1794 1795/1795 1769/1769
f 1769/1769 1795/1795 1793/1793
f 1794/1794 1767/1767 1768/1768
f 1796/1796 1768/1768 1766/1766
f 1796/1796 1794/1794 1768/1768
f 1797/1797 1794/1794 1796/1796
f 1797/1797 1798/1798 1794/1794
f 1794/1794 1799/1799 1795/1795
f 1800/1800 1799/1799 1794/1794
f 1798/1798 1800/1800 1794/1794
f 1795/1795 1799/1799 1791/1791
f 1793/1793 1795/1795 1791/1791
f 1792/1792 1791/1791 1801/1801
f 1791/1791 1802/1802 1801/1801
f 1791/1791 1799/1799 1802/1802
f 1792/2953 1803/1803 1804/1804
f 1792/1792 1801/1801 1803/2954
f 1805/1805 1792/2953 1804/1804
f 1789/1789 1792/2953 1805/1805
f 1806/1806 1789/1789 1805/1805
f 1790/1790 1789/1789 1806/1806
f 1790/1790 1806/1806 1807/1807
f 1808/1808 1790/1790 1807/1807
f 1788/1788 1790/1790 1808/1808
f 1809/1809 1788/1788 1808/1808
f 1787/1787 1788/1788 1809/1809
f 1786/1786 1787/1787 1810/1810
f 1787/1787 1809/1809 1810/1810
f 1785/1785 1786/1786 1811/1811
f 1811/1811 1786/1786 1810/1810
f 1811/1811 1810/1810 1812/1812
f 1810/1810 1809/1809 1813/1813
f 1810/1810 1813/1813 1812/1812
f 1813/1813 1809/1809 1808/1808
f 1808/1808 1807/1807 1814/1814
f 1815/1815 1808/1808 1816/1816
f 1813/1813 1808/1808 1815/1815
f 1808/1808 1814/1814 1816/1816
f 1807/1807 1806/1806 1817/1817
f 1807/1807 1817/1817 1814/1814
f 1806/1806 1805/1805 1817/1817
f 1805/1805 1804/1804 1818/1818
f 1817/1817 1805/1805 1818/1818
f 1804/1804 1819/1819 1820/1820
f 1803/1803 1819/1819 1804/1804
f 1818/1818 1804/1804 1821/1821
f 1821/1821 1804/1804 1820/1820
f 1803/2954 1801/1801 1819/2955
f 1801/1801 1822/1822 1823/1823
f 1801/1801 1823/1823 1819/2955
f 1802/1802 1824/1824 1801/1801
f 1824/1824 1822/1822 1801/1801
f 1799/1799 1824/1824 1802/1802
f 1800/1800 1824/1824 1799/1799
f 1800/1800 1822/1822 1824/1824
f 1825/1825 308/308 1822/1822
f 1822/1822 308/308 1823/1823
f 1825/1825 1822/1822 1800/1800
f 1823/1823 308/308 1826/1826
f 1823/1823 1826/1826 1819/2955
f 1819/2955 1826/1826 1827/1827
f 1819/1819 1827/2956 1828/1828
f 1820/1820 1819/1819 1828/1828
f 1821/1821 1820/1820 474/474
f 474/474 1820/1820 470/470
f 1820/1820 1828/1828 470/470
f 1818/1818 1821/1821 473/473
f 473/473 1821/1821 474/474
f 1817/1817 1818/1818 1829/1829
f 1829/1829 1818/1818 473/473
f 1814/1814 1817/1817 1829/1829
f 1816/1816 1814/1814 1830/1830
f 1830/1830 1814/1814 1831/1831
f 1814/1814 1829/1829 1831/1831
f 1815/1815 1816/1816 1832/1832
f 1832/1832 1816/1816 1830/1830
f 1812/1812 1815/1815 1833/1833
f 1833/1833 1815/1815 1832/1832
f 1812/1812 1813/1813 1815/1815
f 1834/1834 1812/1812 1835/1835
f 1835/1835 1812/1812 1833/1833
f 1834/1834 1811/1811 1812/1812
f 1836/1836 1833/1833 1837/1837
f 1835/1835 1833/1833 1836/1836
f 1833/1833 1832/1832 1837/1837
f 1832/1832 1830/1830 1837/1837
f 1837/1837 1830/1830 533/533
f 1830/1830 1831/1831 533/533
f 533/533 1831/1831 503/503
f 1831/1831 502/502 503/503
f 1831/1831 501/501 502/502
f 1831/1831 1829/1829 501/501
f 1829/1829 473/473 501/501
f 501/501 473/473 472/472
f 532/532 1837/1837 533/533
f 1836/1836 1837/1837 532/532
f 1838/1838 1836/1836 1839/1839
f 1836/1836 532/532 1839/1839
f 1838/1838 1835/1835 1836/1836
f 1840/1840 1834/1834 1835/1835
f 1840/1840 1835/1835 1838/1838
f 1841/1841 1834/1834 1840/1840
f 1841/1841 1842/1842 1834/1834
f 1842/1842 1811/1811 1834/1834
f 1840/1840 1838/1838 1843/1843
f 1844/1844 1840/1840 1843/1843
f 1844/1844 1841/1841 1840/1840
f 561/561 1838/1838 1839/1839
f 1843/1843 1838/1838 561/561
f 1839/1839 559/559 561/561
f 1839/1839 532/532 559/559
f 1843/1843 561/561 560/560
f 587/587 1843/1843 560/560
f 1845/1845 1844/1844 1843/1843
f 1845/1845 1843/1843 587/587
f 1846/1846 1841/1841 1844/1844
f 1846/1846 1844/1844 1847/1847
f 1847/1847 1844/1844 1845/1845
f 1846/1846 1848/1848 1841/1841
f 1848/1848 1842/1842 1841/1841
f 1842/1842 1849/1849 1811/1811
f 1848/1848 1849/1849 1842/1842
f 1849/1849 1785/1785 1811/1811
f 1849/1849 1850/1850 1785/1785
f 1851/1851 1850/1850 1849/1849
f 1852/1852 1851/1851 1849/1849
f 1852/1852 1849/1849 1848/1848
f 1853/1853 1852/1852 1848/1848
f 1853/1853 1848/1848 1846/1846
f 1853/1853 1846/1846 1847/1847
f 1854/1854 1853/1853 1847/1847
f 1854/1854 1847/1847 1855/1855
f 1855/1855 1847/1847 1845/1845
f 1855/1855 1845/1845 664/664
f 664/664 1845/1845 1856/1856
f 1856/1856 1845/1845 587/587
f 1856/1856 587/587 588/588
f 664/664 1856/1856 637/637
f 637/637 1856/1856 588/588
f 1857/1857 1855/1855 664/664
f 1857/1857 664/664 663/663
f 1858/1858 1854/1854 1855/1855
f 1859/1859 1855/1855 1857/1857
f 1858/1858 1855/1855 1859/1859
f 1860/1860 1853/1853 1854/1854
f 1860/1860 1854/1854 1858/1858
f 1861/1861 1852/1852 1853/1853
f 1860/1860 1861/1861 1853/1853
f 1862/1862 1851/1851 1852/1852
f 1861/1861 1862/1862 1852/1852
f 1851/1851 1863/1863 1850/1850
f 749/749 1863/1863 1851/1851
f 1862/1862 749/749 1851/1851
f 1850/1850 1784/1784 1785/1785
f 1863/1863 1784/1784 1850/1850
f 1864/1864 1784/1784 1863/1863
f 749/749 1864/1864 1863/1863
f 748/748 1864/1864 749/749
f 746/746 749/749 1862/1862
f 746/746 1862/1862 1861/1861
f 747/747 1861/1861 1860/1860
f 747/747 746/746 1861/1861
f 719/719 747/747 1860/1860
f 719/719 1860/1860 1858/1858
f 1865/1865 719/719 1858/1858
f 1865/1865 1858/1858 1859/1859
f 1859/1859 1857/1857 663/663
f 718/718 1859/1859 663/663
f 717/717 1859/1859 718/718
f 717/717 1865/1865 1859/1859
f 718/718 663/663 665/665
f 719/719 1865/1865 717/717
f 1864/1864 1783/1783 1784/1784
f 1781/1781 1782/1782 1864/1864
f 748/748 1781/1781 1864/1864
f 1864/1864 1782/1782 1783/1783
f 1866/1866 1781/1781 748/748
f 750/750 1866/1866 748/748
f 1867/1867 1780/1780 1781/1781
f 777/777 1867/1867 1781/1781
f 777/777 1781/1781 1866/1866
f 777/777 1866/1866 750/750
f 804/804 1867/1867 777/777
f 1867/1867 1868/1868 1780/1780
f 1869/1869 1868/1868 1867/1867
f 804/804 1869/1869 1867/1867
f 1868/1868 1750/1750 1780/1780
f 1868/1868 1751/1751 1750/1750
f 1869/1869 1751/1751 1868/1868
f 806/806 1869/1869 804/804
f 806/806 1870/1870 1869/1869
f 1870/1870 864/864 1869/1869
f 864/864 1751/1751 1869/1869
f 864/864 1752/1752 1751/1751
f 834/834 864/864 1870/1870
f 864/864 865/865 1752/1752
f 805/805 1870/1870 806/806
f 834/834 1870/1870 805/805
f 865/865 1749/1749 1752/1752
f 865/865 894/894 1749/1749
f 1749/1749 1871/1871 1720/2947
f 894/894 1871/1871 1749/1749
f 894/894 922/2899 1871/1871
f 922/922 921/921 1871/2957
f 1871/2957 921/921 1719/1719
f 1871/2957 1719/1719 1720/1720
f 921/921 923/923 1872/1872
f 921/921 1872/1872 1690/1690
f 921/921 1690/1690 1719/1719
f 923/923 924/924 1873/1873
f 1874/1874 923/923 1873/1873
f 1872/1872 923/923 1874/1874
f 1688/1688 1872/1872 1874/1874
f 1690/1690 1872/1872 1688/1688
f 1689/1689 1874/1874 1873/1873
f 1688/1688 1874/1874 1689/1689
f 1689/1689 1873/1873 1660/1660
f 1873/1873 951/951 1875/1875
f 1873/1873 924/924 951/951
f 1876/1876 1873/1873 1875/1875
f 1660/1660 1873/1873 1876/1876
f 1659/1659 1689/1689 1660/1660
f 1658/1658 1660/1660 1876/1876
f 1658/1658 1876/1876 1632/1632
f 1632/1632 1876/1876 1877/1877
f 1876/1876 1878/1878 1877/1877
f 1876/1876 1875/1875 1878/1878
f 1879/1879 1875/1875 1880/1880
f 1875/1875 1881/1881 1880/1880
f 1875/1875 951/951 1881/1881
f 1878/1878 1875/1875 1879/1879
f 1881/1881 951/951 952/952
f 1881/1881 952/952 1882/1882
f 1881/1881 1882/1882 1880/1880
f 1880/1880 1882/1882 1883/1883
f 1884/1884 1880/1880 1883/1883
f 1879/1879 1880/1880 1884/1884
f 1878/1878 1879/1879 1885/1885
f 1885/1885 1879/1879 1884/1884
f 1877/1877 1878/1878 1885/1885
f 1632/1632 1877/1877 1630/1630
f 1630/1630 1877/1877 1886/1886
f 1877/1877 1885/1885 1886/1886
f 1886/1886 1885/1885 1887/1887
f 1885/1885 1884/1884 1887/1887
f 1887/1887 1884/1884 1888/1888
f 1884/1884 1883/1883 1888/1888
f 1883/1883 1882/1882 1889/1889
f 1888/1888 1883/1883 1890/1890
f 1883/1883 1889/1889 1890/1890
f 952/952 953/953 1882/1882
f 1882/1882 953/953 1891/1891
f 1889/1889 1882/1882 1891/1891
f 1890/1890 1889/1889 1892/1892
f 1889/1889 1891/1891 1892/1892
f 1893/1893 1894/1894 1890/1890
f 1893/1893 1890/1890 1895/1895
f 1894/1894 1888/1888 1890/1890
f 1890/1890 1892/1892 1895/1895
f 1887/1887 1888/1888 1894/1894
f 1886/1886 1887/1887 1894/1894
f 1630/1630 1886/1886 1602/1602
f 1602/1602 1886/1886 1896/1896
f 1886/1886 1894/1894 1896/1896
f 1896/1896 1894/1894 1897/1897
f 1894/1894 1893/1893 1897/1897
f 1897/1897 1893/1893 1898/1898
f 1893/1893 1895/1895 1898/1898
f 1898/1898 1895/1895 1899/1899
f 1899/1899 1895/1895 1900/1900
f 1895/1895 1901/1901 1900/1900
f 1895/1895 1892/1892 1901/1901
f 1891/1891 1902/1902 1892/1892
f 1892/1892 1902/1902 1903/1903
f 1901/1901 1892/1892 1903/1903
f 1891/1891 953/953 954/954
f 1891/1891 954/954 1902/1902
f 1902/1902 1904/1904 1905/1905
f 1903/1903 1902/1902 1905/1905
f 1902/1902 955/955 1904/1904
f 954/954 955/955 1902/1902
f 1901/1901 1903/1903 1906/1906
f 1903/1903 1907/1907 1906/1906
f 1903/1903 1905/1905 1907/1907
f 1900/1900 1901/1901 1906/1906
f 1899/1899 1900/1900 1066/1066
f 1066/1066 1900/1900 1041/1041
f 1900/1900 1906/1906 1041/1041
f 1096/1096 1898/1898 1899/1899
f 1096/1096 1899/1899 1066/1066
f 1897/1897 1898/1898 1600/1600
f 1600/1600 1898/1898 1099/1099
f 1099/1099 1898/1898 1096/1096
f 1896/1896 1897/1897 1599/1599
f 1599/1599 1897/1897 1600/1600
f 1602/1602 1896/1896 1599/1599
f 1601/1601 1600/1600 1099/1099
f 1601/1601 1099/1099 1097/1097
f 1906/1906 1042/1042 1041/1041
f 1906/1906 1907/1907 1042/1042
f 1905/1905 985/985 1907/1907
f 1907/1907 985/985 984/984
f 1907/1907 984/984 1011/1011
f 1042/1042 1907/1907 1011/1011
f 1904/1904 985/985 1905/1905
f 1904/1904 955/955 985/985
f 1042/1042 1011/1011 1012/1012
f 470/470 1828/1828 471/471
f 1828/1828 1827/2956 361/361
f 471/471 1828/1828 361/361
f 471/471 361/361 469/469
f 1827/2956 334/2881 361/361
f 440/440 361/361 362/362
f 469/469 361/361 440/440
f 1827/1827 309/309 334/334
f 1827/1827 1826/1826 309/309
f 1826/1826 308/308 309/309
f 306/306 308/308 1825/1825
f 307/307 306/306 1825/1825
f 307/307 1825/1825 1908/1908
f 1908/1908 1825/1825 1800/1800
f 305/305 307/307 1909/1909
f 1909/1909 307/307 1910/1910
f 1910/1910 307/307 1908/1908
f 1908/1908 1800/1800 1911/1911
f 1910/1910 1908/1908 1911/1911
f 1912/1912 1800/1800 1798/1798
f 1911/1911 1800/1800 1912/1912
f 1913/1913 1911/1911 1912/1912
f 1910/1910 1911/1911 1913/1913
f 1914/1914 1909/1909 1910/1910
f 1914/1914 1910/1910 1915/1915
f 1915/1915 1910/1910 1913/1913
f 1916/1916 305/305 1909/1909
f 1916/1916 1909/1909 1914/1914
f 278/278 305/305 1916/1916
f 279/279 1916/1916 1914/1914
f 279/279 278/278 1916/1916
f 1917/1917 1914/1914 1915/1915
f 279/279 1914/1914 1917/1917
f 1915/1915 1918/1918 1919/1919
f 1917/1917 1915/1915 1919/1919
f 1918/1918 1915/1915 1913/1913
f 1913/1913 1912/1912 1920/1920
f 1913/1913 1920/1920 1921/1921
f 1918/1918 1913/1913 1921/1921
f 1912/1912 1798/1798 1920/1920
f 1920/1920 1798/1798 1797/1797
f 1920/1920 1797/1797 1922/1922
f 1920/1920 1922/1922 1923/1923
f 1921/1921 1920/1920 1923/1923
f 1924/1924 1921/1921 1923/1923
f 1918/1918 1921/1921 1924/1924
f 1919/1919 1918/1918 1925/1925
f 1925/1925 1918/1918 1924/1924
f 1926/1926 1919/1919 1925/1925
f 1927/1927 1917/1917 1919/1919
f 1927/1927 1919/1919 1926/1926
f 277/277 1917/1917 1927/1927
f 277/277 279/279 1917/1917
f 1928/1928 1927/1927 1926/1926
f 252/252 277/277 1927/1927
f 252/252 1927/1927 1928/1928
f 1929/1929 1926/1926 1925/1925
f 1926/1926 1929/1929 1930/1930
f 1931/1931 1926/1926 1930/1930
f 1928/1928 1926/1926 1931/1931
f 1929/1929 1925/1925 1932/1932
f 1925/1925 1924/1924 1932/1932
f 1933/1933 1924/1924 1934/1934
f 1924/1924 1923/1923 1934/1934
f 1924/1924 1933/1933 1932/1932
f 1923/1923 1922/1922 1934/1934
f 1922/1922 1796/1796 1935/1935
f 1934/1934 1922/1922 1935/1935
f 1922/1922 1797/1797 1796/1796
f 1934/1934 1935/1935 1936/1936
f 1937/1937 1934/1934 1936/1936
f 1933/1933 1934/1934 1937/1937
f 1932/1932 1933/1933 1937/1937
f 1938/1938 1932/1932 1939/1939
f 1929/1929 1932/1932 1938/1938
f 1932/1932 1937/1937 1939/1939
f 1940/1940 1929/1929 1938/1938
f 1930/1930 1929/1929 1940/1940
f 1941/1941 1930/1930 1940/1940
f 1942/1942 1930/1930 1941/1941
f 1931/1931 1930/1930 1942/1942
f 1943/1943 1931/1931 1942/1942
f 1944/1944 1928/1928 1931/1931
f 1944/1944 1931/1931 1943/1943
f 252/252 1928/1928 1944/1944
f 253/253 252/252 1944/1944
f 1945/1945 1944/1944 1943/1943
f 251/251 253/253 1944/1944
f 251/251 1944/1944 1945/1945
f 1946/1946 1943/1943 1942/1942
f 1945/1945 1943/1943 1946/1946
f 1942/1942 1941/1941 1947/1947
f 1946/1946 1942/1942 1947/1947
f 1941/1941 1948/1948 1949/1949
f 1950/1950 1941/1941 1949/1949
f 1947/1947 1941/1941 1950/1950
f 1941/1941 1940/1940 1948/1948
f 1948/1948 1940/1940 1938/1938
f 1938/1938 1939/1939 1951/1951
f 1948/1948 1938/1938 1951/1951
f 1951/1951 1939/1939 1952/1952
f 1939/1939 1937/1937 1707/1707
f 1952/1952 1939/1939 1707/1707
f 1937/1937 1953/1953 1707/1707
f 1937/1937 1936/1936 1953/1953
f 1936/1936 1736/1736 1734/1734
f 1935/1935 1736/1736 1936/1936
f 1936/1936 1734/1734 1953/1953
f 1935/1935 1766/1766 1736/1736
f 1935/1935 1796/1796 1766/1766
f 1953/1953 1734/1734 1735/1735
f 1707/1707 1953/1953 1735/1735
f 1735/1735 1705/1705 1707/1707
f 1952/1952 1707/1707 1706/1706
f 1954/1954 1952/1952 1706/1706
f 1951/1951 1952/1952 1954/1954
f 1948/1948 1951/1951 1954/1954
f 1948/1948 1954/1954 1955/1955
f 1949/1949 1948/1948 1955/1955
f 1950/1950 1949/1949 1955/1955
f 1956/1956 1950/1950 1957/1957
f 1950/1950 1955/1955 1957/1957
f 1958/1958 1950/1950 1956/1956
f 1959/1959 1947/1947 1950/1950
f 1959/1959 1950/1950 1958/1958
f 1946/1946 1947/1947 1959/1959
f 1960/1960 1946/1946 1959/1959
f 1945/1945 1946/1946 1960/1960
f 1961/1961 1945/1945 1960/1960
f 1961/1961 251/251 1945/1945
f 223/223 251/251 1961/1961
f 1962/1962 223/223 1961/1961
f 1962/1962 1961/1961 1963/1963
f 1961/1961 1960/1960 1963/1963
f 1964/1964 1960/1960 1959/1959
f 1963/1963 1960/1960 1964/1964
f 1965/1965 1959/1959 1958/1958
f 1964/1964 1959/1959 1965/1965
f 1965/1965 1958/1958 1956/1956
f 1966/1966 1956/2958 1967/1967
f 1956/2958 1957/2959 1967/1967
f 1965/2960 1956/2958 1966/1966
f 1967/1967 1957/2959 1968/1968
f 1957/1957 1969/1969 1968/2961
f 1957/1957 1955/1955 1969/1969
f 1955/1955 1954/1954 1969/1969
f 1969/1969 1954/1954 1706/1706
f 1970/1970 1706/1706 1704/1704
f 1969/1969 1706/1706 1970/1970
f 1968/2961 1969/1969 1970/1970
f 1968/1968 1970/2962 1971/1971
f 1972/1972 1968/1968 1971/1971
f 1967/1967 1968/1968 1972/1972
f 1973/1973 1967/1967 1972/1972
f 1966/1966 1967/1967 1973/1973
f 1974/1974 1966/1966 1973/1973
f 1975/1975 1966/1966 1974/1974
f 1975/1975 1965/2960 1966/1966
f 1976/1976 1965/2960 1975/1975
f 1964/2963 1965/2960 1976/1976
f 1977/1977 1964/2963 1976/1976
f 1978/1978 1964/2963 1977/1977
f 1979/1979 1963/1963 1964/1964
f 1979/2964 1964/2963 1978/1978
f 1962/1962 1963/1963 1979/1979
f 224/224 223/223 1962/1962
f 1980/1980 1962/1962 1979/1979
f 224/224 1962/1962 1980/1980
f 1980/2965 1979/2964 1981/1981
f 1981/1981 1979/2964 1978/1978
f 1981/1981 1978/1978 1982/1982
f 1982/1982 1978/1978 1977/1977
f 1982/1982 1977/1977 1983/1983
f 1977/1977 1976/1976 1983/1983
f 1976/1976 1975/1975 1984/1984
f 1983/1983 1976/1976 1984/1984
f 1984/1984 1975/1975 1985/1985
f 1975/1975 1974/1974 1985/1985
f 1974/1974 1973/1973 1986/1986
f 1987/1987 1974/1974 1986/1986
f 1985/1985 1974/1974 1987/1987
f 1986/1986 1973/1973 1972/1972
f 1986/1986 1972/1972 1988/1988
f 1972/1972 1971/1971 1988/1988
f 1989/1989 1971/2966 1990/1990
f 1988/2967 1971/2966 1989/1989
f 1971/2966 1970/1970 1990/1990
f 1990/1990 1970/1970 1991/1991
f 1970/1970 1704/1704 1991/1991
f 1991/1991 1704/1704 1703/1703
f 1990/1990 1991/1991 1992/1992
f 1992/1992 1991/1991 1703/1703
f 1993/1993 1990/1990 1994/1994
f 1989/1989 1990/1990 1993/1993
f 1990/1990 1992/1992 1994/1994
f 1995/1995 1989/1989 1993/1993
f 1988/2967 1989/1989 1995/1995
f 1988/2967 1995/1995 1996/1996
f 1997/1997 1988/2967 1996/1996
f 1986/1986 1988/1988 1997/2968
f 1998/1998 1986/1986 1997/2968
f 1998/1998 1987/1987 1986/1986
f 1999/1999 1987/1987 1998/1998
f 1985/1985 1987/1987 1999/1999
f 2000/2000 1985/1985 1999/1999
f 2000/2000 1984/1984 1985/1985
f 2001/2001 1983/1983 1984/1984
f 2001/2001 1984/1984 2000/2000
f 2002/2002 1982/1982 1983/1983
f 2002/2002 1983/1983 2001/2001
f 2003/2003 1982/1982 2002/2002
f 1981/1981 1982/1982 2003/2003
f 2004/2004 1980/2965 1981/1981
f 2005/2005 2004/2004 1981/1981
f 2005/2005 1981/1981 2003/2003
f 2006/2006 2005/2005 2003/2003
f 2003/2003 2002/2002 2007/2007
f 2006/2006 2003/2003 2008/2008
f 2008/2008 2003/2003 2007/2007
f 2002/2002 2001/2001 2007/2007
f 2007/2007 2001/2001 2009/2009
f 2001/2001 2000/2000 2009/2009
f 2009/2009 2000/2000 2010/2010
f 2010/2010 2000/2000 2011/2011
f 2000/2000 1999/1999 2011/2011
f 2011/2011 1999/1999 1998/1998
f 2012/2012 1998/1998 2013/2013
f 1998/1998 1997/2968 2013/2013
f 2011/2011 1998/1998 2012/2012
f 1997/1997 1996/1996 2014/2014
f 2013/2969 1997/1997 2014/2014
f 1996/1996 2015/2015 2016/2016
f 2014/2014 1996/1996 2016/2016
f 1996/1996 1995/1995 2015/2015
f 2015/2015 1995/1995 1993/1993
f 2015/2015 1993/1993 2017/2017
f 1993/1993 1994/1994 2017/2017
f 2017/2017 1994/1994 2018/2018
f 1994/1994 1992/1992 2018/2018
f 1992/1992 1703/1703 1675/1675
f 1992/1992 1675/1675 2018/2018
f 1703/1703 1674/1674 1675/1675
f 2018/2018 1675/1675 1673/1673
f 2017/2017 2018/2018 1672/1672
f 2018/2018 1673/1673 1672/1672
f 2017/2017 1672/1672 2019/2019
f 2015/2015 2017/2017 2019/2019
f 2016/2016 2015/2015 2020/2020
f 2015/2015 2019/2019 2020/2020
f 2021/2021 2016/2016 2020/2020
f 2014/2014 2016/2016 2021/2021
f 2022/2022 2014/2014 2021/2021
f 2013/2969 2014/2014 2022/2022
f 2023/2023 2013/2969 2022/2022
f 2024/2024 2013/2969 2023/2023
f 2012/2012 2013/2013 2024/2970
f 2025/2025 2012/2012 2024/2970
f 2011/2011 2012/2012 2025/2025
f 2010/2010 2011/2011 2025/2025
f 2026/2026 2009/2009 2010/2010
f 2027/2027 2026/2026 2010/2010
f 2010/2010 2025/2025 2028/2028
f 2027/2027 2010/2010 2028/2028
f 2029/2029 2007/2007 2009/2009
f 2029/2029 2009/2009 2026/2026
f 2008/2008 2007/2007 2029/2029
f 2030/2030 2006/2006 2008/2008
f 2030/2030 2008/2008 2031/2031
f 2031/2031 2008/2008 2029/2029
f 2031/2031 2029/2029 2032/2032
f 2032/2032 2029/2029 2026/2026
f 2033/2033 2032/2032 2026/2026
f 2033/2033 2026/2026 2027/2027
f 2027/2027 2028/2028 2034/2034
f 2035/2035 2027/2972 2034/2971
f 2033/2973 2027/2972 2035/2035
f 2028/2028 2025/2025 2024/2970
f 2034/2034 2028/2028 2036/2036
f 2028/2028 2024/2970 2036/2036
f 2037/2037 2024/2024 2023/2023
f 2036/2974 2024/2024 2037/2037
f 2038/2038 2023/2023 2039/2039
f 2023/2023 2038/2038 2037/2037
f 2023/2023 2022/2022 2039/2039
f 2022/2022 2021/2021 2039/2039
f 2021/2021 2020/2020 2040/2040
f 2021/2021 2040/2040 2041/2041
f 2021/2021 2041/2041 2042/2042
f 2042/2042 2039/2039 2021/2021
f 2020/2020 2043/2043 2040/2040
f 2020/2020 2019/2019 2043/2043
f 2019/2019 1645/1645 2044/2044
f 2043/2043 2019/2019 2044/2044
f 2019/2019 1672/1672 1645/1645
f 2045/2045 2043/2043 2044/2044
f 2040/2040 2043/2043 2045/2045
f 2041/2041 2040/2040 2045/2045
f 2041/2041 2045/2045 2046/2046
f 2041/2041 2046/2046 2047/2047
f 2042/2042 2041/2041 2047/2047
f 2042/2042 2047/2047 2048/2048
f 2049/2049 2042/2042 2048/2048
f 2050/2050 2042/2042 2049/2049
f 2038/2038 2042/2042 2050/2050
f 2038/2038 2039/2039 2042/2042
f 2051/2051 2038/2038 2050/2050
f 2037/2037 2038/2038 2051/2051
f 2036/2974 2037/2037 2052/2052
f 2053/2053 2037/2037 2051/2051
f 2053/2053 2052/2052 2037/2037
f 2034/2034 2036/2036 2054/2054
f 2054/2975 2036/2974 2052/2052
f 2054/2976 2035/2035 2034/2971
f 2055/2055 2033/2973 2035/2035
f 2035/2035 2054/2976 2056/2056
f 2057/2057 2055/2055 2035/2035
f 2057/2057 2035/2035 2056/2056
f 2058/2058 2032/2977 2033/2973
f 2058/2058 2033/2973 2055/2055
f 2059/2059 2031/2031 2032/2032
f 2058/2978 2059/2059 2032/2032
f 2059/2059 2030/2030 2031/2031
f 2060/2060 2030/2030 2059/2059
f 2061/2061 2060/2060 2059/2059
f 2062/2062 2059/2059 2058/2978
f 2062/2062 2061/2061 2059/2059
f 2063/2063 2058/2058 2055/2055
f 2062/2979 2058/2058 2063/2063
f 2063/2063 2055/2055 2057/2057
f 2064/2064 2057/2057 2065/2065
f 2066/2066 2057/2057 2064/2064
f 2057/2057 2056/2056 2065/2065
f 2063/2063 2057/2057 2066/2066
f 2056/2980 2054/2975 2067/2067
f 2056/2980 2067/2067 2068/2068
f 2056/2980 2068/2068 2069/2069
f 2065/2065 2056/2056 2069/2981
f 2054/2975 2052/2052 2053/2053
f 2067/2067 2054/2975 2053/2053
f 2067/2067 2053/2053 2070/2070
f 2070/2070 2053/2053 2071/2071
f 2053/2053 2051/2051 2071/2071
f 2051/2051 2050/2050 2072/2072
f 2071/2071 2051/2051 2072/2072
f 2072/2072 2050/2050 2049/2049
f 2049/2049 2048/2048 2073/2073
f 2074/2074 2049/2049 2073/2073
f 2072/2072 2049/2049 2075/2075
f 2075/2075 2049/2049 2074/2074
f 2076/2076 2071/2071 2072/2072
f 2077/2077 2072/2072 2075/2075
f 2076/2076 2072/2072 2077/2077
f 2070/2070 2071/2071 2076/2076
f 2068/2068 2067/2067 2070/2070
f 2070/2070 2076/2076 2077/2077
f 2070/2070 2077/2077 2078/2078
f 2068/2068 2070/2070 2079/2079
f 2079/2079 2070/2070 2080/2080
f 2080/2080 2070/2070 2078/2078
f 2081/2081 2068/2068 2082/2082
f 2068/2068 2079/2079 2082/2082
f 2068/2068 2081/2081 2083/2083
f 2068/2068 2083/2083 2084/2084
f 2069/2069 2068/2068 2084/2084
f 2084/2084 2085/2085 2069/2069
f 2069/2981 2086/2086 2065/2065
f 2086/2086 2069/2981 2087/2087
f 2087/2982 2069/2069 2085/2085
f 2084/2084 2088/2088 2089/2089
f 2088/2088 2084/2084 2083/2083
f 2084/2084 2090/2090 2085/2085
f 2090/2090 2084/2084 2089/2089
f 2088/2088 2083/2083 2091/2091
f 2083/2083 2081/2081 2092/2092
f 2083/2083 2093/2093 2091/2091
f 2093/2093 2083/2083 2092/2092
f 2081/2081 2082/2082 2094/2094
f 2081/2081 2094/2094 2092/2092
f 2095/2095 2082/2082 2079/2079
f 2082/2082 2095/2095 2094/2094
f 2096/2096 2079/2079 2080/2080
f 2096/2096 2095/2095 2079/2079
f 2097/2097 2096/2096 2080/2080
f 2097/2097 2080/2080 2098/2098
f 2099/2099 2100/2100 2080/2080
f 2100/2100 2098/2098 2080/2080
f 2099/2099 2080/2080 2101/2101
f 2080/2080 2078/2078 2101/2101
f 2078/2078 2077/2077 2102/2102
f 2078/2078 2102/2102 2103/2103
f 2104/2104 2101/2101 2078/2078
f 2078/2078 2103/2103 2104/2104
f 2077/2077 2105/2105 2102/2102
f 2077/2077 2075/2075 2105/2105
f 2103/2103 2102/2102 2106/2106
f 2102/2102 2107/2107 2106/2106
f 2102/2102 2105/2105 2107/2107
f 2104/2104 2103/2103 2108/2108
f 2109/2109 2108/2108 2103/2103
f 2103/2103 2106/2106 2109/2109
f 2104/2104 2110/2110 2101/2101
f 2110/2110 2104/2104 2111/2111
f 2112/2112 2113/2113 2104/2104
f 2113/2113 2111/2111 2104/2104
f 2112/2112 2104/2104 2108/2108
f 2114/2114 2099/2099 2101/2101
f 2114/2114 2101/2101 2115/2115
f 2110/2110 2115/2115 2101/2101
f 2100/2100 2099/2099 2114/2114
f 2100/2100 2114/2114 2116/2116
f 2100/2100 2117/2117 2098/2098
f 2117/2117 2100/2100 2116/2116
f 2097/2097 2098/2098 2118/2118
f 2094/2094 2098/2098 2117/2117
f 2098/2098 2094/2094 2118/2118
f 2095/2095 2096/2096 2097/2097
f 2095/2095 2097/2097 2118/2118
f 2094/2094 2095/2095 2118/2118
f 2093/2093 2092/2092 2094/2094
f 2094/2984 2119/2119 2093/2983
f 2094/2984 2120/2120 2119/2119
f 2120/2120 2094/2984 2117/2985
f 2121/2121 2117/2985 2122/2122
f 2121/2121 2120/2120 2117/2985
f 2115/2115 2117/2117 2116/2116
f 2117/2985 2123/2123 2122/2122
f 2123/2986 2117/2117 2115/2115
f 2114/2114 2115/2115 2116/2116
f 2115/2115 2110/2110 2123/2986
f 2110/2110 2111/2111 2123/2986
f 2111/2111 2113/2113 2123/2986
f 2113/2113 2112/2112 2124/2124
f 2113/2987 2125/2125 2123/2123
f 2125/2125 2113/2987 2124/2988
f 2124/2124 2112/2112 2126/2126
f 2112/2112 2108/2108 2126/2126
f 2109/2109 2127/2127 2108/2108
f 2127/2127 2128/2128 2108/2108
f 2126/2126 2108/2108 2128/2128
f 2129/2129 2109/2109 2106/2106
f 2129/2129 2130/2130 2109/2109
f 2109/2109 2130/2130 2131/2131
f 2127/2127 2109/2109 2131/2131
f 2106/2106 2132/2132 2129/2129
f 2106/2106 2133/2133 2132/2132
f 2107/2107 2133/2133 2106/2106
f 2129/2129 2134/2134 2130/2130
f 2135/2135 2134/2134 2129/2129
f 2132/2132 2135/2135 2129/2129
f 2131/2131 2130/2130 2136/2136
f 2130/2130 2134/2134 2136/2136
f 2127/2127 2131/2131 2137/2137
f 2131/2131 2136/2136 2137/2137
f 2128/2128 2127/2127 2137/2137
f 2126/2126 2128/2128 2138/2138
f 2128/2128 2137/2137 2125/2989
f 2125/2989 2138/2138 2128/2128
f 2125/2125 2122/2122 2123/2123
f 2125/2125 2139/2139 2140/2140
f 2138/2990 2125/2125 2124/2988
f 2125/2125 2141/2141 2122/2122
f 2137/2991 2142/2142 2125/2125
f 2125/2125 2140/2140 2141/2141
f 2142/2142 2139/2139 2125/2125
f 2122/2122 2143/2143 2121/2121
f 2141/2141 2143/2143 2122/2122
f 2140/2140 2144/2144 2141/2141
f 2144/2144 2145/2145 2141/2141
f 2145/2145 2143/2143 2141/2141
f 682/682 2144/2144 2140/2140
f 682/682 2140/2140 2146/2146
f 2139/2139 2146/2146 2140/2140
f 2147/2147 2146/2146 2139/2139
f 2147/2147 2139/2139 2142/2142
f 2148/2148 2147/2147 2142/2142
f 2148/2148 2142/2142 2149/2149
f 2150/2150 2149/2149 2142/2142
f 2137/2991 2150/2150 2142/2142
f 2137/2137 2136/2136 2151/2151
f 2150/2150 2137/2991 2151/2992
f 2136/2136 2134/2134 2151/2151
f 2135/2135 2151/2151 2134/2134
f 2132/2132 2152/2152 2135/2135
f 2152/2152 2153/2153 2135/2135
f 2153/2153 2151/2151 2135/2135
f 2133/2133 2154/2154 2132/2132
f 2152/2152 2132/2132 2154/2154
f 2152/2152 2154/2154 2155/2155
f 2153/2153 2152/2152 2155/2155
f 2156/2156 2153/2993 2157/2157
f 2158/2158 2153/2993 2156/2156
f 2153/2153 2155/2155 2159/2159
f 2153/2993 2160/2160 2157/2157
f 2153/2993 2161/2161 2160/2160
f 2153/2993 2158/2158 2162/2162
f 2153/2993 2162/2162 2151/2992
f 2163/2163 2153/2153 2159/2159
f 2163/2994 2161/2161 2153/2993
f 2164/2164 2151/2992 2162/2162
f 2150/2150 2151/2992 2164/2164
f 2164/2164 2165/2165 2150/2150
f 2165/2165 2166/2166 2150/2150
f 2166/2166 2149/2149 2150/2150
f 2166/2166 2167/2167 2149/2149
f 2148/2148 2149/2149 2167/2167
f 681/681 2148/2148 2167/2167
f 2148/2148 681/681 2147/2147
f 2147/2147 681/681 2146/2146
f 682/682 2146/2146 681/681
f 2144/2144 682/682 2145/2145
f 682/682 2168/2168 2145/2145
f 683/683 2168/2168 682/682
f 2145/2145 2168/2168 2143/2143
f 683/683 2169/2169 2168/2168
f 2169/2169 2143/2143 2168/2168
f 2143/2143 2169/2169 2121/2121
f 2169/2169 683/683 2170/2170
f 2169/2169 2170/2170 2121/2121
f 2170/2170 683/683 2171/2171
f 683/683 684/684 2171/2171
f 2170/2170 2171/2171 2121/2121
f 2171/2171 2172/2172 2121/2121
f 2172/2172 2120/2120 2121/2121
f 2171/2171 684/684 2172/2172
f 678/678 2172/2172 684/684
f 678/678 2173/2173 2172/2172
f 2172/2172 2173/2173 2119/2119
f 2119/2119 2120/2120 2172/2172
f 2173/2173 678/678 677/677
f 2173/2173 677/677 2174/2174
f 2173/2173 2174/2174 2119/2119
f 2174/2174 2175/2175 2119/2119
f 2175/2175 2176/2176 2119/2119
f 2176/2176 2177/2177 2119/2119
f 2177/2177 2178/2178 2119/2119
f 2178/2178 2093/2983 2119/2119
f 2175/2175 2174/2174 677/677
f 652/652 2175/2175 677/677
f 2175/2175 652/652 2176/2176
f 2177/2177 2176/2176 652/652
f 2179/2179 2177/2177 652/652
f 2177/2177 2179/2179 2178/2178
f 2180/2180 2178/2178 2179/2179
f 2178/2178 2180/2180 2181/2181
f 2093/2983 2178/2178 2181/2181
f 2093/2983 2181/2181 2182/2182
f 2093/2983 2182/2182 2091/2995
f 2180/2180 2183/2183 2181/2181
f 2182/2182 2181/2181 2183/2183
f 2184/2184 2180/2180 2179/2179
f 2180/2180 2184/2184 2183/2183
f 2179/2179 652/652 649/649
f 2184/2184 2179/2179 649/649
f 2183/2183 2184/2184 2185/2185
f 2184/2184 649/649 2185/2185
f 2183/2183 2185/2185 2186/2186
f 2186/2186 2182/2182 2183/2183
f 2186/2186 2187/2187 2182/2182
f 2091/2995 2182/2182 2090/2996
f 2090/2996 2182/2182 2085/2997
f 2188/2188 2087/2087 2182/2182
f 2087/2087 2085/2997 2182/2182
f 2187/2187 2188/2188 2182/2182
f 2090/2090 2089/2089 2091/2091
f 2091/2091 2089/2089 2088/2088
f 2086/2086 2087/2087 2188/2188
f 2188/2188 2187/2187 2189/2189
f 2189/2189 2086/2086 2188/2188
f 2187/2187 2190/2190 2189/2189
f 2191/2191 2187/2187 2192/2192
f 2193/2193 2187/2187 2186/2186
f 2192/2192 2187/2187 2193/2193
f 2187/2187 2191/2191 2194/2194
f 2187/2187 2194/2194 2190/2190
f 2185/2185 2193/2193 2186/2186
f 2185/2185 649/649 2193/2193
f 650/650 2193/2193 649/649
f 650/650 2195/2195 2193/2193
f 2193/2193 2195/2195 2192/2192
f 2195/2195 2191/2191 2192/2192
f 2195/2195 650/650 2191/2191
f 2191/2191 650/650 2196/2196
f 2191/2191 2196/2196 2194/2194
f 2196/2196 2197/2197 2194/2194
f 2197/2197 2190/2190 2194/2194
f 2198/2198 2190/2190 2199/2199
f 2200/2200 2201/2201 2190/2190
f 2200/2200 2190/2190 2197/2197
f 2189/2189 2190/2190 2198/2198
f 2201/2201 2199/2199 2190/2190
f 2202/2202 2203/2203 2189/2189
f 2203/2203 2086/2086 2189/2189
f 2202/2202 2189/2189 2198/2198
f 2086/2086 2203/2203 2065/2065
f 2202/2202 2065/2065 2203/2203
f 2198/2198 2065/2065 2202/2202
f 2198/2198 2204/2204 2065/2065
f 2204/2204 2198/2198 2064/2064
f 2198/2198 2205/2205 2064/2064
f 2205/2205 2198/2198 2199/2199
f 2205/2205 2199/2199 2206/2206
f 2207/2207 2206/2206 2199/2199
f 2199/2199 2201/2201 2207/2207
f 2200/2200 2208/2208 2201/2201
f 2208/2208 2209/2209 2201/2201
f 2201/2201 2209/2209 2207/2207
f 2210/2210 2200/2200 2211/2211
f 2200/2200 2197/2197 2211/2211
f 2200/2200 2210/2210 2208/2208
f 2196/2196 2211/2211 2197/2197
f 650/650 2211/2211 2196/2196
f 2210/2210 2211/2211 650/650
f 650/650 651/651 2210/2210
f 651/651 2208/2208 2210/2210
f 651/651 2209/2209 2208/2208
f 2209/2209 651/651 2212/2212
f 2209/2209 2212/2212 2213/2213
f 2213/2213 2207/2207 2209/2209
f 2214/2214 2215/2215 2207/2207
f 2215/2215 2206/2206 2207/2207
f 2207/2207 2213/2213 2216/2216
f 2217/2217 2207/2207 2216/2216
f 2217/2217 2214/2214 2207/2207
f 2218/2218 2206/2206 2215/2215
f 2218/2218 2219/2219 2206/2206
f 2219/2219 2205/2205 2206/2206
f 2205/2205 2219/2219 2064/2064
f 2204/2204 2064/2064 2065/2065
f 2219/2219 2066/2066 2064/2064
f 2218/2218 2066/2066 2219/2219
f 2218/2218 2220/2220 2066/2066
f 2220/2220 2218/2218 2215/2215
f 2220/2220 2215/2215 2214/2214
f 2221/2221 2220/2220 2214/2214
f 2221/2221 2214/2214 2222/2222
f 2214/2214 2223/2223 2222/2222
f 2214/2214 2217/2217 2223/2223
f 2216/2216 2224/2224 2217/2217
f 2224/2224 2225/2225 2217/2217
f 2225/2225 2226/2226 2217/2217
f 2217/2217 2226/2226 2223/2223
f 627/627 2224/2224 2216/2216
f 2227/2227 627/627 2216/2216
f 2227/2227 2216/2216 2213/2213
f 2212/2212 2227/2227 2213/2213
f 651/651 627/627 2212/2212
f 2212/2212 627/627 2227/2227
f 2224/2224 627/627 2225/2225
f 627/627 626/626 2225/2225
f 2225/2225 626/626 2226/2226
f 2226/2226 626/626 2228/2228
f 2226/2226 2228/2228 2229/2229
f 2229/2229 2223/2223 2226/2226
f 2230/2230 2222/2222 2223/2223
f 2229/2229 2230/2230 2223/2223
f 2231/2231 2221/2221 2222/2222
f 2222/2222 2230/2230 2231/2231
f 2221/2221 2232/2232 2066/2066
f 2221/2221 2066/2066 2220/2220
f 2231/2231 2232/2232 2221/2221
f 2232/2232 2063/2063 2066/2066
f 2233/2233 2232/2232 2231/2231
f 2234/2234 2063/2063 2232/2232
f 2232/2232 2233/2233 2235/2235
f 2232/2232 2235/2235 2234/2234
f 2231/2231 2230/2230 2233/2233
f 2233/2233 2230/2230 2236/2236
f 2237/2237 2230/2230 2229/2229
f 2237/2237 2236/2236 2230/2230
f 2228/2228 2238/2238 2229/2229
f 2229/2229 2238/2238 2237/2237
f 2238/2238 2228/2228 625/625
f 626/626 625/625 2228/2228
f 2238/2238 625/625 2239/2239
f 2237/2237 2238/2238 2239/2239
f 2240/2240 2237/2237 2239/2239
f 2237/2237 2240/2240 2236/2236
f 2241/2241 2236/2236 2240/2240
f 2241/2241 2235/2235 2236/2236
f 2235/2235 2233/2233 2236/2236
f 2234/2234 2235/2235 2241/2241
f 2234/2234 2242/2242 2063/2063
f 2243/2243 2234/2234 2244/2244
f 2234/2234 2241/2241 2244/2244
f 2245/2245 2242/2242 2234/2234
f 2245/2245 2234/2234 2243/2243
f 2242/2242 2062/2979 2063/2063
f 2242/2998 2246/2246 2061/2061
f 2242/2998 2061/2061 2062/2062
f 2247/2247 2246/2246 2242/2998
f 2245/2245 2247/2999 2242/2242
f 2248/2248 2245/2245 2243/2243
f 2248/2248 2249/2249 2245/2245
f 2249/2249 2250/2250 2245/2245
f 2251/2251 2252/2252 2245/2245
f 2251/2251 2245/2245 2250/2250
f 2252/2252 2253/2253 2245/2245
f 2253/2253 2254/2254 2245/2245
f 2254/2254 2247/2999 2245/2245
f 2255/2255 2248/2248 2243/2243
f 2255/2255 2243/2243 2256/2256
f 2256/2256 2243/2243 2257/2257
f 2257/2257 2243/2243 2258/2258
f 2243/2243 2244/2244 2258/2258
f 2258/2258 2244/2244 2241/2241
f 2258/2258 2241/2241 2240/2240
f 2257/2257 2258/2258 2240/2240
f 2257/2257 2240/2240 2259/2259
f 2260/2260 2240/2240 2261/2261
f 2261/2261 2240/2240 2239/2239
f 2240/2240 2260/2260 2262/2262
f 2262/2262 2259/2259 2240/2240
f 625/625 2263/2263 2239/2239
f 2239/2239 2263/2263 2261/2261
f 2264/2264 625/625 607/607
f 2263/2263 625/625 2264/2264
f 2261/2261 2263/2263 2264/2264
f 2261/2261 2264/2264 2260/2260
f 2260/2260 2264/2264 2265/2265
f 2265/2265 2262/2262 2260/2260
f 2259/2259 2262/2262 2256/2256
f 2266/2266 2262/2262 2265/2265
f 2256/2256 2262/2262 2255/2255
f 2266/2266 2255/2255 2262/2262
f 2249/2249 2248/2248 2255/2255
f 2249/2249 2255/2255 2267/2267
f 2255/2255 2266/2266 2267/2267
f 2250/2250 2249/2249 2267/2267
f 2267/2267 2268/2268 2250/2250
f 2251/2251 2250/2250 2268/2268
f 2269/2269 2252/2252 2251/2251
f 2269/2269 2251/2251 2270/2270
f 2251/2251 2271/2271 2270/2270
f 2271/2271 2251/2251 2268/2268
f 2252/2252 2269/2269 2253/2253
f 2269/2269 2272/2272 2253/2253
f 2254/2254 2253/2253 2273/2273
f 2253/2253 2272/2272 2274/2274
f 2253/2253 2274/2274 2273/2273
f 2275/2275 2247/2999 2254/2254
f 2276/2276 2275/2275 2254/2254
f 2276/2276 2254/2254 2273/2273
f 2273/3001 2277/2277 2276/3000
f 2273/3001 2278/2278 2277/2277
f 2278/3002 2273/2273 2274/2274
f 2278/3002 2274/2274 2279/2279
f 2274/2274 2272/2272 2279/2279
f 2272/2272 2269/2269 2270/2270
f 2279/2279 2272/2272 2270/2270
f 2280/2280 2840/2840 2281/2281
f 2270/2270 2271/2271 2279/2279
f 2282/2282 2283/2283 2271/3003
f 2283/2283 2284/2284 2271/3003
f 2271/3003 2284/2284 2285/2285
f 2279/2279 2271/2271 2285/3004
f 2268/3005 2282/2282 2271/3003
f 2845/2845 2846/2846 2847/2847
f 2267/2267 2266/2266 2268/2268
f 2282/2282 2268/3005 2280/3006
f 2266/2266 2281/2281 2268/2268
f 2265/2265 2286/2286 2266/2266
f 2286/2286 2287/2287 2266/2266
f 2287/2287 2288/2288 2266/2266
f 2288/2288 2281/2281 2266/2266
f 2265/2265 2264/2264 2286/2286
f 2264/2264 607/607 2286/2286
f 2288/2288 607/607 606/606
f 607/607 2288/2288 2287/2287
f 2286/2286 607/607 2287/2287
f 2288/2288 606/606 2281/2281
f 2281/2281 606/606 2280/2280
f 605/3007 2282/2282 2280/3006
f 605/3007 2280/3006 606/3008
f 2283/2283 2282/2282 605/3007
f 2283/2283 604/3009 2284/2284
f 604/3009 2283/2283 605/3007
f 2289/2289 2284/2284 604/3009
f 2284/2284 2289/2289 2290/2290
f 2290/2290 2285/2285 2284/2284
f 2291/2291 2292/2292 2285/2285
f 2291/2291 2285/2285 2290/2290
f 2278/2278 2285/2285 2293/2293
f 2285/3004 2278/3002 2279/2279
f 2293/2293 2285/2285 2292/2292
f 2277/2277 2278/2278 2293/2293
f 2277/2277 2294/2294 2276/3000
f 2293/2293 2294/2294 2277/2277
f 2276/3000 2295/2295 2275/3010
f 2296/2296 2295/2295 2276/3000
f 2296/2296 2276/3000 2297/2297
f 2276/3000 2294/2294 2298/2298
f 2276/3000 2298/2298 2297/2297
f 2298/2298 2294/2294 2299/2299
f 2294/2294 2300/2300 2299/2299
f 2293/2293 2300/2300 2294/2294
f 2293/2293 2292/2292 2300/2300
f 2300/2300 2292/2292 2301/2301
f 2292/2292 2291/2291 2302/2302
f 2292/2292 2302/2302 2301/2301
f 2303/2303 2291/2291 2290/2290
f 2303/2303 2304/2304 2291/2291
f 2304/2304 2305/2305 2291/2291
f 2305/2305 2302/2302 2291/2291
f 2289/2289 2306/2306 2290/2290
f 2306/2306 2303/2303 2290/2290
f 603/3011 2306/2306 2289/2289
f 603/3011 2289/2289 604/3009
f 2306/2306 603/3011 2303/2303
f 603/3011 2307/2307 2303/2303
f 2307/2307 2304/2304 2303/2303
f 2304/2304 2307/2307 2305/2305
f 2305/2305 2307/2307 2308/2308
f 2305/2305 2308/2308 2302/2302
f 2302/2302 2308/2308 2309/2309
f 2302/2302 2309/2309 2310/2310
f 2301/2301 2302/2302 2310/2310
f 2311/2311 2301/2301 2310/2310
f 2300/2300 2301/2301 2311/2311
f 2312/2312 2298/2298 2300/2300
f 2298/2298 2299/2299 2300/2300
f 2312/2312 2300/2300 2311/2311
f 2297/2297 2298/2298 2296/2296
f 2298/2298 2312/2312 2296/2296
f 2313/2313 2295/2295 2296/2296
f 2314/2314 2313/2313 2296/2296
f 2314/2314 2296/2296 2315/2315
f 2315/2315 2296/2296 2312/2312
f 2295/2295 165/165 2275/3010
f 163/2876 165/165 2295/2295
f 163/2876 2295/2295 2313/2313
f 2313/3012 2316/2316 163/163
f 2317/2317 2316/2316 2313/3012
f 2314/2314 2318/2318 2313/2313
f 2318/2318 2319/2319 2313/2313
f 2320/2320 2321/2321 2313/3012
f 2320/3013 2313/2313 2319/2319
f 2321/2321 2317/2317 2313/3012
f 2322/2322 2314/2314 2315/2315
f 2323/2323 2314/2314 2322/2322
f 2324/2324 2314/2314 2323/2323
f 2318/2318 2314/2314 2324/2324
f 2322/2322 2315/2315 2325/2325
f 2315/2315 2312/2312 2325/2325
f 2311/2311 2325/2325 2312/2312
f 2326/2326 2327/2327 2311/2311
f 2327/2327 2323/2323 2311/2311
f 2323/2323 2322/2322 2311/2311
f 2326/2326 2311/2311 2310/2310
f 2311/2311 2322/2322 2325/2325
f 2309/2309 2328/2328 2310/2310
f 2328/2328 2326/2326 2310/2310
f 2309/2309 2308/2308 2328/2328
f 2308/2308 2307/2307 2329/2329
f 2308/2308 2329/2329 2328/2328
f 2307/2307 2330/2330 2329/2329
f 603/3011 2330/2330 2307/2307
f 2330/3014 603/603 602/602
f 2330/3014 602/602 2331/2331
f 2330/2330 2332/2332 2333/2333
f 2331/2331 2332/3015 2330/3014
f 2333/2333 2334/2334 2330/2330
f 2329/2329 2330/2330 2334/2334
f 2329/2329 2335/2335 2336/2336
f 2335/2335 2329/2329 2337/2337
f 2329/2329 2334/2334 2337/2337
f 2328/2328 2329/2329 2336/2336
f 2328/2328 2336/2336 2338/2338
f 2328/2328 2338/2338 2326/2326
f 2326/2326 2338/2338 2327/2327
f 2323/2323 2327/2327 2324/2324
f 2324/2324 2327/2327 2318/2318
f 2327/2327 2339/2339 2318/2318
f 2327/2327 2338/2338 2339/2339
f 2319/2319 2318/2318 2339/2339
f 2320/3013 2319/2319 2340/2340
f 2340/2340 2319/2319 2339/2339
f 2321/2321 2320/2320 2317/2317
f 2320/2320 2341/2341 2317/2317
f 2341/2341 2320/2320 2340/3016
f 2341/2341 2340/3016 2342/2342
f 2343/2343 2340/2340 2339/2339
f 2340/2340 2343/2343 2342/3017
f 2343/2343 2339/2339 2338/2338
f 2336/2336 2335/2335 2338/2338
f 2335/2335 2344/2344 2338/2338
f 2344/2344 2343/2343 2338/2338
f 2335/2335 2337/2337 2344/2344
f 2337/2337 2334/2334 2345/2345
f 2337/2337 2345/2345 2344/2344
f 2333/2333 2345/2345 2334/2334
f 2346/2346 2347/2347 2333/2333
f 2346/2346 2333/2333 2332/2332
f 2347/2347 2348/2348 2333/2333
f 2333/2333 2348/2348 2345/2345
f 2331/2331 2349/2349 2332/3015
f 2332/2332 2349/3018 2350/2350
f 2346/2346 2332/2332 2350/2350
f 601/601 2351/2351 2331/2331
f 2351/2351 2352/2352 2331/2331
f 602/602 601/601 2331/2331
f 2331/2331 2352/2352 2349/2349
f 2349/2349 2352/2352 2353/2353
f 2349/3018 2354/2354 2355/2355
f 2349/3018 2355/2355 2350/2350
f 2354/2354 2349/3018 2353/3019
f 2350/2350 2356/2356 2357/2357
f 2350/2350 2357/2357 2346/2346
f 2356/2356 2350/2350 2355/2355
f 2358/2358 2346/2346 2357/2357
f 2346/2346 2358/2358 2347/2347
f 2348/2348 2347/2347 2359/2359
f 2347/2347 2358/2358 2359/2359
f 2348/2348 2343/2343 2345/2345
f 2343/2343 2348/2348 2359/2359
f 2343/2343 2359/2359 2342/3017
f 2343/2343 2344/2344 2345/2345
f 2342/2342 2360/2360 2341/2341
f 2342/3017 2359/2359 2358/2358
f 2361/2361 2342/2342 2362/2362
f 2342/2342 2358/3020 2362/2362
f 2361/2361 2360/2360 2342/2342
f 2341/2341 2360/2360 2317/2317
f 2363/2363 2317/2317 2360/2360
f 2363/2363 2360/2360 2364/2364
f 2360/2360 2361/2361 2364/2364
f 2364/2364 2361/2361 2365/2365
f 2366/2366 2361/2361 2356/3021
f 2367/2367 2368/2368 2361/2361
f 2368/2368 2365/2365 2361/2361
f 2361/2361 2362/2362 2356/3021
f 2367/2367 2361/2361 2366/2366
f 2356/3021 2355/3022 2366/2366
f 2362/2362 2357/3023 2356/3021
f 2355/3022 2354/3024 2366/2366
f 2354/3024 2353/3025 2369/2369
f 2354/3024 2369/2369 2366/2366
f 2353/2353 2370/2370 2371/2371
f 2369/2369 2353/3025 2372/2372
f 2353/3025 2371/3026 2372/2372
f 2352/2352 2370/2370 2353/2353
f 2352/2352 2373/2373 2370/2370
f 2374/2374 2373/2373 2352/2352
f 2351/2351 2374/2374 2352/2352
f 574/574 2375/2375 2351/2351
f 574/574 2351/2351 601/601
f 2375/2375 2374/2374 2351/2351
f 2374/2374 2376/2376 2373/2373
f 2377/2377 2376/2376 2374/2374
f 2375/2375 2377/2377 2374/2374
f 2373/2373 2378/2378 2370/2370
f 2379/2379 2378/2378 2373/2373
f 2376/2376 2379/2379 2373/2373
f 2370/2370 2380/2380 2371/2371
f 2370/2370 2381/2381 2380/2380
f 2378/2378 2381/2381 2370/2370
f 2382/2382 2371/3026 2383/2383
f 2371/2371 2380/2380 2383/3027
f 2384/2384 2371/3026 2382/2382
f 2384/2384 2385/2385 2371/3026
f 2385/2385 2372/2372 2371/3026
f 2372/2372 2385/2385 2386/2386
f 2386/2386 2387/2387 2372/2372
f 2372/2372 2387/2387 2369/2369
f 2369/2369 2388/2388 2366/2366
f 2388/2388 2369/2369 2387/2387
f 2388/2388 2367/2367 2366/2366
f 2367/2367 2388/2388 2387/2387
f 134/134 2389/2389 2367/2367
f 134/134 2367/2367 2390/2390
f 2389/2389 2368/2368 2367/2367
f 2367/2367 2387/2387 2390/2390
f 2391/2391 2368/2368 133/133
f 2368/2368 2389/2389 133/133
f 2368/2368 2391/2391 2365/2365
f 134/134 133/133 2389/2389
f 135/135 134/134 2390/2390
f 2390/2390 2392/2392 135/135
f 2392/2392 2390/2390 2387/2387
f 2386/2386 2392/2392 2387/2387
f 2385/2385 2393/2393 2386/2386
f 2393/2393 2394/2394 2386/2386
f 2394/2394 2395/2395 2386/2386
f 2395/2395 2392/2392 2386/2386
f 2385/2385 2384/2384 2393/2393
f 2396/2396 2384/2384 2382/2382
f 2396/2396 2393/2393 2384/2384
f 2382/2382 2383/2383 2397/2397
f 2397/2397 2398/2398 2382/2382
f 2399/2399 2382/2382 2398/2398
f 2400/2400 2382/2382 2399/2399
f 2400/2400 2396/2396 2382/2382
f 2380/2380 2401/2401 2383/3027
f 2383/3027 2401/2401 2402/2402
f 2383/3027 2402/2402 2403/2403
f 2383/2383 2403/3028 2397/2397
f 2380/2380 2404/2404 2401/2401
f 2381/2381 2404/2404 2380/2380
f 2378/2378 2405/2405 2381/2381
f 2381/2381 2405/2405 2404/2404
f 2404/2404 2406/2406 2407/2407
f 2401/2401 2404/2404 2408/2408
f 2404/2404 2407/2407 2408/2408
f 2405/2405 2409/2409 2404/2404
f 2409/2409 2406/2406 2404/2404
f 2401/2401 2408/2408 2410/2410
f 2401/2401 2410/2410 2402/2402
f 2402/2402 2410/2410 2411/2411
f 2402/2402 2411/2411 2412/2412
f 2403/2403 2402/2402 2412/2412
f 2413/2413 2403/3028 2412/3029
f 2403/3028 2413/2413 2414/2414
f 2397/2397 2403/3028 2414/2414
f 2415/2415 2397/2397 2416/2416
f 2417/2417 2418/2418 2397/2397
f 2418/2418 2416/2416 2397/2397
f 2417/2417 2397/2397 2414/2414
f 2397/2397 2415/2415 2398/2398
f 2398/2398 2415/2415 2419/2419
f 2420/2420 2399/2399 2398/2398
f 2420/2420 2398/2398 2421/2421
f 2421/2421 2398/2398 2419/2419
f 2400/2400 2399/2399 2420/2420
f 2422/2422 2400/2400 2420/2420
f 2400/2400 2423/2423 2424/2424
f 2400/2400 2424/2424 2396/2396
f 2423/2423 2400/2400 2422/2422
f 2422/2422 2420/2420 2425/2425
f 2420/2420 2421/2421 2425/2425
f 2426/2426 2425/2425 2421/2421
f 2426/2426 2421/2421 2427/2427
f 2427/2427 2421/2421 2419/2419
f 2428/2428 2419/2419 2415/2415
f 2427/2427 2419/2419 2428/2428
f 2415/2415 2429/2429 2428/2428
f 2415/2415 2416/2416 2429/2429
f 2416/2416 2418/2418 2429/2429
f 2417/2417 2430/2430 2418/2418
f 2418/2418 2431/2431 2429/2429
f 2418/2418 2430/2430 2431/2431
f 2417/2417 2414/2414 2432/2432
f 2430/2430 2417/2417 2433/2433
f 2432/2432 2434/2434 2417/2417
f 2434/2434 2433/2433 2417/2417
f 2414/2414 2413/2413 2435/2435
f 2432/2432 2414/2414 2435/2435
f 2413/2413 2412/3029 2436/2436
f 2413/2413 2436/2436 64/3030
f 2435/2435 2413/2413 2437/2437
f 2437/2437 2413/2413 64/3030
f 2438/2438 2435/2435 2437/2437
f 2432/2432 2435/2435 2438/2438
f 2432/2432 2439/2439 2440/2440
f 2439/2439 2432/2432 2438/2438
f 2434/2434 2432/2432 2441/2441
f 2441/2441 2432/2432 2440/2440
f 2433/2433 2434/2434 2442/2442
f 2442/2442 2434/2434 2441/2441
f 2430/2430 2433/2433 2442/2442
f 2442/2442 2443/2443 2430/2430
f 2431/2431 2430/2430 2444/2444
f 2444/2444 2430/2430 2443/2443
f 2445/2445 2431/2431 2444/2444
f 2431/2431 2445/2445 2429/2429
f 2429/2429 2445/2445 2428/2428
f 2445/2445 2446/2446 2428/2428
f 2446/2446 2427/2427 2428/2428
f 2447/2447 2427/2427 2446/2446
f 2448/2448 2427/2427 2447/2447
f 2427/2427 2448/2448 2449/2449
f 2427/2427 2449/2449 2426/2426
f 2450/2450 112/112 2446/2446
f 112/112 2447/2447 2446/2446
f 2446/2446 2445/2445 2450/2450
f 2444/2444 2451/2451 2445/2445
f 2445/2445 106/106 2450/2450
f 2451/2451 103/103 2445/2445
f 103/103 107/107 2445/2445
f 2445/2445 107/107 106/106
f 2451/2451 2444/2444 2443/2443
f 2452/2452 2443/2443 2453/2453
f 2454/2454 2443/2443 2455/2455
f 2441/2441 2443/2443 2442/2442
f 2452/2452 2455/2455 2443/2443
f 2443/2443 2441/2441 2453/2453
f 2454/2454 2451/2451 2443/2443
f 2441/2441 2440/2440 2453/2453
f 2440/2440 2439/2439 2453/2453
f 2439/2439 2438/2438 2456/2456
f 2439/2439 2456/2456 2453/2453
f 2456/2456 2438/2438 2457/2457
f 2457/2457 2438/2438 2437/2437
f 2456/2456 2452/2452 2453/2453
f 2457/2457 2452/2452 2456/2456
f 2458/2458 2452/2452 2459/2459
f 2460/2460 68/68 2452/2452
f 2460/2460 2452/2452 2457/2457
f 2461/2461 2452/2452 2462/2462
f 2452/2452 2458/2458 2463/2463
f 2452/2452 2461/2461 2455/2455
f 2452/2452 68/68 2459/2459
f 2452/2452 2463/2463 2462/2462
f 2461/2461 2464/2464 2455/2455
f 2464/2464 2465/2465 2455/2455
f 2465/2465 2454/2454 2455/2455
f 104/104 2454/2454 102/102
f 2465/2465 102/102 2454/2454
f 104/104 2451/2451 2454/2454
f 103/103 2451/2451 104/104
f 102/102 2465/2465 2464/2464
f 102/102 2464/2464 74/74
f 2461/2461 74/74 2464/2464
f 2466/2466 74/74 2461/2461
f 2466/2466 2461/2461 2462/2462
f 2463/2463 2466/2466 2462/2462
f 2458/2458 72/72 2463/2463
f 72/72 74/74 2463/2463
f 2466/2466 2463/2463 74/74
f 2459/2459 72/72 2458/2458
f 73/73 72/72 2459/2459
f 73/73 2459/2459 69/69
f 2459/2459 68/68 69/69
f 68/68 2460/2460 71/71
f 2457/2457 2437/2437 2460/2460
f 2467/2467 2460/2460 2437/2437
f 2460/2460 2467/2467 71/71
f 2467/2467 66/66 71/71
f 67/67 2467/2467 2437/2437
f 2467/2467 67/67 66/66
f 2437/2437 64/3030 65/2863
f 67/67 2437/2437 65/2863
f 64/64 2436/3031 63/63
f 2436/3031 59/2861 63/63
f 2412/3029 59/3032 2436/2436
f 2412/2412 60/60 59/59
f 2411/2411 60/60 2412/2412
f 2468/2468 86/86 60/60
f 2468/2468 60/60 2411/2411
f 2410/2410 2468/2468 2411/2411
f 2407/2407 2469/2469 2468/2468
f 2468/2468 2469/2469 86/86
f 2408/2408 2407/2407 2468/2468
f 2408/2408 2468/2468 2410/2410
f 2469/2469 85/85 86/86
f 2470/2470 2471/2471 2469/2469
f 2469/2469 2471/2471 85/85
f 2407/2407 2470/2470 2469/2469
f 2406/2406 2470/2470 2407/2407
f 2472/2472 2471/2471 2470/2470
f 2473/2473 2472/2472 2470/2470
f 2406/2406 2473/2473 2470/2470
f 2471/2471 2474/2474 2475/2475
f 2476/2476 2474/2474 2471/2471
f 2472/2472 2476/2476 2471/2471
f 2471/2471 2475/2475 85/85
f 2475/2475 87/87 85/85
f 2475/2475 2477/2477 87/87
f 2474/2474 2477/2477 2475/2475
f 2478/2478 2479/2479 2474/2474
f 2474/2474 2479/2479 2477/2477
f 2478/2478 2474/2474 2476/2476
f 2476/2476 2480/2480 2478/2478
f 2481/2481 2480/2480 2476/2476
f 2482/2482 2481/2481 2476/2476
f 2482/2482 2476/2476 2472/2472
f 2482/2482 2472/2472 2473/2473
f 2483/2483 2484/2484 2473/2473
f 2484/2484 2482/2482 2473/2473
f 2483/2483 2473/2473 2406/2406
f 2409/2409 2483/2483 2406/2406
f 2485/2485 2486/2486 2483/2483
f 2486/2486 2484/2484 2483/2483
f 2485/2485 2483/2483 2409/2409
f 2484/2484 2487/2487 2482/2482
f 2488/2488 2487/2487 2484/2484
f 2486/2486 2488/2488 2484/2484
f 2487/2487 2481/2481 2482/2482
f 2487/2487 2489/2489 2481/2481
f 2481/2481 2489/2489 2480/2480
f 2480/2480 2490/2490 2491/2491
f 2489/2489 2490/2490 2480/2480
f 2480/2480 2491/2491 2478/2478
f 2478/2478 2491/2491 2492/2492
f 2478/2478 2492/2492 2479/2479
f 2492/2492 2493/2493 2479/2479
f 2479/2479 2494/2494 2477/2477
f 2479/2479 2493/2493 2494/2494
f 2477/2477 88/88 87/87
f 2477/2477 2494/2494 88/88
f 2494/2494 2495/2495 88/88
f 2493/2493 2496/2496 2494/2494
f 2494/2494 2496/2496 2495/2495
f 2497/2497 2496/2496 2493/2493
f 2492/2492 2497/2497 2493/2493
f 2491/2491 2498/2498 2492/2492
f 2498/2498 2497/2497 2492/2492
f 2490/2490 2498/2498 2491/2491
f 2499/2499 2498/2498 2490/2490
f 2489/2489 2499/2499 2490/2490
f 456/456 455/455 2489/2489
f 2489/2489 455/455 2499/2499
f 2500/2500 456/456 2489/2489
f 2487/2487 2500/2500 2489/2489
f 2488/2488 2500/2500 2487/2487
f 486/486 2500/2500 2488/2488
f 517/517 486/486 2488/2488
f 517/517 2488/2488 2486/2486
f 2501/2501 517/517 2486/2486
f 2501/2501 2486/2486 2485/2485
f 2502/2502 2501/2501 2485/2485
f 2502/2502 2485/2485 2405/2405
f 2405/2405 2485/2485 2409/2409
f 2502/2502 516/516 2501/2501
f 516/516 517/517 2501/2501
f 2379/2379 2502/2502 2405/2405
f 2503/2503 2502/2502 2379/2379
f 2503/2503 516/516 2502/2502
f 2378/2378 2379/2379 2405/2405
f 2376/2376 2504/2504 2379/2379
f 2504/2504 2503/2503 2379/2379
f 519/519 2503/2503 2504/2504
f 519/519 518/518 2503/2503
f 518/518 515/515 2503/2503
f 2503/2503 515/515 516/516
f 519/519 2504/2504 2376/2376
f 2377/2377 519/519 2376/2376
f 545/545 519/519 2377/2377
f 545/545 2377/2377 2375/2375
f 574/574 545/545 2375/2375
f 486/486 485/485 2500/2500
f 2500/2500 485/485 456/456
f 485/485 454/454 456/456
f 2499/2499 452/452 2505/2505
f 455/455 452/452 2499/2499
f 2499/2499 2505/2505 2498/2498
f 2498/2498 2506/2506 2497/2497
f 2498/2498 2505/2505 2506/2506
f 2506/2506 2496/2496 2497/2497
f 2506/2506 2507/2507 2496/2496
f 2506/2506 2508/2508 2507/2507
f 2505/2505 2508/2508 2506/2506
f 452/452 453/453 2505/2505
f 453/453 428/428 2505/2505
f 2505/2505 428/428 2508/2508
f 2507/2507 2508/2508 2509/2509
f 2508/2508 427/427 2509/2509
f 428/428 427/427 2508/2508
f 2496/2496 2507/2507 2510/2510
f 2507/2507 2511/2511 2510/2510
f 2507/2507 2509/2509 2511/2511
f 2509/2509 426/426 2511/2511
f 2509/2509 427/427 426/426
f 2511/3034 2512/2512 2510/3033
f 2513/2513 2512/2512 2511/3034
f 426/3035 2513/2513 2511/3034
f 2510/3033 2512/2512 2495/3036
f 2496/2496 2510/2510 2495/2495
f 2512/2512 2514/2514 2495/3036
f 2512/2512 2515/2515 2514/2514
f 2512/2512 2513/2513 2515/2515
f 2513/2513 2516/2516 2515/2515
f 2513/2513 2517/2517 2516/2516
f 401/2895 2513/2513 426/3035
f 401/2895 2517/2517 2513/2513
f 2518/2518 2515/2515 2519/2519
f 2515/2515 2520/2520 2519/2519
f 2514/2514 2515/2515 2518/2518
f 2515/2515 2516/2516 2520/2520
f 2521/2521 2514/2514 2518/2518
f 2514/2514 89/89 2495/3036
f 89/89 2514/2514 2521/2521
f 2495/3036 89/89 88/2868
f 89/89 2521/2521 90/90
f 90/90 2521/2521 149/149
f 2521/2521 2522/2522 149/149
f 2521/2521 2518/2518 2522/2522
f 2518/2518 2519/2519 2522/2522
f 2522/2522 2519/2519 2523/2523
f 2519/2519 2520/2520 2524/2524
f 2519/2519 2524/2524 2523/2523
f 2516/2516 2525/2525 2520/2520
f 2525/2525 2526/2526 2520/2520
f 2520/2520 2526/2526 2524/2524
f 2516/2516 2517/2517 2525/2525
f 402/402 2517/2517 401/2895
f 2517/2517 402/402 2525/2525
f 2525/2525 2527/2527 2526/2526
f 402/402 2527/2527 2525/2525
f 2524/2524 2526/2526 208/208
f 2526/2526 209/209 208/208
f 2526/2526 2527/2527 2528/2528
f 2526/2526 2528/2528 210/210
f 2526/2526 210/210 209/209
f 2523/2523 2524/2524 179/179
f 2524/2524 208/208 179/179
f 150/150 2523/2523 178/178
f 2522/2522 2523/2523 150/150
f 2523/2523 179/179 178/178
f 149/149 2522/2522 150/150
f 90/90 149/149 92/92
f 2528/2528 238/238 210/210
f 2527/2527 2529/2529 2528/2528
f 2529/2529 2530/2530 2528/2528
f 2528/2528 2530/2530 238/238
f 2527/2527 399/399 2529/2529
f 402/402 399/399 2527/2527
f 2529/2529 375/375 2530/2530
f 399/399 375/375 2529/2529
f 2530/2530 2531/2531 238/238
f 2530/2530 2532/2532 2531/2531
f 375/375 2532/2532 2530/2530
f 238/238 2531/2531 237/237
f 2531/2531 239/239 237/237
f 2532/2532 320/320 2531/2531
f 2531/2531 293/293 239/239
f 320/320 293/293 2531/2531
f 375/375 348/348 2532/2532
f 348/348 320/320 2532/2532
f 70/70 73/73 69/69
f 2450/2450 106/106 105/105
f 2450/2450 105/105 112/112
f 112/112 111/111 2447/2447
f 111/111 110/110 2448/2448
f 111/111 2448/2448 2447/2447
f 2842/2842 2533/2533 2848/2848
f 2448/2448 110/110 2534/2534
f 2449/2449 2448/2448 2534/2534
f 109/109 2535/2535 110/110
f 110/110 2536/2536 2534/2534
f 2536/2536 110/110 2535/2535
f 2534/2534 2536/2536 2426/2426
f 2449/2449 2534/2534 2426/2426
f 2535/2535 2537/2537 2536/2536
f 2426/2426 2536/2536 2537/2537
f 109/109 2538/2538 2535/2535
f 2538/2538 2537/2537 2535/2535
f 108/108 2539/2539 109/109
f 2539/2539 2538/2538 109/109
f 2537/2537 2538/2538 2540/2540
f 2538/2538 2539/2539 2540/2540
f 2541/2541 2537/2537 2540/2540
f 2541/2541 2426/2426 2537/2537
f 2425/2425 2426/2426 2422/2422
f 2422/2422 2426/2426 2542/2542
f 2426/2426 2541/2541 2542/2542
f 2543/2543 2424/2424 2541/2541
f 2543/2543 2541/2541 2544/2544
f 2424/2424 2423/2423 2541/2541
f 2423/2423 2542/2542 2541/2541
f 2544/2544 2541/2541 2395/2395
f 2541/2541 2540/2540 2395/2395
f 2395/2395 2540/2540 2392/2392
f 2545/2545 2540/2540 2539/2539
f 2540/2540 2545/2545 2392/2392
f 2539/2539 108/108 136/136
f 2539/2539 136/136 2545/2545
f 136/136 135/135 2545/2545
f 2545/2545 135/135 2392/2392
f 2394/2394 2544/2544 2395/2395
f 2394/2394 2543/2543 2544/2544
f 2394/2394 2396/2396 2543/2543
f 2543/2543 2396/2396 2424/2424
f 2396/2396 2394/2394 2393/2393
f 2423/2423 2422/2422 2542/2542
f 2844/2844 2843/2843 2841/2841
f 133/133 132/132 2391/2391
f 132/132 163/163 2316/2316
f 2391/2391 132/132 2316/2316
f 2546/2546 2363/2363 2391/2391
f 2363/2363 2365/2365 2391/2391
f 2546/2546 2391/2391 2317/2317
f 2317/2317 2391/2391 2316/2316
f 2363/2363 2546/2546 2317/2317
f 2365/2365 2363/2363 2364/2364
f 2362/2362 2358/3020 2357/3023
f 165/165 2547/2547 2548/2548
f 165/165 194/194 2547/2547
f 164/164 194/194 165/165
f 165/165 2548/2548 2275/3010
f 2548/2548 2547/2547 2549/2549
f 2547/2547 2550/2550 2549/2549
f 2547/2547 2551/2551 2550/2550
f 2547/2547 194/194 2551/2551
f 2548/2548 2549/2549 2247/2247
f 2275/3010 2548/2548 2247/2247
f 2247/2247 2549/2549 2246/2246
f 2549/2549 2552/2552 2246/2246
f 2549/2549 2550/2550 2552/2552
f 2550/2550 2553/2553 2552/2552
f 2550/2550 2554/2554 2553/2553
f 2551/2551 2554/2554 2550/2550
f 2551/2551 195/195 2554/2554
f 193/193 195/195 2551/2551
f 194/194 193/193 2551/2551
f 2554/2554 2555/2555 2556/2556
f 2554/2554 2556/2556 2553/2553
f 195/195 2555/2555 2554/2554
f 2553/2553 2556/2556 2557/2557
f 2553/2553 2557/2557 2558/2558
f 2552/2552 2553/2553 2558/2558
f 2246/2246 2552/2552 2558/2558
f 2246/2246 2558/2558 2061/2061
f 2558/2558 2557/2557 2559/2559
f 2558/2558 2559/2559 2060/2060
f 2061/2061 2558/2558 2060/2060
f 2556/2556 2560/2560 2557/2557
f 2557/2557 2560/2560 2004/2004
f 2557/2557 2004/2004 2005/2005
f 2557/2557 2005/2005 2559/2559
f 2555/2555 2560/2560 2556/2556
f 196/196 225/3037 2555/2555
f 2555/2555 225/3037 2560/2560
f 195/195 196/196 2555/2555
f 2560/2560 225/3037 1980/2965
f 2560/2560 1980/2965 2004/2004
f 225/225 224/224 1980/1980
f 196/2879 222/222 225/225
f 2559/2559 2005/2005 2006/2006
f 2559/2559 2006/2006 2030/2030
f 2060/2060 2559/2559 2030/2030
f 2256/2256 2257/2257 2259/2259
f 2167/2167 679/679 681/681
f 2167/2167 2165/2165 679/679
f 2165/2165 2167/2167 2166/2166
f 2561/2561 680/680 679/679
f 679/679 2162/2162 2158/2158
f 679/679 2158/2158 2561/2561
f 2162/2162 679/679 2164/2164
f 2165/2165 2164/2164 679/679
f 2561/2561 2562/2562 2563/2563
f 2561/2561 2563/2563 680/680
f 2562/2562 2561/2561 2158/2158
f 2563/2563 2564/2564 680/680
f 2564/2564 705/705 680/680
f 2563/2563 2160/2160 2564/2564
f 2160/2160 2563/2563 2157/2157
f 2562/2562 2157/2157 2563/2563
f 2157/2157 2562/2562 2156/2156
f 2562/2562 2158/2158 2156/2156
f 2160/2160 2565/2565 2564/2564
f 2565/2565 2160/2160 2161/2161
f 1335/1335 2564/2564 1361/1361
f 1361/1361 2564/2564 2566/2566
f 1335/1335 2567/2567 2564/2564
f 2564/2564 2567/2567 705/705
f 2564/2564 2565/2565 2568/2568
f 2564/2564 2568/2568 2566/2566
f 2567/2567 706/706 705/705
f 1335/1335 2569/2569 2567/2567
f 2569/2569 2570/2570 2567/2567
f 2567/2567 2570/2570 706/706
f 1334/1334 2569/2569 1335/1335
f 1334/1334 2571/2571 2569/2569
f 2569/2569 2571/2571 2570/2570
f 2570/2570 2572/2572 707/707
f 2570/2570 707/707 706/706
f 2571/2571 2572/2572 2570/2570
f 1333/1333 2573/2573 2571/2571
f 1334/1334 1333/1333 2571/2571
f 2573/2573 2572/2572 2571/2571
f 2572/2572 732/732 707/707
f 2572/2572 2574/2574 732/732
f 2573/2573 2574/2574 2572/2572
f 2575/2575 2573/2573 1333/1333
f 2573/2573 2576/2576 2574/2574
f 2575/2575 2576/2576 2573/2573
f 1332/1332 2575/2575 1333/1333
f 1332/1332 1304/1304 2575/2575
f 1304/1304 1303/1303 2575/2575
f 1303/1303 2576/2576 2575/2575
f 2576/2576 764/764 762/762
f 2576/2576 762/762 2574/2574
f 1303/1303 764/764 2576/2576
f 2574/2574 733/733 732/732
f 762/762 733/733 2574/2574
f 1301/1301 764/764 1303/1303
f 1301/1301 791/791 764/764
f 1302/1302 1304/1304 1332/1332
f 1302/1302 1332/1332 1305/1305
f 1361/1361 2566/2566 2577/2577
f 2577/2577 2566/2566 2568/2568
f 1361/1361 2578/2578 1384/1384
f 2578/2578 1361/1361 2577/2577
f 2578/2578 2577/2577 2579/2579
f 2580/2580 2577/2577 2568/2568
f 2577/2577 2161/2161 1385/1385
f 2577/2577 1385/1385 2579/2579
f 2161/2161 2577/2577 2580/2580
f 1384/1384 2578/2578 2579/2579
f 1385/1385 1384/1384 2579/2579
f 2161/2161 2163/2994 1385/1385
f 2163/2994 2581/2581 1385/1385
f 2581/2581 1388/1388 1385/1385
f 2568/2568 2565/2565 2161/2161
f 2568/2568 2161/2161 2580/2580
f 2582/2582 1388/1388 2581/2581
f 2582/2582 1386/1386 1388/1388
f 2583/2583 2584/2584 2581/3038
f 2583/2583 2581/3038 2163/2163
f 2584/2584 2582/3039 2581/3038
f 2159/2159 2583/2583 2163/2163
f 2583/2583 2585/2585 2586/2586
f 2583/2583 2586/2586 2584/2584
f 2159/2159 2585/2585 2583/2583
f 2582/3039 2584/2584 2586/2586
f 2582/3039 2587/2587 1386/3040
f 2587/2587 2582/3039 2586/2586
f 1386/3040 2587/2587 1387/3041
f 2587/2587 2586/2586 1390/1390
f 2587/2587 1390/1390 1387/3041
f 2133/2133 1390/1390 2586/2586
f 2585/2585 2133/2133 2586/2586
f 2585/2585 2159/2159 2588/2588
f 2585/2585 2588/2588 2133/2133
f 2588/2588 2159/2159 2155/2155
f 2133/2133 2588/2588 2154/2154
f 2154/2154 2588/2588 2155/2155
f 2107/2107 2589/2589 2133/2133
f 2589/2589 1415/1415 2133/2133
f 2133/2133 1415/1415 1390/1390
f 1387/3041 1390/1390 1389/2927
f 2590/2590 1415/1415 2589/2589
f 2590/2590 2591/2591 1415/1415
f 1415/1415 2591/2591 1414/1414
f 2107/2107 2592/2592 2589/2589
f 2592/2592 2590/2590 2589/2589
f 2593/2593 2592/2592 2107/2107
f 2105/2105 2593/2593 2107/2107
f 2593/2593 2594/2594 2592/2592
f 2592/2592 2594/2594 2595/2595
f 2592/2592 2595/2595 2590/2590
f 2590/2590 2595/2595 2591/2591
f 2595/2595 2596/2596 2591/2591
f 2591/2591 2596/2596 2597/2597
f 2591/2591 2597/2597 1414/1414
f 1414/1414 2597/2597 1413/1413
f 2597/2597 2596/2596 1564/1564
f 2597/2597 1564/1564 1562/1562
f 2597/2597 1562/1562 1413/1413
f 2595/2595 2598/2598 2596/2596
f 2598/2598 2599/2599 2596/2596
f 2596/2596 2600/2600 1564/1564
f 2599/2599 2600/2600 2596/2596
f 2594/2594 2598/2598 2595/2595
f 2593/2593 2074/2074 2594/2594
f 2594/2594 2074/2074 2598/2598
f 2075/2075 2593/2593 2105/2105
f 2075/2075 2074/2074 2593/2593
f 2074/2074 2601/2601 2598/2598
f 2074/2074 2073/2073 2601/2601
f 2598/2598 2601/2601 2599/2599
f 2599/2599 2602/2602 2603/2603
f 2599/2599 2603/2603 2600/2600
f 2601/2601 2602/2602 2599/2599
f 2600/2600 2604/2604 1563/1563
f 2603/2603 2604/2604 2600/2600
f 2600/2600 1563/1563 1564/1564
f 2603/2603 1567/1567 2604/2604
f 2603/2603 2605/2605 1567/1567
f 2602/2602 2605/2605 2603/2603
f 2606/2606 2605/2605 2602/2602
f 2601/2601 2606/2606 2602/2602
f 2073/2073 2606/2606 2601/2601
f 2048/2048 2606/2606 2073/2073
f 2606/2606 2607/2607 2605/2605
f 2046/2046 2607/2607 2606/2606
f 2048/2048 2046/2046 2606/2606
f 2605/2605 1614/1614 1586/1586
f 1567/1567 2605/2605 1586/1586
f 2605/2605 1615/1615 1614/1614
f 2607/2607 1615/1615 2605/2605
f 2604/2604 1567/1567 1565/1565
f 2604/2604 1565/1565 1563/1563
f 2608/2608 1616/1616 1615/1615
f 2607/2607 2609/2609 1615/1615
f 2609/2609 2608/2608 1615/1615
f 2046/2046 2609/2609 2607/2607
f 2046/2046 2045/2045 2609/2609
f 2048/2048 2047/2047 2046/2046
f 2609/2609 2045/2045 2608/2608
f 1644/1644 1616/1616 2608/2608
f 2044/2044 1644/1644 2608/2608
f 2045/2045 2044/2044 2608/2608
f 2044/2044 1645/1645 1644/1644
f 1413/1413 1562/1562 1416/1416
f 2124/2988 2126/3042 2138/2990
f 1499/1499 1500/1500 2610/2610
f 1244/1244 2610/2610 1500/1500
f 1245/1245 1248/1248 1499/1499
f 1499/1499 2610/2610 1245/1245
f 1243/1243 1245/1245 2610/2610
f 1243/1243 2610/2610 1244/1244
f 1242/1242 1245/1245 1243/1243
f 1241/1241 1245/1245 1242/1242
f 1294/1294 819/819 820/820
f 1293/1293 2611/2611 1294/1294
f 2611/2611 2612/2612 1294/1294
f 2612/2612 823/823 1294/1294
f 1294/1294 823/823 819/819
f 1292/1292 2611/2611 1293/1293
f 1292/1292 2613/2613 2611/2611
f 2613/2613 2614/2614 2611/2611
f 2611/2611 2614/2614 2612/2612
f 2614/2614 2615/2615 2612/2612
f 2612/2612 2615/2615 823/823
f 2615/2615 847/847 823/823
f 2614/2614 2616/2616 2615/2615
f 2615/2615 2616/2616 848/848
f 2615/2615 848/848 847/847
f 2613/2613 2617/2617 2614/2614
f 2614/2614 2617/2617 2616/2616
f 2618/2618 2619/2619 2613/2613
f 2618/2618 2613/2613 2620/2620
f 2613/2613 2619/2619 2617/2617
f 2620/2620 2613/2613 1292/1292
f 1291/1291 2620/2620 1292/1292
f 1290/1290 2618/2618 2620/2620
f 1291/1291 1290/1290 2620/2620
f 2621/2621 2622/2622 2618/2618
f 2621/2621 2618/2618 1290/1290
f 2618/2618 2622/2622 2619/2619
f 2622/2622 2623/2623 2619/2619
f 2619/2619 2624/2624 2617/2617
f 2619/2619 2623/2623 2624/2624
f 2624/2624 2625/2625 2617/2617
f 2617/2617 2625/2625 2616/2616
f 2616/2616 2625/2625 848/848
f 2625/2625 849/849 848/848
f 2625/2625 2626/2626 849/849
f 2625/2625 2627/2627 2626/2626
f 2624/2624 2627/2627 2625/2625
f 2623/2623 2627/2627 2624/2624
f 2623/2623 2628/2628 2627/2627
f 2622/2622 2628/2628 2623/2623
f 2629/2629 2628/2628 2622/2622
f 2630/2630 2629/2629 2622/2622
f 2621/2621 2630/2630 2622/2622
f 2631/2631 2630/2630 2621/2621
f 1289/1289 2631/2631 2621/2621
f 1289/1289 2621/2621 1290/1290
f 2632/2632 2630/2630 2631/2631
f 2632/2632 2629/2629 2630/2630
f 2629/2629 2633/2633 2628/2628
f 2634/2634 2633/2633 2629/2629
f 2635/2635 2634/2634 2629/2629
f 2632/2632 2635/2635 2629/2629
f 2628/2628 2636/2636 2627/2627
f 2633/2633 2636/2636 2628/2628
f 2637/2637 2626/2626 2627/2627
f 2636/2636 2637/2637 2627/2627
f 2626/2626 850/850 849/849
f 2626/2626 851/851 850/850
f 2626/2626 2638/2638 851/851
f 2637/2637 2638/2638 2626/2626
f 2637/2637 2639/2639 2638/2638
f 2636/2636 2639/2639 2637/2637
f 2633/2633 2639/2639 2636/2636
f 2640/2640 2639/2639 2633/2633
f 2634/2634 2640/2640 2633/2633
f 2641/2641 2640/2640 2634/2634
f 2635/2635 2641/2641 2634/2634
f 2642/2642 2635/2635 2632/2632
f 2643/2643 2641/2641 2635/2635
f 2642/2642 2643/2643 2635/2635
f 2644/2644 2632/2632 2631/2631
f 2645/2645 2632/2632 2644/2644
f 2645/2645 2642/2642 2632/2632
f 1288/1288 2644/2644 2631/2631
f 1288/1288 2631/2631 1289/1289
f 2646/2646 2644/2644 1288/1288
f 2646/2646 2645/2645 2644/2644
f 2647/2647 2642/2642 2645/2645
f 2648/2648 2647/2647 2645/2645
f 2648/2648 2645/2645 2646/2646
f 2649/2649 2643/2643 2642/2642
f 2647/2647 2649/2649 2642/2642
f 2650/2650 2651/2651 2643/2643
f 2643/2643 2651/2651 2641/2641
f 2649/2649 2650/2650 2643/2643
f 2651/2651 2652/2652 2641/2641
f 2652/2652 2653/2653 2641/2641
f 2641/2641 2653/2653 2640/2640
f 2653/2653 2654/2654 2640/2640
f 2640/2640 2654/2654 2639/2639
f 2639/2639 882/882 2638/2638
f 2639/2639 2654/2654 882/882
f 2638/2638 852/852 851/851
f 882/882 852/852 2638/2638
f 2654/2654 881/881 882/882
f 2653/2653 2655/2655 2654/2654
f 2655/2655 881/881 2654/2654
f 2652/2652 2656/2656 2653/2653
f 2656/2656 2655/2655 2653/2653
f 2651/2651 2657/2657 2652/2652
f 2657/2657 2658/2658 2652/2652
f 2658/2658 2656/2656 2652/2652
f 2659/2659 2657/2657 2651/2651
f 2650/2650 2659/2659 2651/2651
f 2660/2660 2659/2659 2650/2650
f 2660/2660 2650/2650 2649/2649
f 2647/2647 2660/2660 2649/2649
f 2661/2661 2660/2660 2647/2647
f 2648/2648 2662/2662 2647/2647
f 2662/2662 2661/2661 2647/2647
f 2663/2663 2648/2648 2646/2646
f 2663/2663 2662/2662 2648/2648
f 1287/1287 2646/2646 1288/1288
f 2663/2663 2646/2646 1287/1287
f 1286/1286 2663/2663 1287/1287
f 2664/2664 2663/2663 1286/1286
f 2665/2665 2662/2662 2663/2663
f 2665/2665 2663/2663 2664/2664
f 2666/2666 2661/2661 2662/2662
f 2666/2666 2662/2662 2665/2665
f 2667/2667 2660/2660 2661/2661
f 2668/2668 2667/2667 2661/2661
f 2666/2666 2668/2668 2661/2661
f 2667/2667 2669/2669 2660/2660
f 2669/2669 2659/2659 2660/2660
f 2669/2669 2670/2670 2659/2659
f 2670/2670 2671/2671 2659/2659
f 2659/2659 2672/2672 2657/2657
f 2671/2671 2672/2672 2659/2659
f 2672/2672 2658/2658 2657/2657
f 2673/2673 2658/2658 2672/2672
f 2673/2673 2674/2674 2658/2658
f 2658/2658 2675/2675 2656/2656
f 2674/2674 2675/2675 2658/2658
f 2656/2656 2676/2676 2655/2655
f 2656/2656 2675/2675 2676/2676
f 2655/2655 2676/2676 2677/2677
f 2655/2655 2677/2677 881/881
f 2677/2677 879/879 881/881
f 2677/2677 908/908 879/879
f 2676/2676 908/908 2677/2677
f 2675/2675 936/936 2676/2676
f 936/936 908/908 2676/2676
f 937/937 936/936 2675/2675
f 2674/2674 2678/2678 2675/2675
f 2678/2678 937/937 2675/2675
f 2679/2679 2680/2680 2674/2674
f 2679/2679 2674/2674 2681/2681
f 2681/2681 2674/2674 2673/2673
f 2674/2674 2680/2680 2678/2678
f 2671/2671 2673/2673 2672/2672
f 2671/2671 2681/2681 2673/2673
f 2670/2670 2682/2682 2671/2671
f 2682/2682 2681/2681 2671/2671
f 2669/2669 2683/2683 2670/2670
f 2684/2684 2682/2682 2670/2670
f 2683/2683 2684/2684 2670/2670
f 2667/2667 2685/2685 2669/2669
f 2685/2685 2683/2683 2669/2669
f 2686/2686 2685/2685 2667/2667
f 2686/2686 2667/2667 2668/2668
f 2687/2687 2686/2686 2668/2668
f 2687/2687 2668/2668 2688/2688
f 2688/2688 2668/2668 2666/2666
f 2689/2689 2666/2666 2665/2665
f 2689/2689 2688/2688 2666/2666
f 2690/2690 2687/2687 2688/2688
f 2690/2690 2688/2688 2689/2689
f 2690/2690 2691/2691 2687/2687
f 2691/2691 2686/2686 2687/2687
f 2691/2691 2692/2692 2686/2686
f 2686/2686 2692/2692 2685/2685
f 2692/2692 2693/2693 2685/2685
f 2693/2693 2683/2683 2685/2685
f 2693/2693 2684/2684 2683/2683
f 2694/2694 2695/2695 2684/2684
f 2696/2696 2694/2694 2684/2684
f 2696/2696 2684/2684 2693/2693
f 2684/2684 2695/2695 2682/2682
f 2682/2682 2695/2695 2681/2681
f 2695/2695 2679/2679 2681/2681
f 2697/2697 2679/2679 2695/2695
f 2697/2697 2698/2698 2679/2679
f 2679/2679 2698/2698 2680/2680
f 2698/2698 2699/2699 2680/2680
f 2699/2699 2700/2700 2680/2680
f 2680/2680 2700/2700 2701/2701
f 2680/2680 2701/2701 2678/2678
f 2678/2678 2701/2701 937/937
f 2701/2701 938/938 937/937
f 2700/2700 968/968 2701/2701
f 968/968 938/938 2701/2701
f 2699/2699 2702/2702 2700/2700
f 2700/2700 2702/2702 968/968
f 2703/2703 2704/2704 2699/2699
f 2699/2699 2704/2704 2702/2702
f 2703/2703 2699/2699 2698/2698
f 2705/2705 2698/2698 2697/2697
f 2705/2705 2703/2703 2698/2698
f 2694/2694 2697/2697 2695/2695
f 2694/2694 2705/2705 2697/2697
f 2696/3044 2706/2706 2694/3043
f 2694/3043 2706/2706 1082/1082
f 2694/3043 1082/1082 2705/3045
f 2707/2707 2708/2708 2696/3044
f 2707/3046 2696/2696 2692/2692
f 2696/3044 2708/2708 2709/2709
f 2709/2709 2706/2706 2696/3044
f 2696/2696 2693/2693 2692/2692
f 2707/3046 2692/2692 2691/2691
f 2710/2710 2707/3046 2691/2691
f 2710/2710 2691/2691 2690/2690
f 2711/2711 2710/2710 2690/2690
f 2711/2711 2690/2690 2712/2712
f 2712/2712 2690/2690 2689/2689
f 2711/3048 2713/2713 2710/3047
f 2710/3047 2713/2713 2714/2714
f 2714/2714 2715/2715 2710/3047
f 2710/3047 2715/2715 2707/2707
f 2707/2707 2715/2715 2708/2708
f 2708/2708 2716/2716 2709/2709
f 2715/2715 2716/2716 2708/2708
f 2709/2709 2716/2716 2717/2717
f 2709/2709 2717/2717 2718/2718
f 2709/2709 2718/2718 2706/2706
f 2718/2718 1084/1084 2706/2706
f 2706/2706 1084/1084 1082/1082
f 1082/1082 1084/1084 1081/1081
f 1082/1082 1055/1055 2705/3045
f 2705/3045 1055/1055 2703/3049
f 2703/3049 1055/1055 1054/1054
f 2703/2703 1054/3050 2704/2704
f 1054/3050 2719/2719 2704/2704
f 2704/2704 2720/2720 2702/2702
f 2704/2704 2719/2719 2720/2720
f 2702/2702 2720/2720 968/968
f 2720/2720 969/969 968/968
f 2720/2720 2719/2719 969/969
f 1054/3050 2721/2721 2719/2719
f 2719/2719 2721/2721 970/970
f 2719/2719 970/970 969/969
f 1054/3050 1028/3051 2721/2721
f 1028/3051 2722/2722 2721/2721
f 2721/2721 2722/2722 970/970
f 2722/2722 2723/2723 970/970
f 970/970 2723/2723 971/971
f 1028/3051 2724/2724 2722/2722
f 2724/2724 2725/2725 2722/2722
f 2722/2722 2725/2725 2723/2723
f 1028/3051 1027/2911 2724/2724
f 1027/2911 1026/1026 2724/2724
f 2724/2724 1026/1026 2725/2725
f 2725/2725 973/973 2723/2723
f 1026/1026 974/974 2725/2725
f 2725/2725 974/974 973/973
f 2723/2723 973/973 972/972
f 971/971 2723/2723 972/972
f 1083/1083 1084/1084 2718/2718
f 1111/1111 2718/2718 2717/2717
f 1111/1111 1083/1083 2718/2718
f 2726/2726 2717/2717 2716/2716
f 2726/2726 1110/1110 2717/2717
f 1110/1110 1111/1111 2717/2717
f 2726/2726 2716/2716 2727/2727
f 2715/2715 2727/2727 2716/2716
f 2714/2714 2727/2727 2715/2715
f 2714/2714 2728/2728 2727/2727
f 2729/2729 2727/2727 2728/2728
f 2729/2729 2726/2726 2727/2727
f 2730/2730 2726/2726 2729/2729
f 2730/2730 2731/2731 2726/2726
f 2731/2731 1112/1112 2726/2726
f 1112/1112 1110/1110 2726/2726
f 2732/2732 2729/2729 2728/2728
f 2733/2733 2729/2729 2732/2732
f 2733/2733 2734/2734 2729/2729
f 2734/2734 2730/2730 2729/2729
f 2732/2732 2728/2728 2735/2735
f 2713/2713 2735/2735 2728/2728
f 2713/2713 2728/2728 2714/2714
f 2736/2736 2732/2732 2735/2735
f 2736/2736 2733/2733 2732/2732
f 1143/1143 2733/2733 2737/2737
f 2737/2737 2733/2733 2736/2736
f 1143/1143 2734/2734 2733/2733
f 1143/1143 2738/2738 2734/2734
f 2738/2738 2730/2730 2734/2734
f 2738/2738 2739/2739 2730/2730
f 2739/2739 2731/2731 2730/2730
f 1114/1114 2731/2731 2739/2739
f 1114/1114 1113/1113 2731/2731
f 1113/1113 1112/1112 2731/2731
f 1140/1140 2739/2739 2738/2738
f 1140/1140 1114/1114 2739/2739
f 1141/1141 2738/2738 1143/1143
f 1141/1141 1140/1140 2738/2738
f 1142/1142 1143/1143 2737/2737
f 1142/1142 2737/2737 1172/1172
f 1172/1172 2737/2737 2740/2740
f 2737/2737 2736/2736 2740/2740
f 2740/2740 2736/2736 2741/2741
f 2741/2741 2736/2736 2735/2735
f 2741/2741 2735/2735 2742/2742
f 2743/2743 2735/2735 2713/2713
f 2743/2743 2742/2742 2735/2735
f 2744/2744 2743/2743 2713/2713
f 2744/2744 2713/2713 2711/3048
f 2745/2745 2743/2743 2744/2744
f 2746/2746 2743/2743 2745/2745
f 2743/2743 2747/2747 2742/2742
f 2746/2746 2747/2747 2743/2743
f 2741/2741 2742/2742 2747/2747
f 2748/2748 2740/2740 2741/2741
f 2748/2748 2741/2741 2749/2749
f 2749/2749 2741/2741 2750/2750
f 2751/2751 2741/2741 2747/2747
f 2750/2750 2741/2741 2751/2751
f 1172/1172 2740/2740 2748/2748
f 1174/1174 1172/1172 2748/2748
f 1174/1174 2748/2748 2752/2752
f 2752/2752 2748/2748 2749/2749
f 2753/2753 2752/2752 2749/2749
f 2749/2749 2754/2754 2753/2753
f 2754/2754 2749/2749 2750/2750
f 2754/3053 2750/3052 2755/2755
f 2750/3052 2756/2756 2755/2755
f 2750/3052 2751/3054 2757/2757
f 2750/3052 2757/2757 2756/2756
f 2751/2751 2747/2747 2758/2758
f 2751/3054 2758/3055 2757/2757
f 2758/2758 2747/2747 2746/2746
f 2746/2746 2745/2745 2759/2759
f 2758/2758 2746/2746 2759/2759
f 2760/2760 2745/2745 2761/2761
f 2745/2745 2762/2762 2761/2761
f 2762/2762 2745/2745 2744/2744
f 2759/2759 2745/2745 2760/2760
f 2744/3056 2711/2711 2763/2763
f 2744/3056 2763/2763 2764/2764
f 2744/3056 2764/2764 2765/2765
f 2762/3057 2744/3056 2765/2765
f 2711/2711 2712/2712 2763/2763
f 2763/2763 2766/2766 2767/2767
f 2764/2764 2763/2763 2767/2767
f 2763/2763 2712/2712 2766/2766
f 2764/2764 2767/2767 2768/2768
f 2765/2765 2764/2764 2768/2768
f 2769/2769 2765/2765 2768/2768
f 2770/2770 2765/2765 2769/2769
f 2771/2771 2765/2765 2770/2770
f 2772/2772 2765/2765 2771/2771
f 2762/3057 2765/2765 2772/2772
f 2761/3058 2762/3057 2772/2772
f 2760/3059 2761/3058 2773/2773
f 2761/3058 2772/2772 2773/2773
f 2759/3060 2760/3059 2773/2773
f 2758/3055 2759/3060 2757/2757
f 2759/3060 2774/2774 2757/2757
f 2759/3060 2773/2773 2774/2774
f 2756/2756 2757/2757 2774/2774
f 2756/2756 2775/2775 2755/2755
f 2756/2756 2774/2774 2775/2775
f 2776/2776 2754/3053 2755/2755
f 2775/2775 2777/2777 2755/2755
f 2777/2777 2778/2778 2755/2755
f 2778/2778 2776/2776 2755/2755
f 2754/2754 2776/3061 2753/2753
f 2779/2779 2752/2752 2753/2753
f 2779/2779 2753/2753 2776/3061
f 2780/2780 2779/2779 2776/3061
f 2778/2778 2780/3062 2776/2776
f 2781/2781 2782/2782 2778/2778
f 2783/2783 2778/2778 2782/2782
f 2784/2784 2778/2778 2785/2785
f 2781/2781 2778/2778 2786/2786
f 2780/3062 2778/2778 2784/2784
f 2787/2787 2785/2785 2778/2778
f 2777/2777 2786/2786 2778/2778
f 2787/2787 2778/2778 2788/2788
f 2778/2778 2783/2783 2788/2788
f 2789/2789 2777/2777 2790/2790
f 2791/2791 2777/2777 2789/2789
f 2790/2790 2777/2777 2792/2792
f 2777/2777 2791/2791 2786/2786
f 2775/2775 2792/2792 2777/2777
f 2792/2792 2775/2775 2793/2793
f 2793/2793 2775/2775 2794/2794
f 2774/2774 2794/2794 2775/2775
f 2774/2774 2773/2773 2794/2794
f 2772/2772 2794/2794 2773/2773
f 2772/2772 2771/2771 2794/2794
f 2794/2794 2771/2771 2770/2770
f 2769/2769 2792/2792 2770/2770
f 2794/2794 2770/2770 2793/2793
f 2793/2793 2770/2770 2792/2792
f 2769/2769 2790/2790 2792/2792
f 2790/2790 2769/2769 2795/2795
f 2790/2790 2795/2795 2789/2789
f 2795/2795 2791/2791 2789/2789
f 2796/2796 2791/2791 2795/2795
f 2791/2791 2796/2796 2781/2781
f 2786/2786 2791/2791 2781/2781
f 2796/2796 2797/2797 2781/2781
f 2781/2781 2797/2797 2782/2782
f 2782/2782 2797/2797 2798/2798
f 2782/2782 2798/2798 2783/2783
f 2799/2799 2783/2783 2798/2798
f 2788/2788 2783/2783 2799/2799
f 2800/2800 2788/2788 2801/2801
f 2788/2788 2799/2799 2801/2801
f 2788/2788 2800/2800 2787/2787
f 2787/2787 2802/2802 2803/2803
f 2803/2803 2785/2785 2787/2787
f 2800/2800 2802/2802 2787/2787
f 2803/3064 2804/2804 2785/3063
f 1177/1177 2784/3065 2785/3063
f 1177/1177 2785/3063 2804/2804
f 2779/2779 2780/2780 2784/3065
f 2779/2779 2784/3065 1177/1177
f 1177/1177 2752/2752 2779/2779
f 1176/1176 1177/1177 2804/2804
f 1173/1173 1174/1174 1177/1177
f 1177/1177 1174/1174 2752/2752
f 1176/1176 2804/2804 2802/3066
f 2802/3066 2804/2804 2803/3064
f 2805/2805 1176/1176 2802/3066
f 2805/3067 2802/2802 2806/2806
f 2802/2802 2800/2800 2806/2806
f 2807/2807 2808/2808 2800/2800
f 2807/2807 2800/2800 2809/2809
f 2808/2808 2810/2810 2800/2800
f 2810/2810 2806/2806 2800/2800
f 2809/2809 2800/2800 2811/2811
f 2800/2800 2801/2801 2811/2811
f 2799/2799 2812/2812 2801/2801
f 2812/2812 2813/2813 2801/2801
f 2813/2813 2814/2814 2801/2801
f 2801/2801 2814/2814 2811/2811
f 2799/2799 2798/2798 2812/2812
f 2797/2797 2815/2815 2798/2798
f 2798/2798 2815/2815 2816/2816
f 2812/2812 2798/2798 2816/2816
f 2796/2796 2815/2815 2797/2797
f 2796/2796 2769/2769 2815/2815
f 2796/2796 2795/2795 2769/2769
f 2768/2768 2817/2817 2815/2815
f 2769/2769 2768/2768 2815/2815
f 2815/2815 2817/2817 1257/1257
f 2816/2816 2815/2815 2818/2818
f 2815/2815 1257/1257 2818/2818
f 2812/2812 2816/2816 2813/2813
f 2813/2813 2816/2816 2814/2814
f 2814/2814 2816/2816 2819/2819
f 2818/2818 2819/2819 2816/2816
f 2814/2814 2819/2819 2820/2820
f 2814/2814 2820/2820 2811/2811
f 2809/2809 2811/2811 2821/2821
f 2822/2822 2823/2823 2811/2811
f 2811/2811 2823/2823 2821/2821
f 2822/2822 2811/2811 2824/2824
f 2811/2811 2820/2820 2825/2825
f 2824/2824 2811/2811 2825/2825
f 2821/2821 2807/2807 2809/2809
f 2821/3069 2826/2826 2807/3068
f 2826/2826 2827/2827 2807/3068
f 2807/3068 2827/2827 2808/3070
f 2808/3070 2827/2827 2810/3071
f 1176/1176 2805/2805 2810/3071
f 1176/1176 2810/3071 2827/2827
f 2810/2810 2805/3067 2806/2806
f 2826/2826 2828/2828 2827/2827
f 2828/2828 1176/1176 2827/2827
f 2828/2828 1175/1175 1176/1176
f 2828/2828 2829/2829 1175/1175
f 2830/2830 2828/2828 2831/2831
f 2826/2826 2832/2832 2828/2828
f 2832/2832 2831/2831 2828/2828
f 2829/2829 2828/2828 2830/2830
f 2832/2832 2826/2826 2821/3069
f 2832/2832 2821/3069 2823/3072
f 2831/2831 2823/3072 2822/3073
f 2831/2831 2832/2832 2823/3072
f 2829/2829 2830/2830 2822/3073
f 2829/2829 2822/3073 1205/1205
f 2830/2830 2831/2831 2822/3073
f 2822/2822 2824/2824 1206/1206
f 2822/2822 1206/1206 1205/2917
f 2833/2833 2834/2834 2824/2824
f 2834/2834 1258/1258 2824/2824
f 1258/1258 1259/1259 2824/2824
f 1259/1259 1260/1260 2824/2824
f 2833/2833 2824/2824 2835/2835
f 2835/2835 2824/2824 2825/2825
f 1260/1260 1206/1206 2824/2824
f 2818/2818 2825/2825 2819/2819
f 2825/2825 2818/2818 2835/2835
f 2819/2819 2825/2825 2820/2820
f 2818/2818 1256/1256 2835/2835
f 2818/2818 1257/1257 1256/1256
f 2817/2817 1261/1261 1257/1257
f 2817/2817 2836/2836 1261/1261
f 1261/1261 2836/2836 1285/1285
f 2836/2836 2664/2664 1286/1286
f 2836/2836 1286/1286 1285/1285
f 2837/2837 2664/2664 2836/2836
f 2817/2817 2837/2837 2836/2836
f 2837/2837 2838/2838 2664/2664
f 2838/2838 2665/2665 2664/2664
f 2837/2837 2766/2766 2838/2838
f 2768/2768 2837/2837 2817/2817
f 2768/2768 2767/2767 2837/2837
f 2767/2767 2766/2766 2837/2837
f 2766/2766 2689/2689 2838/2838
f 2689/2689 2665/2665 2838/2838
f 2712/2712 2689/2689 2766/2766
f 1256/1256 2834/2834 2833/2833
f 2835/2835 1256/1256 2833/2833
f 2834/2834 1256/1256 1258/1258
f 1207/1207 1206/1206 1260/1260
f 1260/1260 1255/1255 1207/1207
f 1203/1203 1204/1204 1205/1205
f 1204/1204 2839/2839 1205/1205
f 2839/2839 2829/2829 1205/1205
f 1204/1204 1175/1175 2839/2839
f 2829/2829 2839/2839 1175/1175
