# Exported from Nomad Sculpt
mtllib Folhas2.mtl
o Folha2
usemtl Box_mat
v 0.302000612 0.092323482 0.066974937 0.999999940 0.999999940 0.999999940
v 0.308846503 0.093901686 0.094120390 0.999999940 0.999999940 0.999999940
v 0.306286841 0.092374831 0.072414718 0.999999940 0.999999940 0.999999940
v 0.311273992 0.091926202 0.084963701 0.999999940 0.999999940 0.999999940
v 0.308890014 0.091016098 0.071464903 0.999999940 0.999999940 0.999999940
v 0.307631999 0.089264102 0.066104099 0.999999940 0.999999940 0.999999940
v 0.306342005 0.091040298 0.063932098 0.999999940 0.999999940 0.999999940
v 0.300686806 0.091198071 0.053194277 0.999999940 0.999999940 0.999999940
v 0.276470929 0.092331565 0.054937768 0.999999940 0.999999940 0.999999940
v 0.271244049 0.094654791 0.077293522 0.999999940 0.999999940 0.999999940
v 0.278112769 0.095710039 0.093550302 0.999999940 0.999999940 0.999999940
v 0.304841011 0.089899502 0.058205399 0.999999940 0.999999940 0.999999940
v 0.279952466 0.096669539 0.107145234 0.999999940 0.999999940 0.999999940
v 0.308339417 0.094628110 0.101920835 0.999999940 0.999999940 0.999999940
v 0.312833011 0.090829201 0.091028198 0.999999940 0.999999940 0.999999940
v 0.313166558 0.093744784 0.100181713 0.999999940 0.999999940 0.999999940
v 0.314981013 0.091033197 0.097390301 0.999999940 0.999999940 0.999999940
v 0.314788311 0.084753550 0.094280913 0.999999940 0.999999940 0.999999940
v 0.308815360 0.086764708 0.069395281 0.999999940 0.999999940 0.999999940
v 0.306330621 0.088704995 0.061335373 0.999999940 0.999999940 0.999999940
v 0.302774012 0.090525202 0.0522133 0.999999940 0.999999940 0.999999940
v 0.296569466 0.080795444 0.035261135 0.999999940 0.999999940 0.999999940
v 0.293971717 0.090654633 0.044214505 0.999999940 0.999999940 0.999999940
v 0.299966990 0.090026147 0.046221897 0.999999940 0.999999940 0.999999940
v 0.289514571 0.089434139 0.030708888 0.999999940 0.999999940 0.999999940
v 0.274639517 0.088322848 0.01554331 0.999999940 0.999999940 0.999999940
v 0.256904989 0.090776979 0.033672269 0.999999940 0.999999940 0.999999940
v 0.246211186 0.093682989 0.056563865 0.999999940 0.999999940 0.999999940
v 0.256871938 0.094493709 0.068779207 0.999999940 0.999999940 0.999999940
v 0.263989329 0.096768617 0.096962355 0.999999940 0.999999940 0.999999940
v 0.242996662 0.097003206 0.087464705 0.999999940 0.999999940 0.999999940
v 0.252639144 0.099248968 0.119526289 0.999999940 0.999999940 0.999999940
v 0.278324127 0.098184086 0.127384007 0.999999940 0.999999940 0.999999940
v 0.308712095 0.096790246 0.137858465 0.999999940 0.999999940 0.999999940
v 0.319120645 0.094162754 0.120512366 0.999999940 0.999999940 0.999999940
v 0.319874078 0.094789452 0.128097474 0.999999940 0.999999940 0.999999940
v 0.315822005 0.092482797 0.100841999 0.999999940 0.999999940 0.999999940
v 0.319252610 0.088886417 0.108235456 0.999999940 0.999999940 0.999999940
v 0.318989008 0.092879101 0.112597003 0.999999940 0.999999940 0.999999940
v 0.322062999 0.090801499 0.118767999 0.999999940 0.999999940 0.999999940
v 0.324488997 0.090972699 0.126466006 0.999999940 0.999999940 0.999999940
v 0.320973008 0.092531099 0.116908997 0.999999940 0.999999940 0.999999940
v 0.326434999 0.093739099 0.140532001 0.999999940 0.999999940 0.999999940
v 0.327871024 0.094639547 0.151403829 0.999999940 0.999999940 0.999999940
v 0.319809645 0.096416793 0.151859879 0.999999940 0.999999940 0.999999940
v 0.325863987 0.092236198 0.132268995 0.999999940 0.999999940 0.999999940
v 0.292640268 0.098018989 0.141095787 0.999999940 0.999999940 0.999999940
v 0.283265680 0.099652901 0.161733984 0.999999940 0.999999940 0.999999940
v 0.270482569 0.099741898 0.144681885 0.999999940 0.999999940 0.999999940
v 0.249083846 0.100540079 0.134172618 0.999999940 0.999999940 0.999999940
v 0.231324240 0.100110948 0.114433608 0.999999940 0.999999940 0.999999940
v 0.230377569 0.101674966 0.133211791 0.999999940 0.999999940 0.999999940
v 0.242317244 0.098147571 0.099291630 0.999999940 0.999999940 0.999999940
v 0.212253555 0.100570172 0.107742458 0.999999940 0.999999940 0.999999940
v 0.233891040 0.096216894 0.075251936 0.999999940 0.999999940 0.999999940
v 0.208370164 0.099563084 0.095473915 0.999999940 0.999999940 0.999999940
v 0.210281476 0.098162002 0.083034336 0.999999940 0.999999940 0.999999940
v 0.213456615 0.096588753 0.070163659 0.999999940 0.999999940 0.999999940
v 0.179390549 0.100303150 0.089503631 0.999999940 0.999999940 0.999999940
v 0.18178536 0.101691372 0.103448748 0.999999940 0.999999940 0.999999940
v 0.183836251 0.102872140 0.116280436 0.999999940 0.999999940 0.999999940
v 0.200463876 0.102728381 0.124396801 0.999999940 0.999999940 0.999999940
v 0.210714310 0.102779939 0.132056266 0.999999940 0.999999940 0.999999940
v 0.213162794 0.103844791 0.148382797 0.999999940 0.999999940 0.999999940
v 0.236891493 0.102547444 0.152584388 0.999999940 0.999999940 0.999999940
v 0.265165627 0.100932218 0.160141900 0.999999940 0.999999940 0.999999940
v 0.246464312 0.103235326 0.181052178 0.999999940 0.999999940 0.999999940
v 0.280590683 0.100566238 0.181451603 0.999999940 0.999999940 0.999999940
v 0.302143335 0.099154509 0.199747219 0.999999940 0.999999940 0.999999940
v 0.312781006 0.097348421 0.176291361 0.999999940 0.999999940 0.999999940
v 0.293432325 0.099785588 0.192324310 0.999999940 0.999999940 0.999999940
v 0.254037708 0.103101812 0.195915684 0.999999940 0.999999940 0.999999940
v 0.272432684 0.101666323 0.199353367 0.999999940 0.999999940 0.999999940
v 0.227652087 0.104311950 0.173395678 0.999999940 0.999999940 0.999999940
v 0.214426979 0.106077909 0.193362742 0.999999940 0.999999940 0.999999940
v 0.232517898 0.104954481 0.201583653 0.999999940 0.999999940 0.999999940
v 0.215299263 0.104749307 0.165374517 0.999999940 0.999999940 0.999999940
v 0.191376254 0.104697331 0.142046436 0.999999940 0.999999940 0.999999940
v 0.197127074 0.105552829 0.159167215 0.999999940 0.999999940 0.999999940
v 0.175953149 0.104569256 0.130481392 0.999999940 0.999999940 0.999999940
v 0.158289402 0.104101292 0.116341933 0.999999940 0.999999940 0.999999940
v 0.154532790 0.102349482 0.098203502 0.999999940 0.999999940 0.999999940
v 0.185196161 0.097878150 0.070757977 0.999999940 0.999999940 0.999999940
v 0.159077525 0.100260414 0.081713117 0.999999940 0.999999940 0.999999940
v 0.211632207 0.095048844 0.056205015 0.999999940 0.999999940 0.999999940
v 0.184251025 0.094799242 0.045722279 0.999999940 0.999999940 0.999999940
v 0.163774624 0.097429938 0.060230113 0.999999940 0.999999940 0.999999940
v 0.140688926 0.100726820 0.079706803 0.999999940 0.999999940 0.999999940
v 0.126598075 0.103339530 0.097478881 0.999999940 0.999999940 0.999999940
v 0.136481344 0.104399971 0.110594682 0.999999940 0.999999940 0.999999940
v 0.138146236 0.106103092 0.128237366 0.999999940 0.999999940 0.999999940
v 0.159635812 0.106173507 0.139620989 0.999999940 0.999999940 0.999999940
v 0.171767130 0.106716312 0.154661327 0.999999940 0.999999940 0.999999940
v 0.174769610 0.107238918 0.164983749 0.999999940 0.999999940 0.999999940
v 0.188772752 0.106963060 0.174265414 0.999999940 0.999999940 0.999999940
v 0.200173243 0.106652759 0.182848498 0.999999940 0.999999940 0.999999940
v 0.209851771 0.106919430 0.210810139 0.999999940 0.999999940 0.999999940
v 0.191985532 0.107866838 0.200065553 0.999999940 0.999999940 0.999999940
v 0.239330023 0.104707256 0.216854110 0.999999940 0.999999940 0.999999940
v 0.190398693 0.108440943 0.217143476 0.999999940 0.999999940 0.999999940
v 0.214743807 0.106789551 0.227462098 0.999999940 0.999999940 0.999999940
v 0.174288272 0.109074428 0.201870799 0.999999940 0.999999940 0.999999940
v 0.180479794 0.108218669 0.189778938 0.999999940 0.999999940 0.999999940
v 0.157254666 0.109164200 0.181483820 0.999999940 0.999999940 0.999999940
v 0.154687792 0.108351975 0.165750294 0.999999940 0.999999940 0.999999940
v 0.142875596 0.107591867 0.147558152 0.999999940 0.999999940 0.999999940
v 0.120486453 0.107032783 0.131099119 0.999999940 0.999999940 0.999999940
v 0.109717764 0.105963788 0.116394631 0.999999940 0.999999940 0.999999940
v 0.114566065 0.101638130 0.079832397 0.999999940 0.999999940 0.999999940
v 0.108565844 0.104330383 0.100960493 0.999999940 0.999999940 0.999999940
v 0.136562466 0.097790189 0.055634584 0.999999940 0.999999940 0.999999940
v 0.123750470 0.099488936 0.065310284 0.999999940 0.999999940 0.999999940
v 0.151086211 0.095406025 0.041699998 0.999999940 0.999999940 0.999999940
v 0.134688183 0.094563432 0.031891048 0.999999940 0.999999940 0.999999940
v 0.112627267 0.097302079 0.046510677 0.999999940 0.999999940 0.999999940
v 0.098690733 0.099865138 0.062331225 0.999999940 0.999999940 0.999999940
v 0.085444986 0.101744242 0.073834620 0.999999940 0.999999940 0.999999940
v 0.087556012 0.103780522 0.090852573 0.999999940 0.999999940 0.999999940
v 0.082857929 0.105553336 0.105303868 0.999999940 0.999999940 0.999999940
v 0.096434667 0.107437819 0.127206116 0.999999940 0.999999940 0.999999940
v 0.078904174 0.107243374 0.120466016 0.999999940 0.999999940 0.999999940
v 0.115015320 0.109115891 0.152968242 0.999999940 0.999999940 0.999999940
v 0.102451026 0.108549587 0.141264691 0.999999940 0.999999940 0.999999940
v 0.134115397 0.109151914 0.163576051 0.999999940 0.999999940 0.999999940
v 0.138767942 0.109787903 0.176705271 0.999999940 0.999999940 0.999999940
v 0.127992466 0.111140452 0.193233102 0.999999940 0.999999940 0.999999940
v 0.158266663 0.109544731 0.190572217 0.999999940 0.999999940 0.999999940
v 0.159156277 0.110533013 0.221372246 0.999999940 0.999999940 0.999999940
v 0.152012601 0.110321596 0.200945779 0.999999940 0.999999940 0.999999940
v 0.121442519 0.112135708 0.210948854 0.999999940 0.999999940 0.999999940
v 0.102880217 0.112554520 0.203327447 0.999999940 0.999999940 0.999999940
v 0.112329416 0.110977649 0.178746327 0.999999940 0.999999940 0.999999940
v 0.100823581 0.112100377 0.192238509 0.999999940 0.999999940 0.999999940
v 0.101732656 0.111122667 0.175010174 0.999999940 0.999999940 0.999999940
v 0.089449651 0.110317125 0.158544093 0.999999940 0.999999940 0.999999940
v 0.081557430 0.108999617 0.139805004 0.999999940 0.999999940 0.999999940
v 0.053375762 0.107844255 0.120835110 0.999999940 0.999999940 0.999999940
v 0.059426773 0.106753952 0.111346371 0.999999940 0.999999940 0.999999940
v 0.058072082 0.105160318 0.096481293 0.999999940 0.999999940 0.999999940
v 0.070289246 0.103339172 0.083499036 0.999999940 0.999999940 0.999999940
v 0.073117353 0.100446969 0.061400733 0.999999940 0.999999940 0.999999940
v 0.058610055 0.103045739 0.078760609 0.999999940 0.999999940 0.999999940
v 0.093849942 0.097598828 0.044718049 0.999999940 0.999999940 0.999999940
v 0.063797220 0.099006637 0.049060486 0.999999940 0.999999940 0.999999940
v 0.042943712 0.101819299 0.066207692 0.999999940 0.999999940 0.999999940
v 0.026413206 0.104539319 0.085308209 0.999999940 0.999999940 0.999999940
v 0.025649905 0.106459207 0.102228276 0.999999940 0.999999940 0.999999940
v 0.052114471 0.109199993 0.135067328 0.999999940 0.999999940 0.999999940
v 0.021471926 0.108134470 0.117983818 0.999999940 0.999999940 0.999999940
v 0.064031764 0.110247314 0.150051593 0.999999940 0.999999940 0.999999940
v 0.068179190 0.111328728 0.165650054 0.999999940 0.999999940 0.999999940
v 0.068295873 0.112392947 0.182059362 0.999999940 0.999999940 0.999999940
v 0.073211439 0.112947538 0.194204092 0.999999940 0.999999940 0.999999940
v 0.081307135 0.113457255 0.210128888 0.999999940 0.999999940 0.999999940
v 0.097864076 0.113406442 0.224175497 0.999999940 0.999999940 0.999999940
v 0.139443740 0.111482501 0.216755881 0.999999940 0.999999940 0.999999940
v 0.120369672 0.112680114 0.230338931 0.999999940 0.999999940 0.999999940
v 0.139772996 0.111847996 0.238075122 0.999999940 0.999999940 0.999999940
v 0.117455549 0.112976931 0.244797632 0.999999940 0.999999940 0.999999940
v 0.099450893 0.113609679 0.237825304 0.999999940 0.999999940 0.999999940
v 0.072944417 0.114044383 0.221636414 0.999999940 0.999999940 0.999999940
v 0.080745495 0.114250943 0.239338129 0.999999940 0.999999940 0.999999940
v 0.054805781 0.113949209 0.208612591 0.999999940 0.999999940 0.999999940
v 0.044004600 0.113613575 0.197286158 0.999999940 0.999999940 0.999999940
v 0.042661726 0.112438999 0.175899967 0.999999940 0.999999940 0.999999940
v 0.041675206 0.111016683 0.155095174 0.999999940 0.999999940 0.999999940
v 0.029091825 0.109603032 0.135292843 0.999999940 0.999999940 0.999999940
v 0.002966853 0.109675571 0.131908834 0.999999940 0.999999940 0.999999940
v -0.02114703 0.109086237 0.121210157 0.999999940 0.999999940 0.999999940
v -0.00891746 0.107866406 0.110286347 0.999999940 0.999999940 0.999999940
v -0.00100682 0.105891481 0.092629715 0.999999940 0.999999940 0.999999940
v 0.016876792 0.102872192 0.070086747 0.999999940 0.999999940 0.999999940
v 0.001744626 0.103927791 0.076190747 0.999999940 0.999999940 0.999999940
v -0.01973487 0.104539811 0.077855669 0.999999940 0.999999940 0.999999940
v -0.02267267 0.107052020 0.100018434 0.999999940 0.999999940 0.999999940
v -0.0511029 0.110236778 0.129798099 0.999999940 0.999999940 0.999999940
v -0.03020232 0.110768988 0.139802351 0.999999940 0.999999940 0.999999940
v -0.04943302 0.108517959 0.110804408 0.999999940 0.999999940 0.999999940
v 0.014299148 0.110808044 0.147649318 0.999999940 0.999999940 0.999999940
v -0.01329091 0.111062154 0.146572694 0.999999940 0.999999940 0.999999940
v 0.028130400 0.111945986 0.165664896 0.999999940 0.999999940 0.999999940
v 0.014554473 0.112941831 0.179126471 0.999999940 0.999999940 0.999999940
v 0.028940333 0.113575704 0.193239748 0.999999940 0.999999940 0.999999940
v 0.031070187 0.114484153 0.213957116 0.999999940 0.999999940 0.999999940
v 0.014590098 0.114177167 0.202767103 0.999999940 0.999999940 0.999999940
v 0.046844258 0.114535242 0.221095696 0.999999940 0.999999940 0.999999940
v 0.057143393 0.114774383 0.237119734 0.999999940 0.999999940 0.999999940
v 0.063133128 0.114820607 0.251263856 0.999999940 0.999999940 0.999999940
v 0.092567786 0.114003628 0.255341619 0.999999940 0.999999940 0.999999940
v 0.064046695 0.114825785 0.263585776 0.999999940 0.999999940 0.999999940
v 0.069934278 0.114568717 0.276580303 0.999999940 0.999999940 0.999999940
v 0.100626029 0.113564714 0.273519456 0.999999940 0.999999940 0.999999940
v 0.108028046 0.113401606 0.258270025 0.999999940 0.999999940 0.999999940
v 0.036765523 0.115331664 0.251639217 0.999999940 0.999999940 0.999999940
v 0.025469642 0.115204662 0.235532373 0.999999940 0.999999940 0.999999940
v 0.016374606 0.114943690 0.222758427 0.999999940 0.999999940 0.999999940
v -0.00135004 0.114751488 0.213681444 0.999999940 0.999999940 0.999999940
v -0.01714392 0.114239290 0.199085772 0.999999940 0.999999940 0.999999940
v -0.00518429 0.113457724 0.185502603 0.999999940 0.999999940 0.999999940
v -0.01321622 0.112681053 0.170711100 0.999999940 0.999999940 0.999999940
v -0.00036731 0.111790850 0.158909082 0.999999940 0.999999940 0.999999940
v -0.03433637 0.112328894 0.161237806 0.999999940 0.999999940 0.999999940
v -0.05559106 0.112177081 0.155332177 0.999999940 0.999999940 0.999999940
v -0.03983591 0.113411277 0.178562656 0.999999940 0.999999940 0.999999940
v -0.03021328 0.114833697 0.210891187 0.999999940 0.999999940 0.999999940
v -0.04467095 0.114234067 0.194217398 0.999999940 0.999999940 0.999999940
v -0.01610858 0.115335874 0.228548169 0.999999940 0.999999940 0.999999940
v 0.009315159 0.115419149 0.238230124 0.999999940 0.999999940 0.999999940
v 0.033371884 0.115409314 0.266846925 0.999999940 0.999999940 0.999999940
v 0.010345780 0.115643173 0.255381226 0.999999940 0.999999940 0.999999940
v 0.048543412 0.115067772 0.276103645 0.999999940 0.999999940 0.999999940
v 0.091794557 0.113684169 0.285077720 0.999999940 0.999999940 0.999999940
v 0.068648152 0.114304937 0.290864020 0.999999940 0.999999940 0.999999940
v 0.051767025 0.114669248 0.293805331 0.999999940 0.999999940 0.999999940
v 0.116282135 0.112614400 0.286283999 0.999999940 0.999999940 0.999999940
v 0.130354464 0.112360693 0.262210965 0.999999940 0.999999940 0.999999940
v 0.147503495 0.111307747 0.269874215 0.999999940 0.999999940 0.999999940
v 0.133016884 0.111849635 0.282546609 0.999999940 0.999999940 0.999999940
v 0.158595949 0.110822081 0.246969774 0.999999940 0.999999940 0.999999940
v 0.102148704 0.112955421 0.296169519 0.999999940 0.999999940 0.999999940
v 0.120748519 0.112003013 0.298935115 0.999999940 0.999999940 0.999999940
v 0.078301772 0.113754928 0.299809128 0.999999940 0.999999940 0.999999940
v 0.064276322 0.113743245 0.311951965 0.999999940 0.999999940 0.999999940
v 0.032157100 0.115168541 0.288722038 0.999999940 0.999999940 0.999999940
v 0.035495687 0.114509038 0.308979809 0.999999940 0.999999940 0.999999940
v 0.014514206 0.115614384 0.272266060 0.999999940 0.999999940 0.999999940
v -0.00755557 0.115787342 0.264839261 0.999999940 0.999999940 0.999999940
v -0.0125528 0.115690089 0.246054574 0.999999940 0.999999940 0.999999940
v -0.03976021 0.115293361 0.223379924 0.999999940 0.999999940 0.999999940
v -0.03142254 0.115674108 0.241999968 0.999999940 0.999999940 0.999999940
v -0.06429839 0.114780709 0.205498099 0.999999940 0.999999940 0.999999940
v -0.07298022 0.113852329 0.182662457 0.999999940 0.999999940 0.999999940
v -0.09522801 0.114125542 0.189601868 0.999999940 0.999999940 0.999999940
v -0.08307864 0.115010060 0.214158117 0.999999940 0.999999940 0.999999940
v -0.06230197 0.115264184 0.221889242 0.999999940 0.999999940 0.999999940
v -0.0490927 0.115694746 0.242770060 0.999999940 0.999999940 0.999999940
v -0.0327143 0.115836523 0.261852949 0.999999940 0.999999940 0.999999940
v -0.02197523 0.115734137 0.277368336 0.999999940 0.999999940 0.999999940
v 0.000652843 0.115669898 0.276649653 0.999999940 0.999999940 0.999999940
v 0.008714506 0.115387283 0.290674656 0.999999940 0.999999940 0.999999940
v 0.015902523 0.114876858 0.306585192 0.999999940 0.999999940 0.999999940
v 0.041407667 0.113606452 0.327377170 0.999999940 0.999999940 0.999999940
v 0.024428576 0.114055529 0.324165761 0.999999940 0.999999940 0.999999940
v 0.091989524 0.112789109 0.311952054 0.999999940 0.999999940 0.999999940
v 0.080103844 0.112511634 0.327595651 0.999999940 0.999999940 0.999999940
v 0.058336991 0.113197758 0.327416211 0.999999940 0.999999940 0.999999940
v 0.107104517 0.112221300 0.310142546 0.999999940 0.999999940 0.999999940
v 0.098401062 0.111624836 0.330811709 0.999999940 0.999999940 0.999999940
v 0.064875029 0.112035252 0.345068007 0.999999940 0.999999940 0.999999940
v 0.079222261 0.111211381 0.350877195 0.999999940 0.999999940 0.999999940
v 0.043442267 0.112302795 0.350089818 0.999999940 0.999999940 0.999999940
v 0.021044401 0.113103732 0.343205064 0.999999940 0.999999940 0.999999940
v -0.00486439 0.114619232 0.317370593 0.999999940 0.999999940 0.999999940
v 0.003329396 0.113632835 0.336962759 0.999999940 0.999999940 0.999999940
v -0.01255908 0.115181811 0.302804023 0.999999940 0.999999940 0.999999940
v -0.01250343 0.115520134 0.289694279 0.999999940 0.999999940 0.999999940
v -0.04727121 0.115669943 0.275719404 0.999999940 0.999999940 0.999999940
v -0.0359276 0.115480423 0.289790362 0.999999940 0.999999940 0.999999940
v -0.06092025 0.115702129 0.259510844 0.999999940 0.999999940 0.999999940
v -0.07030916 0.115537054 0.237442746 0.999999940 0.999999940 0.999999940
v -0.10113189 0.115058004 0.228512659 0.999999940 0.999999940 0.999999940
v -0.09253854 0.115319639 0.243311956 0.999999940 0.999999940 0.999999940
v -0.07971955 0.115497954 0.259089976 0.999999940 0.999999940 0.999999940
v -0.06605163 0.115464933 0.276997715 0.999999940 0.999999940 0.999999940
v -0.04829021 0.115323923 0.293027460 0.999999940 0.999999940 0.999999940
v -0.04483029 0.114755049 0.311173558 0.999999940 0.999999940 0.999999940
v -0.02044497 0.114620469 0.317450583 0.999999940 0.999999940 0.999999940
v -0.01825249 0.113942444 0.332170575 0.999999940 0.999999940 0.999999940
v 0.011871503 0.112393386 0.356838733 0.999999940 0.999999940 0.999999940
v -0.0162923 0.113014191 0.348854005 0.999999940 0.999999940 0.999999940
v 0.059608127 0.110965855 0.364414662 0.999999940 0.999999940 0.999999940
v 0.035569999 0.111219801 0.369181335 0.999999940 0.999999940 0.999999940
v 0.075797163 0.109985686 0.371232122 0.999999940 0.999999940 0.999999940
v 0.092585213 0.110022537 0.361405193 0.999999940 0.999999940 0.999999940
v 0.043524887 0.110030554 0.383451014 0.999999940 0.999999940 0.999999940
v 0.061857257 0.108927652 0.391842544 0.999999940 0.999999940 0.999999940
v 0.022247286 0.109839335 0.391301602 0.999999940 0.999999940 0.999999940
v 0.011265014 0.110942624 0.378246277 0.999999940 0.999999940 0.999999940
v -0.01345546 0.111372865 0.374377429 0.999999940 0.999999940 0.999999940
v -0.03702884 0.112316392 0.358857780 0.999999940 0.999999940 0.999999940
v -0.0436867 0.113253586 0.342465758 0.999999940 0.999999940 0.999999940
v -0.04594127 0.114210248 0.323583781 0.999999940 0.999999940 0.999999940
v -0.06671028 0.115086428 0.293415248 0.999999940 0.999999940 0.999999940
v -0.07078689 0.114412829 0.310719370 0.999999940 0.999999940 0.999999940
v -0.08546229 0.115167133 0.276011616 0.999999940 0.999999940 0.999999940
v -0.09814038 0.115124940 0.261402845 0.999999940 0.999999940 0.999999940
v -0.11376524 0.114874236 0.244795545 0.999999940 0.999999940 0.999999940
v -0.11996849 0.114544533 0.261356711 0.999999940 0.999999940 0.999999940
v -0.10795951 0.114583805 0.278519213 0.999999940 0.999999940 0.999999940
v -0.08584833 0.114712745 0.293655425 0.999999940 0.999999940 0.999999940
v -0.08423563 0.113947264 0.314991056 0.999999940 0.999999940 0.999999940
v -0.06651379 0.113165743 0.338088214 0.999999940 0.999999940 0.999999940
v -0.05606849 0.111659966 0.365615278 0.999999940 0.999999940 0.999999940
v -0.069607 0.111727558 0.361178517 0.999999940 0.999999940 0.999999940
v -0.03623149 0.111239433 0.375011265 0.999999940 0.999999940 0.999999940
v -0.02834409 0.110086254 0.391344040 0.999999940 0.999999940 0.999999940
v -0.00326043 0.109692089 0.396276533 0.999999940 0.999999940 0.999999940
v 0.005528422 0.108400322 0.411581933 0.999999940 0.999999940 0.999999940
v 0.021509653 0.107436657 0.420938849 0.999999940 0.999999940 0.999999940
v 0.037232056 0.108712390 0.402257770 0.999999940 0.999999940 0.999999940
v 0.047999750 0.107506416 0.414099991 0.999999940 0.999999940 0.999999940
v 0.086938582 0.108292974 0.388888239 0.999999940 0.999999940 0.999999940
v 0.073162443 0.107316613 0.407815754 0.999999940 0.999999940 0.999999940
v 0.061373196 0.105851873 0.429518371 0.999999940 0.999999940 0.999999940
v 0.036389164 0.106134459 0.433029800 0.999999940 0.999999940 0.999999940
v 0.017401650 0.105236150 0.446453750 0.999999940 0.999999940 0.999999940
v -0.00190888 0.106905572 0.429624497 0.999999940 0.999999940 0.999999940
v -0.01498698 0.108490228 0.411545127 0.999999940 0.999999940 0.999999940
v -0.02964444 0.108181245 0.414967268 0.999999940 0.999999940 0.999999940
v -0.04561573 0.108804225 0.405929952 0.999999940 0.999999940 0.999999940
v -0.05639184 0.109691433 0.393038213 0.999999940 0.999999940 0.999999940
v -0.07225017 0.110063567 0.384267687 0.999999940 0.999999940 0.999999940
v -0.09002967 0.111920163 0.350303590 0.999999940 0.999999940 0.999999940
v -0.08812607 0.110581070 0.371770530 0.999999940 0.999999940 0.999999940
v -0.09166164 0.113009341 0.330320388 0.999999940 0.999999940 0.999999940
v -0.10254902 0.114169329 0.296947598 0.999999940 0.999999940 0.999999940
v -0.10728735 0.113575466 0.308386951 0.999999940 0.999999940 0.999999940
v -0.13422111 0.113299913 0.290464520 0.999999940 0.999999940 0.999999940
v -0.11721512 0.112924099 0.315354079 0.999999940 0.999999940 0.999999940
v -0.11150093 0.112098351 0.335707098 0.999999940 0.999999940 0.999999940
v -0.10705452 0.111075319 0.355609387 0.999999940 0.999999940 0.999999940
v -0.09163956 0.108302123 0.401293784 0.999999940 0.999999940 0.999999940
v -0.10528691 0.109413787 0.381110668 0.999999940 0.999999940 0.999999940
v -0.07434463 0.107870958 0.411810994 0.999999940 0.999999940 0.999999940
v -0.05552639 0.107447788 0.420860022 0.999999940 0.999999940 0.999999940
v -0.0148834 0.106474816 0.434976458 0.999999940 0.999999940 0.999999940
v -0.03411304 0.106324590 0.436169207 0.999999940 0.999999940 0.999999940
v -0.00472984 0.105107508 0.449897497 0.999999940 0.999999940 0.999999940
v 0.038216006 0.104450710 0.45148471 0.999999940 0.999999940 0.999999940
v 0.029007682 0.102355100 0.476076036 0.999999940 0.999999940 0.999999940
v 0.009824621 0.103713497 0.464009881 0.999999940 0.999999940 0.999999940
v 0.053208574 0.105348505 0.437696069 0.999999940 0.999999940 0.999999940
v 0.053763371 0.103639774 0.456742972 0.999999940 0.999999940 0.999999940
v 0.047554574 0.101767979 0.478890329 0.999999940 0.999999940 0.999999940
v 0.010910132 0.102053448 0.481791943 0.999999940 0.999999940 0.999999940
v 0.018731553 0.100282006 0.500051856 0.999999940 0.999999940 0.999999940
v 0.041618567 0.099959068 0.500051379 0.999999940 0.999999940 0.999999940
v -0.01004276 0.102523654 0.478049933 0.999999940 0.999999940 0.999999940
v -0.02524072 0.104132808 0.460765212 0.999999940 0.999999940 0.999999940
v -0.04255113 0.104406498 0.456798851 0.999999940 0.999999940 0.999999940
v -0.05704564 0.106009259 0.437228828 0.999999940 0.999999940 0.999999940
v -0.08121825 0.106577746 0.425582110 0.999999940 0.999999940 0.999999940
v -0.10077486 0.106214113 0.423812836 0.999999940 0.999999940 0.999999940
v -0.11252151 0.106968551 0.410149991 0.999999940 0.999999940 0.999999940
v -0.11901234 0.110117107 0.363832920 0.999999940 0.999999940 0.999999940
v -0.12544355 0.107002683 0.403758466 0.999999940 0.999999940 0.999999940
v -0.11990192 0.108813487 0.382208496 0.999999940 0.999999940 0.999999940
v -0.13284926 0.110304020 0.352219045 0.999999940 0.999999940 0.999999940
v -0.13947544 0.108265385 0.378787666 0.999999940 0.999999940 0.999999940
v -0.13788117 0.107104994 0.395697057 0.999999940 0.999999940 0.999999940
v -0.13595667 0.104645341 0.428091943 0.999999940 0.999999940 0.999999940
v -0.14983079 0.104487851 0.422845244 0.999999940 0.999999940 0.999999940
v -0.11913022 0.104568235 0.436474740 0.999999940 0.999999940 0.999999940
v -0.08918314 0.104997642 0.441709131 0.999999940 0.999999940 0.999999940
v -0.10854786 0.104083374 0.446137785 0.999999940 0.999999940 0.999999940
v -0.07157798 0.103969350 0.457429647 0.999999940 0.999999940 0.999999940
v -0.05736523 0.104281716 0.456361353 0.999999940 0.999999940 0.999999940
v -0.06011743 0.102409422 0.476470023 0.999999940 0.999999940 0.999999940
v -0.04635249 0.102225862 0.480076015 0.999999940 0.999999940 0.999999940
v -0.02754188 0.102116286 0.482431262 0.999999940 0.999999940 0.999999940
v 0.002404769 0.100421786 0.500051856 0.999999940 0.999999940 0.999999940
v -0.01426772 0.100492633 0.500052392 0.999999940 0.999999940 0.999999940
v 0.004670536 0.083508797 0.500052034 0.999999940 0.999999940 0.999999940
v -0.02033993 0.083593212 0.500051975 0.999999940 0.999999940 0.999999940
v -0.04378803 0.100417964 0.500051915 0.999999940 0.999999940 0.999999940
v -0.06472655 0.100190520 0.500051617 0.999999940 0.999999940 0.999999940
v -0.08015371 0.101316228 0.484951525 0.999999940 0.999999940 0.999999940
v -0.09185464 0.103121064 0.462269663 0.999999940 0.999999940 0.999999940
v -0.11950796 0.101641237 0.470425486 0.999999940 0.999999940 0.999999940
v -0.13107519 0.102256573 0.458835780 0.999999940 0.999999940 0.999999940
v -0.14117721 0.103055693 0.444901853 0.999999940 0.999999940 0.999999940
v -0.16669437 0.100972175 0.457277536 0.999999940 0.999999940 0.999999940
v -0.16545337 0.105376742 0.401681989 0.999999940 0.999999940 0.999999940
v -0.16817479 0.103302098 0.427168637 0.999999940 0.999999940 0.999999940
v -0.1576947 0.108523681 0.361891061 0.999999940 0.999999940 0.999999940
v -0.16676165 0.106612652 0.383416414 0.999999940 0.999999940 0.999999940
v -0.18729399 0.102815412 0.420747369 0.999999940 0.999999940 0.999999940
v -0.18940786 0.104608409 0.394261330 0.999999940 0.999999940 0.999999940
v -0.18147433 0.100992173 0.448462188 0.999999940 0.999999940 0.999999940
v -0.15256454 0.100646033 0.468511045 0.999999940 0.999999940 0.999999940
v -0.18636093 0.098560743 0.476910501 0.999999940 0.999999940 0.999999940
v -0.16547169 0.099056296 0.481759429 0.999999940 0.999999940 0.999999940
v -0.13817933 0.099624700 0.486893922 0.999999940 0.999999940 0.999999940
v -0.11612267 0.100341267 0.486483603 0.999999940 0.999999940 0.999999940
v -0.09697209 0.101421900 0.479844898 0.999999940 0.999999940 0.999999940
v -0.09724434 0.099633067 0.500048875 0.999999940 0.999999940 0.999999940
v -0.04753282 0.083475820 0.500052034 0.999999940 0.999999940 0.999999940
v -0.06695898 0.083253927 0.500051081 0.999999940 0.999999940 0.999999940
v -0.08461429 0.082966521 0.500049531 0.999999940 0.999999940 0.999999940
v -0.02206376 0.084967665 0.485178977 0.999999940 0.999999940 0.999999940
v -0.04156973 0.086101055 0.472074478 0.999999940 0.999999940 0.999999940
v -0.06009145 0.086523555 0.465297967 0.999999940 0.999999940 0.999999940
v -0.08488357 0.084963806 0.477834105 0.999999940 0.999999940 0.999999940
v -0.11110081 0.082402810 0.500047743 0.999999940 0.999999940 0.999999940
v -0.12375982 0.098960325 0.500046372 0.999999940 0.999999940 0.999999940
v -0.14917448 0.098173171 0.500043332 0.999999940 0.999999940 0.999999940
v -0.15988334 0.097794361 0.500042021 0.999999940 0.999999940 0.999999940
v -0.18382499 0.096895784 0.500037789 0.999999940 0.999999940 0.999999940
v -0.20820262 0.098533935 0.463659554 0.999999940 0.999999940 0.999999940
v -0.21261279 0.096954464 0.482679545 0.999999940 0.999999940 0.999999940
v -0.1995346 0.096271365 0.500035166 0.999999940 0.999999940 0.999999940
v -0.19661979 0.100941218 0.439232319 0.999999940 0.999999940 0.999999940
v -0.20349158 0.102314502 0.415279209 0.999999940 0.999999940 0.999999940
v -0.19175364 0.105450145 0.379955202 0.999999940 0.999999940 0.999999940
v -0.21052085 0.102968864 0.399858117 0.999999940 0.999999940 0.999999940
v -0.23231402 0.100844390 0.411512821 0.999999940 0.999999940 0.999999940
v -0.21698146 0.099858969 0.439038574 0.999999940 0.999999940 0.999999940
v -0.23560803 0.097897589 0.452474892 0.999999940 0.999999940 0.999999940
v -0.22949277 0.096938587 0.471109330 0.999999940 0.999999940 0.999999940
v -0.25160578 0.094326891 0.493849545 0.999999940 0.999999940 0.999999940
v -0.22892621 0.095017001 0.500030517 0.999999940 0.999999940 0.999999940
v -0.19517839 0.079551622 0.500035643 0.999999940 0.999999940 0.999999940
v -0.22791886 0.078183904 0.500023365 0.999999940 0.999999940 0.999999940
v -0.16372634 0.080766134 0.500041604 0.999999940 0.999999940 0.999999940
v -0.13379499 0.090099677 0.500044763 0.999999940 0.999999940 0.999999940
v -0.13386439 0.081751689 0.500043928 0.999999940 0.999999940 0.999999940
v -0.11423558 0.083977796 0.480851471 0.999999940 0.999999940 0.999999940
v -0.0990347 0.085382878 0.469497829 0.999999940 0.999999940 0.999999940
v -0.07696512 0.087189063 0.454906940 0.999999940 0.999999940 0.999999940
v -0.05264971 0.088070176 0.449346959 0.999999940 0.999999940 0.999999940
v -0.09186044 0.088030688 0.441533356 0.999999940 0.999999940 0.999999940
v -0.06963976 0.089261040 0.433062940 0.999999940 0.999999940 0.999999940
v -0.10927468 0.086636319 0.452137202 0.999999940 0.999999940 0.999999940
v -0.13277239 0.084574654 0.467213302 0.999999940 0.999999940 0.999999940
v -0.14850524 0.082507491 0.485180378 0.999999940 0.999999940 0.999999940
v -0.17163764 0.081678345 0.484564244 0.999999940 0.999999940 0.999999940
v -0.21705233 0.079786345 0.483435988 0.999999940 0.999999940 0.999999940
v -0.18791759 0.081826731 0.473797678 0.999999940 0.999999940 0.999999940
v -0.2499947 0.080929629 0.499870449 0.999999940 0.999999940 0.999999940
v -0.24321792 0.077959209 0.499501466 0.999999940 0.999999940 0.999999940
v -0.2555711 0.088710635 0.499963969 0.999999940 0.999999940 0.999999940
v -0.23980735 0.094474196 0.499880433 0.999999940 0.999999940 0.999999940
v -0.24396765 0.077916309 0.493442088 0.999999940 0.999999940 0.999999940
v -0.27888051 0.091051213 0.496846735 0.999999940 0.999999940 0.999999940
v -0.28261772 0.086524441 0.499348014 0.999999940 0.999999940 0.999999940
v -0.28253552 0.080664083 0.498845338 0.999999940 0.999999940 0.999999940
v -0.28183037 0.077996984 0.496944874 0.999999940 0.999999940 0.999999940
v -0.28083318 0.077392563 0.492198884 0.999999940 0.999999940 0.999999940
v -0.26932386 0.077728100 0.478612780 0.999999940 0.999999940 0.999999940
v -0.26235336 0.079264730 0.456405282 0.999999940 0.999999940 0.999999940
v -0.24212652 0.079168409 0.474667906 0.999999940 0.999999940 0.999999940
v -0.2271878 0.081374332 0.453357696 0.999999940 0.999999940 0.999999940
v -0.20319521 0.082425169 0.456221282 0.999999940 0.999999940 0.999999940
v -0.17632025 0.083876192 0.454345166 0.999999940 0.999999940 0.999999940
v -0.15559147 0.084333792 0.459783554 0.999999940 0.999999940 0.999999940
v -0.14184201 0.085653647 0.450496673 0.999999940 0.999999940 0.999999940
v -0.12353972 0.087828539 0.432703495 0.999999940 0.999999940 0.999999940
v -0.10599218 0.089307136 0.42200014 0.999999940 0.999999940 0.999999940
v -0.08900931 0.090287394 0.415889471 0.999999940 0.999999940 0.999999940
v -0.12391252 0.090179421 0.403267443 0.999999940 0.999999940 0.999999940
v -0.10583355 0.091525986 0.394067972 0.999999940 0.999999940 0.999999940
v -0.13879618 0.088039159 0.422924071 0.999999940 0.999999940 0.999999940
v -0.15405363 0.086993336 0.427840113 0.999999940 0.999999940 0.999999940
v -0.16872121 0.085811339 0.434250474 0.999999940 0.999999940 0.999999940
v -0.18717745 0.085181340 0.430459111 0.999999940 0.999999940 0.999999940
v -0.20671038 0.083871439 0.434109479 0.999999940 0.999999940 0.999999940
v -0.23080231 0.082895904 0.428467065 0.999999940 0.999999940 0.999999940
v -0.24468616 0.080833613 0.447110891 0.999999940 0.999999940 0.999999940
v -0.27470127 0.080619715 0.425375551 0.999999940 0.999999940 0.999999940
v -0.25989115 0.082054518 0.413548797 0.999999940 0.999999940 0.999999940
v -0.27577025 0.079077079 0.476669162 0.999999940 0.999999940 0.999999940
v -0.27615392 0.079436466 0.451726645 0.999999940 0.999999940 0.999999940
v -0.28190359 0.080353803 0.435140609 0.999999940 0.999999940 0.999999940
v -0.28142899 0.082065701 0.423651993 0.999999940 0.999999940 0.999999940
v -0.27854601 0.082037597 0.416848003 0.999999940 0.999999940 0.999999940
v -0.27439025 0.081752024 0.406480252 0.999999940 0.999999940 0.999999940
v -0.28082809 0.081608109 0.400242835 0.999999940 0.999999940 0.999999940
v -0.24785373 0.084180973 0.391716569 0.999999940 0.999999940 0.999999940
v -0.23353508 0.084502764 0.401613444 0.999999940 0.999999940 0.999999940
v -0.21450363 0.085136443 0.409865498 0.999999940 0.999999940 0.999999940
v -0.19125541 0.086808681 0.405414611 0.999999940 0.999999940 0.999999940
v -0.17800374 0.087113097 0.411131918 0.999999940 0.999999940 0.999999940
v -0.15110391 0.088780172 0.406680047 0.999999940 0.999999940 0.999999940
v -0.1331988 0.091088861 0.386216253 0.999999940 0.999999940 0.999999940
v -0.11547075 0.092327341 0.378591865 0.999999940 0.999999940 0.999999940
v -0.08687728 0.092144593 0.393107712 0.999999940 0.999999940 0.999999940
v -0.09224483 0.093330182 0.374981850 0.999999940 0.999999940 0.999999940
v -0.13151209 0.092624485 0.365126609 0.999999940 0.999999940 0.999999940
v -0.10151209 0.094505660 0.353037804 0.999999940 0.999999940 0.999999940
v -0.12578321 0.093682028 0.352269977 0.999999940 0.999999940 0.999999940
v -0.15053402 0.090552091 0.382921695 0.999999940 0.999999940 0.999999940
v -0.16783872 0.088998407 0.392581373 0.999999940 0.999999940 0.999999940
v -0.1811164 0.089625962 0.372865617 0.999999940 0.999999940 0.999999940
v -0.20279583 0.087351225 0.387825071 0.999999940 0.999999940 0.999999940
v -0.23215924 0.086329892 0.374004304 0.999999940 0.999999940 0.999999940
v -0.2749857 0.083305791 0.374600231 0.999999940 0.999999940 0.999999940
v -0.28872597 0.081775836 0.394443988 0.999999940 0.999999940 0.999999940
v -0.28303799 0.082763001 0.408883005 0.999999940 0.999999940 0.999999940
v -0.28862399 0.082999602 0.402108013 0.999999940 0.999999940 0.999999940
v -0.28484899 0.086289100 0.411552995 0.999999940 0.999999940 0.999999940
v -0.28611499 0.084962099 0.408731997 0.999999940 0.999999940 0.999999940
v -0.28956199 0.086882300 0.405158013 0.999999940 0.999999940 0.999999940
v -0.291897 0.085355602 0.402000993 0.999999940 0.999999940 0.999999940
v -0.2951065 0.085087448 0.396516501 0.999999940 0.999999940 0.999999940
v -0.292916 0.082859203 0.396335005 0.999999940 0.999999940 0.999999940
v -0.28305739 0.083556681 0.375913202 0.999999940 0.999999940 0.999999940
v -0.28889999 0.083591997 0.383711010 0.999999940 0.999999940 0.999999940
v -0.29294601 0.083070501 0.389656007 0.999999940 0.999999940 0.999999940
v -0.24817227 0.086643911 0.348094314 0.999999940 0.999999940 0.999999940
v -0.26164901 0.085045993 0.359416157 0.999999940 0.999999940 0.999999940
v -0.27726486 0.083982661 0.359126299 0.999999940 0.999999940 0.999999940
v -0.28328601 0.084299802 0.360650003 0.999999940 0.999999940 0.999999940
v -0.21000096 0.088889017 0.356002420 0.999999940 0.999999940 0.999999940
v -0.22702804 0.088484376 0.342419505 0.999999940 0.999999940 0.999999940
v -0.19779661 0.089050121 0.366310477 0.999999940 0.999999940 0.999999940
v -0.15766329 0.091285109 0.366963446 0.999999940 0.999999940 0.999999940
v -0.17321211 0.091191485 0.355240762 0.999999940 0.999999940 0.999999940
v -0.15128098 0.092819288 0.347432255 0.999999940 0.999999940 0.999999940
v -0.18466158 0.091413095 0.339924991 0.999999940 0.999999940 0.999999940
v -0.17074905 0.092701733 0.331367909 0.999999940 0.999999940 0.999999940
v -0.20701323 0.090093113 0.338033199 0.999999940 0.999999940 0.999999940
v -0.2100316 0.090866811 0.318861752 0.999999940 0.999999940 0.999999940
v -0.24043043 0.088448770 0.323316961 0.999999940 0.999999940 0.999999940
v -0.28746277 0.083788402 0.346277415 0.999999940 0.999999940 0.999999940
v -0.288605 0.084049597 0.354113012 0.999999940 0.999999940 0.999999940
v -0.28706101 0.087720602 0.362558990 0.999999940 0.999999940 0.999999940
v -0.28910199 0.085411101 0.357394009 0.999999940 0.999999940 0.999999940
v -0.285712 0.085798397 0.368521004 0.999999940 0.999999940 0.999999940
v -0.287092 0.086783200 0.373479008 0.999999940 0.999999940 0.999999940
v -0.29043701 0.0877572 0.379842996 0.999999940 0.999999940 0.999999940
v -0.29505348 0.085239693 0.389247477 0.999999940 0.999999940 0.999999940
v -0.29211 0.085792496 0.383498013 0.999999940 0.999999940 0.999999940
v -0.29424477 0.090560495 0.385320872 0.999999940 0.999999940 0.999999940
v -0.29657233 0.091599412 0.392884582 0.999999940 0.999999940 0.999999940
v -0.28833309 0.090489380 0.375104159 0.999999940 0.999999940 0.999999940
v -0.28707623 0.089834839 0.368316620 0.999999940 0.999999940 0.999999940
v -0.29026935 0.088161625 0.357637465 0.999999940 0.999999940 0.999999940
v -0.28723699 0.093840897 0.362437009 0.999999940 0.999999940 0.999999940
v -0.29155099 0.085320703 0.354719996 0.999999940 0.999999940 0.999999940
v -0.29514 0.083904303 0.348259985 0.999999940 0.999999940 0.999999940
v -0.28866902 0.084931053 0.316199749 0.999999940 0.999999940 0.999999940
v -0.26469806 0.086691461 0.320424199 0.999999940 0.999999940 0.999999940
v -0.30761632 0.083469755 0.340226262 0.999999940 0.999999940 0.999999940
v -0.30764505 0.083528183 0.326895564 0.999999940 0.999999940 0.999999940
v -0.30243233 0.084118217 0.320857435 0.999999940 0.999999940 0.999999940
v -0.24977575 0.088481083 0.306319505 0.999999940 0.999999940 0.999999940
v -0.22827646 0.090185552 0.304615080 0.999999940 0.999999940 0.999999940
v -0.27545202 0.087154552 0.286848545 0.999999940 0.999999940 0.999999940
v -0.29483885 0.084877125 0.306839585 0.999999940 0.999999940 0.999999940
v -0.30133101 0.084809102 0.312932014 0.999999940 0.999999940 0.999999940
v -0.29685748 0.085601553 0.306262493 0.999999940 0.999999940 0.999999940
v -0.30342299 0.087182499 0.315216988 0.999999940 0.999999940 0.999999940
v -0.30996099 0.085249699 0.325208991 0.999999940 0.999999940 0.999999940
v -0.307237 0.087820097 0.320926010 0.999999940 0.999999940 0.999999940
v -0.31162199 0.084914498 0.328682005 0.999999940 0.999999940 0.999999940
v -0.312195 0.087523996 0.341087013 0.999999940 0.999999940 0.999999940
v -0.312942 0.086954198 0.334035992 0.999999940 0.999999940 0.999999940
v -0.310224 0.085605599 0.344105005 0.999999940 0.999999940 0.999999940
v -0.30363399 0.084020502 0.345656007 0.999999940 0.999999940 0.999999940
v -0.30666599 0.085853003 0.346926003 0.999999940 0.999999940 0.999999940
v -0.29676899 0.086117900 0.351186990 0.999999940 0.999999940 0.999999940
v -0.297084 0.091285899 0.352467000 0.999999940 0.999999940 0.999999940
v -0.29098108 0.096270769 0.356418788 0.999999940 0.999999940 0.999999940
v -0.30568641 0.092299297 0.348706752 0.999999940 0.999999940 0.999999940
v -0.29763699 0.095210298 0.351514995 0.999999940 0.999999940 0.999999940
v -0.31167942 0.090256035 0.344095200 0.999999940 0.999999940 0.999999940
v -0.31361702 0.089885123 0.336736053 0.999999940 0.999999940 0.999999940
v -0.31209499 0.092565499 0.340445011 0.999999940 0.999999940 0.999999940
v -0.31250587 0.090740867 0.328567534 0.999999940 0.999999940 0.999999940
v -0.30652401 0.094584196 0.320234000 0.999999940 0.999999940 0.999999940
v -0.30468547 0.090830549 0.316303938 0.999999940 0.999999940 0.999999940
v -0.28929701 0.086649201 0.296573013 0.999999940 0.999999940 0.999999940
v -0.29486483 0.094756774 0.303258478 0.999999940 0.999999940 0.999999940
v -0.28196499 0.086511097 0.293249011 0.999999940 0.999999940 0.999999940
v -0.28656399 0.088308997 0.292937994 0.999999940 0.999999940 0.999999940
v -0.295535 0.099694401 0.304906010 0.999999940 0.999999940 0.999999940
v -0.29822299 0.097386799 0.308252006 0.999999940 0.999999940 0.999999940
v -0.28128213 0.096967645 0.285703599 0.999999940 0.999999940 0.999999940
v -0.288993 0.099290803 0.296234011 0.999999940 0.999999940 0.999999940
v -0.30391401 0.097840800 0.317194014 0.999999940 0.999999940 0.999999940
v -0.300834 0.098732397 0.313102006 0.999999940 0.999999940 0.999999940
v -0.30278799 0.099295198 0.321274012 0.999999940 0.999999940 0.999999940
v -0.31011501 0.094527296 0.325664013 0.999999940 0.999999940 0.999999940
v -0.31208301 0.095374897 0.334742009 0.999999940 0.999999940 0.999999940
v -0.311198 0.096205100 0.329097002 0.999999940 0.999999940 0.999999940
v -0.30706942 0.097224265 0.342596918 0.999999940 0.999999940 0.999999940
v -0.30985901 0.094733096 0.343903988 0.999999940 0.999999940 0.999999940
v -0.30650601 0.094385102 0.347241014 0.999999940 0.999999940 0.999999940
v -0.30289599 0.095803603 0.348731011 0.999999940 0.999999940 0.999999940
v -0.29517701 0.098650500 0.348242998 0.999999940 0.999999940 0.999999940
v -0.29173699 0.096974201 0.355020999 0.999999940 0.999999940 0.999999940
v -0.30814722 0.098658837 0.329414874 0.999999940 0.999999940 0.999999940
v -0.27451748 0.100980915 0.357808619 0.999999940 0.999999940 0.999999940
v -0.29822722 0.100757375 0.319852799 0.999999940 0.999999940 0.999999940
v -0.294341 0.101031996 0.306948006 0.999999940 0.999999940 0.999999940
v -0.28770164 0.102144107 0.299899190 0.999999940 0.999999940 0.999999940
v -0.285815 0.101527996 0.292751997 0.999999940 0.999999940 0.999999940
v -0.28146949 0.102192997 0.287211000 0.999999940 0.999999940 0.999999940
v -0.27737901 0.100279003 0.280892014 0.999999940 0.999999940 0.999999940
v -0.28209099 0.088439799 0.287104994 0.999999940 0.999999940 0.999999940
v -0.27234676 0.096680901 0.272956073 0.999999940 0.999999940 0.999999940
v -0.280503 0.087258301 0.285508990 0.999999940 0.999999940 0.999999940
v -0.27104399 0.090340696 0.271975994 0.999999940 0.999999940 0.999999940
v -0.269573 0.096916444 0.264608800 0.999999940 0.999999940 0.999999940
v -0.27555349 0.089017048 0.278537988 0.999999940 0.999999940 0.999999940
v -0.27125499 0.101265996 0.271820008 0.999999940 0.999999940 0.999999940
v -0.27442801 0.101181998 0.276834994 0.999999940 0.999999940 0.999999940
v -0.27316701 0.103656001 0.279354006 0.999999940 0.999999940 0.999999940
v -0.27552399 0.103808000 0.287095993 0.999999940 0.999999940 0.999999940
v -0.2735703 0.103737942 0.299386709 0.999999940 0.999999940 0.999999940
v -0.28067613 0.101333074 0.342636823 0.999999940 0.999999940 0.999999940
v -0.25876948 0.105954378 0.265024095 0.999999940 0.999999940 0.999999940
v -0.24373245 0.107217513 0.267823517 0.999999940 0.999999940 0.999999940
v -0.24960712 0.105871215 0.294059723 0.999999940 0.999999940 0.999999940
v -0.25621393 0.104647442 0.311729580 0.999999940 0.999999940 0.999999940
v -0.26709417 0.104419983 0.271118402 0.999999940 0.999999940 0.999999940
v -0.26934201 0.100631997 0.265388011 0.999999940 0.999999940 0.999999940
v -0.269766 0.094470396 0.259007990 0.999999940 0.999999940 0.999999940
v -0.26912999 0.091436199 0.265547007 0.999999940 0.999999940 0.999999940
v -0.269674 0.099735699 0.258325994 0.999999940 0.999999940 0.999999940
v -0.26789582 0.088284343 0.273706853 0.999999940 0.999999940 0.999999940
v -0.27339301 0.087783098 0.279262006 0.999999940 0.999999940 0.999999940
v -0.23702085 0.090448595 0.280300229 0.999999940 0.999999940 0.999999940
v -0.25925308 0.089261926 0.262376129 0.999999940 0.999999940 0.999999940
v -0.26611778 0.089907802 0.259079247 0.999999940 0.999999940 0.999999940
v -0.271523 0.092513300 0.252802014 0.999999940 0.999999940 0.999999940
v -0.2722699 0.097255632 0.253613054 0.999999940 0.999999940 0.999999940
v -0.27103201 0.101222001 0.253095001 0.999999940 0.999999940 0.999999940
v -0.26624301 0.104161001 0.258350014 0.999999940 0.999999940 0.999999940
v -0.26893166 0.10462524 0.246507450 0.999999940 0.999999940 0.999999940
v -0.25436023 0.106746159 0.250806093 0.999999940 0.999999940 0.999999940
v -0.23701043 0.107364833 0.279914349 0.999999940 0.999999940 0.999999940
v -0.21552552 0.109441585 0.265213191 0.999999940 0.999999940 0.999999940
v -0.25117135 0.107264481 0.240619778 0.999999940 0.999999940 0.999999940
v -0.23013739 0.108805134 0.246315509 0.999999940 0.999999940 0.999999940
v -0.22679856 0.107804581 0.289693445 0.999999940 0.999999940 0.999999940
v -0.23529752 0.106180876 0.313802421 0.999999940 0.999999940 0.999999940
v -0.25359035 0.103908829 0.332824736 0.999999940 0.999999940 0.999999940
v -0.23787144 0.104937076 0.335934728 0.999999940 0.999999940 0.999999940
v -0.21807665 0.106551900 0.332252413 0.999999940 0.999999940 0.999999940
v -0.21304952 0.108164146 0.305653065 0.999999940 0.999999940 0.999999940
v -0.19911371 0.109804868 0.288898587 0.999999940 0.999999940 0.999999940
v -0.19223271 0.110642336 0.277539938 0.999999940 0.999999940 0.999999940
v -0.19021264 0.111354231 0.256793201 0.999999940 0.999999940 0.999999940
v -0.20806849 0.110366009 0.24817653 0.999999940 0.999999940 0.999999940
v -0.21866681 0.109880313 0.232201606 0.999999940 0.999999940 0.999999940
v -0.24834612 0.107694521 0.227273628 0.999999940 0.999999940 0.999999940
v -0.28502238 0.104474976 0.220120087 0.999999940 0.999999940 0.999999940
v -0.29711556 0.102193787 0.223390653 0.999999940 0.999999940 0.999999940
v -0.27406231 0.103126838 0.243880033 0.999999940 0.999999940 0.999999940
v -0.27452999 0.098784998 0.249357 0.999999940 0.999999940 0.999999940
v -0.27574599 0.093813002 0.248172000 0.999999940 0.999999940 0.999999940
v -0.28183299 0.100000001 0.241883993 0.999999940 0.999999940 0.999999940
v -0.28324518 0.095428980 0.242786184 0.999999940 0.999999940 0.999999940
v -0.288122 0.101104997 0.234981000 0.999999940 0.999999940 0.999999940
v -0.28017297 0.104814700 0.203375712 0.999999940 0.999999940 0.999999940
v -0.28948605 0.102060630 0.206762015 0.999999940 0.999999940 0.999999940
v -0.29659501 0.099407799 0.212224006 0.999999940 0.999999940 0.999999940
v -0.298361 0.100330002 0.217479005 0.999999940 0.999999940 0.999999940
v -0.30081701 0.100175999 0.225407004 0.999999940 0.999999940 0.999999940
v -0.29423699 0.101062998 0.229423999 0.999999940 0.999999940 0.999999940
v -0.30067199 0.100657001 0.226637005 0.999999940 0.999999940 0.999999940
v -0.26257914 0.106695100 0.194134041 0.999999940 0.999999940 0.999999940
v -0.23861949 0.108569338 0.208154708 0.999999940 0.999999940 0.999999940
v -0.18946779 0.111763477 0.233653545 0.999999940 0.999999940 0.999999940
v -0.21131247 0.110471554 0.220821842 0.999999940 0.999999940 0.999999940
v -0.17954843 0.111679501 0.268898844 0.999999940 0.999999940 0.999999940
v -0.16689217 0.112678788 0.256808102 0.999999940 0.999999940 0.999999940
v -0.17217661 0.112672358 0.238065540 0.999999940 0.999999940 0.999999940
v -0.1682491 0.111729398 0.287809073 0.999999940 0.999999940 0.999999940
v -0.15639591 0.112969823 0.268155187 0.999999940 0.999999940 0.999999940
v -0.15535922 0.113410033 0.245122268 0.999999940 0.999999940 0.999999940
v -0.15788245 0.11337547 0.221592605 0.999999940 0.999999940 0.999999940
v -0.17237377 0.112678736 0.212454333 0.999999940 0.999999940 0.999999940
v -0.20092347 0.111104823 0.206465587 0.999999940 0.999999940 0.999999940
v -0.2233496 0.109648242 0.202629983 0.999999940 0.999999940 0.999999940
v -0.23505875 0.108611531 0.182001724 0.999999940 0.999999940 0.999999940
v -0.26321211 0.106187015 0.161887630 0.999999940 0.999999940 0.999999940
v -0.27915028 0.105111144 0.188242346 0.999999940 0.999999940 0.999999940
v -0.24817587 0.107480399 0.171075731 0.999999940 0.999999940 0.999999940
v -0.28666189 0.103165902 0.128093749 0.999999940 0.999999940 0.999999940
v -0.29433224 0.103231944 0.164575085 0.999999940 0.999999940 0.999999940
v -0.28777274 0.103002786 0.183255225 0.999999940 0.999999940 0.999999940
v -0.28716901 0.102004997 0.196615994 0.999999940 0.999999940 0.999999940
v -0.2490467 0.106889978 0.150894075 0.999999940 0.999999940 0.999999940
v -0.27410525 0.104750305 0.139227345 0.999999940 0.999999940 0.999999940
v -0.23232654 0.108392499 0.164273947 0.999999940 0.999999940 0.999999940
v -0.21472672 0.109944023 0.182696506 0.999999940 0.999999940 0.999999940
v -0.19297703 0.111387580 0.193348079 0.999999940 0.999999940 0.999999940
v -0.15177281 0.113268934 0.197729080 0.999999940 0.999999940 0.999999940
v -0.18203369 0.111851297 0.189225003 0.999999940 0.999999940 0.999999940
v -0.16815194 0.112484462 0.190443366 0.999999940 0.999999940 0.999999940
v -0.13779776 0.114171557 0.232245907 0.999999940 0.999999940 0.999999940
v -0.1385152 0.113979086 0.212689325 0.999999940 0.999999940 0.999999940
v -0.13172598 0.114292725 0.251527994 0.999999940 0.999999940 0.999999940
v -0.13161007 0.113938540 0.271895229 0.999999940 0.999999940 0.999999940
v -0.11948659 0.114664115 0.227175936 0.999999940 0.999999940 0.999999940
v -0.13442917 0.113627605 0.192137986 0.999999940 0.999999940 0.999999940
v -0.11754766 0.114486753 0.211800038 0.999999940 0.999999940 0.999999940
v -0.1529426 0.112616062 0.177079826 0.999999940 0.999999940 0.999999940
v -0.17552623 0.11163982 0.172277644 0.999999940 0.999999940 0.999999940
v -0.19843404 0.110467217 0.168107628 0.999999940 0.999999940 0.999999940
v -0.2220474 0.108882278 0.159314602 0.999999940 0.999999940 0.999999940
v -0.24277888 0.106425926 0.129058063 0.999999940 0.999999940 0.999999940
v -0.27451742 0.103661246 0.113898292 0.999999940 0.999999940 0.999999940
v -0.26601747 0.103181317 0.094851270 0.999999940 0.999999940 0.999999940
v -0.27961299 0.101517997 0.107146002 0.999999940 0.999999940 0.999999940
v -0.28084514 0.102472513 0.116064369 0.999999940 0.999999940 0.999999940
v -0.2759721 0.101408332 0.093561925 0.999999940 0.999999940 0.999999940
v -0.21485437 0.108755126 0.145932465 0.999999940 0.999999940 0.999999940
v -0.22232364 0.107598163 0.130125716 0.999999940 0.999999940 0.999999940
v -0.23585257 0.105717644 0.109547488 0.999999940 0.999999940 0.999999940
v -0.18682674 0.110516972 0.155875071 0.999999940 0.999999940 0.999999940
v -0.16656959 0.111412860 0.159070655 0.999999940 0.999999940 0.999999940
v -0.14664039 0.111953139 0.158475160 0.999999940 0.999999940 0.999999940
v -0.13505048 0.112864546 0.172388970 0.999999940 0.999999940 0.999999940
v -0.1178688 0.114038869 0.194504052 0.999999940 0.999999940 0.999999940
v -0.09725644 0.114798687 0.210940584 0.999999940 0.999999940 0.999999940
v -0.10802212 0.113463841 0.176392287 0.999999940 0.999999940 0.999999940
v -0.12283763 0.112503141 0.160738199 0.999999940 0.999999940 0.999999940
v -0.15993592 0.110873729 0.144852355 0.999999940 0.999999940 0.999999940
v -0.12857611 0.111542433 0.145583331 0.999999940 0.999999940 0.999999940
v -0.18128279 0.110238999 0.145773455 0.999999940 0.999999940 0.999999940
v -0.19764155 0.108887277 0.132758468 0.999999940 0.999999940 0.999999940
v -0.21948737 0.106995962 0.117409251 0.999999940 0.999999940 0.999999940
v -0.21415803 0.106703147 0.109167687 0.999999940 0.999999940 0.999999940
v -0.2364191 0.104750812 0.095242247 0.999999940 0.999999940 0.999999940
v -0.27520186 0.101676292 0.079714097 0.999999940 0.999999940 0.999999940
v -0.25464666 0.102445662 0.074804261 0.999999940 0.999999940 0.999999940
v -0.21756457 0.104784496 0.085167430 0.999999940 0.999999940 0.999999940
v -0.18324968 0.108923204 0.124717883 0.999999940 0.999999940 0.999999940
v -0.20005642 0.106533847 0.099520340 0.999999940 0.999999940 0.999999940
v -0.15343288 0.110332265 0.133728832 0.999999940 0.999999940 0.999999940
v -0.12879284 0.110238157 0.127058729 0.999999940 0.999999940 0.999999940
v -0.10617006 0.111262619 0.139002248 0.999999940 0.999999940 0.999999940
v -0.09609314 0.112689368 0.160522505 0.999999940 0.999999940 0.999999940
v -0.08237732 0.11190667 0.148507073 0.999999940 0.999999940 0.999999940
v -0.06856642 0.113132208 0.169304907 0.999999940 0.999999940 0.999999940
v -0.10823233 0.109220325 0.113528139 0.999999940 0.999999940 0.999999940
v -0.09368137 0.110314674 0.126707345 0.999999940 0.999999940 0.999999940
v -0.12832685 0.108475565 0.105775728 0.999999940 0.999999940 0.999999940
v -0.14791782 0.109292864 0.118182234 0.999999940 0.999999940 0.999999940
v -0.16687517 0.108515590 0.112848505 0.999999940 0.999999940 0.999999940
v -0.18122284 0.107861362 0.109185732 0.999999940 0.999999940 0.999999940
v -0.18799166 0.106079675 0.089759387 0.999999940 0.999999940 0.999999940
v -0.21370459 0.103200927 0.065773107 0.999999940 0.999999940 0.999999940
v -0.23748969 0.102238625 0.063616357 0.999999940 0.999999940 0.999999940
v -0.25295699 0.101307772 0.059493698 0.999999940 0.999999940 0.999999940
v -0.27962315 0.098178342 0.037051629 0.999999940 0.999999940 0.999999940
v -0.281654 0.100170999 0.085224002 0.999999940 0.999999940 0.999999940
v -0.28779176 0.100044213 0.072308711 0.999999940 0.999999940 0.999999940
v -0.28884399 0.098872780 0.057014364 0.999999940 0.999999940 0.999999940
v -0.28773299 0.096450999 0.043680600 0.999999940 0.999999940 0.999999940
v -0.253584 0.098805218 0.030944202 0.999999940 0.999999940 0.999999940
v -0.285476 0.096133403 0.038403898 0.999999940 0.999999940 0.999999940
v -0.28378299 0.094407603 0.034610401 0.999999940 0.999999940 0.999999940
v -0.28085899 0.095067001 0.030505800 0.999999940 0.999999940 0.999999940
v -0.26948154 0.096522487 0.016378592 0.999999940 0.999999940 0.999999940
v -0.27486899 0.096101403 0.023972099 0.999999940 0.999999940 0.999999940
v -0.27844799 0.093989402 0.0249699 0.999999940 0.999999940 0.999999940
v -0.22517172 0.101214028 0.048285886 0.999999940 0.999999940 0.999999940
v -0.20093177 0.102154396 0.051995199 0.999999940 0.999999940 0.999999940
v -0.18351386 0.104990445 0.076802231 0.999999940 0.999999940 0.999999940
v -0.15780303 0.107318863 0.096602566 0.999999940 0.999999940 0.999999940
v -0.11333539 0.106983818 0.090012081 0.999999940 0.999999940 0.999999940
v -0.14043023 0.107360504 0.094892084 0.999999940 0.999999940 0.999999940
v -0.1564655 0.105519779 0.077826701 0.999999940 0.999999940 0.999999940
v -0.17749624 0.104145877 0.067261524 0.999999940 0.999999940 0.999999940
v -0.22757432 0.099112123 0.028110168 0.999999940 0.999999940 0.999999940
v -0.21359281 0.099095560 0.025701103 0.999999940 0.999999940 0.999999940
v -0.18623285 0.101331017 0.042304638 0.999999940 0.999999940 0.999999940
v -0.26399961 0.094959124 -0.00526189 0.999999940 0.999999940 0.999999940
v -0.27502301 0.093734897 0.016153400 0.999999940 0.999999940 0.999999940
v -0.275244 0.093532897 0.0113899 0.999999940 0.999999940 0.999999940
v -0.27677596 0.093567445 0.002781026 0.999999940 0.999999940 0.999999940
v -0.27094963 0.094861477 -0.00188557 0.999999940 0.999999940 0.999999940
v -0.27725399 0.091548197 0.020539300 0.999999940 0.999999940 0.999999940
v -0.27814245 0.087148860 0.022044625 0.999999940 0.999999940 0.999999940
v -0.2936261 0.091553971 0.051902499 0.999999940 0.999999940 0.999999940
v -0.290317 0.095073200 0.047340199 0.999999940 0.999999940 0.999999940
v -0.28351101 0.083622500 0.033067800 0.999999940 0.999999940 0.999999940
v -0.286024 0.082468599 0.038123399 0.999999940 0.999999940 0.999999940
v -0.29001275 0.083359494 0.046704374 0.999999940 0.999999940 0.999999940
v -0.29442701 0.084537997 0.057476099 0.999999940 0.999999940 0.999999940
v -0.296197 0.087375499 0.061377700 0.999999940 0.999999940 0.999999940
v -0.29597399 0.093671098 0.062184698 0.999999940 0.999999940 0.999999940
v -0.29400799 0.095699399 0.057776201 0.999999940 0.999999940 0.999999940
v -0.29280099 0.094523198 0.052550800 0.999999940 0.999999940 0.999999940
v -0.27685201 0.082676999 0.0211314 0.999999940 0.999999940 0.999999940
v -0.27678791 0.084982909 0.014027947 0.999999940 0.999999940 0.999999940
v -0.27918401 0.083925098 0.025000400 0.999999940 0.999999940 0.999999940
v -0.28175786 0.082702361 0.029305419 0.999999940 0.999999940 0.999999940
v -0.27672723 0.091591805 0.013460010 0.999999940 0.999999940 0.999999940
v -0.278079 0.090425401 0.008514559 0.999999940 0.999999940 0.999999940
v -0.28401801 0.090987101 0.000506611 0.999999940 0.999999940 0.999999940
v -0.28010899 0.091498099 0.004420340 0.999999940 0.999999940 0.999999940
v -0.29579875 0.091053322 -0.01223679 0.999999940 0.999999940 0.999999940
v -0.29040301 0.090914398 -0.00658502 0.999999940 0.999999940 0.999999940
v -0.28632268 0.093346007 -0.01666051 0.999999940 0.999999940 0.999999940
v -0.298051 0.087673798 -0.00906136 0.999999940 0.999999940 0.999999940
v -0.29282799 0.087910100 -0.00500196 0.999999940 0.999999940 0.999999940
v -0.30603784 0.090696603 -0.02412261 0.999999940 0.999999940 0.999999940
v -0.30337 0.090171702 -0.0184198 0.999999940 0.999999940 0.999999940
v -0.30042699 0.088722802 -0.0117757 0.999999940 0.999999940 0.999999940
v -0.28814399 0.088968999 -0.00157931 0.999999940 0.999999940 0.999999940
v -0.28447178 0.087330445 0.002422132 0.999999940 0.999999940 0.999999940
v -0.27832699 0.085046201 0.008352469 0.999999940 0.999999940 0.999999940
v -0.27529901 0.081995703 0.011371400 0.999999940 0.999999940 0.999999940
v -0.27498901 0.082149401 0.016278399 0.999999940 0.999999940 0.999999940
v -0.27319962 0.081050470 0.021619956 0.999999940 0.999999940 0.999999940
v -0.281376 0.081737801 0.030226599 0.999999940 0.999999940 0.999999940
v -0.28235999 0.081717401 0.037605099 0.999999940 0.999999940 0.999999940
v -0.26416981 0.080262526 0.016199385 0.999999940 0.999999940 0.999999940
v -0.27114356 0.079202637 0.003262310 0.999999940 0.999999940 0.999999940
v -0.27687499 0.080468997 0.00315851 0.999999940 0.999999940 0.999999940
v -0.28083399 0.083035297 0.00398236 0.999999940 0.999999940 0.999999940
v -0.28990301 0.081976696 -0.00338782 0.999999940 0.999999940 0.999999940
v -0.30467683 0.085330478 -0.01340939 0.999999940 0.999999940 0.999999940
v -0.28507501 0.081983298 -0.00020046 0.999999940 0.999999940 0.999999940
v -0.30434501 0.088307902 -0.0153927 0.999999940 0.999999940 0.999999940
v -0.31058201 0.088792301 -0.0237425 0.999999940 0.999999940 0.999999940
v -0.30737901 0.086368598 -0.0179536 0.999999940 0.999999940 0.999999940
v -0.29926392 0.090448774 -0.04236693 0.999999940 0.999999940 0.999999940
v -0.30469099 0.087362296 -0.0394536 0.999999940 0.999999940 0.999999940
v -0.308483 0.085306003 -0.0312418 0.999999940 0.999999940 0.999999940
v -0.310693 0.085885100 -0.0254318 0.999999940 0.999999940 0.999999940
v -0.31092212 0.084288559 -0.02214773 0.999999940 0.999999940 0.999999940
v -0.31128499 0.087538696 -0.0238153 0.999999940 0.999999940 0.999999940
v -0.30707699 0.082325503 -0.0174343 0.999999940 0.999999940 0.999999940
v -0.30433899 0.080820396 -0.0150671 0.999999940 0.999999940 0.999999940
v -0.29161021 0.078696243 -0.00899661 0.999999940 0.999999940 0.999999940
v -0.29669249 0.076357215 -0.02141326 0.999999940 0.999999940 0.999999940
v -0.26601481 0.075867697 -0.0273373 0.999999940 0.999999940 0.999999940
v -0.26760501 0.077488750 -0.01110316 0.999999940 0.999999940 0.999999940
v -0.303574 0.078443899 -0.0181968 0.999999940 0.999999940 0.999999940
v -0.31064299 0.080673903 -0.022468 0.999999940 0.999999940 0.999999940
v -0.31093001 0.080411799 -0.0255925 0.999999940 0.999999940 0.999999940
v -0.31022999 0.083043701 -0.0286596 0.999999940 0.999999940 0.999999940
v -0.30731672 0.081562012 -0.03589861 0.999999940 0.999999940 0.999999940
v -0.30850101 0.080316498 -0.0319056 0.999999940 0.999999940 0.999999940
v -0.30216101 0.087143302 -0.0448523 0.999999940 0.999999940 0.999999940
v -0.30328363 0.080750234 -0.04511094 0.999999940 0.999999940 0.999999940
v -0.29619953 0.088826455 -0.06241297 0.999999940 0.999999940 0.999999940
v -0.30050299 0.086479201 -0.0516147 0.999999940 0.999999940 0.999999940
v -0.30088535 0.079715929 -0.05584953 0.999999940 0.999999940 0.999999940
v -0.30278999 0.077068798 -0.0449363 0.999999940 0.999999940 0.999999940
v -0.30103901 0.076634801 -0.0516791 0.999999940 0.999999940 0.999999940
v -0.30536601 0.077692903 -0.039308 0.999999940 0.999999940 0.999999940
v -0.30655101 0.077214598 -0.036451 0.999999940 0.999999940 0.999999940
v -0.30775097 0.077400289 -0.02394806 0.999999940 0.999999940 0.999999940
v -0.30529299 0.076560899 -0.0297009 0.999999940 0.999999940 0.999999940
v -0.311207 0.078340098 -0.0239635 0.999999940 0.999999940 0.999999940
v -0.311692 0.078650698 -0.023963 0.999999940 0.999999940 0.999999940
v -0.29941842 0.074494630 -0.04299893 0.999999940 0.999999940 0.999999940
v -0.29068184 0.072818480 -0.05910663 0.999999940 0.999999940 0.999999940
v -0.2676422 0.073343679 -0.05212297 0.999999940 0.999999940 0.999999940
v -0.25182161 0.074944354 -0.03650375 0.999999940 0.999999940 0.999999940
v -0.2458258 0.077054500 -0.01729928 0.999999940 0.999999940 0.999999940
v -0.24567759 0.078619808 -0.0028108 0.999999940 0.999999940 0.999999940
v -0.23255412 0.075473181 -0.0315458 0.999999940 0.999999940 0.999999940
v -0.22165053 0.078736878 -0.00372258 0.999999940 0.999999940 0.999999940
v -0.21755962 0.076866380 -0.01970065 0.999999940 0.999999940 0.999999940
v -0.24785487 0.073264770 -0.05166314 0.999999940 0.999999940 0.999999940
v -0.26074722 0.071284331 -0.07144974 0.999999940 0.999999940 0.999999940
v -0.30226657 0.071930065 -0.07961825 0.999999940 0.999999940 0.999999940
v -0.27975175 0.069696046 -0.09122311 0.999999940 0.999999940 0.999999940
v -0.29744062 0.073337502 -0.06268244 0.999999940 0.999999940 0.999999940
v -0.30372 0.075472496 -0.0375183 0.999999940 0.999999940 0.999999940
v -0.30056199 0.076339498 -0.0587349 0.999999940 0.999999940 0.999999940
v -0.301808 0.075565397 -0.0664254 0.999999940 0.999999940 0.999999940
v -0.30282101 0.073454499 -0.0716483 0.999999940 0.999999940 0.999999940
v -0.3029153 0.072146192 -0.08686408 0.999999940 0.999999940 0.999999940
v -0.28743687 0.068992853 -0.10647622 0.999999940 0.999999940 0.999999940
v -0.30629 0.076389700 -0.0796144 0.999999940 0.999999940 0.999999940
v -0.30641499 0.074528098 -0.0851494 0.999999940 0.999999940 0.999999940
v -0.30495399 0.073694996 -0.0761013 0.999999940 0.999999940 0.999999940
v -0.25414839 0.069311983 -0.08923505 0.999999940 0.999999940 0.999999940
v -0.26145062 0.067716717 -0.10728347 0.999999940 0.999999940 0.999999940
v -0.27072453 0.066570118 -0.12300947 0.999999940 0.999999940 0.999999940
v -0.23619524 0.071970075 -0.06198638 0.999999940 0.999999940 0.999999940
v -0.23244052 0.070905976 -0.07067145 0.999999940 0.999999940 0.999999940
v -0.22246617 0.073437959 -0.04816385 0.999999940 0.999999940 0.999999940
v -0.21627972 0.075054943 -0.03440619 0.999999940 0.999999940 0.999999940
v -0.18955757 0.076575718 -0.02107011 0.999999940 0.999999940 0.999999940
v -0.20150992 0.078429982 -0.00678393 0.999999940 0.999999940 0.999999940
v -0.22874327 0.079885765 0.006965719 0.999999940 0.999999940 0.999999940
v -0.20511898 0.080487906 0.010187676 0.999999940 0.999999940 0.999999940
v -0.17663285 0.078807346 -0.00351842 0.999999940 0.999999940 0.999999940
v -0.17836967 0.081995330 0.021505314 0.999999940 0.999999940 0.999999940
v -0.15865503 0.076575748 -0.01894318 0.999999940 0.999999940 0.999999940
v -0.19038427 0.074543863 -0.03657912 0.999999940 0.999999940 0.999999940
v -0.20980009 0.071778014 -0.06020505 0.999999940 0.999999940 0.999999940
v -0.22320451 0.069617100 -0.08017575 0.999999940 0.999999940 0.999999940
v -0.23969577 0.068803235 -0.09093234 0.999999940 0.999999940 0.999999940
v -0.24622643 0.067019462 -0.10958398 0.999999940 0.999999940 0.999999940
v -0.25658223 0.065646417 -0.12759654 0.999999940 0.999999940 0.999999940
v -0.28537488 0.066768363 -0.1304082 0.999999940 0.999999940 0.999999940
v -0.24878722 0.062843009 -0.15616916 0.999999940 0.999999940 0.999999940
v -0.29507267 0.071008354 -0.10239493 0.999999940 0.999999940 0.999999940
v -0.29239899 0.070285901 -0.113351 0.999999940 0.999999940 0.999999940
v -0.29267123 0.068606898 -0.13080139 0.999999940 0.999999940 0.999999940
v -0.28096759 0.064094975 -0.16180609 0.999999940 0.999999940 0.999999940
v -0.29210067 0.066380523 -0.14529377 0.999999940 0.999999940 0.999999940
v -0.23324773 0.063251927 -0.14309341 0.999999940 0.999999940 0.999999940
v -0.21745211 0.060794152 -0.16154535 0.999999940 0.999999940 0.999999940
v -0.2106152 0.059329494 -0.17437941 0.999999940 0.999999940 0.999999940
v -0.23049994 0.059753160 -0.18314734 0.999999940 0.999999940 0.999999940
v -0.23509468 0.065013624 -0.12557702 0.999999940 0.999999940 0.999999940
v -0.22899853 0.066396787 -0.11015283 0.999999940 0.999999940 0.999999940
v -0.21982032 0.067685693 -0.09607352 0.999999940 0.999999940 0.999999940
v -0.20102984 0.068062312 -0.08861642 0.999999940 0.999999940 0.999999940
v -0.18386118 0.072404645 -0.05198067 0.999999940 0.999999940 0.999999940
v -0.19423586 0.069504290 -0.07563761 0.999999940 0.999999940 0.999999940
v -0.16498895 0.073119230 -0.0443584 0.999999940 0.999999940 0.999999940
v -0.1729425 0.070167213 -0.06694229 0.999999940 0.999999940 0.999999940
v -0.1712631 0.067195467 -0.0887856 0.999999940 0.999999940 0.999999940
v -0.19273089 0.065648809 -0.10619724 0.999999940 0.999999940 0.999999940
v -0.16716465 0.065302588 -0.10230241 0.999999940 0.999999940 0.999999940
v -0.20233949 0.064916916 -0.11522032 0.999999940 0.999999940 0.999999940
v -0.21278395 0.064143136 -0.12562333 0.999999940 0.999999940 0.999999940
v -0.21258084 0.062884144 -0.1374487 0.999999940 0.999999940 0.999999940
v -0.19709253 0.060660772 -0.15244578 0.999999940 0.999999940 0.999999940
v -0.18991847 0.058999128 -0.16592816 0.999999940 0.999999940 0.999999940
v -0.18720002 0.057610716 -0.17976902 0.999999940 0.999999940 0.999999940
v -0.20497984 0.058077540 -0.18589023 0.999999940 0.999999940 0.999999940
v -0.2557961 0.061335466 -0.18166408 0.999999940 0.999999940 0.999999940
v -0.21666552 0.058042056 -0.19578932 0.999999940 0.999999940 0.999999940
v -0.23246945 0.058603845 -0.20236577 0.999999940 0.999999940 0.999999940
v -0.17619151 0.055614467 -0.19683523 0.999999940 0.999999940 0.999999940
v -0.19665149 0.056166000 -0.20521776 0.999999940 0.999999940 0.999999940
v -0.16690211 0.057273861 -0.17229348 0.999999940 0.999999940 0.999999940
v -0.16554442 0.055876076 -0.18688302 0.999999940 0.999999940 0.999999940
v -0.17943488 0.060098815 -0.15007006 0.999999940 0.999999940 0.999999940
v -0.1774421 0.061904896 -0.13302891 0.999999940 0.999999940 0.999999940
v -0.16973338 0.063172474 -0.11981335 0.999999940 0.999999940 0.999999940
v -0.1446725 0.062570102 -0.11765941 0.999999940 0.999999940 0.999999940
v -0.14816184 0.065268024 -0.09807414 0.999999940 0.999999940 0.999999940
v -0.15371311 0.068305946 -0.07711869 0.999999940 0.999999940 0.999999940
v -0.15359585 0.070968508 -0.05807403 0.999999940 0.999999940 0.999999940
v -0.14386629 0.073662675 -0.03791501 0.999999940 0.999999940 0.999999940
v -0.13545306 0.068259611 -0.07408085 0.999999940 0.999999940 0.999999940
v -0.12859243 0.071042619 -0.05375991 0.999999940 0.999999940 0.999999940
v -0.12652102 0.064163781 -0.1013211 0.999999940 0.999999940 0.999999940
v -0.11475004 0.061280805 -0.1200175 0.999999940 0.999999940 0.999999940
v -0.13229059 0.059896308 -0.13539203 0.999999940 0.999999940 0.999999940
v -0.15405123 0.060761194 -0.13493465 0.999999940 0.999999940 0.999999940
v -0.15169542 0.058805700 -0.15106836 0.999999940 0.999999940 0.999999940
v -0.14024188 0.056436240 -0.16866235 0.999999940 0.999999940 0.999999940
v -0.13734433 0.054030742 -0.19250007 0.999999940 0.999999940 0.999999940
v -0.1514158 0.054017424 -0.20063849 0.999999940 0.999999940 0.999999940
v -0.17343941 0.054287236 -0.21302412 0.999999940 0.999999940 0.999999940
v -0.21441087 0.056398395 -0.2204567 0.999999940 0.999999940 0.999999940
v -0.18450756 0.054261393 -0.22416931 0.999999940 0.999999940 0.999999940
v -0.15974593 0.052562456 -0.2281165 0.999999940 0.999999940 0.999999940
v -0.14253341 0.052070017 -0.22102956 0.999999940 0.999999940 0.999999940
v -0.12549579 0.051789723 -0.21373288 0.999999940 0.999999940 0.999999940
v -0.11072437 0.052282843 -0.19992538 0.999999940 0.999999940 0.999999940
v -0.11468685 0.053510416 -0.18782257 0.999999940 0.999999940 0.999999940
v -0.11659617 0.055540762 -0.16830708 0.999999940 0.999999940 0.999999940
v -0.12413717 0.057673193 -0.15161803 0.999999940 0.999999940 0.999999940
v -0.09862941 0.057180706 -0.14837682 0.999999940 0.999999940 0.999999940
v -0.10912227 0.059649553 -0.13116404 0.999999940 0.999999940 0.999999940
v -0.08963016 0.060471016 -0.12039898 0.999999940 0.999999940 0.999999940
v -0.10490278 0.063012711 -0.10503598 0.999999940 0.999999940 0.999999940
v -0.10591411 0.066918350 -0.07795075 0.999999940 0.999999940 0.999999940
v -0.11559821 0.069422975 -0.06265746 0.999999940 0.999999940 0.999999940
v -0.10225135 0.072272941 -0.04165646 0.999999940 0.999999940 0.999999940
v -0.12724201 0.073851987 -0.03449122 0.999999940 0.999999940 0.999999940
v -0.08538204 0.069610916 -0.05659949 0.999999940 0.999999940 0.999999940
v -0.08622663 0.066235221 -0.07914728 0.999999940 0.999999940 0.999999940
v -0.09054241 0.063278317 -0.10028616 0.999999940 0.999999940 0.999999940
v -0.08284632 0.058570034 -0.13338748 0.999999940 0.999999940 0.999999940
v -0.07071263 0.060817789 -0.11402053 0.999999940 0.999999940 0.999999940
v -0.07186528 0.056274887 -0.14941704 0.999999940 0.999999940 0.999999940
v -0.08604421 0.054731495 -0.16634388 0.999999940 0.999999940 0.999999940
v -0.0918113 0.053661603 -0.17821176 0.999999940 0.999999940 0.999999940
v -0.08310667 0.051724474 -0.19545408 0.999999940 0.999999940 0.999999940
v -0.09537786 0.050605949 -0.21357919 0.999999940 0.999999940 0.999999940
v -0.11745732 0.050263423 -0.23099694 0.999999940 0.999999940 0.999999940
v -0.096264 0.049722846 -0.22618769 0.999999940 0.999999940 0.999999940
v -0.13497302 0.050587434 -0.23983082 0.999999940 0.999999940 0.999999940
v -0.11336481 0.048879314 -0.2534672 0.999999940 0.999999940 0.999999940
v -0.09510458 0.048245061 -0.25081399 0.999999940 0.999999940 0.999999940
v -0.09132394 0.048830397 -0.23774678 0.999999940 0.999999940 0.999999940
v -0.06769476 0.048312366 -0.23415627 0.999999940 0.999999940 0.999999940
v -0.06603188 0.049209587 -0.22038516 0.999999940 0.999999940 0.999999940
v -0.06460687 0.050272449 -0.20632266 0.999999940 0.999999940 0.999999940
v -0.06203895 0.052222367 -0.18410727 0.999999940 0.999999940 0.999999940
v -0.0506508 0.053670197 -0.16753671 0.999999940 0.999999940 0.999999940
v -0.04725623 0.055738508 -0.14875257 0.999999940 0.999999940 0.999999940
v -0.05469454 0.058121781 -0.13113089 0.999999940 0.999999940 0.999999940
v -0.03391775 0.059470273 -0.1172286 0.999999940 0.999999940 0.999999940
v -0.04604198 0.061526387 -0.10449946 0.999999940 0.999999940 0.999999940
v -0.06697607 0.063225716 -0.0962889 0.999999940 0.999999940 0.999999940
v -0.06603912 0.066313698 -0.07520126 0.999999940 0.999999940 0.999999940
v -0.04564955 0.064995080 -0.08061871 0.999999940 0.999999940 0.999999940
v -0.02049336 0.063602313 -0.08597982 0.999999940 0.999999940 0.999999940
v -0.00871669 0.060727454 -0.10398989 0.999999940 0.999999940 0.999999940
v -0.02625339 0.057539910 -0.13056456 0.999999940 0.999999940 0.999999940
v 0.006705749 0.058202721 -0.12017917 0.999999940 0.999999940 0.999999940
v -0.02658877 0.054208986 -0.15817529 0.999999940 0.999999940 0.999999940
v -0.02362503 0.055647719 -0.14531772 0.999999940 0.999999940 0.999999940
v -0.03993377 0.051931306 -0.18214831 0.999999940 0.999999940 0.999999940
v -0.01473139 0.052516650 -0.17176194 0.999999940 0.999999940 0.999999940
v -0.0435811 0.050199896 -0.20163874 0.999999940 0.999999940 0.999999940
v -0.04186827 0.048284556 -0.2255867 0.999999940 0.999999940 0.999999940
v -0.06527278 0.047274049 -0.25109786 0.999999940 0.999999940 0.999999940
v -0.04114773 0.046605926 -0.25313672 0.999999940 0.999999940 0.999999940
v -0.0924355 0.047239165 -0.27381077 0.999999940 0.999999940 0.999999940
v -0.07443928 0.046930976 -0.26475784 0.999999940 0.999999940 0.999999940
v -0.04446285 0.045986887 -0.26891541 0.999999940 0.999999940 0.999999940
v -0.02179183 0.047256846 -0.23641564 0.999999940 0.999999940 0.999999940
v -0.01917516 0.046520795 -0.24857913 0.999999940 0.999999940 0.999999940
v -0.02078603 0.045246355 -0.27773321 0.999999940 0.999999940 0.999999940
v -0.00845097 0.045579940 -0.26505274 0.999999940 0.999999940 0.999999940
v -0.02362368 0.048168521 -0.22314817 0.999999940 0.999999940 0.999999940
v -0.01889413 0.049317173 -0.20712553 0.999999940 0.999999940 0.999999940
v -0.02698342 0.050935339 -0.18998481 0.999999940 0.999999940 0.999999940
v 0.004064603 0.051099263 -0.18304059 0.999999940 0.999999940 0.999999940
v 0.012316354 0.052824884 -0.16452831 0.999999940 0.999999940 0.999999940
v -0.00561928 0.054253749 -0.15424864 0.999999940 0.999999940 0.999999940
v 0.006496037 0.056524429 -0.13328359 0.999999940 0.999999940 0.999999940
v 0.023625655 0.059945289 -0.10464518 0.999999940 0.999999940 0.999999940
v 0.034771669 0.057393353 -0.12215105 0.999999940 0.999999940 0.999999940
v 0.000266963 0.062201388 -0.09230847 0.999999940 0.999999940 0.999999940
v 0.042674429 0.062222525 -0.08566852 0.999999940 0.999999940 0.999999940
v 0.045211657 0.059181362 -0.10701687 0.999999940 0.999999940 0.999999940
v 0.025558119 0.062651015 -0.08532416 0.999999940 0.999999940 0.999999940
v 0.058727465 0.057178936 -0.12023973 0.999999940 0.999999940 0.999999940
v 0.027651011 0.055754363 -0.13629466 0.999999940 0.999999940 0.999999940
v 0.019203493 0.054094329 -0.15183903 0.999999940 0.999999940 0.999999940
v 0.029782464 0.051456447 -0.17544362 0.999999940 0.999999940 0.999999940
v 0.041753727 0.052955169 -0.15886678 0.999999940 0.999999940 0.999999940
v -0.00419814 0.049801446 -0.19883001 0.999999940 0.999999940 0.999999940
v 0.029956093 0.050141744 -0.18978593 0.999999940 0.999999940 0.999999940
v -0.00419418 0.048307824 -0.21772611 0.999999940 0.999999940 0.999999940
v 0.002360260 0.047071080 -0.23481499 0.999999940 0.999999940 0.999999940
v 0.003683910 0.045927453 -0.255081 0.999999940 0.999999940 0.999999940
v 0.031015524 0.045257590 -0.26492953 0.999999940 0.999999940 0.999999940
v 0.021795010 0.044879604 -0.27605 0.999999940 0.999999940 0.999999940
v 0.003736798 0.044825531 -0.28193906 0.999999940 0.999999940 0.999999940
v 0.027206230 0.046347256 -0.24369788 0.999999940 0.999999940 0.999999940
v 0.023418569 0.047664191 -0.22278148 0.999999940 0.999999940 0.999999940
v 0.024595754 0.048858977 -0.20618361 0.999999940 0.999999940 0.999999940
v 0.060305167 0.051047019 -0.17510583 0.999999940 0.999999940 0.999999940
v 0.043116048 0.049619738 -0.19398971 0.999999940 0.999999940 0.999999940
v 0.060818616 0.053127978 -0.1543642 0.999999940 0.999999940 0.999999940
v 0.049324560 0.054799817 -0.14113088 0.999999940 0.999999940 0.999999940
v 0.065864563 0.059749044 -0.09983794 0.999999940 0.999999940 0.999999940
v 0.084654644 0.057642359 -0.11305834 0.999999940 0.999999940 0.999999940
v 0.084420323 0.055728536 -0.12835497 0.999999940 0.999999940 0.999999940
v 0.060983996 0.061776369 -0.08609008 0.999999940 0.999999940 0.999999940
v 0.086883947 0.061562720 -0.08385441 0.999999940 0.999999940 0.999999940
v 0.096401386 0.059316109 -0.09882797 0.999999940 0.999999940 0.999999940
v 0.116043046 0.058080211 -0.10578565 0.999999940 0.999999940 0.999999940
v 0.102124586 0.055900387 -0.12478626 0.999999940 0.999999940 0.999999940
v 0.090249180 0.054039921 -0.14204445 0.999999940 0.999999940 0.999999940
v 0.084894396 0.051986474 -0.16200124 0.999999940 0.999999940 0.999999940
v 0.089924976 0.049965970 -0.18296255 0.999999940 0.999999940 0.999999940
v 0.071889296 0.049040142 -0.19656974 0.999999940 0.999999940 0.999999940
v 0.048702713 0.048827998 -0.20305637 0.999999940 0.999999940 0.999999940
v 0.051357440 0.047974277 -0.21423081 0.999999940 0.999999940 0.999999940
v 0.045084282 0.047155216 -0.22759506 0.999999940 0.999999940 0.999999940
v 0.051035273 0.046168420 -0.24339449 0.999999940 0.999999940 0.999999940
v 0.064597502 0.045367129 -0.25753024 0.999999940 0.999999940 0.999999940
v 0.053446289 0.044588532 -0.27929175 0.999999940 0.999999940 0.999999940
v 0.032067373 0.044307675 -0.29275453 0.999999940 0.999999940 0.999999940
v 0.000314402 0.044599540 -0.29125652 0.999999940 0.999999940 0.999999940
v 0.060984805 0.044204872 -0.29277542 0.999999940 0.999999940 0.999999940
v 0.022894689 0.044162552 -0.30346227 0.999999940 0.999999940 0.999999940
v 0.040184076 0.04398904 -0.31051368 0.999999940 0.999999940 0.999999940
v 0.078032828 0.044939551 -0.26650235 0.999999940 0.999999940 0.999999940
v 0.085524812 0.044529598 -0.27860177 0.999999940 0.999999940 0.999999940
v 0.083201363 0.046084541 -0.24008091 0.999999940 0.999999940 0.999999940
v 0.089390859 0.045692354 -0.24718508 0.999999940 0.999999940 0.999999940
v 0.071483895 0.046899221 -0.22743869 0.999999940 0.999999940 0.999999940
v 0.082659676 0.047700252 -0.21332698 0.999999940 0.999999940 0.999999940
v 0.102587685 0.048650588 -0.19777575 0.999999940 0.999999940 0.999999940
v 0.102389797 0.051037482 -0.16971229 0.999999940 0.999999940 0.999999940
v 0.113911405 0.049456890 -0.18669324 0.999999940 0.999999940 0.999999940
v 0.112806260 0.052792996 -0.15108208 0.999999940 0.999999940 0.999999940
v 0.121987134 0.054521892 -0.1344409 0.999999940 0.999999940 0.999999940
v 0.130204483 0.056088756 -0.12033466 0.999999940 0.999999940 0.999999940
v 0.149582043 0.055002376 -0.12853791 0.999999940 0.999999940 0.999999940
v 0.139327183 0.052616935 -0.15097219 0.999999940 0.999999940 0.999999940
v 0.122178353 0.050825092 -0.1702763 0.999999940 0.999999940 0.999999940
v 0.135349348 0.049434486 -0.18624076 0.999999940 0.999999940 0.999999940
v 0.119802713 0.048443302 -0.19943239 0.999999940 0.999999940 0.999999940
v 0.100850194 0.047162842 -0.21926816 0.999999940 0.999999940 0.999999940
v 0.113945029 0.046214886 -0.23557203 0.999999940 0.999999940 0.999999940
v 0.105817385 0.045514125 -0.2506234 0.999999940 0.999999940 0.999999940
v 0.107227712 0.045096710 -0.26136166 0.999999940 0.999999940 0.999999940
v 0.114674747 0.044748242 -0.27499235 0.999999940 0.999999940 0.999999940
v 0.101477988 0.044336222 -0.2907019 0.999999940 0.999999940 0.999999940
v 0.081260174 0.044149898 -0.29625216 0.999999940 0.999999940 0.999999940
v 0.071060806 0.043974809 -0.30921757 0.999999940 0.999999940 0.999999940
v 0.024771880 0.043996218 -0.32095194 0.999999940 0.999999940 0.999999940
v 0.053602017 0.043920055 -0.32120016 0.999999940 0.999999940 0.999999940
v 0.108934275 0.044260758 -0.30545244 0.999999940 0.999999940 0.999999940
v 0.078598424 0.044019650 -0.3260909 0.999999940 0.999999940 0.999999940
v 0.127277582 0.044682752 -0.28603512 0.999999940 0.999999940 0.999999940
v 0.136961251 0.045255348 -0.26468772 0.999999940 0.999999940 0.999999940
v 0.131666496 0.045638188 -0.25042737 0.999999940 0.999999940 0.999999940
v 0.117451787 0.047391351 -0.21488084 0.999999940 0.999999940 0.999999940
v 0.132597357 0.046852972 -0.22425573 0.999999940 0.999999940 0.999999940
v 0.142589181 0.048436604 -0.19970319 0.999999940 0.999999940 0.999999940
v 0.15636006 0.050376340 -0.17541882 0.999999940 0.999999940 0.999999940
v 0.144334092 0.050913576 -0.16883042 0.999999940 0.999999940 0.999999940
v 0.162202253 0.052297134 -0.1543901 0.999999940 0.999999940 0.999999940
v 0.163173019 0.053876038 -0.13860106 0.999999940 0.999999940 0.999999940
v 0.161993786 0.056669224 -0.11365746 0.999999940 0.999999940 0.999999940
v 0.184255018 0.053329799 -0.1452284 0.999999940 0.999999940 0.999999940
v 0.182123497 0.055159099 -0.12719059 0.999999940 0.999999940 0.999999940
v 0.183711186 0.051804959 -0.16174333 0.999999940 0.999999940 0.999999940
v 0.168658763 0.049871426 -0.18317842 0.999999940 0.999999940 0.999999940
v 0.160521969 0.048093237 -0.20731992 0.999999940 0.999999940 0.999999940
v 0.147777363 0.046555299 -0.23281865 0.999999940 0.999999940 0.999999940
v 0.163587659 0.046180367 -0.24975128 0.999999940 0.999999940 0.999999940
v 0.151076749 0.045347336 -0.27244794 0.999999940 0.999999940 0.999999940
v 0.153046309 0.045269772 -0.28045654 0.999999940 0.999999940 0.999999940
v 0.139601379 0.044830910 -0.30158934 0.999999940 0.999999940 0.999999940
v 0.125835374 0.044580347 -0.31529009 0.999999940 0.999999940 0.999999940
v 0.106256194 0.044278919 -0.32132757 0.999999940 0.999999940 0.999999940
v 0.046012334 0.044005651 -0.33605292 0.999999940 0.999999940 0.999999940
v 0.088495113 0.044259503 -0.33745492 0.999999940 0.999999940 0.999999940
v 0.061955969 0.044180255 -0.34452137 0.999999940 0.999999940 0.999999940
v 0.013737141 0.044096387 -0.32778689 0.999999940 0.999999940 0.999999940
v 0.021737882 0.044285010 -0.34769893 0.999999940 0.999999940 0.999999940
v 0.050949700 0.044441517 -0.35719466 0.999999940 0.999999940 0.999999940
v 0.076806619 0.044560816 -0.35580507 0.999999940 0.999999940 0.999999940
v 0.109867751 0.044510573 -0.33436054 0.999999940 0.999999940 0.999999940
v 0.102601558 0.044857900 -0.35396597 0.999999940 0.999999940 0.999999940
v 0.148166090 0.045112188 -0.31337821 0.999999940 0.999999940 0.999999940
v 0.127022877 0.044898368 -0.33573872 0.999999940 0.999999940 0.999999940
v 0.156689986 0.045287631 -0.29718909 0.999999940 0.999999940 0.999999940
v 0.170771226 0.045990563 -0.26552802 0.999999940 0.999999940 0.999999940
v 0.173813298 0.045845117 -0.28809252 0.999999940 0.999999940 0.999999940
v 0.166395619 0.046884615 -0.23246513 0.999999940 0.999999940 0.999999940
v 0.186993822 0.047337643 -0.23477221 0.999999940 0.999999940 0.999999940
v 0.186677873 0.046820692 -0.25093833 0.999999940 0.999999940 0.999999940
v 0.176916867 0.048411402 -0.20673284 0.999999940 0.999999940 0.999999940
v 0.180109307 0.049660105 -0.18840936 0.999999940 0.999999940 0.999999940
v 0.196725145 0.051428645 -0.1689699 0.999999940 0.999999940 0.999999940
v 0.196828141 0.049576718 -0.19516398 0.999999940 0.999999940 0.999999940
v 0.207839638 0.050705075 -0.18233539 0.999999940 0.999999940 0.999999940
v 0.201025903 0.048832252 -0.21054958 0.999999940 0.999999940 0.999999940
v 0.184574142 0.047879882 -0.22026162 0.999999940 0.999999940 0.999999940
v 0.201546058 0.047886442 -0.23303139 0.999999940 0.999999940 0.999999940
v 0.214686557 0.048010300 -0.24850053 0.999999940 0.999999940 0.999999940
v 0.190739408 0.046689443 -0.26488045 0.999999940 0.999999940 0.999999940
v 0.201818898 0.047055847 -0.27559361 0.999999940 0.999999940 0.999999940
v 0.187032744 0.046383287 -0.29029635 0.999999940 0.999999940 0.999999940
v 0.178363725 0.046124815 -0.30784467 0.999999940 0.999999940 0.999999940
v 0.158232539 0.045603152 -0.32418993 0.999999940 0.999999940 0.999999940
v 0.147225275 0.045530874 -0.33764046 0.999999940 0.999999940 0.999999940
v 0.131920531 0.045516178 -0.35303655 0.999999940 0.999999940 0.999999940
v 0.091004863 0.045275080 -0.37127998 0.999999940 0.999999940 0.999999940
v 0.117483757 0.04572317 -0.36856061 0.999999940 0.999999940 0.999999940
v 0.157874420 0.046441555 -0.35423478 0.999999940 0.999999940 0.999999940
v 0.138359576 0.046154193 -0.36474881 0.999999940 0.999999940 0.999999940
v 0.173686489 0.046638712 -0.3406783 0.999999940 0.999999940 0.999999940
v 0.179893925 0.046467296 -0.3234289 0.999999940 0.999999940 0.999999940
v 0.202765852 0.047108616 -0.29380298 0.999999940 0.999999940 0.999999940
v 0.203196138 0.047380447 -0.3128781 0.999999940 0.999999940 0.999999940
v 0.224788323 0.048231121 -0.27939004 0.999999940 0.999999940 0.999999940
v 0.218519821 0.047997135 -0.26015589 0.999999940 0.999999940 0.999999940
v 0.239471435 0.049329165 -0.24747495 0.999999940 0.999999940 0.999999940
v 0.224952474 0.048904467 -0.23238616 0.999999940 0.999999940 0.999999940
v 0.218329846 0.049178496 -0.21677361 0.999999940 0.999999940 0.999999940
v 0.220037996 0.050291221 -0.19547834 0.999999940 0.999999940 0.999999940
v 0.235019996 0.051865238 -0.17844175 0.999999940 0.999999940 0.999999940
v 0.227671861 0.052338410 -0.16745448 0.999999940 0.999999940 0.999999940
v 0.236310720 0.050895649 -0.19630526 0.999999940 0.999999940 0.999999940
v 0.240902558 0.050368625 -0.21289386 0.999999940 0.999999940 0.999999940
v 0.247587502 0.050227094 -0.22759448 0.999999940 0.999999940 0.999999940
v 0.247039794 0.049653321 -0.25811112 0.999999940 0.999999940 0.999999940
v 0.259770870 0.050709553 -0.23833123 0.999999940 0.999999940 0.999999940
v 0.240911096 0.049194745 -0.27160713 0.999999940 0.999999940 0.999999940
v 0.220752000 0.048122730 -0.29675418 0.999999940 0.999999940 0.999999940
v 0.243361890 0.049484264 -0.29312903 0.999999940 0.999999940 0.999999940
v 0.215383470 0.048208210 -0.31999415 0.999999940 0.999999940 0.999999940
v 0.19388327 0.047403179 -0.33408344 0.999999940 0.999999940 0.999999940
v 0.195926904 0.048147212 -0.35283551 0.999999940 0.999999940 0.999999940
v 0.171785891 0.047343004 -0.36230543 0.999999940 0.999999940 0.999999940
v 0.153183221 0.047230802 -0.37721002 0.999999940 0.999999940 0.999999940
v 0.131879374 0.046712033 -0.38194889 0.999999940 0.999999940 0.999999940
v 0.161585569 0.048070449 -0.38761994 0.999999940 0.999999940 0.999999940
v 0.139690205 0.047843661 -0.39894259 0.999999940 0.999999940 0.999999940
v 0.183124080 0.048316370 -0.3724044 0.999999940 0.999999940 0.999999940
v 0.212356925 0.048637136 -0.34065771 0.999999940 0.999999940 0.999999940
v 0.220516085 0.049923811 -0.36177716 0.999999940 0.999999940 0.999999940
v 0.203914195 0.049581129 -0.3761557 0.999999940 0.999999940 0.999999940
v 0.237408518 0.049763757 -0.32609615 0.999999940 0.999999940 0.999999940
v 0.230384409 0.049927026 -0.34590289 0.999999940 0.999999940 0.999999940
v 0.235230028 0.04917657 -0.3073366 0.999999940 0.999999940 0.999999940
v 0.253014802 0.050414323 -0.30885014 0.999999940 0.999999940 0.999999940
v 0.267571657 0.051154710 -0.28969032 0.999999940 0.999999940 0.999999940
v 0.258848607 0.050418160 -0.27850303 0.999999940 0.999999940 0.999999940
v 0.269297331 0.051134660 -0.2591058 0.999999940 0.999999940 0.999999940
v 0.281075865 0.052135802 -0.23774317 0.999999940 0.999999940 0.999999940
v 0.270991176 0.051843591 -0.22030944 0.999999940 0.999999940 0.999999940
v 0.255566924 0.051360204 -0.20671751 0.999999940 0.999999940 0.999999940
v 0.281702548 0.053287148 -0.19585437 0.999999940 0.999999940 0.999999940
v 0.256848663 0.052473139 -0.18424398 0.999999940 0.999999940 0.999999940
v 0.293596595 0.054289046 -0.20297903 0.999999940 0.999999940 0.999999940
v 0.294542968 0.053979586 -0.22816257 0.999999940 0.999999940 0.999999940
v 0.286625683 0.052417106 -0.25810161 0.999999940 0.999999940 0.999999940
v 0.305555164 0.054315451 -0.2583577 0.999999940 0.999999940 0.999999940
v 0.277917653 0.051784228 -0.27444282 0.999999940 0.999999940 0.999999940
v 0.301184713 0.053676806 -0.2806837 0.999999940 0.999999940 0.999999940
v 0.284567296 0.052722282 -0.30592492 0.999999940 0.999999940 0.999999940
v 0.258027643 0.051267769 -0.32819411 0.999999940 0.999999940 0.999999940
v 0.274897784 0.052263699 -0.31820318 0.999999940 0.999999940 0.999999940
v 0.255933135 0.051621541 -0.34404776 0.999999940 0.999999940 0.999999940
v 0.260918557 0.052445188 -0.3570174 0.999999940 0.999999940 0.999999940
v 0.245811194 0.052046768 -0.37300035 0.999999940 0.999999940 0.999999940
v 0.225512594 0.051036678 -0.37984633 0.999999940 0.999999940 0.999999940
v 0.194799363 0.049874603 -0.39214852 0.999999940 0.999999940 0.999999940
v 0.213516458 0.051069278 -0.39505082 0.999999940 0.999999940 0.999999940
v 0.243553862 0.052564639 -0.38743469 0.999999940 0.999999940 0.999999940
v 0.228211894 0.052444648 -0.40440896 0.999999940 0.999999940 0.999999940
v 0.286312282 0.055012110 -0.37426659 0.999999940 0.999999940 0.999999940
v 0.267630279 0.054710496 -0.39780274 0.999999940 0.999999940 0.999999940
v 0.289397895 0.054209761 -0.34639767 0.999999940 0.999999940 0.999999940
v 0.305717885 0.054640993 -0.31054348 0.999999940 0.999999940 0.999999940
v 0.301158815 0.054765440 -0.3301366 0.999999940 0.999999940 0.999999940
v 0.308477193 0.054630119 -0.28906327 0.999999940 0.999999940 0.999999940
v 0.307802140 0.054756514 -0.27562872 0.999999940 0.999999940 0.999999940
v 0.307164013 0.055148299 -0.313647 0.999999940 0.999999940 0.999999940
v 0.305629998 0.055666949 -0.32323951 0.999999940 0.999999940 0.999999940
v 0.309527993 0.056306701 -0.30828601 0.999999940 0.999999940 0.999999940
v 0.312108010 0.055564899 -0.299602 0.999999940 0.999999940 0.999999940
v 0.301626175 0.055762462 -0.35088873 0.999999940 0.999999940 0.999999940
v 0.305696010 0.056898400 -0.33321899 0.999999940 0.999999940 0.999999940
v 0.306041002 0.056717600 -0.340538 0.999999940 0.999999940 0.999999940
v 0.279280692 0.055704563 -0.40123257 0.999999940 0.999999940 0.999999940
v 0.298798084 0.056931074 -0.3754186 0.999999940 0.999999940 0.999999940
v 0.249223813 0.054064568 -0.40963611 0.999999940 0.999999940 0.999999940
v 0.211575195 0.052172012 -0.41691434 0.999999940 0.999999940 0.999999940
v 0.234411194 0.054061446 -0.42618343 0.999999940 0.999999940 0.999999940
v 0.175304502 0.049130991 -0.39629951 0.999999940 0.999999940 0.999999940
v 0.183531776 0.050501681 -0.41371208 0.999999940 0.999999940 0.999999940
v 0.207989588 0.052921962 -0.43265694 0.999999940 0.999999940 0.999999940
v 0.255515188 0.055903766 -0.43520343 0.999999940 0.999999940 0.999999940
v 0.228931278 0.055382050 -0.45270619 0.999999940 0.999999940 0.999999940
v 0.293973892 0.057520765 -0.39905161 0.999999940 0.999999940 0.999999940
v 0.282788813 0.057918325 -0.42822918 0.999999940 0.999999940 0.999999940
v 0.274180710 0.058320343 -0.45509788 0.999999940 0.999999940 0.999999940
v 0.300464987 0.059272099 -0.38230801 0.999999940 0.999999940 0.999999940
v 0.303194999 0.059167299 -0.372623 0.999999940 0.999999940 0.999999940
v 0.302110999 0.059719901 -0.37721899 0.999999940 0.999999940 0.999999940
v 0.304365009 0.059766601 -0.36675701 0.999999940 0.999999940 0.999999940
v 0.305900514 0.057696797 -0.350692 0.999999940 0.999999940 0.999999940
v 0.307013005 0.062483198 -0.32984301 0.999999940 0.999999940 0.999999940
v 0.307475626 0.059518009 -0.3427839 0.999999940 0.999999940 0.999999940
v 0.308438390 0.060745738 -0.31577986 0.999999940 0.999999940 0.999999940
v 0.312071353 0.065130062 -0.30031618 0.999999940 0.999999940 0.999999940
v 0.313149988 0.057413701 -0.29352301 0.999999940 0.999999940 0.999999940
v 0.309800982 0.070034049 -0.30710548 0.999999940 0.999999940 0.999999940
v 0.311735987 0.070350803 -0.29966301 0.999999940 0.999999940 0.999999940
v 0.312601000 0.068676896 -0.29395899 0.999999940 0.999999940 0.999999940
v 0.313958525 0.061407767 -0.28402844 0.999999940 0.999999940 0.999999940
v 0.306448102 0.069723054 -0.32115513 0.999999940 0.999999940 0.999999940
v 0.306986987 0.070016600 -0.314827 0.999999940 0.999999940 0.999999940
v 0.305705994 0.068990498 -0.326772 0.999999940 0.999999940 0.999999940
v 0.305440992 0.069624103 -0.350418 0.999999940 0.999999940 0.999999940
v 0.306529492 0.066833622 -0.35266891 0.999999940 0.999999940 0.999999940
v 0.305211424 0.062716200 -0.36665606 0.999999940 0.999999940 0.999999940
v 0.302853345 0.066374577 -0.38021833 0.999999940 0.999999940 0.999999940
v 0.302097648 0.061846043 -0.38278538 0.999999940 0.999999940 0.999999940
v 0.298464000 0.059307299 -0.39551201 0.999999940 0.999999940 0.999999940
v 0.298410594 0.060916252 -0.39953163 0.999999940 0.999999940 0.999999940
v 0.299351990 0.070136703 -0.38519499 0.999999940 0.999999940 0.999999940
v 0.295529991 0.068487376 -0.41068754 0.999999940 0.999999940 0.999999940
v 0.301425993 0.069548800 -0.379491 0.999999940 0.999999940 0.999999940
v 0.302834004 0.068249203 -0.37626901 0.999999940 0.999999940 0.999999940
v 0.305216372 0.068058677 -0.36637899 0.999999940 0.999999940 0.999999940
v 0.305435001 0.068663798 -0.35755399 0.999999940 0.999999940 0.999999940
v 0.300798445 0.071461930 -0.34747994 0.999999940 0.999999940 0.999999940
v 0.301273733 0.071075312 -0.32752523 0.999999940 0.999999940 0.999999940
v 0.305575996 0.070782899 -0.32063401 0.999999940 0.999999940 0.999999940
v 0.302858740 0.071165680 -0.3129786 0.999999940 0.999999940 0.999999940
v 0.307969987 0.071227997 -0.30668101 0.999999940 0.999999940 0.999999940
v 0.308823496 0.071098424 -0.29615021 0.999999940 0.999999940 0.999999940
v 0.308389365 0.070551455 -0.28317484 0.999999940 0.999999940 0.999999940
v 0.312602013 0.069411702 -0.28658399 0.999999940 0.999999940 0.999999940
v 0.295444220 0.070222489 -0.29417354 0.999999940 0.999999940 0.999999940
v 0.276063203 0.068546414 -0.28186411 0.999999940 0.999999940 0.999999940
v 0.305779486 0.070188447 -0.25973964 0.999999940 0.999999940 0.999999940
v 0.281563699 0.068855278 -0.2614719 0.999999940 0.999999940 0.999999940
v 0.300642997 0.070011764 -0.2459683 0.999999940 0.999999940 0.999999940
v 0.288946062 0.070595569 -0.33337471 0.999999940 0.999999940 0.999999940
v 0.282438695 0.069597430 -0.31454206 0.999999940 0.999999940 0.999999940
v 0.294848591 0.071815937 -0.38253552 0.999999940 0.999999940 0.999999940
v 0.301494419 0.071257203 -0.36192802 0.999999940 0.999999940 0.999999940
v 0.281856596 0.071889191 -0.38397634 0.999999940 0.999999940 0.999999940
v 0.285686045 0.071213677 -0.35995147 0.999999940 0.999999940 0.999999940
v 0.304388999 0.069967798 -0.36304599 0.999999940 0.999999940 0.999999940
v 0.303382009 0.069842398 -0.36996901 0.999999940 0.999999940 0.999999940
v 0.299400985 0.070873901 -0.37649801 0.999999940 0.999999940 0.999999940
v 0.294228017 0.071133047 -0.41075152 0.999999940 0.999999940 0.999999940
v 0.292081356 0.072522185 -0.40910995 0.999999940 0.999999940 0.999999940
v 0.287439853 0.073052018 -0.40866971 0.999999940 0.999999940 0.999999940
v 0.288260996 0.0727605 -0.41580001 0.999999940 0.999999940 0.999999940
v 0.291124999 0.071233503 -0.41819099 0.999999940 0.999999940 0.999999940
v 0.286195009 0.072328500 -0.424308 0.999999940 0.999999940 0.999999940
v 0.282121330 0.073268711 -0.42762011 0.999999940 0.999999940 0.999999940
v 0.274264574 0.073279477 -0.42370364 0.999999940 0.999999940 0.999999940
v 0.258152008 0.071508206 -0.40989468 0.999999940 0.999999940 0.999999940
v 0.249688312 0.069974511 -0.3908985 0.999999940 0.999999940 0.999999940
v 0.259812802 0.069885551 -0.37368515 0.999999940 0.999999940 0.999999940
v 0.253633886 0.068794392 -0.35786188 0.999999940 0.999999940 0.999999940
v 0.262991815 0.068795897 -0.33886337 0.999999940 0.999999940 0.999999940
v 0.258712410 0.067744210 -0.31289706 0.999999940 0.999999940 0.999999940
v 0.269368439 0.068259842 -0.29902539 0.999999940 0.999999940 0.999999940
v 0.259777069 0.067310869 -0.27807206 0.999999940 0.999999940 0.999999940
v 0.244080215 0.066456310 -0.29933187 0.999999940 0.999999940 0.999999940
v 0.242784053 0.066862240 -0.32264221 0.999999940 0.999999940 0.999999940
v 0.245539307 0.067812815 -0.34666637 0.999999940 0.999999940 0.999999940
v 0.237774416 0.068331636 -0.37260655 0.999999940 0.999999940 0.999999940
v 0.227997303 0.067216172 -0.36152402 0.999999940 0.999999940 0.999999940
v 0.235009089 0.069697164 -0.40418664 0.999999940 0.999999940 0.999999940
v 0.229293674 0.068584069 -0.38972008 0.999999940 0.999999940 0.999999940
v 0.247394889 0.072058990 -0.43222424 0.999999940 0.999999940 0.999999940
v 0.272050201 0.074319608 -0.44566807 0.999999940 0.999999940 0.999999940
v 0.281284689 0.074120678 -0.44947392 0.999999940 0.999999940 0.999999940
v 0.285838007 0.072029799 -0.43327099 0.999999940 0.999999940 0.999999940
v 0.287753999 0.070857398 -0.428368 0.999999940 0.999999940 0.999999940
v 0.289534002 0.069858603 -0.42446399 0.999999940 0.999999940 0.999999940
v 0.288041293 0.069107554 -0.43462494 0.999999940 0.999999940 0.999999940
v 0.289259314 0.064034394 -0.42853716 0.999999940 0.999999940 0.999999940
v 0.285174012 0.072484701 -0.43946001 0.999999940 0.999999940 0.999999940
v 0.283529996 0.075335696 -0.46018201 0.999999940 0.999999940 0.999999940
v 0.287382006 0.073691301 -0.459066 0.999999940 0.999999940 0.999999940
v 0.286843001 0.072265699 -0.45457101 0.999999940 0.999999940 0.999999940
v 0.286022990 0.071720801 -0.44714499 0.999999940 0.999999940 0.999999940
v 0.288528174 0.076924182 -0.47395965 0.999999940 0.999999940 0.999999940
v 0.267236411 0.075368575 -0.46650025 0.999999940 0.999999940 0.999999940
v 0.245285704 0.073685139 -0.46054175 0.999999940 0.999999940 0.999999940
v 0.226290926 0.071470327 -0.44340768 0.999999940 0.999999940 0.999999940
v 0.219195753 0.069613590 -0.41991177 0.999999940 0.999999940 0.999999940
v 0.210127681 0.068170301 -0.40373498 0.999999940 0.999999940 0.999999940
v 0.216191604 0.067565172 -0.38540629 0.999999940 0.999999940 0.999999940
v 0.203788369 0.066085971 -0.36921895 0.999999940 0.999999940 0.999999940
v 0.208197146 0.065414853 -0.3462905 0.999999940 0.999999940 0.999999940
v 0.232096031 0.066554337 -0.3365103 0.999999940 0.999999940 0.999999940
v 0.213561907 0.065284855 -0.33302909 0.999999940 0.999999940 0.999999940
v 0.218585282 0.065123155 -0.31504804 0.999999940 0.999999940 0.999999940
v 0.187173321 0.064010053 -0.33737981 0.999999940 0.999999940 0.999999940
v 0.185626670 0.064597405 -0.35658711 0.999999940 0.999999940 0.999999940
v 0.190675705 0.066490910 -0.39213642 0.999999940 0.999999940 0.999999940
v 0.183694824 0.065588064 -0.38114694 0.999999940 0.999999940 0.999999940
v 0.193040400 0.067966505 -0.41620147 0.999999940 0.999999940 0.999999940
v 0.207166925 0.070078373 -0.43828166 0.999999940 0.999999940 0.999999940
v 0.220262706 0.072806865 -0.46853885 0.999999940 0.999999940 0.999999940
v 0.244662493 0.075385399 -0.4870548 0.999999940 0.999999940 0.999999940
v 0.289115339 0.077841535 -0.48740202 0.999999940 0.999999940 0.999999940
v 0.291680008 0.076817199 -0.47916001 0.999999940 0.999999940 0.999999940
v 0.290973991 0.076085299 -0.47337201 0.999999940 0.999999940 0.999999940
v 0.287476986 0.075493596 -0.46617499 0.999999940 0.999999940 0.999999940
v 0.289240986 0.072586901 -0.46438 0.999999940 0.999999940 0.999999940
v 0.288405001 0.072005301 -0.45848301 0.999999940 0.999999940 0.999999940
v 0.288884997 0.067020975 -0.45686933 0.999999940 0.999999940 0.999999940
v 0.285885006 0.060808748 -0.44704199 0.999999940 0.999999940 0.999999940
v 0.287425994 0.061776500 -0.457636 0.999999940 0.999999940 0.999999940
v 0.287871241 0.064323276 -0.44289663 0.999999940 0.999999940 0.999999940
v 0.289632022 0.061052449 -0.46428549 0.999999940 0.999999940 0.999999940
v 0.290978997 0.061342299 -0.47166401 0.999999940 0.999999940 0.999999940
v 0.291694998 0.062353398 -0.47760901 0.999999940 0.999999940 0.999999940
v 0.290952712 0.069204352 -0.47653142 0.999999940 0.999999940 0.999999940
v 0.290302991 0.074172198 -0.47023401 0.999999940 0.999999940 0.999999940
v 0.291198998 0.076014302 -0.48535901 0.999999940 0.999999940 0.999999940
v 0.254183501 0.076709173 -0.4997595 0.999999940 0.999999940 0.999999940
v 0.283831000 0.078079298 -0.49941099 0.999999940 0.999999940 0.999999940
v 0.288634985 0.078268297 -0.49925399 0.999999940 0.999999940 0.999999940
v 0.290063500 0.077841445 -0.49157602 0.999999940 0.999999940 0.999999940
v 0.236680507 0.075839951 -0.49981302 0.999999940 0.999999940 0.999999940
v 0.207554176 0.073417209 -0.48642671 0.999999940 0.999999940 0.999999940
v 0.197781026 0.071685455 -0.46895829 0.999999940 0.999999940 0.999999940
v 0.195403024 0.070340342 -0.45125169 0.999999940 0.999999940 0.999999940
v 0.181057468 0.068389713 -0.43262535 0.999999940 0.999999940 0.999999940
v 0.173357695 0.069382898 -0.45230743 0.999999940 0.999999940 0.999999940
v 0.176769927 0.071321688 -0.47688988 0.999999940 0.999999940 0.999999940
v 0.210447758 0.074550673 -0.49979275 0.999999940 0.999999940 0.999999940
v 0.184248000 0.073384650 -0.49977425 0.999999940 0.999999940 0.999999940
v 0.231406405 0.070204943 -0.49981076 0.999999940 0.999999940 0.999999940
v 0.283156931 0.074018836 -0.49982706 0.999999940 0.999999940 0.999999940
v 0.288583993 0.074448101 -0.49961999 0.999999940 0.999999940 0.999999940
v 0.289898991 0.076507248 -0.49480084 0.999999940 0.999999940 0.999999940
v 0.290117204 0.065445058 -0.49131659 0.999999940 0.999999940 0.999999940
v 0.291355997 0.062187798 -0.484869 0.999999940 0.999999940 0.999999940
v 0.289308041 0.060315322 -0.46907359 0.999999940 0.999999940 0.999999940
v 0.283466577 0.059603560 -0.45927581 0.999999940 0.999999940 0.999999940
v 0.281395703 0.058674510 -0.44330165 0.999999940 0.999999940 0.999999940
v 0.289572000 0.061090994 -0.48622757 0.999999940 0.999999940 0.999999940
v 0.290762990 0.061593201 -0.48915899 0.999999940 0.999999940 0.999999940
v 0.288744986 0.062079999 -0.49940699 0.999999940 0.999999940 0.999999940
v 0.288648009 0.066148400 -0.49963099 0.999999940 0.999999940 0.999999940
v 0.283821165 0.066063083 -0.49984977 0.999999940 0.999999940 0.999999940
v 0.249100744 0.064550228 -0.49982375 0.999999940 0.999999940 0.999999940
v 0.197359249 0.057128198 -0.49978411 0.999999940 0.999999940 0.999999940
v 0.201011747 0.067245066 -0.49978492 0.999999940 0.999999940 0.999999940
v 0.231442004 0.058729052 -0.4998095 0.999999940 0.999999940 0.999999940
v 0.170601487 0.063058666 -0.49976519 0.999999940 0.999999940 0.999999940
v 0.163318991 0.072566479 -0.49976099 0.999999940 0.999999940 0.999999940
v 0.160793900 0.071500770 -0.4875637 0.999999940 0.999999940 0.999999940
v 0.153546541 0.070270434 -0.4750711 0.999999940 0.999999940 0.999999940
v 0.158646896 0.069095581 -0.45672986 0.999999940 0.999999940 0.999999940
v 0.159629717 0.067590273 -0.43443471 0.999999940 0.999999940 0.999999940
v 0.136842355 0.068107441 -0.45380878 0.999999940 0.999999940 0.999999940
v 0.141135111 0.067349411 -0.44113481 0.999999940 0.999999940 0.999999940
v 0.131140157 0.069809682 -0.47857618 0.999999940 0.999999940 0.999999940
v 0.129368290 0.068615146 -0.46369955 0.999999940 0.999999940 0.999999940
v 0.128080874 0.071477524 -0.4997437 0.999999940 0.999999940 0.999999940
v 0.139028444 0.063230112 -0.49974817 0.999999940 0.999999940 0.999999940
v 0.168559998 0.055920653 -0.49976501 0.999999940 0.999999940 0.999999940
v 0.1546195 0.055418849 -0.49975699 0.999999940 0.999999940 0.999999940
v 0.144171997 0.055075001 -0.499751 0.999999940 0.999999940 0.999999940
v 0.216145202 0.056956753 -0.48567575 0.999999940 0.999999940 0.999999940
v 0.187099412 0.055044304 -0.47848204 0.999999940 0.999999940 0.999999940
v 0.162352234 0.054665748 -0.48687485 0.999999940 0.999999940 0.999999940
v 0.253319501 0.059881359 -0.49980062 0.999999940 0.999999940 0.999999940
v 0.283894002 0.061652798 -0.49960899 0.999999940 0.999999940 0.999999940
v 0.283541858 0.061104115 -0.49313956 0.999999940 0.999999940 0.999999940
v 0.263863056 0.058871552 -0.47542548 0.999999940 0.999999940 0.999999940
v 0.236522376 0.057823959 -0.48281738 0.999999940 0.999999940 0.999999940
v 0.207086786 0.055024575 -0.46481723 0.999999940 0.999999940 0.999999940
v 0.230622336 0.056552551 -0.46894592 0.999999940 0.999999940 0.999999940
v 0.185700982 0.053338173 -0.45563182 0.999999940 0.999999940 0.999999940
v 0.168375343 0.052403535 -0.45327902 0.999999940 0.999999940 0.999999940
v 0.162468165 0.053733076 -0.474608 0.999999940 0.999999940 0.999999940
v 0.140006542 0.052352313 -0.46690673 0.999999940 0.999999940 0.999999940
v 0.130773425 0.053176283 -0.48124921 0.999999940 0.999999940 0.999999940
v 0.122441001 0.054479062 -0.49974185 0.999999940 0.999999940 0.999999940
v 0.116423457 0.064064443 -0.49973813 0.999999940 0.999999940 0.999999940
v 0.088592596 0.070625700 -0.49972999 0.999999940 0.999999940 0.999999940
v 0.094701550 0.069257214 -0.48221248 0.999999940 0.999999940 0.999999940
v 0.111983552 0.069819264 -0.4848879 0.999999940 0.999999940 0.999999940
v 0.090100199 0.061896543 -0.49973068 0.999999940 0.999999940 0.999999940
v 0.112996131 0.067871511 -0.4597441 0.999999940 0.999999940 0.999999940
v 0.096589162 0.066978976 -0.45239088 0.999999940 0.999999940 0.999999940
v 0.116840012 0.066267848 -0.43594497 0.999999940 0.999999940 0.999999940
v 0.080023825 0.067355275 -0.46079752 0.999999940 0.999999940 0.999999940
v 0.076593130 0.068955674 -0.48165476 0.999999940 0.999999940 0.999999940
v 0.062642201 0.070380799 -0.49972615 0.999999940 0.999999940 0.999999940
v 0.053761132 0.062243077 -0.49972478 0.999999940 0.999999940 0.999999940
v 0.060064062 0.05353719 -0.49972674 0.999999940 0.999999940 0.999999940
v 0.088605299 0.053791198 -0.499731 0.999999940 0.999999940 0.999999940
v 0.099005051 0.053961202 -0.49973398 0.999999940 0.999999940 0.999999940
v 0.110770538 0.052589401 -0.48035729 0.999999940 0.999999940 0.999999940
v 0.112667858 0.050531506 -0.45309603 0.999999940 0.999999940 0.999999940
v 0.149405971 0.05169525 -0.45379484 0.999999940 0.999999940 0.999999940
v 0.130004227 0.050197992 -0.44159216 0.999999940 0.999999940 0.999999940
v 0.15355362 0.050069108 -0.42766637 0.999999940 0.999999940 0.999999940
v 0.174077510 0.051296088 -0.43341434 0.999999940 0.999999940 0.999999940
v 0.199082329 0.053545586 -0.44918039 0.999999940 0.999999940 0.999999940
v 0.158625796 0.049282375 -0.41173887 0.999999940 0.999999940 0.999999940
v 0.142326012 0.049383785 -0.42348206 0.999999940 0.999999940 0.999999940
v 0.127593308 0.048490271 -0.41667587 0.999999940 0.999999940 0.999999940
v 0.114981591 0.049019381 -0.43040478 0.999999940 0.999999940 0.999999940
v 0.093005329 0.048328634 -0.42732996 0.999999940 0.999999940 0.999999940
v 0.081964068 0.049602497 -0.44813359 0.999999940 0.999999940 0.999999940
v 0.090150684 0.050989549 -0.46504152 0.999999940 0.999999940 0.999999940
v 0.085925050 0.052467539 -0.48447785 0.999999940 0.999999940 0.999999940
v 0.024688873 0.053536802 -0.49972677 0.999999940 0.999999940 0.999999940
v 0.065922997 0.051833264 -0.47939968 0.999999940 0.999999940 0.999999940
v 0.043903823 0.052428830 -0.48755941 0.999999940 0.999999940 0.999999940
v 0.036739699 0.070313148 -0.49972501 0.999999940 0.999999940 0.999999940
v 0.028309006 0.062436010 -0.49972555 0.999999940 0.999999940 0.999999940
v 0.051475893 0.068942293 -0.48369518 0.999999940 0.999999940 0.999999940
v 0.023544812 0.069261983 -0.48668665 0.999999940 0.999999940 0.999999940
v -0.00069716 0.070664644 -0.49973071 0.999999940 0.999999940 0.999999940
v 0.004219260 0.061191219 -0.49972916 0.999999940 0.999999940 0.999999940
v 0.024421945 0.052125312 -0.4830226 0.999999940 0.999999940 0.999999940
v 0.006606095 0.052301596 -0.48317444 0.999999940 0.999999940 0.999999940
v -0.00369531 0.053863100 -0.49973199 0.999999940 0.999999940 0.999999940
v 0.028383882 0.051341984 -0.47375974 0.999999940 0.999999940 0.999999940
v 0.048117160 0.050330523 -0.4613423 0.999999940 0.999999940 0.999999940
v 0.067677028 0.049935143 -0.45482838 0.999999940 0.999999940 0.999999940
v 0.064457759 0.048258543 -0.43150452 0.999999940 0.999999940 0.999999940
v 0.086562082 0.046503759 -0.39837649 0.999999940 0.999999940 0.999999940
v 0.071308828 0.047327652 -0.41600624 0.999999940 0.999999940 0.999999940
v 0.108140274 0.047570779 -0.40988547 0.999999940 0.999999940 0.999999940
v 0.118172489 0.047022540 -0.39568117 0.999999940 0.999999940 0.999999940
v 0.103898182 0.046242777 -0.38726857 0.999999940 0.999999940 0.999999940
v 0.071410812 0.045328948 -0.37839824 0.999999940 0.999999940 0.999999940
v 0.061377897 0.046112109 -0.3962321 0.999999940 0.999999940 0.999999940
v 0.052872579 0.047119792 -0.41464567 0.999999940 0.999999940 0.999999940
v 0.045214247 0.048609968 -0.43797791 0.999999940 0.999999940 0.999999940
v 0.038087636 0.050498068 -0.46343571 0.999999940 0.999999940 0.999999940
v 0.014745344 0.050425961 -0.46076024 0.999999940 0.999999940 0.999999940
v -0.01006237 0.051386658 -0.468523 0.999999940 0.999999940 0.999999940
v -0.01715505 0.053094528 -0.48792273 0.999999940 0.999999940 0.999999940
v -0.0302992 0.054391749 -0.49974024 0.999999940 0.999999940 0.999999940
v -0.03216403 0.062129106 -0.49974024 0.999999940 0.999999940 0.999999940
v -0.05085302 0.054958600 -0.49974951 0.999999940 0.999999940 0.999999940
v -0.07494117 0.063661173 -0.49976155 0.999999940 0.999999940 0.999999940
v -0.0594183 0.072072170 -0.49975324 0.999999940 0.999999940 0.999999940
v -0.03202473 0.071273550 -0.49974051 0.999999940 0.999999940 0.999999940
v -0.04515398 0.053863782 -0.4886696 0.999999940 0.999999940 0.999999940
v -0.02763341 0.051317203 -0.46275005 0.999999940 0.999999940 0.999999940
v -0.00308273 0.049936983 -0.45108235 0.999999940 0.999999940 0.999999940
v 0.021161912 0.049260787 -0.44594806 0.999999940 0.999999940 0.999999940
v 0.031394098 0.047913488 -0.42727673 0.999999940 0.999999940 0.999999940
v 0.032988414 0.046649828 -0.4067632 0.999999940 0.999999940 0.999999940
v 0.044743016 0.045653253 -0.38830337 0.999999940 0.999999940 0.999999940
v 0.046603389 0.044931761 -0.37156618 0.999999940 0.999999940 0.999999940
v 0.023317657 0.045469313 -0.38322911 0.999999940 0.999999940 0.999999940
v 0.015295028 0.047505229 -0.41918299 0.999999940 0.999999940 0.999999940
v 0.006948091 0.046044703 -0.39209047 0.999999940 0.999999940 0.999999940
v 0.000812341 0.048493791 -0.43154991 0.999999940 0.999999940 0.999999940
v -0.01823064 0.049291387 -0.43818042 0.999999940 0.999999940 0.999999940
v -0.03735305 0.049990408 -0.4411552 0.999999940 0.999999940 0.999999940
v -0.0479942 0.052236560 -0.46711954 0.999999940 0.999999940 0.999999940
v -0.06485275 0.054051876 -0.4829042 0.999999940 0.999999940 0.999999940
v -0.06795552 0.055526174 -0.49975848 0.999999940 0.999999940 0.999999940
v -0.10040206 0.073663748 -0.49977851 0.999999940 0.999999940 0.999999940
v -0.11458234 0.064175598 -0.49978876 0.999999940 0.999999940 0.999999940
v -0.09100816 0.056424662 -0.49977288 0.999999940 0.999999940 0.999999940
v -0.06156433 0.070610210 -0.48099729 0.999999940 0.999999940 0.999999940
v -0.04028978 0.070393405 -0.48667023 0.999999940 0.999999940 0.999999940
v -0.01819559 0.069737158 -0.48539147 0.999999940 0.999999940 0.999999940
v -0.0425698 0.068949334 -0.46769214 0.999999940 0.999999940 0.999999940
v -0.0654284 0.069118008 -0.45986059 0.999999940 0.999999940 0.999999940
v -0.08331624 0.070879072 -0.47364038 0.999999940 0.999999940 0.999999940
v -0.10462762 0.072637885 -0.48410374 0.999999940 0.999999940 0.999999940
v -0.146384 0.075916275 -0.49981424 0.999999940 0.999999940 0.999999940
v -0.13716187 0.074640967 -0.48920107 0.999999940 0.999999940 0.999999940
v -0.1427909 0.067485511 -0.49981099 0.999999940 0.999999940 0.999999940
v -0.114029 0.057440798 -0.499789 0.999999940 0.999999940 0.999999940
v -0.1344635 0.058447375 -0.499805 0.999999940 0.999999940 0.999999940
v -0.11323152 0.056153029 -0.48337626 0.999999940 0.999999940 0.999999940
v -0.08292519 0.054505359 -0.47987795 0.999999940 0.999999940 0.999999940
v -0.07013365 0.052351750 -0.45835263 0.999999940 0.999999940 0.999999940
v -0.05359265 0.050742168 -0.44456515 0.999999940 0.999999940 0.999999940
v -0.03133738 0.048357665 -0.41924372 0.999999940 0.999999940 0.999999940
v -0.04917704 0.049280639 -0.42530572 0.999999940 0.999999940 0.999999940
v -0.01417419 0.048215411 -0.42331019 0.999999940 0.999999940 0.999999940
v -0.02237831 0.047223657 -0.40410969 0.999999940 0.999999940 0.999999940
v -0.04595946 0.047994349 -0.40639973 0.999999940 0.999999940 0.999999940
v -0.0682957 0.049308337 -0.41484135 0.999999940 0.999999940 0.999999940
v -0.07002144 0.050301276 -0.42940372 0.999999940 0.999999940 0.999999940
v -0.09297387 0.052900273 -0.45233545 0.999999940 0.999999940 0.999999940
v -0.10295091 0.054990049 -0.47440177 0.999999940 0.999999940 0.999999940
v -0.14068532 0.057411868 -0.48089689 0.999999940 0.999999940 0.999999940
v -0.12251358 0.054818447 -0.45831943 0.999999940 0.999999940 0.999999940
v -0.156582 0.059608571 -0.49982351 0.999999940 0.999999940 0.999999940
v -0.16390604 0.068996280 -0.49982932 0.999999940 0.999999940 0.999999940
v -0.1677447 0.075843393 -0.48149443 0.999999940 0.999999940 0.999999940
v -0.175295 0.077483899 -0.49983901 0.999999940 0.999999940 0.999999940
v -0.11880287 0.072417311 -0.47166154 0.999999940 0.999999940 0.999999940
v -0.14538592 0.07405781 -0.47447708 0.999999940 0.999999940 0.999999940
v -0.10269697 0.071070365 -0.46439168 0.999999940 0.999999940 0.999999940
v -0.11912494 0.070550851 -0.44503784 0.999999940 0.999999940 0.999999940
v -0.1351614 0.071919359 -0.45179194 0.999999940 0.999999940 0.999999940
v -0.17043349 0.074544034 -0.45906231 0.999999940 0.999999940 0.999999940
v -0.15270068 0.073021382 -0.45253068 0.999999940 0.999999940 0.999999940
v -0.18268426 0.075748048 -0.46577886 0.999999940 0.999999940 0.999999940
v -0.19453804 0.077852748 -0.48794705 0.999999940 0.999999940 0.999999940
v -0.19379751 0.069081105 -0.49985623 0.999999940 0.999999940 0.999999940
v -0.1939905 0.078541174 -0.49985626 0.999999940 0.999999940 0.999999940
v -0.17698525 0.060733549 -0.49984151 0.999999940 0.999999940 0.999999940
v -0.16418999 0.058674704 -0.4796913 0.999999940 0.999999940 0.999999940
v -0.14700824 0.056480214 -0.46213076 0.999999940 0.999999940 0.999999940
v -0.10260437 0.052537154 -0.4404029 0.999999940 0.999999940 0.999999940
v -0.12770407 0.053932469 -0.44108796 0.999999940 0.999999940 0.999999940
v -0.09494011 0.050921052 -0.42177293 0.999999940 0.999999940 0.999999940
v -0.0859549 0.049438424 -0.404293 0.999999940 0.999999940 0.999999940
v -0.06382354 0.047755975 -0.39091024 0.999999940 0.999999940 0.999999940
v -0.08009854 0.048098940 -0.38461256 0.999999940 0.999999940 0.999999940
v -0.10518859 0.049737561 -0.39271459 0.999999940 0.999999940 0.999999940
v -0.11488861 0.051639106 -0.41640267 0.999999940 0.999999940 0.999999940
v -0.15424795 0.055636152 -0.44255954 0.999999940 0.999999940 0.999999940
v -0.13106373 0.053005948 -0.42353526 0.999999940 0.999999940 0.999999940
v -0.16997093 0.057367544 -0.4541921 0.999999940 0.999999940 0.999999940
v -0.19574682 0.061180047 -0.48961145 0.999999940 0.999999940 0.999999940
v -0.19272447 0.059951309 -0.47242948 0.999999940 0.999999940 0.999999940
v -0.202479 0.062175475 -0.49986425 0.999999940 0.999999940 0.999999940
v -0.23307437 0.063895374 -0.49989188 0.999999940 0.999999940 0.999999940
v -0.21767974 0.074008144 -0.49987754 0.999999940 0.999999940 0.999999940
v -0.22628188 0.080370612 -0.49988502 0.999999940 0.999999940 0.999999940
v -0.2022355 0.077604375 -0.47595865 0.999999940 0.999999940 0.999999940
v -0.23052102 0.079647027 -0.48141369 0.999999940 0.999999940 0.999999940
v -0.1980326 0.076092600 -0.45473924 0.999999940 0.999999940 0.999999940
v -0.21930473 0.077636376 -0.45692977 0.999999940 0.999999940 0.999999940
v -0.2415522 0.079470366 -0.46411303 0.999999940 0.999999940 0.999999940
v -0.25475499 0.081531293 -0.49069807 0.999999940 0.999999940 0.999999940
v -0.25944227 0.082127213 -0.49983197 0.999999940 0.999999940 0.999999940
v -0.25814921 0.078316532 -0.49991271 0.999999940 0.999999940 0.999999940
v -0.26469648 0.068693250 -0.49991888 0.999999940 0.999999940 0.999999940
v -0.26709402 0.065760552 -0.49984848 0.999999940 0.999999940 0.999999940
v -0.26410955 0.065222285 -0.49185073 0.999999940 0.999999940 0.999999940
v -0.24939418 0.063773877 -0.47808117 0.999999940 0.999999940 0.999999940
v -0.22690398 0.062476620 -0.47939911 0.999999940 0.999999940 0.999999940
v -0.21911682 0.060650788 -0.45469269 0.999999940 0.999999940 0.999999940
v -0.19343384 0.058176390 -0.44171026 0.999999940 0.999999940 0.999999940
v -0.15919274 0.054548643 -0.41949701 0.999999940 0.999999940 0.999999940
v -0.13464326 0.051720667 -0.3976135 0.999999940 0.999999940 0.999999940
v -0.15238318 0.052576445 -0.39195839 0.999999940 0.999999940 0.999999940
v -0.12835254 0.050499606 -0.38152614 0.999999940 0.999999940 0.999999940
v -0.17692524 0.055133462 -0.40782446 0.999999940 0.999999940 0.999999940
v -0.19906086 0.056950632 -0.41163728 0.999999940 0.999999940 0.999999940
v -0.21773279 0.059332631 -0.43135935 0.999999940 0.999999940 0.999999940
v -0.23927043 0.061636913 -0.44722414 0.999999940 0.999999940 0.999999940
v -0.24732408 0.063173450 -0.46823597 0.999999940 0.999999940 0.999999940
v -0.27304655 0.064745850 -0.4684366 0.999999940 0.999999940 0.999999940
v -0.30744153 0.067530833 -0.49313319 0.999999940 0.999999940 0.999999940
v -0.30733126 0.072842173 -0.49992007 0.999999940 0.999999940 0.999999940
v -0.28753 0.066895097 -0.49964499 0.999999940 0.999999940 0.999999940
v -0.30731314 0.079700954 -0.49986866 0.999999940 0.999999940 0.999999940
v -0.28049392 0.082979925 -0.49257553 0.999999940 0.999999940 0.999999940
v -0.30718201 0.083812698 -0.49897799 0.999999940 0.999999940 0.999999940
v -0.26609102 0.081090204 -0.46613514 0.999999940 0.999999940 0.999999940
v -0.29912752 0.083378739 -0.47842267 0.999999940 0.999999940 0.999999940
v -0.30670607 0.083873897 -0.49013585 0.999999940 0.999999940 0.999999940
v -0.308945 0.083343602 -0.49863601 0.999999940 0.999999940 0.999999940
v -0.30878401 0.080099396 -0.49954 0.999999940 0.999999940 0.999999940
v -0.30745599 0.067986697 -0.49933001 0.999999940 0.999999940 0.999999940
v -0.30880201 0.072014503 -0.499643 0.999999940 0.999999940 0.999999940
v -0.30993301 0.068209700 -0.49312201 0.999999940 0.999999940 0.999999940
v -0.30893499 0.068372398 -0.49908799 0.999999940 0.999999940 0.999999940
v -0.30700728 0.067532189 -0.48570606 0.999999940 0.999999940 0.999999940
v -0.29135558 0.065318591 -0.45059103 0.999999940 0.999999940 0.999999940
v -0.2552028 0.062610372 -0.44499019 0.999999940 0.999999940 0.999999940
v -0.27940366 0.063434436 -0.4250783 0.999999940 0.999999940 0.999999940
v -0.24166369 0.060822513 -0.42640769 0.999999940 0.999999940 0.999999940
v -0.22135198 0.058540388 -0.40992048 0.999999940 0.999999940 0.999999940
v -0.20053782 0.056154608 -0.39322087 0.999999940 0.999999940 0.999999940
v -0.17416747 0.053942520 -0.38858834 0.999999940 0.999999940 0.999999940
v -0.22865662 0.058552846 -0.39791846 0.999999940 0.999999940 0.999999940
v -0.20235415 0.055805735 -0.38251415 0.999999940 0.999999940 0.999999940
v -0.24572399 0.060369458 -0.4097667 0.999999940 0.999999940 0.999999940
v -0.2572239 0.061783269 -0.4228974 0.999999940 0.999999940 0.999999940
v -0.28776968 0.064512319 -0.42370489 0.999999940 0.999999940 0.999999940
v -0.27427799 0.062030065 -0.39819121 0.999999940 0.999999940 0.999999940
v -0.29960126 0.063398696 -0.37755126 0.999999940 0.999999940 0.999999940
v -0.3100726 0.068268269 -0.46685046 0.999999940 0.999999940 0.999999940
v -0.30067554 0.067744337 -0.44995791 0.999999940 0.999999940 0.999999940
v -0.31089401 0.070499703 -0.48765299 0.999999940 0.999999940 0.999999940
v -0.31337401 0.071675598 -0.46762899 0.999999940 0.999999940 0.999999940
v -0.31017488 0.073911987 -0.4944711 0.999999940 0.999999940 0.999999940
v -0.309921 0.081803396 -0.492897 0.999999940 0.999999940 0.999999940
v -0.31355467 0.073402792 -0.47172102 0.999999940 0.999999940 0.999999940
v -0.31312901 0.070647403 -0.46447799 0.999999940 0.999999940 0.999999940
v -0.31313506 0.075153753 -0.4624899 0.999999940 0.999999940 0.999999940
v -0.30630001 0.068235598 -0.45858499 0.999999940 0.999999940 0.999999940
v -0.31089801 0.068782001 -0.46061301 0.999999940 0.999999940 0.999999940
v -0.311454 0.070168398 -0.45838299 0.999999940 0.999999940 0.999999940
v -0.29496732 0.066796064 -0.43254811 0.999999940 0.999999940 0.999999940
v -0.30150399 0.070070602 -0.439594 0.999999940 0.999999940 0.999999940
v -0.303698 0.071411103 -0.44496199 0.999999940 0.999999940 0.999999940
v -0.305491 0.070831798 -0.45095301 0.999999940 0.999999940 0.999999940
v -0.29459736 0.065926261 -0.41684946 0.999999940 0.999999940 0.999999940
v -0.30486873 0.065134249 -0.38833225 0.999999940 0.999999940 0.999999940
v -0.2986306 0.066065080 -0.40887856 0.999999940 0.999999940 0.999999940
v -0.29491481 0.061681229 -0.32868186 0.999999940 0.999999940 0.999999940
v -0.3056255 0.063807807 -0.34237307 0.999999940 0.999999940 0.999999940
v -0.30685762 0.065202936 -0.37070179 0.999999940 0.999999940 0.999999940
v -0.28437108 0.061862945 -0.36917183 0.999999940 0.999999940 0.999999940
v -0.3086825 0.068220749 -0.38542899 0.999999940 0.999999940 0.999999940
v -0.30724999 0.068828098 -0.39469701 0.999999940 0.999999940 0.999999940
v -0.30457401 0.066581599 -0.39627299 0.999999940 0.999999940 0.999999940
v -0.3037 0.068650297 -0.403721 0.999999940 0.999999940 0.999999940
v -0.301819 0.069737397 -0.40962201 0.999999940 0.999999940 0.999999940
v -0.300264 0.068325802 -0.41270101 0.999999940 0.999999940 0.999999940
v -0.29900101 0.069821298 -0.41763401 0.999999940 0.999999940 0.999999940
v -0.29774499 0.069122903 -0.423599 0.999999940 0.999999940 0.999999940
v -0.29866999 0.070755198 -0.429131 0.999999940 0.999999940 0.999999940
v -0.30067199 0.070849597 -0.43588099 0.999999940 0.999999940 0.999999940
v -0.30452847 0.073208630 -0.44571823 0.999999940 0.999999940 0.999999940
v -0.30930999 0.072163999 -0.45579401 0.999999940 0.999999940 0.999999940
v -0.31105331 0.075430981 -0.45714214 0.999999940 0.999999940 0.999999940
v -0.31276801 0.077510103 -0.463689 0.999999940 0.999999940 0.999999940
v -0.30875501 0.076494596 -0.45505601 0.999999940 0.999999940 0.999999940
v -0.310855 0.078963197 -0.45813501 0.999999940 0.999999940 0.999999940
v -0.31187499 0.078961402 -0.460255 0.999999940 0.999999940 0.999999940
v -0.29880801 0.074046701 -0.42977801 0.999999940 0.999999940 0.999999940
v -0.29977599 0.075856998 -0.435543 0.999999940 0.999999940 0.999999940
v -0.30238599 0.077159300 -0.44490901 0.999999940 0.999999940 0.999999940
v -0.30480599 0.077551096 -0.45053199 0.999999940 0.999999940 0.999999940
v -0.29901531 0.072255939 -0.42428553 0.999999940 0.999999940 0.999999940
v -0.30113453 0.070628948 -0.41278353 0.999999940 0.999999940 0.999999940
v -0.29911301 0.073628701 -0.417254 0.999999940 0.999999940 0.999999940
v -0.30573535 0.072182461 -0.4018434 0.999999940 0.999999940 0.999999940
v -0.306171 0.0699974 -0.39905 0.999999940 0.999999940 0.999999940
v -0.30964395 0.073027230 -0.388432 0.999999940 0.999999940 0.999999940
v -0.31011 0.069074399 -0.37565199 0.999999940 0.999999940 0.999999940
v -0.309771 0.075306803 -0.375622 0.999999940 0.999999940 0.999999940
v -0.308615 0.076307997 -0.38194999 0.999999940 0.999999940 0.999999940
v -0.30794001 0.076277896 -0.388219 0.999999940 0.999999940 0.999999940
v -0.30760601 0.074897803 -0.393462 0.999999940 0.999999940 0.999999940
v -0.31260109 0.072178021 -0.36252493 0.999999940 0.999999940 0.999999940
v -0.30586499 0.075842097 -0.39766499 0.999999940 0.999999940 0.999999940
v -0.30359 0.076082803 -0.40273401 0.999999940 0.999999940 0.999999940
v -0.30218899 0.074967898 -0.407745 0.999999940 0.999999940 0.999999940
v -0.30051899 0.075226202 -0.41148499 0.999999940 0.999999940 0.999999940
v -0.29779401 0.075149901 -0.423666 0.999999940 0.999999940 0.999999940
v -0.294981 0.078070603 -0.41534701 0.999999940 0.999999940 0.999999940
v -0.29426956 0.078461550 -0.43083519 0.999999940 0.999999940 0.999999940
v -0.29782799 0.078521996 -0.438086 0.999999940 0.999999940 0.999999940
v -0.30091739 0.080359257 -0.45206189 0.999999940 0.999999940 0.999999940
v -0.30582201 0.080549396 -0.45842099 0.999999940 0.999999940 0.999999940
v -0.31025001 0.080388203 -0.46050099 0.999999940 0.999999940 0.999999940
v -0.30983728 0.081122338 -0.46564266 0.999999940 0.999999940 0.999999940
v -0.29438582 0.081692762 -0.45282462 0.999999940 0.999999940 0.999999940
v -0.28869185 0.079939782 -0.42990592 0.999999940 0.999999940 0.999999940
v -0.28976497 0.079735942 -0.41350353 0.999999940 0.999999940 0.999999940
v -0.29868799 0.077620603 -0.40917301 0.999999940 0.999999940 0.999999940
v -0.30352646 0.078689195 -0.39304349 0.999999940 0.999999940 0.999999940
v -0.30630144 0.078103542 -0.36962423 0.999999940 0.999999940 0.999999940
v -0.30983499 0.076031401 -0.369214 0.999999940 0.999999940 0.999999940
v -0.31031501 0.067821100 -0.36912301 0.999999940 0.999999940 0.999999940
v -0.310839 0.068008899 -0.36224401 0.999999940 0.999999940 0.999999940
v -0.31131899 0.069972202 -0.355573 0.999999940 0.999999940 0.999999940
v -0.31109199 0.073730997 -0.35641101 0.999999940 0.999999940 0.999999940
v -0.310352 0.075600899 -0.36256301 0.999999940 0.999999940 0.999999940
v -0.30736199 0.065279297 -0.35518599 0.999999940 0.999999940 0.999999940
v -0.31018099 0.067527301 -0.34881601 0.999999940 0.999999940 0.999999940
v -0.31093836 0.071827791 -0.34633195 0.999999940 0.999999940 0.999999940
v -0.30656022 0.077323563 -0.35406911 0.999999940 0.999999940 0.999999940
v -0.31017101 0.074003599 -0.34787399 0.999999940 0.999999940 0.999999940
v -0.29761449 0.079811364 -0.38640544 0.999999940 0.999999940 0.999999940
v -0.30308503 0.078155919 -0.33930951 0.999999940 0.999999940 0.999999940
v -0.28006265 0.080085583 -0.42313734 0.999999940 0.999999940 0.999999940
v -0.28138277 0.079298190 -0.39456323 0.999999940 0.999999940 0.999999940
v -0.27436391 0.079815924 -0.42308962 0.999999940 0.999999940 0.999999940
v -0.31264701 0.078819297 -0.467522 0.999999940 0.999999940 0.999999940
v -0.27355891 0.080780096 -0.44778994 0.999999940 0.999999940 0.999999940
v -0.26935253 0.078956328 -0.40916646 0.999999940 0.999999940 0.999999940
v -0.26023772 0.079431369 -0.43663058 0.999999940 0.999999940 0.999999940
v -0.25137123 0.076939508 -0.39251041 0.999999940 0.999999940 0.999999940
v -0.264157 0.077302083 -0.37510997 0.999999940 0.999999940 0.999999940
v -0.28814799 0.078671932 -0.35861322 0.999999940 0.999999940 0.999999940
v -0.29524156 0.078229822 -0.32709327 0.999999940 0.999999940 0.999999940
v -0.30850601 0.075488701 -0.34238201 0.999999940 0.999999940 0.999999940
v -0.30745599 0.075088702 -0.338467 0.999999940 0.999999940 0.999999940
v -0.30528399 0.075395599 -0.333877 0.999999940 0.999999940 0.999999940
v -0.30067 0.077078297 -0.327714 0.999999940 0.999999940 0.999999940
v -0.30840302 0.066272199 -0.34128851 0.999999940 0.999999940 0.999999940
v -0.30564201 0.065955802 -0.33425301 0.999999940 0.999999940 0.999999940
v -0.30703992 0.072108373 -0.33459082 0.999999940 0.999999940 0.999999940
v -0.3006646 0.063007473 -0.32500708 0.999999940 0.999999940 0.999999940
v -0.30451599 0.067751497 -0.32848001 0.999999940 0.999999940 0.999999940
v -0.304221 0.072697401 -0.32767999 0.999999940 0.999999940 0.999999940
v -0.29970399 0.077235601 -0.320234 0.999999940 0.999999940 0.999999940
v -0.302553 0.074658900 -0.321502 0.999999940 0.999999940 0.999999940
v -0.289157 0.077805243 -0.31658176 0.999999940 0.999999940 0.999999940
v -0.29616508 0.077696904 -0.31399426 0.999999940 0.999999940 0.999999940
v -0.27880785 0.077693030 -0.34879318 0.999999940 0.999999940 0.999999940
v -0.24630848 0.075740195 -0.37155879 0.999999940 0.999999940 0.999999940
v -0.2526544 0.075403645 -0.34484267 0.999999940 0.999999940 0.999999940
v -0.21884741 0.073984704 -0.38333315 0.999999940 0.999999940 0.999999940
v -0.23785426 0.076468803 -0.4062832 0.999999940 0.999999940 0.999999940
v -0.24665043 0.077824220 -0.42215592 0.999999940 0.999999940 0.999999940
v -0.21866772 0.075647555 -0.41951343 0.999999940 0.999999940 0.999999940
v -0.22505254 0.076893687 -0.43509501 0.999999940 0.999999940 0.999999940
v -0.24771416 0.079108044 -0.44820106 0.999999940 0.999999940 0.999999940
v -0.21027337 0.073946274 -0.39753023 0.999999940 0.999999940 0.999999940
v -0.18760288 0.070857413 -0.3678914 0.999999940 0.999999940 0.999999940
v -0.19959451 0.071673885 -0.36464313 0.999999940 0.999999940 0.999999940
v -0.23112535 0.074140355 -0.36211351 0.999999940 0.999999940 0.999999940
v -0.26885596 0.076498612 -0.33447534 0.999999940 0.999999940 0.999999940
v -0.24504478 0.074196927 -0.3221755 0.999999940 0.999999940 0.999999940
v -0.22973977 0.072998508 -0.32698447 0.999999940 0.999999940 0.999999940
v -0.21833247 0.072617627 -0.34863308 0.999999940 0.999999940 0.999999940
v -0.26730752 0.07592123 -0.31203279 0.999999940 0.999999940 0.999999940
v -0.28829184 0.077403999 -0.29873091 0.999999940 0.999999940 0.999999940
v -0.29489294 0.076646655 -0.29911169 0.999999940 0.999999940 0.999999940
v -0.29971001 0.074875198 -0.30663899 0.999999940 0.999999940 0.999999940
v -0.300322 0.075327798 -0.31261 0.999999940 0.999999940 0.999999940
v -0.30206516 0.068706475 -0.31349888 0.999999940 0.999999940 0.999999940
v -0.299923 0.072117798 -0.30063999 0.999999940 0.999999940 0.999999940
v -0.302302 0.064909003 -0.31742701 0.999999940 0.999999940 0.999999940
v -0.30089951 0.065338045 -0.3096 0.999999940 0.999999940 0.999999940
v -0.30002099 0.066566698 -0.29902399 0.999999940 0.999999940 0.999999940
v -0.2947287 0.076591841 -0.2848556 0.999999940 0.999999940 0.999999940
v -0.29954001 0.073014102 -0.292871 0.999999940 0.999999940 0.999999940
v -0.26257691 0.075312994 -0.28567371 0.999999940 0.999999940 0.999999940
v -0.28758687 0.077240914 -0.27180955 0.999999940 0.999999940 0.999999940
v -0.24729788 0.074098423 -0.30120859 0.999999940 0.999999940 0.999999940
v -0.22762628 0.072504185 -0.30739465 0.999999940 0.999999940 0.999999940
v -0.21000169 0.071129471 -0.31406552 0.999999940 0.999999940 0.999999940
v -0.20763569 0.071245133 -0.330726 0.999999940 0.999999940 0.999999940
v -0.18792371 0.070123769 -0.34754679 0.999999940 0.999999940 0.999999940
v -0.16489267 0.068949751 -0.36304778 0.999999940 0.999999940 0.999999940
v -0.1775071 0.070613473 -0.37987128 0.999999940 0.999999940 0.999999940
v -0.18364528 0.069397628 -0.33331761 0.999999940 0.999999940 0.999999940
v -0.16309848 0.068059951 -0.34069198 0.999999940 0.999999940 0.999999940
v -0.18669152 0.069369785 -0.31967342 0.999999940 0.999999940 0.999999940
v -0.18670785 0.069210752 -0.30386832 0.999999940 0.999999940 0.999999940
v -0.21558814 0.071453139 -0.29713008 0.999999940 0.999999940 0.999999940
v -0.23893543 0.073357000 -0.28297052 0.999999940 0.999999940 0.999999940
v -0.26311457 0.075585141 -0.25703773 0.999999940 0.999999940 0.999999940
v -0.28683212 0.077549375 -0.23534603 0.999999940 0.999999940 0.999999940
v -0.2979441 0.077572837 -0.24644019 0.999999940 0.999999940 0.999999940
v -0.29621792 0.076467201 -0.26897547 0.999999940 0.999999940 0.999999940
v -0.29885501 0.074285700 -0.27896199 0.999999940 0.999999940 0.999999940
v -0.29945001 0.073061503 -0.28499901 0.999999940 0.999999940 0.999999940
v -0.30027616 0.070608407 -0.2852689 0.999999940 0.999999940 0.999999940
v -0.29932001 0.064386799 -0.29279599 0.999999940 0.999999940 0.999999940
v -0.29497448 0.061840798 -0.30228075 0.999999940 0.999999940 0.999999940
v -0.29457477 0.061526499 -0.31208864 0.999999940 0.999999940 0.999999940
v -0.29586738 0.062274664 -0.27057946 0.999999940 0.999999940 0.999999940
v -0.29913399 0.0645025 -0.27958 0.999999940 0.999999940 0.999999940
v -0.30107969 0.069052711 -0.27272081 0.999999940 0.999999940 0.999999940
v -0.299683 0.073737196 -0.27253401 0.999999940 0.999999940 0.999999940
v -0.303929 0.075062200 -0.2577 0.999999940 0.999999940 0.999999940
v -0.30054301 0.075234197 -0.263574 0.999999940 0.999999940 0.999999940
v -0.30193499 0.072810702 -0.26696 0.999999940 0.999999940 0.999999940
v -0.290162 0.076121203 -0.22765359 0.999999940 0.999999940 0.999999940
v -0.299741 0.075702801 -0.239261 0.999999940 0.999999940 0.999999940
v -0.30406544 0.075418673 -0.24680048 0.999999940 0.999999940 0.999999940
v -0.28044158 0.077562809 -0.22382279 0.999999940 0.999999940 0.999999940
v -0.21730635 0.071685776 -0.27541462 0.999999940 0.999999940 0.999999940
v -0.23034364 0.073094032 -0.25453874 0.999999940 0.999999940 0.999999940
v -0.2411101 0.074321001 -0.24002616 0.999999940 0.999999940 0.999999940
v -0.19841687 0.070114180 -0.28969276 0.999999940 0.999999940 0.999999940
v -0.18603379 0.069342397 -0.27567589 0.999999940 0.999999940 0.999999940
v -0.19410045 0.070195324 -0.26230475 0.999999940 0.999999940 0.999999940
v -0.20629221 0.071628212 -0.24450488 0.999999940 0.999999940 0.999999940
v -0.22614282 0.073770485 -0.22650297 0.999999940 0.999999940 0.999999940
v -0.24866648 0.075483396 -0.22344762 0.999999940 0.999999940 0.999999940
v -0.27264196 0.077180638 -0.22323774 0.999999940 0.999999940 0.999999940
v -0.27575016 0.078469455 -0.19038278 0.999999940 0.999999940 0.999999940
v -0.27389252 0.078991420 -0.18403466 0.999999940 0.999999940 0.999999940
v -0.27958462 0.077902562 -0.19729005 0.999999940 0.999999940 0.999999940
v -0.28591001 0.076452799 -0.209869 0.999999940 0.999999940 0.999999940
v -0.29600701 0.072809398 -0.228892 0.999999940 0.999999940 0.999999940
v -0.29264 0.072269201 -0.22243901 0.999999940 0.999999940 0.999999940
v -0.29050499 0.073725402 -0.216828 0.999999940 0.999999940 0.999999940
v -0.29768801 0.073964402 -0.232141 0.999999940 0.999999940 0.999999940
v -0.30112401 0.073030799 -0.23582301 0.999999940 0.999999940 0.999999940
v -0.30591851 0.073612399 -0.2449725 0.999999940 0.999999940 0.999999940
v -0.30289301 0.073954701 -0.239197 0.999999940 0.999999940 0.999999940
v -0.307594 0.071917399 -0.251414 0.999999940 0.999999940 0.999999940
v -0.30675101 0.073173500 -0.25601399 0.999999940 0.999999940 0.999999940
v -0.30564243 0.070623144 -0.24048893 0.999999940 0.999999940 0.999999940
v -0.30796164 0.070583440 -0.24839202 0.999999940 0.999999940 0.999999940
v -0.29721034 0.071574419 -0.229844 0.999999940 0.999999940 0.999999940
v -0.28914592 0.070046320 -0.2081694 0.999999940 0.999999940 0.999999940
v -0.29317099 0.068765096 -0.223803 0.999999940 0.999999940 0.999999940
v -0.289496 0.072415903 -0.21112099 0.999999940 0.999999940 0.999999940
v -0.28754401 0.074634403 -0.207158 0.999999940 0.999999940 0.999999940
v -0.284949 0.075727202 -0.202434 0.999999940 0.999999940 0.999999940
v -0.28286099 0.075602397 -0.197294 0.999999940 0.999999940 0.999999940
v -0.28188601 0.073598101 -0.193703 0.999999940 0.999999940 0.999999940
v -0.280444 0.076042197 -0.189593 0.999999940 0.999999940 0.999999940
v -0.27981901 0.078545399 -0.182864 0.999999940 0.999999940 0.999999940
v -0.281863 0.074508696 -0.18531699 0.999999940 0.999999940 0.999999940
v -0.28189853 0.068880438 -0.19002236 0.999999940 0.999999940 0.999999940
v -0.28216499 0.066937997 -0.194254 0.999999940 0.999999940 0.999999940
v -0.290851 0.068245202 -0.216111 0.999999940 0.999999940 0.999999940
v -0.28911701 0.066431298 -0.210884 0.999999940 0.999999940 0.999999940
v -0.28803501 0.067271396 -0.20716099 0.999999940 0.999999940 0.999999940
v -0.28521001 0.065098702 -0.20266201 0.999999940 0.999999940 0.999999940
v -0.28306901 0.064743101 -0.19757099 0.999999940 0.999999940 0.999999940
v -0.28943345 0.063497856 -0.22599368 0.999999940 0.999999940 0.999999940
v -0.295407 0.067018501 -0.229018 0.999999940 0.999999940 0.999999940
v -0.302919 0.066743299 -0.23911101 0.999999940 0.999999940 0.999999940
v -0.30691499 0.068912699 -0.2457 0.999999940 0.999999940 0.999999940
v -0.30546299 0.067258998 -0.242777 0.999999940 0.999999940 0.999999940
v -0.30768701 0.068970397 -0.252022 0.999999940 0.999999940 0.999999940
v -0.30808797 0.070274293 -0.25608417 0.999999940 0.999999940 0.999999940
v -0.30572501 0.072915002 -0.259215 0.999999940 0.999999940 0.999999940
v -0.30622 0.068146199 -0.25940701 0.999999940 0.999999940 0.999999940
v -0.307037 0.067591801 -0.256475 0.999999940 0.999999940 0.999999940
v -0.30405 0.071381799 -0.26337701 0.999999940 0.999999940 0.999999940
v -0.30376899 0.068029098 -0.26422501 0.999999940 0.999999940 0.999999940
v -0.30355859 0.064628638 -0.24547136 0.999999940 0.999999940 0.999999940
v -0.28454587 0.061586353 -0.22661822 0.999999940 0.999999940 0.999999940
v -0.28669465 0.063968569 -0.21172276 0.999999940 0.999999940 0.999999940
v -0.29464597 0.061568558 -0.24545346 0.999999940 0.999999940 0.999999940
v -0.2798546 0.062835767 -0.19657066 0.999999940 0.999999940 0.999999940
v -0.28054601 0.064468801 -0.189879 0.999999940 0.999999940 0.999999940
v -0.28189999 0.066958099 -0.185919 0.999999940 0.999999940 0.999999940
v -0.27534169 0.062164515 -0.18913153 0.999999940 0.999999940 0.999999940
v -0.28016099 0.063308000 -0.182928 0.999999940 0.999999940 0.999999940
v -0.27530631 0.060897771 -0.21368335 0.999999940 0.999999940 0.999999940
v -0.27904451 0.060184370 -0.24502878 0.999999940 0.999999940 0.999999940
v -0.3009932 0.063002899 -0.25607669 0.999999940 0.999999940 0.999999940
v -0.26073858 0.058359909 -0.27266654 0.999999940 0.999999940 0.999999940
v -0.27600545 0.059572145 -0.28412226 0.999999940 0.999999940 0.999999940
v -0.30439699 0.065184399 -0.25803301 0.999999940 0.999999940 0.999999940
v -0.300767 0.064143002 -0.26418 0.999999940 0.999999940 0.999999940
v -0.30201599 0.066767297 -0.268255 0.999999940 0.999999940 0.999999940
v -0.30034301 0.066479101 -0.27409199 0.999999940 0.999999940 0.999999940
v -0.25106117 0.057519413 -0.28958669 0.999999940 0.999999940 0.999999940
v -0.26986247 0.059202101 -0.30549261 0.999999940 0.999999940 0.999999940
v -0.24612565 0.057182453 -0.27072489 0.999999940 0.999999940 0.999999940
v -0.26620695 0.059657104 -0.22930001 0.999999940 0.999999940 0.999999940
v -0.24328217 0.057257574 -0.25329778 0.999999940 0.999999940 0.999999940
v -0.24708733 0.058860506 -0.21533716 0.999999940 0.999999940 0.999999940
v -0.23797318 0.057443380 -0.23387742 0.999999940 0.999999940 0.999999940
v -0.22931731 0.056337650 -0.2478611 0.999999940 0.999999940 0.999999940
v -0.22651573 0.055542212 -0.27759525 0.999999940 0.999999940 0.999999940
v -0.20377225 0.053884919 -0.26913336 0.999999940 0.999999940 0.999999940
v -0.23607738 0.056270126 -0.29220718 0.999999940 0.999999940 0.999999940
v -0.23652031 0.056410826 -0.30693313 0.999999940 0.999999940 0.999999940
v -0.26033241 0.058526169 -0.31430355 0.999999940 0.999999940 0.999999940
v -0.27346426 0.060003206 -0.33276519 0.999999940 0.999999940 0.999999940
v -0.26981661 0.060112766 -0.34905145 0.999999940 0.999999940 0.999999940
v -0.24443422 0.057292062 -0.32153732 0.999999940 0.999999940 0.999999940
v -0.21711434 0.054764613 -0.30391118 0.999999940 0.999999940 0.999999940
v -0.22644283 0.055785633 -0.32267183 0.999999940 0.999999940 0.999999940
v -0.20132351 0.053470730 -0.29177511 0.999999940 0.999999940 0.999999940
v -0.18115371 0.052280608 -0.26809233 0.999999940 0.999999940 0.999999940
v -0.17058899 0.051194764 -0.29266435 0.999999940 0.999999940 0.999999940
v -0.20229961 0.054425045 -0.24600561 0.999999940 0.999999940 0.999999940
v -0.21724889 0.055961467 -0.23390459 0.999999940 0.999999940 0.999999940
v -0.18396538 0.053528424 -0.2377262 0.999999940 0.999999940 0.999999940
v -0.17647268 0.052471663 -0.25148994 0.999999940 0.999999940 0.999999940
v -0.15767191 0.050487969 -0.2794109 0.999999940 0.999999940 0.999999940
v -0.15138896 0.050446763 -0.26477286 0.999999940 0.999999940 0.999999940
v -0.17832607 0.051755525 -0.30532634 0.999999940 0.999999940 0.999999940
v -0.15502177 0.050137888 -0.30881163 0.999999940 0.999999940 0.999999940
v -0.14609659 0.049598090 -0.29211834 0.999999940 0.999999940 0.999999940
v -0.20005971 0.053437873 -0.30959395 0.999999940 0.999999940 0.999999940
v -0.25186262 0.058438729 -0.34282121 0.999999940 0.999999940 0.999999940
v -0.23149402 0.056748017 -0.34407297 0.999999940 0.999999940 0.999999940
v -0.2082976 0.054394561 -0.3277683 0.999999940 0.999999940 0.999999940
v -0.25271848 0.059036873 -0.36020583 0.999999940 0.999999940 0.999999940
v -0.26526788 0.060476783 -0.3727783 0.999999940 0.999999940 0.999999940
v -0.2341951 0.058189112 -0.37885797 0.999999940 0.999999940 0.999999940
v -0.25580725 0.060450904 -0.39260808 0.999999940 0.999999940 0.999999940
v -0.22618617 0.056887291 -0.3615692 0.999999940 0.999999940 0.999999940
v -0.21528831 0.055446293 -0.3458893 0.999999940 0.999999940 0.999999940
v -0.1899247 0.053017076 -0.33229968 0.999999940 0.999999940 0.999999940
v -0.17722502 0.051773462 -0.31672761 0.999999940 0.999999940 0.999999940
v -0.15581435 0.050356008 -0.3239136 0.999999940 0.999999940 0.999999940
v -0.1421375 0.049354430 -0.31604183 0.999999940 0.999999940 0.999999940
v -0.13157472 0.048672914 -0.30059469 0.999999940 0.999999940 0.999999940
v -0.13409187 0.049039695 -0.28190324 0.999999940 0.999999940 0.999999940
v -0.12190177 0.048609577 -0.27226013 0.999999940 0.999999940 0.999999940
v -0.13220058 0.049608681 -0.25802758 0.999999940 0.999999940 0.999999940
v -0.15536094 0.051448386 -0.24476649 0.999999940 0.999999940 0.999999940
v -0.11537711 0.047867350 -0.29299012 0.999999940 0.999999940 0.999999940
v -0.10557929 0.047519303 -0.28524864 0.999999940 0.999999940 0.999999940
v -0.11620883 0.047824095 -0.31265613 0.999999940 0.999999940 0.999999940
v -0.13272887 0.048937350 -0.32892618 0.999999940 0.999999940 0.999999940
v -0.16206273 0.051008433 -0.33555588 0.999999940 0.999999940 0.999999940
v -0.2033568 0.054883454 -0.35817924 0.999999940 0.999999940 0.999999940
v -0.17908613 0.052754100 -0.35195297 0.999999940 0.999999940 0.999999940
v -0.18830477 0.054266385 -0.37234336 0.999999940 0.999999940 0.999999940
v -0.16162324 0.052249707 -0.37167722 0.999999940 0.999999940 0.999999940
v -0.16402006 0.051655370 -0.35233438 0.999999940 0.999999940 0.999999940
v -0.136237 0.049766309 -0.35251462 0.999999940 0.999999940 0.999999940
v -0.12234698 0.048760063 -0.34722471 0.999999940 0.999999940 0.999999940
v -0.11329788 0.047918543 -0.33367127 0.999999940 0.999999940 0.999999940
v -0.10024461 0.047070719 -0.31976902 0.999999940 0.999999940 0.999999940
v -0.09625925 0.046881701 -0.30274221 0.999999940 0.999999940 0.999999940
v -0.08048937 0.046374000 -0.29142094 0.999999940 0.999999940 0.999999940
v -0.06208583 0.046027813 -0.28053403 0.999999940 0.999999940 0.999999940
v -0.08260287 0.046273004 -0.31315252 0.999999940 0.999999940 0.999999940
v -0.06210497 0.045640103 -0.29930258 0.999999940 0.999999940 0.999999940
v -0.09061293 0.046804398 -0.33393532 0.999999940 0.999999940 0.999999940
v -0.09589528 0.047408439 -0.34906 0.999999940 0.999999940 0.999999940
v -0.11908672 0.049424994 -0.37032154 0.999999940 0.999999940 0.999999940
v -0.10297579 0.048165697 -0.36110047 0.999999940 0.999999940 0.999999940
v -0.14448594 0.050883032 -0.36742887 0.999999940 0.999999940 0.999999940
v -0.0987929 0.048723548 -0.37901106 0.999999940 0.999999940 0.999999940
v -0.08509571 0.047460217 -0.3651911 0.999999940 0.999999940 0.999999940
v -0.07071493 0.046393342 -0.35218522 0.999999940 0.999999940 0.999999940
v -0.06526203 0.045749831 -0.33060473 0.999999940 0.999999940 0.999999940
v -0.06133062 0.045526269 -0.31807259 0.999999940 0.999999940 0.999999940
v -0.04709923 0.045162327 -0.30512393 0.999999940 0.999999940 0.999999940
v -0.04139184 0.045382265 -0.28559208 0.999999940 0.999999940 0.999999940
v -0.02272672 0.044801786 -0.29605299 0.999999940 0.999999940 0.999999940
v -0.03705481 0.044868476 -0.31758589 0.999999940 0.999999940 0.999999940
v -0.02072599 0.044585134 -0.30923089 0.999999940 0.999999940 0.999999940
v -0.03205112 0.044818271 -0.33285949 0.999999940 0.999999940 0.999999940
v -0.05394811 0.045623160 -0.34451768 0.999999940 0.999999940 0.999999940
v -0.04411508 0.045689377 -0.35788885 0.999999940 0.999999940 0.999999940
v -0.06166025 0.046791825 -0.37229353 0.999999940 0.999999940 0.999999940
v -0.03496328 0.046032384 -0.37419862 0.999999940 0.999999940 0.999999940
v -0.04032314 0.046839207 -0.38850439 0.999999940 0.999999940 0.999999940
v -0.02576964 0.045343887 -0.36182579 0.999999940 0.999999940 0.999999940
v -0.02424412 0.044849041 -0.34484953 0.999999940 0.999999940 0.999999940
v 0.000986429 0.044322188 -0.33754569 0.999999940 0.999999940 0.999999940
v -0.01396787 0.044426482 -0.32444754 0.999999940 0.999999940 0.999999940
v -0.00468685 0.044350851 -0.30778712 0.999999940 0.999999940 0.999999940
v -0.00205867 0.044690951 -0.35439292 0.999999940 0.999999940 0.999999940
v -0.00721018 0.045353729 -0.37210816 0.999999940 0.999999940 0.999999940
v -0.01680236 0.046204313 -0.38718376 0.999999940 0.999999940 0.999999940
v -0.00336517 0.046989224 -0.40657741 0.999999940 0.999999940 0.999999940
v 0.019208015 0.044719435 -0.36334556 0.999999940 0.999999940 0.999999940
v -0.28154057 0.063528701 -0.17470522 0.999999940 0.999999940 0.999999940
v -0.28817299 0.065486401 -0.160601 0.999999940 0.999999940 0.999999940
v -0.285025 0.067966796 -0.176148 0.999999940 0.999999940 0.999999940
v -0.282846 0.065080702 -0.18192101 0.999999940 0.999999940 0.999999940
v -0.28616801 0.064522497 -0.168735 0.999999940 0.999999940 0.999999940
v -0.287339 0.066306300 -0.170873 0.999999940 0.999999940 0.999999940
v -0.28391254 0.071494132 -0.18035614 0.999999940 0.999999940 0.999999940
v -0.29198381 0.072345294 -0.16230752 0.999999940 0.999999940 0.999999940
v -0.28465599 0.074487902 -0.176613 0.999999940 0.999999940 0.999999940
v -0.28887001 0.066935397 -0.16758201 0.999999940 0.999999940 0.999999940
v -0.29299599 0.066993996 -0.153642 0.999999940 0.999999940 0.999999940
v -0.29477099 0.069928303 -0.15641201 0.999999940 0.999999940 0.999999940
v -0.29126501 0.069453902 -0.162724 0.999999940 0.999999940 0.999999940
v -0.296637 0.068990901 -0.140911 0.999999940 0.999999940 0.999999940
v -0.29625899 0.068485103 -0.14789 0.999999940 0.999999940 0.999999940
v -0.29590201 0.069056101 -0.15361699 0.999999940 0.999999940 0.999999940
v -0.29687926 0.071747332 -0.15381151 0.999999940 0.999999940 0.999999940
v -0.295306 0.076925501 -0.153524 0.999999940 0.999999940 0.999999940
v -0.29077399 0.077306702 -0.16160201 0.999999940 0.999999940 0.999999940
v -0.288762 0.077129200 -0.166812 0.999999940 0.999999940 0.999999940
v -0.28769499 0.074812099 -0.17009699 0.999999940 0.999999940 0.999999940
v -0.28266299 0.076676100 -0.181787 0.999999940 0.999999940 0.999999940
v -0.28119767 0.079426609 -0.17441197 0.999999940 0.999999940 0.999999940
v -0.28564361 0.079345911 -0.16774674 0.999999940 0.999999940 0.999999940
v -0.27371398 0.082042403 -0.14125404 0.999999940 0.999999940 0.999999940
v -0.28688172 0.081988215 -0.14101502 0.999999940 0.999999940 0.999999940
v -0.27793419 0.084428139 -0.11322504 0.999999940 0.999999940 0.999999940
v -0.29578301 0.078447103 -0.147384 0.999999940 0.999999940 0.999999940
v -0.29749101 0.074875302 -0.150021 0.999999940 0.999999940 0.999999940
v -0.29765299 0.071106903 -0.15027501 0.999999940 0.999999940 0.999999940
v -0.298558 0.070712097 -0.14658099 0.999999940 0.999999940 0.999999940
v -0.299009 0.070934303 -0.141818 0.999999940 0.999999940 0.999999940
v -0.29896 0.072023503 -0.13810501 0.999999940 0.999999940 0.999999940
v -0.295701 0.072102598 -0.120399 0.999999940 0.999999940 0.999999940
v -0.296767 0.072561800 -0.126736 0.999999940 0.999999940 0.999999940
v -0.29723901 0.071166999 -0.13326301 0.999999940 0.999999940 0.999999940
v -0.30015114 0.074282780 -0.14231881 0.999999940 0.999999940 0.999999940
v -0.29714695 0.074434064 -0.12537141 0.999999940 0.999999940 0.999999940
v -0.29886401 0.075906403 -0.145018 0.999999940 0.999999940 0.999999940
v -0.2941359 0.080629348 -0.14071327 0.999999940 0.999999940 0.999999940
v -0.29857901 0.077464900 -0.141266 0.999999940 0.999999940 0.999999940
v -0.29132804 0.082113742 -0.11947798 0.999999940 0.999999940 0.999999940
v -0.28661028 0.084785483 -0.10419073 0.999999940 0.999999940 0.999999940
v -0.25249869 0.083093397 -0.12004028 0.999999940 0.999999940 0.999999940
v -0.27136412 0.085069045 -0.10525908 0.999999940 0.999999940 0.999999940
v -0.28979474 0.087251842 -0.08448002 0.999999940 0.999999940 0.999999940
v -0.25957656 0.080304659 -0.15562943 0.999999940 0.999999940 0.999999940
v -0.24805056 0.080653496 -0.14474964 0.999999940 0.999999940 0.999999940
v -0.23399174 0.081092417 -0.13349044 0.999999940 0.999999940 0.999999940
v -0.22497652 0.082220107 -0.11904256 0.999999940 0.999999940 0.999999940
v -0.24724592 0.085234880 -0.09708259 0.999999940 0.999999940 0.999999940
v -0.2298153 0.083980456 -0.10419864 0.999999940 0.999999940 0.999999940
v -0.25482804 0.086283564 -0.08883498 0.999999940 0.999999940 0.999999940
v -0.26147529 0.088068865 -0.07285491 0.999999940 0.999999940 0.999999940
v -0.2718403 0.090719111 -0.04757275 0.999999940 0.999999940 0.999999940
v -0.30228436 0.086595006 -0.08222542 0.999999940 0.999999940 0.999999940
v -0.29404393 0.083146341 -0.1032754 0.999999940 0.999999940 0.999999940
v -0.2959125 0.078731298 -0.12996149 0.999999940 0.999999940 0.999999940
v -0.29499799 0.079410098 -0.120473 0.999999940 0.999999940 0.999999940
v -0.29547399 0.079591803 -0.114129 0.999999940 0.999999940 0.999999940
v -0.29723382 0.075979314 -0.11153665 0.999999940 0.999999940 0.999999940
v -0.296554 0.073970101 -0.113997 0.999999940 0.999999940 0.999999940
v -0.29721001 0.0735211 -0.107442 0.999999940 0.999999940 0.999999940
v -0.299775 0.075148001 -0.102369 0.999999940 0.999999940 0.999999940
v -0.29734701 0.078407801 -0.108528 0.999999940 0.999999940 0.999999940
v -0.299997 0.078773297 -0.101632 0.999999940 0.999999940 0.999999940
v -0.30530801 0.083228401 -0.0882947 0.999999940 0.999999940 0.999999940
v -0.30106801 0.081002503 -0.0979761 0.999999940 0.999999940 0.999999940
v -0.30273101 0.085892200 -0.0720016 0.999999940 0.999999940 0.999999940
v -0.30498001 0.085125602 -0.0766703 0.999999940 0.999999940 0.999999940
v -0.30615899 0.083430901 -0.0848306 0.999999940 0.999999940 0.999999940
v -0.30628401 0.082153201 -0.0798306 0.999999940 0.999999940 0.999999940
v -0.300006 0.085758298 -0.0585605 0.999999940 0.999999940 0.999999940
v -0.30083901 0.085449598 -0.0655086 0.999999940 0.999999940 0.999999940
v -0.25236899 0.090119063 -0.05249483 0.999999940 0.999999940 0.999999940
v -0.25330731 0.092449478 -0.03101383 0.999999940 0.999999940 0.999999940
v -0.26039264 0.094246663 -0.01334803 0.999999940 0.999999940 0.999999940
v -0.24219199 0.093840055 -0.01867618 0.999999940 0.999999940 0.999999940
v -0.2351236 0.096318811 0.003175294 0.999999940 0.999999940 0.999999940
v -0.23354577 0.091671802 -0.03779866 0.999999940 0.999999940 0.999999940
v -0.24464063 0.088984169 -0.0620749 0.999999940 0.999999940 0.999999940
v -0.2240278 0.089847780 -0.052524 0.999999940 0.999999940 0.999999940
v -0.20524345 0.091483607 -0.03776021 0.999999940 0.999999940 0.999999940
v -0.20690218 0.093128398 -0.02477639 0.999999940 0.999999940 0.999999940
v -0.22320276 0.094413243 -0.01434183 0.999999940 0.999999940 0.999999940
v -0.2077111 0.097416997 0.010392151 0.999999940 0.999999940 0.999999940
v -0.19940899 0.095728643 -0.00384675 0.999999940 0.999999940 0.999999940
v -0.18527539 0.092131048 -0.03127941 0.999999940 0.999999940 0.999999940
v -0.17594907 0.094444438 -0.01338443 0.999999940 0.999999940 0.999999940
v -0.18976776 0.090022556 -0.04757658 0.999999940 0.999999940 0.999999940
v -0.21465157 0.088641479 -0.06135706 0.999999940 0.999999940 0.999999940
v -0.23539974 0.087301656 -0.07570975 0.999999940 0.999999940 0.999999940
v -0.22607921 0.085497960 -0.08975779 0.999999940 0.999999940 0.999999940
v -0.2144825 0.086510077 -0.0788096 0.999999940 0.999999940 0.999999940
v -0.19689846 0.087762422 -0.06577743 0.999999940 0.999999940 0.999999940
v -0.17001244 0.089199230 -0.05120485 0.999999940 0.999999940 0.999999940
v -0.16819124 0.091483041 -0.03448376 0.999999940 0.999999940 0.999999940
v -0.14691466 0.093840822 -0.01567454 0.999999940 0.999999940 0.999999940
v -0.14655685 0.096242710 0.001583421 0.999999940 0.999999940 0.999999940
v -0.17030592 0.097042679 0.006597063 0.999999940 0.999999940 0.999999940
v -0.1774836 0.098466664 0.017737777 0.999999940 0.999999940 0.999999940
v -0.17328459 0.100085243 0.030721299 0.999999940 0.999999940 0.999999940
v -0.15037543 0.09850467 0.018148582 0.999999940 0.999999940 0.999999940
v -0.11770478 0.098375625 0.019082699 0.999999940 0.999999940 0.999999940
v -0.12399761 0.094874724 -0.00629674 0.999999940 0.999999940 0.999999940
v -0.14323324 0.091344155 -0.03275262 0.999999940 0.999999940 0.999999940
v -0.17405793 0.086329303 -0.07289331 0.999999940 0.999999940 0.999999940
v -0.15607506 0.088011652 -0.05784314 0.999999940 0.999999940 0.999999940
v -0.19400272 0.084888562 -0.08780638 0.999999940 0.999999940 0.999999940
v -0.20087993 0.083889514 -0.09748066 0.999999940 0.999999940 0.999999940
v -0.17785609 0.081956610 -0.10714514 0.999999940 0.999999940 0.999999940
v -0.16615109 0.083873584 -0.08969596 0.999999940 0.999999940 0.999999940
v -0.20575169 0.082204550 -0.11300311 0.999999940 0.999999940 0.999999940
v -0.1421524 0.085362918 -0.0741898 0.999999940 0.999999940 0.999999940
v -0.1307328 0.088044241 -0.05385728 0.999999940 0.999999940 0.999999940
v -0.11886627 0.091172292 -0.03098893 0.999999940 0.999999940 0.999999940
v -0.10711956 0.096373006 0.005817645 0.999999940 0.999999940 0.999999940
v -0.10384785 0.094868935 -0.0042095 0.999999940 0.999999940 0.999999940
v -0.12866062 0.100380271 0.033351462 0.999999940 0.999999940 0.999999940
v -0.10244308 0.100643500 0.037094470 0.999999940 0.999999940 0.999999940
v -0.09195747 0.098487794 0.022278811 0.999999940 0.999999940 0.999999940
v -0.15201521 0.101271949 0.039941288 0.999999940 0.999999940 0.999999940
v -0.1634389 0.103038854 0.055371075 0.999999940 0.999999940 0.999999940
v -0.13868122 0.103397689 0.057504076 0.999999940 0.999999940 0.999999940
v -0.14043351 0.105274468 0.074280262 0.999999940 0.999999940 0.999999940
v -0.12435786 0.101905986 0.045453168 0.999999940 0.999999940 0.999999940
v -0.09173939 0.102910399 0.055607844 0.999999940 0.999999940 0.999999940
v -0.08129565 0.101259656 0.043726701 0.999999940 0.999999940 0.999999940
v -0.06524185 0.099244229 0.030768193 0.999999940 0.999999940 0.999999940
v -0.07960524 0.097188450 0.014514774 0.999999940 0.999999940 0.999999940
v -0.07868943 0.093993872 -0.00706053 0.999999940 0.999999940 0.999999940
v -0.09788698 0.092280589 -0.02093449 0.999999940 0.999999940 0.999999940
v -0.09713182 0.090195097 -0.0346312 0.999999940 0.999999940 0.999999940
v -0.10684334 0.087163783 -0.05613774 0.999999940 0.999999940 0.999999940
v -0.11265668 0.084074229 -0.07793712 0.999999940 0.999999940 0.999999940
v -0.12502624 0.081881977 -0.09557851 0.999999940 0.999999940 0.999999940
v -0.14126241 0.081638574 -0.10080164 0.999999940 0.999999940 0.999999940
v -0.15184505 0.080684870 -0.11051691 0.999999940 0.999999940 0.999999940
v -0.11888804 0.078751534 -0.11709616 0.999999940 0.999999940 0.999999940
v -0.09998179 0.080407448 -0.10101364 0.999999940 0.999999940 0.999999940
v -0.09191409 0.083822578 -0.07600116 0.999999940 0.999999940 0.999999940
v -0.08225743 0.087363012 -0.05107293 0.999999940 0.999999940 0.999999940
v -0.07275382 0.090536564 -0.02899365 0.999999940 0.999999940 0.999999940
v -0.06510442 0.094609633 -0.00118251 0.999999940 0.999999940 0.999999940
v -0.05479997 0.096410453 0.012331710 0.999999940 0.999999940 0.999999940
v -0.03639883 0.098897300 0.032149601 0.999999940 0.999999940 0.999999940
v -0.04116246 0.100664824 0.044291891 0.999999940 0.999999940 0.999999940
v -0.06443385 0.101260073 0.045682109 0.999999940 0.999999940 0.999999940
v -0.05939278 0.102706193 0.057390153 0.999999940 0.999999940 0.999999940
v -0.11455344 0.104381993 0.066255927 0.999999940 0.999999940 0.999999940
v -0.08432636 0.104428708 0.068707972 0.999999940 0.999999940 0.999999940
v -0.09312414 0.106117621 0.082715831 0.999999940 0.999999940 0.999999940
v -0.06643242 0.105074361 0.076092548 0.999999940 0.999999940 0.999999940
v -0.04608685 0.103965520 0.069327704 0.999999940 0.999999940 0.999999940
v -0.01846596 0.102508716 0.061610776 0.999999940 0.999999940 0.999999940
v -0.01518544 0.100685246 0.048239562 0.999999940 0.999999940 0.999999940
v -0.02701905 0.096693672 0.018185248 0.999999940 0.999999940 0.999999940
v -0.01265827 0.098641574 0.033839151 0.999999940 0.999999940 0.999999940
v -0.04147215 0.093855284 -0.00288171 0.999999940 0.999999940 0.999999940
v -0.04662072 0.091300740 -0.02030635 0.999999940 0.999999940 0.999999940
v -0.05937722 0.089241176 -0.03546731 0.999999940 0.999999940 0.999999940
v -0.05802153 0.086513839 -0.05288413 0.999999940 0.999999940 0.999999940
v -0.068255 0.083234101 -0.07601026 0.999999940 0.999999940 0.999999940
v -0.07721052 0.080983944 -0.09276398 0.999999940 0.999999940 0.999999940
v -0.08733233 0.076814040 -0.12457883 0.999999940 0.999999940 0.999999940
v -0.07141352 0.077814474 -0.1140186 0.999999940 0.999999940 0.999999940
v -0.05327227 0.07836923 -0.10675973 0.999999940 0.999999940 0.999999940
v -0.04618941 0.080075897 -0.09366281 0.999999940 0.999999940 0.999999940
v -0.04186464 0.083110928 -0.07257877 0.999999940 0.999999940 0.999999940
v -0.03261536 0.086190678 -0.05109657 0.999999940 0.999999940 0.999999940
v -0.0300019 0.088780663 -0.03407244 0.999999940 0.999999940 0.999999940
v -0.02494881 0.091846063 -0.01359626 0.999999940 0.999999940 0.999999940
v -0.01556936 0.094970881 0.008294892 0.999999940 0.999999940 0.999999940
v 0.006059628 0.096421904 0.021357195 0.999999940 0.999999940 0.999999940
v 0.016636211 0.099033288 0.041169222 0.999999940 0.999999940 0.999999940
v 0.014026794 0.101224951 0.056828260 0.999999940 0.999999940 0.999999940
v -0.04362457 0.105775654 0.085106506 0.999999940 0.999999940 0.999999940
v -0.05886288 0.107072629 0.095032386 0.999999940 0.999999940 0.999999940
v -0.0777455 0.108162559 0.103701211 0.999999940 0.999999940 0.999999940
v -0.09188745 0.108544975 0.106659114 0.999999940 0.999999940 0.999999940
v -0.07250888 0.109769187 0.121752359 0.999999940 0.999999940 0.999999940
v -0.06976973 0.110835984 0.134961381 0.999999940 0.999999940 0.999999940
v 0.040153827 0.100403428 0.055067222 0.999999940 0.999999940 0.999999940
v 0.040281426 0.098244525 0.039471540 0.999999940 0.999999940 0.999999940
v 0.066588729 0.096687026 0.033193647 0.999999940 0.999999940 0.999999940
v 0.042542796 0.095050513 0.017959592 0.999999940 0.999999940 0.999999940
v 0.024424264 0.096584834 0.025362126 0.999999940 0.999999940 0.999999940
v 0.064907752 0.094994738 0.021381331 0.999999940 0.999999940 0.999999940
v 0.086008608 0.094165556 0.019496040 0.999999940 0.999999940 0.999999940
v 0.115053832 0.093906514 0.023263307 0.999999940 0.999999940 0.999999940
v 0.084804147 0.090454980 -0.00522495 0.999999940 0.999999940 0.999999940
v 0.063202515 0.092155747 0.002256480 0.999999940 0.999999940 0.999999940
v 0.101638846 0.091237023 0.002798794 0.999999940 0.999999940 0.999999940
v 0.040723174 0.091953188 -0.00274281 0.999999940 0.999999940 0.999999940
v 0.018363867 0.093936651 0.006664989 0.999999940 0.999999940 0.999999940
v 0.013697387 0.090509913 -0.01632846 0.999999940 0.999999940 0.999999940
v 0.031714066 0.090593643 -0.01297981 0.999999940 0.999999940 0.999999940
v -0.00693474 0.093054100 -0.00303778 0.999999940 0.999999940 0.999999940
v 0.061887309 0.088912606 -0.01898978 0.999999940 0.999999940 0.999999940
v 0.083512604 0.085564188 -0.03723861 0.999999940 0.999999940 0.999999940
v 0.100876584 0.086792103 -0.02648164 0.999999940 0.999999940 0.999999940
v 0.120961345 0.087276339 -0.02002783 0.999999940 0.999999940 0.999999940
v 0.119706668 0.090308107 -0.00013885 0.999999940 0.999999940 0.999999940
v 0.143687054 0.090976983 0.008843606 0.999999940 0.999999940 0.999999940
v 0.139939263 0.087644875 -0.0144278 0.999999940 0.999999940 0.999999940
v 0.141394227 0.084113888 -0.03808134 0.999999940 0.999999940 0.999999940
v 0.106428057 0.084233000 -0.04248801 0.999999940 0.999999940 0.999999940
v 0.076815649 0.082601591 -0.05774903 0.999999940 0.999999940 0.999999940
v 0.064975611 0.085402876 -0.04118412 0.999999940 0.999999940 0.999999940
v 0.053347032 0.087414883 -0.03000142 0.999999940 0.999999940 0.999999940
v 0.028597943 0.087427564 -0.03378505 0.999999940 0.999999940 0.999999940
v -0.00092594 0.089005634 -0.02823106 0.999999940 0.999999940 0.999999940
v 0.019442135 0.085991866 -0.04442706 0.999999940 0.999999940 0.999999940
v -0.00855495 0.086250685 -0.04704358 0.999999940 0.999999940 0.999999940
v 0.046546399 0.084210634 -0.05176127 0.999999940 0.999999940 0.999999940
v 0.107988998 0.081581421 -0.06003019 0.999999940 0.999999940 0.999999940
v 0.078931257 0.080828577 -0.06932183 0.999999940 0.999999940 0.999999940
v 0.051358375 0.081553675 -0.06855617 0.999999940 0.999999940 0.999999940
v 0.123777844 0.081082604 -0.06125498 0.999999940 0.999999940 0.999999940
v 0.158122733 0.084930360 -0.03009547 0.999999940 0.999999940 0.999999940
v 0.164554938 0.083246044 -0.04097418 0.999999940 0.999999940 0.999999940
v 0.142043322 0.081232070 -0.05787676 0.999999940 0.999999940 0.999999940
v 0.165590778 0.087695330 -0.00971828 0.999999940 0.999999940 0.999999940
v 0.160563737 0.092553272 0.023331811 0.999999940 0.999999940 0.999999940
v 0.177929535 0.090722672 0.013918404 0.999999940 0.999999940 0.999999940
v 0.190300598 0.088512532 0.000441266 0.999999940 0.999999940 0.999999940
v 0.185447245 0.085838675 -0.01970194 0.999999940 0.999999940 0.999999940
v 0.167794346 0.080411389 -0.06076195 0.999999940 0.999999940 0.999999940
v 0.184236109 0.082375183 -0.04480238 0.999999940 0.999999940 0.999999940
v 0.150886982 0.078807219 -0.07418216 0.999999940 0.999999940 0.999999940
v 0.128031015 0.078439943 -0.07933547 0.999999940 0.999999940 0.999999940
v 0.100031733 0.077971629 -0.0861625 0.999999940 0.999999940 0.999999940
v 0.070211477 0.079090848 -0.082522 0.999999940 0.999999940 0.999999940
v 0.052368525 0.078868299 -0.08668425 0.999999940 0.999999940 0.999999940
v 0.026740251 0.082760177 -0.06429219 0.999999940 0.999999940 0.999999940
v 0.029513873 0.079937100 -0.08278384 0.999999940 0.999999940 0.999999940
v 0.008991542 0.083496697 -0.0621797 0.999999940 0.999999940 0.999999940
v -0.00095582 0.080954104 -0.08053286 0.999999940 0.999999940 0.999999940
v 0.026869516 0.077806271 -0.09797367 0.999999940 0.999999940 0.999999940
v 0.068348750 0.076222658 -0.10323917 0.999999940 0.999999940 0.999999940
v 0.041424695 0.075994052 -0.10891673 0.999999940 0.999999940 0.999999940
v 0.086458161 0.076041884 -0.10203266 0.999999940 0.999999940 0.999999940
v 0.114677868 0.075738199 -0.10077234 0.999999940 0.999999940 0.999999940
v 0.134429425 0.076664738 -0.09165332 0.999999940 0.999999940 0.999999940
v 0.171111300 0.077754370 -0.08028137 0.999999940 0.999999940 0.999999940
v 0.147752657 0.075483001 -0.09941527 0.999999940 0.999999940 0.999999940
v 0.190094739 0.079802162 -0.06344046 0.999999940 0.999999940 0.999999940
v 0.205549776 0.080888584 -0.0540364 0.999999940 0.999999940 0.999999940
v 0.201344773 0.083766989 -0.03257547 0.999999940 0.999999940 0.999999940
v 0.214673444 0.085754819 -0.01581155 0.999999940 0.999999940 0.999999940
v 0.204072684 0.090698793 0.019552050 0.999999940 0.999999940 0.999999940
v 0.210855722 0.092960268 0.038963038 0.999999940 0.999999940 0.999999940
v 0.225037396 0.088811874 0.009473848 0.999999940 0.999999940 0.999999940
v 0.237595841 0.086591817 -0.00609861 0.999999940 0.999999940 0.999999940
v 0.228094577 0.083150945 -0.0347746 0.999999940 0.999999940 0.999999940
v 0.227209135 0.080301806 -0.05765197 0.999999940 0.999999940 0.999999940
v 0.203910574 0.078280992 -0.0745469 0.999999940 0.999999940 0.999999940
v 0.174023091 0.075347714 -0.09902751 0.999999940 0.999999940 0.999999940
v 0.122313253 0.074004404 -0.1133863 0.999999940 0.999999940 0.999999940
v 0.146845698 0.073064044 -0.11905647 0.999999940 0.999999940 0.999999940
v 0.101293496 0.073870107 -0.11683857 0.999999940 0.999999940 0.999999940
v 0.083415329 0.073034293 -0.12578836 0.999999940 0.999999940 0.999999940
v 0.058202456 0.074575819 -0.11719855 0.999999940 0.999999940 0.999999940
v 0.002086264 0.075990550 -0.11495586 0.999999940 0.999999940 0.999999940
v 0.034936614 0.073866345 -0.12613174 0.999999940 0.999999940 0.999999940
v -0.00008737 0.078193739 -0.09935188 0.999999940 0.999999940 0.999999940
v -0.00398314 0.074734501 -0.12536895 0.999999940 0.999999940 0.999999940
v -0.03633611 0.076277039 -0.1190121 0.999999940 0.999999940 0.999999940
v -0.02135368 0.078623063 -0.09966215 0.999999940 0.999999940 0.999999940
v 0.055186823 0.071990989 -0.13848296 0.999999940 0.999999940 0.999999940
v 0.015761060 0.073115758 -0.13506602 0.999999940 0.999999940 0.999999940
v 0.031813297 0.071725942 -0.14425164 0.999999940 0.999999940 0.999999940
v 0.103331923 0.071497365 -0.13619755 0.999999940 0.999999940 0.999999940
v 0.072386249 0.071012549 -0.14453375 0.999999940 0.999999940 0.999999940
v 0.122020803 0.071417123 -0.13504981 0.999999940 0.999999940 0.999999940
v 0.176631897 0.072951167 -0.11920124 0.999999940 0.999999940 0.999999940
v 0.144626498 0.071295008 -0.13457316 0.999999940 0.999999940 0.999999940
v 0.204427421 0.076600678 -0.08837169 0.999999940 0.999999940 0.999999940
v 0.197074204 0.074890025 -0.10272589 0.999999940 0.999999940 0.999999940
v 0.228948086 0.078071415 -0.07643447 0.999999940 0.999999940 0.999999940
v 0.244524091 0.082617543 -0.03790581 0.999999940 0.999999940 0.999999940
v 0.261363685 0.079254031 -0.06661978 0.999999940 0.999999940 0.999999940
v 0.253790080 0.085330478 -0.01419048 0.999999940 0.999999940 0.999999940
v 0.274465054 0.084569864 -0.01893572 0.999999940 0.999999940 0.999999940
v 0.271247923 0.081019096 -0.04951845 0.999999940 0.999999940 0.999999940
v 0.270016849 0.076617330 -0.08652993 0.999999940 0.999999940 0.999999940
v 0.262744993 0.077423542 -0.08411568 0.999999940 0.999999940 0.999999940
v 0.268039047 0.077964037 -0.06968088 0.999999940 0.999999940 0.999999940
v 0.246164649 0.077169135 -0.08544924 0.999999940 0.999999940 0.999999940
v 0.220244273 0.075180195 -0.10131778 0.999999940 0.999999940 0.999999940
v 0.194779425 0.072341837 -0.12543538 0.999999940 0.999999940 0.999999940
v 0.168259456 0.070590160 -0.14094129 0.999999940 0.999999940 0.999999940
v 0.138953283 0.069985874 -0.14697021 0.999999940 0.999999940 0.999999940
v 0.111837826 0.069259569 -0.15585792 0.999999940 0.999999940 0.999999940
v 0.080489389 0.069648265 -0.15591383 0.999999940 0.999999940 0.999999940
v 0.046350695 0.069962531 -0.15791595 0.999999940 0.999999940 0.999999940
v 0.005163904 0.071634307 -0.14909975 0.999999940 0.999999940 0.999999940
v 0.018838550 0.070103712 -0.16073206 0.999999940 0.999999940 0.999999940
v -0.01970502 0.073919005 -0.13418366 0.999999940 0.999999940 0.999999940
v -0.03103656 0.072443626 -0.1480982 0.999999940 0.999999940 0.999999940
v -0.00490487 0.070796221 -0.15805502 0.999999940 0.999999940 0.999999940
v 0.030603278 0.068803742 -0.17154142 0.999999940 0.999999940 0.999999940
v 0.008449711 0.069060549 -0.17229338 0.999999940 0.999999940 0.999999940
v 0.051373936 0.068812690 -0.1683674 0.999999940 0.999999940 0.999999940
v 0.092131719 0.068036533 -0.1703824 0.999999940 0.999999940 0.999999940
v 0.130086079 0.067855797 -0.16899389 0.999999940 0.999999940 0.999999940
v 0.156854927 0.069083392 -0.15570132 0.999999940 0.999999940 0.999999940
v 0.180894389 0.069470390 -0.1531966 0.999999940 0.999999940 0.999999940
v 0.203969508 0.070478104 -0.14547248 0.999999940 0.999999940 0.999999940
v 0.227199927 0.073195777 -0.121262 0.999999940 0.999999940 0.999999940
v 0.244238272 0.075650289 -0.09973194 0.999999940 0.999999940 0.999999940
v 0.271977782 0.075483843 -0.10610405 0.999999940 0.999999940 0.999999940
v 0.251967608 0.073624223 -0.1225092 0.999999940 0.999999940 0.999999940
v 0.283633798 0.074545502 -0.11090507 0.999999940 0.999999940 0.999999940
v 0.301072359 0.072941653 -0.14418559 0.999999940 0.999999940 0.999999940
v 0.276675909 0.073846742 -0.12874433 0.999999940 0.999999940 0.999999940
v 0.226807922 0.071693539 -0.13705556 0.999999940 0.999999940 0.999999940
v 0.223143532 0.070083379 -0.15479708 0.999999940 0.999999940 0.999999940
v 0.194811463 0.068329371 -0.16841184 0.999999940 0.999999940 0.999999940
v 0.162834733 0.067834124 -0.16960703 0.999999940 0.999999940 0.999999940
v 0.109708793 0.066457912 -0.18619032 0.999999940 0.999999940 0.999999940
v 0.142474368 0.066873498 -0.18007636 0.999999940 0.999999940 0.999999940
v 0.053839366 0.067732021 -0.17924543 0.999999940 0.999999940 0.999999940
v 0.074632480 0.066577047 -0.18915744 0.999999940 0.999999940 0.999999940
v 0.016367863 0.067767553 -0.18451154 0.999999940 0.999999940 0.999999940
v -0.02123315 0.070278465 -0.16539848 0.999999940 0.999999940 0.999999940
v -0.0189996 0.068728432 -0.1799414 0.999999940 0.999999940 0.999999940
v -0.05156941 0.071615330 -0.15891434 0.999999940 0.999999940 0.999999940
v -0.04126222 0.069476038 -0.17661545 0.999999940 0.999999940 0.999999940
v -0.03787502 0.067847967 -0.19266041 0.999999940 0.999999940 0.999999940
v -0.02077386 0.067241072 -0.19603723 0.999999940 0.999999940 0.999999940
v 0.029295152 0.066835142 -0.19308209 0.999999940 0.999999940 0.999999940
v -0.00396712 0.066414177 -0.20292775 0.999999940 0.999999940 0.999999940
v 0.054328557 0.066553205 -0.19260404 0.999999940 0.999999940 0.999999940
v 0.089160963 0.065286815 -0.20335753 0.999999940 0.999999940 0.999999940
v 0.068558819 0.065310955 -0.20618567 0.999999940 0.999999940 0.999999940
v 0.111462630 0.065476752 -0.19848563 0.999999940 0.999999940 0.999999940
v 0.137980774 0.065843090 -0.19292451 0.999999940 0.999999940 0.999999940
v 0.165718317 0.066429920 -0.18731737 0.999999940 0.999999940 0.999999940
v 0.222599491 0.068962171 -0.16912048 0.999999940 0.999999940 0.999999940
v 0.208824142 0.067369885 -0.18620464 0.999999940 0.999999940 0.999999940
v 0.181768298 0.066240638 -0.19341515 0.999999940 0.999999940 0.999999940
v 0.243812918 0.071525298 -0.14441216 0.999999940 0.999999940 0.999999940
v 0.249140635 0.070816680 -0.15586875 0.999999940 0.999999940 0.999999940
v 0.276415765 0.071597799 -0.16125436 0.999999940 0.999999940 0.999999940
v 0.249178677 0.069852814 -0.16992167 0.999999940 0.999999940 0.999999940
v 0.234731406 0.068360231 -0.18428425 0.999999940 0.999999940 0.999999940
v 0.221674114 0.067004613 -0.19972457 0.999999940 0.999999940 0.999999940
v 0.198939725 0.066136539 -0.20155615 0.999999940 0.999999940 0.999999940
v 0.161354392 0.064681142 -0.21287079 0.999999940 0.999999940 0.999999940
v 0.176575571 0.064744316 -0.21684389 0.999999940 0.999999940 0.999999940
v 0.138886332 0.064928412 -0.20579164 0.999999940 0.999999940 0.999999940
v 0.114141285 0.064236298 -0.21609037 0.999999940 0.999999940 0.999999940
v 0.094936914 0.063911333 -0.22290039 0.999999940 0.999999940 0.999999940
v 0.071379266 0.064363427 -0.21926622 0.999999940 0.999999940 0.999999940
v 0.043987274 0.065348111 -0.20948929 0.999999940 0.999999940 0.999999940
v 0.022782482 0.065998889 -0.20420448 0.999999940 0.999999940 0.999999940
v -0.00184181 0.065236210 -0.21768768 0.999999940 0.999999940 0.999999940
v -0.02178401 0.065187327 -0.22149464 0.999999940 0.999999940 0.999999940
v 0.025615170 0.064711235 -0.22116631 0.999999940 0.999999940 0.999999940
v 0.044359799 0.064152166 -0.22702785 0.999999940 0.999999940 0.999999940
v 0.070396184 0.063497170 -0.23340122 0.999999940 0.999999940 0.999999940
v 0.108220145 0.063256129 -0.23328871 0.999999940 0.999999940 0.999999940
v 0.083632640 0.062717236 -0.24576898 0.999999940 0.999999940 0.999999940
v 0.142295718 0.063927754 -0.22245915 0.999999940 0.999999940 0.999999940
v 0.128592610 0.063224330 -0.2343013 0.999999940 0.999999940 0.999999940
v 0.157376408 0.063420079 -0.23670697 0.999999940 0.999999940 0.999999940
v 0.186088025 0.064612008 -0.22431381 0.999999940 0.999999940 0.999999940
v 0.202919244 0.065325826 -0.21994859 0.999999940 0.999999940 0.999999940
v 0.217699527 0.065665289 -0.22532143 0.999999940 0.999999940 0.999999940
v 0.236971095 0.067267306 -0.20746307 0.999999940 0.999999940 0.999999940
v 0.255447149 0.069377787 -0.18250136 0.999999940 0.999999940 0.999999940
v 0.251080900 0.068148210 -0.2029241 0.999999940 0.999999940 0.999999940
v 0.281405419 0.070272512 -0.19184496 0.999999940 0.999999940 0.999999940
v 0.264563232 0.068369329 -0.21729062 0.999999940 0.999999940 0.999999940
v 0.252052456 0.067299798 -0.22876649 0.999999940 0.999999940 0.999999940
v 0.236048057 0.066629551 -0.22255154 0.999999940 0.999999940 0.999999940
v 0.194004401 0.064152546 -0.24321046 0.999999940 0.999999940 0.999999940
v 0.232422396 0.065927825 -0.24074459 0.999999940 0.999999940 0.999999940
v 0.213582932 0.064819626 -0.24849136 0.999999940 0.999999940 0.999999940
v 0.178125962 0.063560932 -0.24604411 0.999999940 0.999999940 0.999999940
v 0.135002479 0.062674470 -0.24790503 0.999999940 0.999999940 0.999999940
v 0.153528481 0.062783993 -0.25216335 0.999999940 0.999999940 0.999999940
v 0.107453882 0.062311597 -0.25311863 0.999999940 0.999999940 0.999999940
v 0.083244405 0.061959866 -0.26280761 0.999999940 0.999999940 0.999999940
v 0.04852001 0.062074806 -0.26488769 0.999999940 0.999999940 0.999999940
v 0.052080798 0.063076131 -0.24394044 0.999999940 0.999999940 0.999999940
v 0.026443872 0.063500933 -0.24023622 0.999999940 0.999999940 0.999999940
v 0.023939741 0.062716208 -0.25485966 0.999999940 0.999999940 0.999999940
v 0.019484879 0.062116652 -0.26833531 0.999999940 0.999999940 0.999999940
v 0.027299061 0.061605077 -0.28028229 0.999999940 0.999999940 0.999999940
v 0.045765105 0.061324421 -0.28583103 0.999999940 0.999999940 0.999999940
v 0.063816458 0.061506096 -0.27744418 0.999999940 0.999999940 0.999999940
v 0.095459245 0.061463590 -0.27759832 0.999999940 0.999999940 0.999999940
v 0.118444889 0.061933688 -0.26498505 0.999999940 0.999999940 0.999999940
v 0.132517635 0.062026992 -0.2667599 0.999999940 0.999999940 0.999999940
v 0.176961451 0.063139073 -0.26037472 0.999999940 0.999999940 0.999999940
v 0.151511281 0.062324162 -0.26749471 0.999999940 0.999999940 0.999999940
v 0.200523912 0.063944213 -0.26530358 0.999999940 0.999999940 0.999999940
v 0.219977036 0.064890794 -0.26277283 0.999999940 0.999999940 0.999999940
v 0.247674018 0.066601291 -0.25177258 0.999999940 0.999999940 0.999999940
v 0.281534194 0.069109082 -0.23043673 0.999999940 0.999999940 0.999999940
v 0.255838453 0.067044772 -0.26135677 0.999999940 0.999999940 0.999999940
v 0.293327152 0.069508642 -0.2227346 0.999999940 0.999999940 0.999999940
v 0.239035770 0.065922588 -0.27886635 0.999999940 0.999999940 0.999999940
v 0.218725398 0.064748883 -0.27977994 0.999999940 0.999999940 0.999999940
v 0.194779723 0.063550010 -0.28727093 0.999999940 0.999999940 0.999999940
v 0.185873687 0.063208364 -0.27850273 0.999999940 0.999999940 0.999999940
v 0.169648766 0.062671430 -0.27550274 0.999999940 0.999999940 0.999999940
v 0.143571034 0.061911676 -0.28134936 0.999999940 0.999999940 0.999999940
v 0.119963116 0.061435341 -0.28717145 0.999999940 0.999999940 0.999999940
v 0.073004230 0.061141643 -0.29037523 0.999999940 0.999999940 0.999999940
v 0.103022508 0.061154954 -0.29508343 0.999999940 0.999999940 0.999999940
v 0.075779713 0.060952849 -0.30059436 0.999999940 0.999999940 0.999999940
v 0.045762077 0.060937967 -0.30322334 0.999999940 0.999999940 0.999999940
v 0.021919755 0.061170447 -0.29689309 0.999999940 0.999999940 0.999999940
v 0.082876883 0.060879673 -0.31280166 0.999999940 0.999999940 0.999999940
v 0.059878062 0.060796160 -0.31686014 0.999999940 0.999999940 0.999999940
v 0.108737461 0.061133753 -0.30921891 0.999999940 0.999999940 0.999999940
v 0.135647147 0.061588168 -0.30247506 0.999999940 0.999999940 0.999999940
v 0.151684999 0.061994303 -0.29500422 0.999999940 0.999999940 0.999999940
v 0.170091599 0.062571458 -0.29077801 0.999999940 0.999999940 0.999999940
v 0.204070374 0.064051888 -0.29776794 0.999999940 0.999999940 0.999999940
v 0.183864697 0.063175462 -0.30525887 0.999999940 0.999999940 0.999999940
v 0.222664028 0.065035536 -0.29373139 0.999999940 0.999999940 0.999999940
v 0.195902571 0.063973479 -0.31931216 0.999999940 0.999999940 0.999999940
v 0.158036291 0.062246780 -0.31022945 0.999999940 0.999999940 0.999999940
v 0.177193120 0.063136570 -0.32189167 0.999999940 0.999999940 0.999999940
v 0.117701269 0.061288729 -0.3176398 0.999999940 0.999999940 0.999999940
v 0.134913027 0.061720173 -0.32312608 0.999999940 0.999999940 0.999999940
v 0.094814159 0.061015758 -0.32397562 0.999999940 0.999999940 0.999999940
v 0.063006386 0.060822363 -0.32973269 0.999999940 0.999999940 0.999999940
v 0.033085472 0.060822535 -0.32175693 0.999999940 0.999999940 0.999999940
v 0.016031552 0.060969349 -0.31293365 0.999999940 0.999999940 0.999999940
v -0.00037311 0.061389438 -0.295854 0.999999940 0.999999940 0.999999940
v 0.004938671 0.061820749 -0.27869296 0.999999940 0.999999940 0.999999940
v -0.01338669 0.061355080 -0.30741608 0.999999940 0.999999940 0.999999940
v -0.00113392 0.061109736 -0.32712936 0.999999940 0.999999940 0.999999940
v 0.042748939 0.060932278 -0.3408834 0.999999940 0.999999940 0.999999940
v 0.015276330 0.061003662 -0.33501038 0.999999940 0.999999940 0.999999940
v 0.074662543 0.061090227 -0.34451145 0.999999940 0.999999940 0.999999940
v 0.103377424 0.061316013 -0.33746511 0.999999940 0.999999940 0.999999940
v 0.126282632 0.061737183 -0.33609298 0.999999940 0.999999940 0.999999940
v 0.163526907 0.062588021 -0.32107759 0.999999940 0.999999940 0.999999940
v 0.154405236 0.062549218 -0.335098 0.999999940 0.999999940 0.999999940
v 0.169976890 0.063551269 -0.34789947 0.999999940 0.999999940 0.999999940
v 0.144332036 0.062926217 -0.35847157 0.999999940 0.999999940 0.999999940
v 0.163520962 0.064136073 -0.36993474 0.999999940 0.999999940 0.999999940
v 0.133657738 0.062350928 -0.35143635 0.999999940 0.999999940 0.999999940
v 0.109536476 0.061770532 -0.35160768 0.999999940 0.999999940 0.999999940
v 0.083639591 0.061445649 -0.35505688 0.999999940 0.999999940 0.999999940
v 0.051804281 0.061333447 -0.35835078 0.999999940 0.999999940 0.999999940
v 0.026965702 0.061183095 -0.35133928 0.999999940 0.999999940 0.999999940
v 0.000051148 0.061341259 -0.34730497 0.999999940 0.999999940 0.999999940
v -0.02004845 0.061605833 -0.34428191 0.999999940 0.999999940 0.999999940
v -0.02391573 0.061448957 -0.32411242 0.999999940 0.999999940 0.999999940
v -0.03311272 0.062040943 -0.28771731 0.999999940 0.999999940 0.999999940
v -0.01311725 0.061764549 -0.28665861 0.999999940 0.999999940 0.999999940
v -0.0414809 0.061914216 -0.30449724 0.999999940 0.999999940 0.999999940
v -0.03107886 0.062661767 -0.26818231 0.999999940 0.999999940 0.999999940
v -0.06120479 0.062910117 -0.27946845 0.999999940 0.999999940 0.999999940
v -0.05721625 0.06248549 -0.29282799 0.999999940 0.999999940 0.999999940
v -0.06981164 0.062678217 -0.30835852 0.999999940 0.999999940 0.999999940
v -0.04468685 0.061910059 -0.3189396 0.999999940 0.999999940 0.999999940
v -0.04195901 0.061988979 -0.33736265 0.999999940 0.999999940 0.999999940
v -0.01508773 0.062014494 -0.36362568 0.999999940 0.999999940 0.999999940
v -0.04055998 0.062312595 -0.35398749 0.999999940 0.999999940 0.999999940
v 0.003892082 0.061812412 -0.36631903 0.999999940 0.999999940 0.999999940
v 0.029352124 0.061540268 -0.36445013 0.999999940 0.999999940 0.999999940
v 0.058391146 0.061779305 -0.37096828 0.999999940 0.999999940 0.999999940
v 0.082008682 0.062056768 -0.37265298 0.999999940 0.999999940 0.999999940
v 0.109542183 0.062259327 -0.36612472 0.999999940 0.999999940 0.999999940
v 0.128657817 0.063410595 -0.3811239 0.999999940 0.999999940 0.999999940
v 0.144896626 0.064023971 -0.3828271 0.999999940 0.999999940 0.999999940
v 0.102327577 0.062737427 -0.38085812 0.999999940 0.999999940 0.999999940
v 0.077762045 0.062754087 -0.38933489 0.999999940 0.999999940 0.999999940
v 0.063586719 0.062579944 -0.3886748 0.999999940 0.999999940 0.999999940
v 0.029145985 0.062033779 -0.37770611 0.999999940 0.999999940 0.999999940
v 0.050983998 0.062492117 -0.38799691 0.999999940 0.999999940 0.999999940
v -0.00568565 0.062739945 -0.3853285 0.999999940 0.999999940 0.999999940
v 0.003784186 0.062906175 -0.39178824 0.999999940 0.999999940 0.999999940
v -0.03967699 0.063044279 -0.37555665 0.999999940 0.999999940 0.999999940
v -0.02216565 0.063066653 -0.38541332 0.999999940 0.999999940 0.999999940
v -0.06781099 0.062837034 -0.34025446 0.999999940 0.999999940 0.999999940
v -0.05716626 0.063064791 -0.36183217 0.999999940 0.999999940 0.999999940
v -0.06227862 0.062428914 -0.32259154 0.999999940 0.999999940 0.999999940
v -0.08537926 0.063276231 -0.32204819 0.999999940 0.999999940 0.999999940
v -0.09794553 0.064111642 -0.34028697 0.999999940 0.999999940 0.999999940
v -0.07852291 0.063533686 -0.35138407 0.999999940 0.999999940 0.999999940
v -0.07376241 0.063920609 -0.36809382 0.999999940 0.999999940 0.999999940
v -0.06517942 0.064184479 -0.38179401 0.999999940 0.999999940 0.999999940
v -0.03398715 0.063967429 -0.39745101 0.999999940 0.999999940 0.999999940
v -0.05493653 0.064480714 -0.39484206 0.999999940 0.999999940 0.999999940
v -0.01175368 0.063706062 -0.40184522 0.999999940 0.999999940 0.999999940
v 0.031114773 0.062818072 -0.39455506 0.999999940 0.999999940 0.999999940
v 0.016561249 0.063716486 -0.40901369 0.999999940 0.999999940 0.999999940
v -0.00167685 0.064676865 -0.42110565 0.999999940 0.999999940 0.999999940
v 0.053487516 0.063648678 -0.40952805 0.999999940 0.999999940 0.999999940
v 0.077236160 0.063779473 -0.40853578 0.999999940 0.999999940 0.999999940
v 0.093277648 0.063413493 -0.39759687 0.999999940 0.999999940 0.999999940
v 0.113654069 0.063579976 -0.39269686 0.999999940 0.999999940 0.999999940
v 0.114618614 0.064459711 -0.40833583 0.999999940 0.999999940 0.999999940
v 0.096374243 0.064572446 -0.41681325 0.999999940 0.999999940 0.999999940
v 0.071242123 0.064693190 -0.42467818 0.999999940 0.999999940 0.999999940
v 0.043975163 0.064912833 -0.4301475 0.999999940 0.999999940 0.999999940
v 0.036134433 0.063947357 -0.41475517 0.999999940 0.999999940 0.999999940
v 0.019444501 0.064711801 -0.42564026 0.999999940 0.999999940 0.999999940
v -0.02141375 0.064700126 -0.41533169 0.999999940 0.999999940 0.999999940
v -0.01544196 0.065634593 -0.43187624 0.999999940 0.999999940 0.999999940
v -0.00302387 0.066247060 -0.4440558 0.999999940 0.999999940 0.999999940
v -0.04476919 0.065257012 -0.41423029 0.999999940 0.999999940 0.999999940
v -0.06276048 0.065970212 -0.41557652 0.999999940 0.999999940 0.999999940
v -0.07465947 0.065625801 -0.4019396 0.999999940 0.999999940 0.999999940
v -0.08873489 0.065213911 -0.38224223 0.999999940 0.999999940 0.999999940
v -0.09344869 0.064571924 -0.36238214 0.999999940 0.999999940 0.999999940
v -0.11790103 0.065450884 -0.35100451 0.999999940 0.999999940 0.999999940
v -0.10351939 0.065586216 -0.37455866 0.999999940 0.999999940 0.999999940
v -0.1041249 0.066559419 -0.39342514 0.999999940 0.999999940 0.999999940
v -0.09149486 0.066752627 -0.40814745 0.999999940 0.999999940 0.999999940
v -0.08441166 0.067582555 -0.42670241 0.999999940 0.999999940 0.999999940
v -0.04783056 0.066812917 -0.4365018 0.999999940 0.999999940 0.999999940
v -0.07822572 0.068291999 -0.44140816 0.999999940 0.999999940 0.999999940
v -0.03268022 0.065935336 -0.43016002 0.999999940 0.999999940 0.999999940
v -0.02613302 0.067563600 -0.45552728 0.999999940 0.999999940 0.999999940
v -0.0065611 0.068340010 -0.47080031 0.999999940 0.999999940 0.999999940
v 0.012600639 0.066639408 -0.4523617 0.999999940 0.999999940 0.999999940
v 0.033078245 0.066107176 -0.44712585 0.999999940 0.999999940 0.999999940
v 0.05411819 0.065905988 -0.44419923 0.999999940 0.999999940 0.999999940
v 0.091970257 0.065636374 -0.43457729 0.999999940 0.999999940 0.999999940
v 0.071186997 0.065851420 -0.44182223 0.999999940 0.999999940 0.999999940
v 0.113542623 0.065513894 -0.42578235 0.999999940 0.999999940 0.999999940
v 0.059726249 0.067188933 -0.46109846 0.999999940 0.999999940 0.999999940
v 0.044242858 0.067734241 -0.46867937 0.999999940 0.999999940 0.999999940
v 0.026169221 0.067663155 -0.46718422 0.999999940 0.999999940 0.999999940
v 0.004534872 0.069126866 -0.48269531 0.999999940 0.999999940 0.999999940
v -0.04930867 0.067680053 -0.44800434 0.999999940 0.999999940 0.999999940
v -0.10129295 0.069140203 -0.4379299 0.999999940 0.999999940 0.999999940
v -0.10631896 0.068595081 -0.42574391 0.999999940 0.999999940 0.999999940
v -0.11446805 0.068329796 -0.41448814 0.999999940 0.999999940 0.999999940
v -0.14009607 0.070880428 -0.43140301 0.999999940 0.999999940 0.999999940
v -0.12538429 0.068457178 -0.40595654 0.999999940 0.999999940 0.999999940
v -0.1501959 0.070658884 -0.41716877 0.999999940 0.999999940 0.999999940
v -0.17295681 0.073219530 -0.43482551 0.999999940 0.999999940 0.999999940
v -0.14416227 0.069316767 -0.40050536 0.999999940 0.999999940 0.999999940
v -0.11975586 0.066603981 -0.37730506 0.999999940 0.999999940 0.999999940
v -0.14039369 0.067659586 -0.37251696 0.999999940 0.999999940 0.999999940
v -0.13149083 0.066472820 -0.35708025 0.999999940 0.999999940 0.999999940
v -0.15370892 0.069248519 -0.38695985 0.999999940 0.999999940 0.999999940
v -0.16887918 0.070633918 -0.3933785 0.999999940 0.999999940 0.999999940
v -0.17161068 0.072040729 -0.41597575 0.999999940 0.999999940 0.999999940
v -0.19824766 0.074564777 -0.42739737 0.999999940 0.999999940 0.999999940
v -0.18776481 0.072511956 -0.40311956 0.999999940 0.999999940 0.999999940
v -0.14651981 0.067085012 -0.34687203 0.999999940 0.999999940 0.999999940
v -0.1226553 0.065236493 -0.33142635 0.999999940 0.999999940 0.999999940
v -0.15478195 0.067161500 -0.32674679 0.999999940 0.999999940 0.999999940
v -0.1025581 0.064032785 -0.32023999 0.999999940 0.999999940 0.999999940
v -0.1326718 0.065607152 -0.31530601 0.999999940 0.999999940 0.999999940
v -0.09424657 0.063639000 -0.3066155 0.999999940 0.999999940 0.999999940
v -0.11593658 0.064662598 -0.30458638 0.999999940 0.999999940 0.999999940
v -0.15812619 0.067176125 -0.30114058 0.999999940 0.999999940 0.999999940
v -0.13338153 0.065635666 -0.30281088 0.999999940 0.999999940 0.999999940
v -0.15893012 0.067286863 -0.31492287 0.999999940 0.999999940 0.999999940
v -0.17672965 0.068516351 -0.28845781 0.999999940 0.999999940 0.999999940
v -0.14898726 0.066652439 -0.29001546 0.999999940 0.999999940 0.999999940
v -0.12185597 0.065104000 -0.28970751 0.999999940 0.999999940 0.999999940
v -0.09492315 0.063730895 -0.29742512 0.999999940 0.999999940 0.999999940
v -0.08341099 0.063344404 -0.29191703 0.999999940 0.999999940 0.999999940
v -0.11560106 0.064955189 -0.28043786 0.999999940 0.999999940 0.999999940
v -0.15217952 0.067012980 -0.27867129 0.999999940 0.999999940 0.999999940
v -0.13805574 0.066467434 -0.26770934 0.999999940 0.999999940 0.999999940
v -0.16390654 0.068162530 -0.26240453 0.999999940 0.999999940 0.999999940
v -0.11935352 0.065683193 -0.2621339 0.999999940 0.999999940 0.999999940
v -0.09139026 0.064029932 -0.27575684 0.999999940 0.999999940 0.999999940
v -0.10355636 0.065097712 -0.25937206 0.999999940 0.999999940 0.999999940
v -0.08382196 0.064436875 -0.25732395 0.999999940 0.999999940 0.999999940
v -0.07239456 0.063618972 -0.26861766 0.999999940 0.999999940 0.999999940
v -0.12619957 0.066811054 -0.24431022 0.999999940 0.999999940 0.999999940
v -0.15013206 0.067743338 -0.2511915 0.999999940 0.999999940 0.999999940
v -0.18111336 0.069840222 -0.24635307 0.999999940 0.999999940 0.999999940
v -0.14682524 0.068041004 -0.24096614 0.999999940 0.999999940 0.999999940
v -0.16217612 0.069473244 -0.22989979 0.999999940 0.999999940 0.999999940
v -0.10614201 0.066240303 -0.23837508 0.999999940 0.999999940 0.999999940
v -0.13075408 0.067609973 -0.23373286 0.999999940 0.999999940 0.999999940
v -0.07078024 0.064700476 -0.24421524 0.999999940 0.999999940 0.999999940
v -0.05448685 0.063572913 -0.25805005 0.999999940 0.999999940 0.999999940
v -0.03238096 0.063306435 -0.25472152 0.999999940 0.999999940 0.999999940
v -0.05301392 0.064622789 -0.23807718 0.999999940 0.999999940 0.999999940
v -0.08792453 0.066067591 -0.23031822 0.999999940 0.999999940 0.999999940
v -0.10459119 0.067313626 -0.22095679 0.999999940 0.999999940 0.999999940
v -0.13202111 0.068930737 -0.21437599 0.999999940 0.999999940 0.999999940
v -0.14520344 0.069322645 -0.21797542 0.999999940 0.999999940 0.999999940
v -0.19588266 0.071496658 -0.23120393 0.999999940 0.999999940 0.999999940
v -0.1837385 0.071316614 -0.22039632 0.999999940 0.999999940 0.999999940
v -0.16685575 0.071022704 -0.20993142 0.999999940 0.999999940 0.999999940
v -0.21525511 0.073711946 -0.21354783 0.999999940 0.999999940 0.999999940
v -0.18903594 0.072441935 -0.20776403 0.999999940 0.999999940 0.999999940
v -0.18199293 0.072939187 -0.19538207 0.999999940 0.999999940 0.999999940
v -0.15209091 0.071242898 -0.19706233 0.999999940 0.999999940 0.999999940
v -0.11552752 0.068809479 -0.20693968 0.999999940 0.999999940 0.999999940
v -0.12613536 0.070685207 -0.19007425 0.999999940 0.999999940 0.999999940
v -0.09510113 0.068041093 -0.20699111 0.999999940 0.999999940 0.999999940
v -0.0589182 0.066190935 -0.21732146 0.999999940 0.999999940 0.999999940
v -0.07239664 0.066938623 -0.21217777 0.999999940 0.999999940 0.999999940
v -0.02353424 0.063936702 -0.24091761 0.999999940 0.999999940 0.999999940
v -0.04195186 0.065052710 -0.22822402 0.999999940 0.999999940 0.999999940
v -0.00838302 0.062827311 -0.25782412 0.999999940 0.999999940 0.999999940
v -0.00234952 0.063265487 -0.24841982 0.999999940 0.999999940 0.999999940
v 0.000867543 0.064275361 -0.2310863 0.999999940 0.999999940 0.999999940
v -0.04050532 0.066425249 -0.20948514 0.999999940 0.999999940 0.999999940
v -0.05911373 0.068049430 -0.19519624 0.999999940 0.999999940 0.999999940
v -0.07988374 0.068212918 -0.19950309 0.999999940 0.999999940 0.999999940
v -0.10256623 0.070191547 -0.18592367 0.999999940 0.999999940 0.999999940
v -0.1451996 0.072755642 -0.17680362 0.999999940 0.999999940 0.999999940
v -0.11091195 0.072083428 -0.16991107 0.999999940 0.999999940 0.999999940
v -0.1715513 0.073333680 -0.18403618 0.999999940 0.999999940 0.999999940
v -0.2129969 0.074891105 -0.19309568 0.999999940 0.999999940 0.999999940
v -0.20303316 0.075093850 -0.18305779 0.999999940 0.999999940 0.999999940
v -0.22608814 0.075388997 -0.19742052 0.999999940 0.999999940 0.999999940
v -0.24703972 0.076287403 -0.20478395 0.999999940 0.999999940 0.999999940
v -0.24908213 0.077346786 -0.18890752 0.999999940 0.999999940 0.999999940
v -0.24505806 0.078126594 -0.17429228 0.999999940 0.999999940 0.999999940
v -0.2010553 0.075896747 -0.17226881 0.999999940 0.999999940 0.999999940
v -0.22744507 0.077645510 -0.16810954 0.999999940 0.999999940 0.999999940
v -0.17476796 0.075159646 -0.16605502 0.999999940 0.999999940 0.999999940
v -0.14369626 0.074493169 -0.15929912 0.999999940 0.999999940 0.999999940
v -0.08300151 0.069906339 -0.1824857 0.999999940 0.999999940 0.999999940
v -0.0745663 0.072195157 -0.1588566 0.999999940 0.999999940 0.999999940
v -0.10808196 0.073670759 -0.15493272 0.999999940 0.999999940 0.999999940
v -0.06843814 0.069854877 -0.17903899 0.999999940 0.999999940 0.999999940
v -0.08870272 0.074745565 -0.14097373 0.999999940 0.999999940 0.999999940
v -0.06414537 0.074134647 -0.14052722 0.999999940 0.999999940 0.999999940
v -0.12589394 0.075612239 -0.14367864 0.999999940 0.999999940 0.999999940
v -0.11242609 0.076369136 -0.13386339 0.999999940 0.999999940 0.999999940
v -0.16144986 0.077402852 -0.13987607 0.999999940 0.999999940 0.999999940
v -0.17235643 0.077013336 -0.14731216 0.999999940 0.999999940 0.999999940
v -0.20611151 0.078674897 -0.1456674 0.999999940 0.999999940 0.999999940
v -0.20705749 0.077506206 -0.1579913 0.999999940 0.999999940 0.999999940
v -0.22796737 0.079108677 -0.15148266 0.999999940 0.999999940 0.999999940
v -0.19939369 0.079643085 -0.13369119 0.999999940 0.999999940 0.999999940
v -0.18535131 0.080163121 -0.1241551 0.999999940 0.999999940 0.999999940
v -0.15302752 0.079092763 -0.12324775 0.999999940 0.999999940 0.999999940
v -0.05329897 0.075111337 -0.13078232 0.999999940 0.999999940 0.999999940
v -0.02781541 0.081319525 -0.08228087 0.999999940 0.999999940 0.999999940
v -0.01806909 0.083759382 -0.06462353 0.999999940 0.999999940 0.999999940
v 0.134710490 0.065667346 -0.41871172 0.999999940 0.999999940 0.999999940
v 0.142913714 0.064961135 -0.40223643 0.999999940 0.999999940 0.999999940
v 0.156748056 0.066601686 -0.42110962 0.999999940 0.999999940 0.999999940
v 0.174406662 0.066361583 -0.40427324 0.999999940 0.999999940 0.999999940
v 0.163882568 0.065042816 -0.38839227 0.999999940 0.999999940 0.999999940
v 0.295498400 0.070513844 -0.19533706 0.999999940 0.999999940 0.999999940
v 0.299014657 0.071507521 -0.18165016 0.999999940 0.999999940 0.999999940
v 0.294759541 0.072672218 -0.15716524 0.999999940 0.999999940 0.999999940
v 0.300280988 0.068269096 -0.231013 0.999999940 0.999999940 0.999999940
v 0.30033499 0.066364802 -0.225541 0.999999940 0.999999940 0.999999940
v 0.298245012 0.068219699 -0.217823 0.999999940 0.999999940 0.999999940
v 0.297948002 0.068840302 -0.21095499 0.999999940 0.999999940 0.999999940
v 0.304817885 0.070484019 -0.18463409 0.999999940 0.999999940 0.999999940
v 0.298563003 0.069149598 -0.20443501 0.999999940 0.999999940 0.999999940
v 0.300493001 0.068031400 -0.198865 0.999999940 0.999999940 0.999999940
v 0.303441494 0.067963346 -0.19224849 0.999999940 0.999999940 0.999999940
v 0.305910050 0.071776755 -0.17189087 0.999999940 0.999999940 0.999999940
v 0.306369364 0.072009779 -0.15135682 0.999999940 0.999999940 0.999999940
v 0.306104004 0.069437496 -0.18652999 0.999999940 0.999999940 0.999999940
v 0.308510989 0.069444298 -0.17685901 0.999999940 0.999999940 0.999999940
v 0.309570491 0.069750800 -0.167016 0.999999940 0.999999940 0.999999940
v 0.305869102 0.066596157 -0.18982092 0.999999940 0.999999940 0.999999940
v 0.303562998 0.063130497 -0.195869 0.999999940 0.999999940 0.999999940
v 0.299782782 0.066496372 -0.21505511 0.999999940 0.999999940 0.999999940
v 0.302314460 0.065033592 -0.22987439 0.999999940 0.999999940 0.999999940
v 0.300895988 0.061992898 -0.21864501 0.999999940 0.999999940 0.999999940
v 0.305054992 0.068170696 -0.244633 0.999999940 0.999999940 0.999999940
v 0.305555999 0.069310799 -0.25197601 0.999999940 0.999999940 0.999999940
v 0.307202011 0.067040197 -0.249106 0.999999940 0.999999940 0.999999940
v 0.306894749 0.059296540 -0.24669781 0.999999940 0.999999940 0.999999940
v 0.302085995 0.058749001 -0.231754 0.999999940 0.999999940 0.999999940
v 0.300639003 0.058059301 -0.22537901 0.999999940 0.999999940 0.999999940
v 0.299048006 0.057079400 -0.222589 0.999999940 0.999999940 0.999999940
v 0.298471003 0.057199098 -0.216262 0.999999940 0.999999940 0.999999940
v 0.303425967 0.059142407 -0.19445325 0.999999940 0.999999940 0.999999940
v 0.305334001 0.058811400 -0.188508 0.999999940 0.999999940 0.999999940
v 0.300226002 0.057698000 -0.199811 0.999999940 0.999999940 0.999999940
v 0.308242708 0.064207285 -0.18147619 0.999999940 0.999999940 0.999999940
v 0.309325993 0.070251397 -0.15740301 0.999999940 0.999999940 0.999999940
v 0.310354590 0.067305997 -0.16708519 0.999999940 0.999999940 0.999999940
v 0.308319985 0.071006603 -0.151741 0.999999940 0.999999940 0.999999940
v 0.309693843 0.068565398 -0.15335979 0.999999940 0.999999940 0.999999940
v 0.309691011 0.062048200 -0.170995 0.999999940 0.999999940 0.999999940
v 0.308827012 0.058444600 -0.178379 0.999999940 0.999999940 0.999999940
v 0.307657986 0.057773400 -0.18275601 0.999999940 0.999999940 0.999999940
v 0.301726996 0.055865500 -0.18831199 0.999999940 0.999999940 0.999999940
v 0.303052991 0.056986898 -0.192165 0.999999940 0.999999940 0.999999940
v 0.300644993 0.056505698 -0.196299 0.999999940 0.999999940 0.999999940
v 0.299659013 0.056430000 -0.22798701 0.999999940 0.999999940 0.999999940
v 0.300143450 0.054590616 -0.24234749 0.999999940 0.999999940 0.999999940
v 0.304980009 0.057362601 -0.24406099 0.999999940 0.999999940 0.999999940
v 0.305456012 0.055079601 -0.25088799 0.999999940 0.999999940 0.999999940
v 0.306928992 0.057196099 -0.247972 0.999999940 0.999999940 0.999999940
v 0.307873010 0.056308899 -0.25109801 0.999999940 0.999999940 0.999999940
v 0.308723002 0.057098500 -0.254794 0.999999940 0.999999940 0.999999940
v 0.310196995 0.056374400 -0.26299301 0.999999940 0.999999940 0.999999940
v 0.310687869 0.058254275 -0.26243716 0.999999940 0.999999940 0.999999940
v 0.311091005 0.057503800 -0.268006 0.999999940 0.999999940 0.999999940
v 0.312687993 0.057665798 -0.27934301 0.999999940 0.999999940 0.999999940
v 0.313149005 0.0562624 -0.28590399 0.999999940 0.999999940 0.999999940
v 0.312735050 0.067922279 -0.27358022 0.999999940 0.999999940 0.999999940
v 0.309549003 0.066904403 -0.25642601 0.999999940 0.999999940 0.999999940
v 0.310146004 0.067854501 -0.26124501 0.999999940 0.999999940 0.999999940
v 0.312559992 0.068494699 -0.279762 0.999999940 0.999999940 0.999999940
v 0.311621993 0.069572500 -0.273323 0.999999940 0.999999940 0.999999940
v 0.310829013 0.069330900 -0.26725799 0.999999940 0.999999940 0.999999940
v 0.308582007 0.068286299 -0.25444901 0.999999940 0.999999940 0.999999940
v 0.306110084 0.056116599 -0.1758211 0.999999940 0.999999940 0.999999940
v 0.307482421 0.057528775 -0.15956126 0.999999940 0.999999940 0.999999940
v 0.303478986 0.057524375 -0.1481851 0.999999940 0.999999940 0.999999940
v 0.290278494 0.055396791 -0.16183986 0.999999940 0.999999940 0.999999940
v 0.306008994 0.0564599 -0.18163 0.999999940 0.999999940 0.999999940
v 0.309736013 0.058667898 -0.1712185 0.999999940 0.999999940 0.999999940
v 0.290947526 0.057471036 -0.13180187 0.999999940 0.999999940 0.999999940
v 0.261347889 0.054410733 -0.1558001 0.999999940 0.999999940 0.999999940
v 0.260248184 0.053297836 -0.1726476 0.999999940 0.999999940 0.999999940
v 0.298979997 0.058543399 -0.133992 0.999999940 0.999999940 0.999999940
v 0.307534992 0.060342349 -0.14838549 0.999999940 0.999999940 0.999999940
v 0.303452998 0.060290399 -0.138069 0.999999940 0.999999940 0.999999940
v 0.301690012 0.059566300 -0.134459 0.999999940 0.999999940 0.999999940
v 0.309897005 0.058820400 -0.161659 0.999999940 0.999999940 0.999999940
v 0.309325009 0.059915598 -0.155883 0.999999940 0.999999940 0.999999940
v 0.309384524 0.061967790 -0.1554727 0.999999940 0.999999940 0.999999940
v 0.305344224 0.061500188 -0.14111906 0.999999940 0.999999940 0.999999940
v 0.301104784 0.061876524 -0.13218683 0.999999940 0.999999940 0.999999940
v 0.291699171 0.058529667 -0.12391344 0.999999940 0.999999940 0.999999940
v 0.293339997 0.059761349 -0.120331 0.999999940 0.999999940 0.999999940
v 0.255898356 0.055648509 -0.13657255 0.999999940 0.999999940 0.999999940
v 0.285282313 0.058679837 -0.11377319 0.999999940 0.999999940 0.999999940
v 0.247520670 0.054179817 -0.15168397 0.999999940 0.999999940 0.999999940
v 0.222625717 0.053301475 -0.15317257 0.999999940 0.999999940 0.999999940
v 0.236504197 0.055207621 -0.1350292 0.999999940 0.999999940 0.999999940
v 0.250544756 0.056880950 -0.12043028 0.999999940 0.999999940 0.999999940
v 0.257034510 0.060541965 -0.08412742 0.999999940 0.999999940 0.999999940
v 0.267764210 0.060170695 -0.09247293 0.999999940 0.999999940 0.999999940
v 0.280746996 0.060571 -0.101178 0.999999940 0.999999940 0.999999940
v 0.289210021 0.060080699 -0.1126405 0.999999940 0.999999940 0.999999940
v 0.286514014 0.060173898 -0.108044 0.999999940 0.999999940 0.999999940
v 0.290666997 0.062813200 -0.113112 0.999999940 0.999999940 0.999999940
v 0.293895244 0.060810476 -0.11909269 0.999999940 0.999999940 0.999999940
v 0.293367505 0.072018377 -0.11781738 0.999999940 0.999999940 0.999999940
v 0.304253459 0.069532983 -0.13914098 0.999999940 0.999999940 0.999999940
v 0.304553985 0.070971399 -0.14251 0.999999940 0.999999940 0.999999940
v 0.302388995 0.071664497 -0.13691799 0.999999940 0.999999940 0.999999940
v 0.300965011 0.071208298 -0.133259 0.999999940 0.999999940 0.999999940
v 0.295096516 0.073024272 -0.1242785 0.999999940 0.999999940 0.999999940
v 0.290090501 0.073142200 -0.114474 0.999999940 0.999999940 0.999999940
v 0.288817077 0.069206342 -0.11010858 0.999999940 0.999999940 0.999999940
v 0.289248049 0.060957398 -0.11049739 0.999999940 0.999999940 0.999999940
v 0.278551429 0.069379322 -0.090261 0.999999940 0.999999940 0.999999940
v 0.285728007 0.061588101 -0.105136 0.999999940 0.999999940 0.999999940
v 0.282862007 0.062448099 -0.100221 0.999999940 0.999999940 0.999999940
v 0.271299630 0.061584394 -0.08839069 0.999999940 0.999999940 0.999999940
v 0.267997831 0.062487725 -0.06998598 0.999999940 0.999999940 0.999999940
v 0.266345977 0.064477413 -0.04858392 0.999999940 0.999999940 0.999999940
v 0.279835999 0.065069302 -0.0941573 0.999999940 0.999999940 0.999999940
v 0.276248991 0.065528400 -0.0863969 0.999999940 0.999999940 0.999999940
v 0.273530006 0.064299799 -0.0813215 0.999999940 0.999999940 0.999999940
v 0.272238999 0.063217401 -0.0782033 0.999999940 0.999999940 0.999999940
v 0.281738996 0.072056099 -0.09821 0.999999940 0.999999940 0.999999940
v 0.275664746 0.07235872 -0.08391913 0.999999940 0.999999940 0.999999940
v 0.274221986 0.068926401 -0.0754328 0.999999940 0.999999940 0.999999940
v 0.286682993 0.072099998 -0.108174 0.999999940 0.999999940 0.999999940
v 0.299228996 0.072747297 -0.13537601 0.999999940 0.999999940 0.999999940
v 0.277441501 0.074331000 -0.09189045 0.999999940 0.999999940 0.999999940
v 0.273995012 0.075325600 -0.0854617 0.999999940 0.999999940 0.999999940
v 0.272605985 0.075398601 -0.07949 0.999999940 0.999999940 0.999999940
v 0.272653013 0.074453696 -0.0734416 0.999999940 0.999999940 0.999999940
v 0.272035986 0.064462497 -0.065338 0.999999940 0.999999940 0.999999940
v 0.271890997 0.064219802 -0.0728054 0.999999940 0.999999940 0.999999940
v 0.274005889 0.068098209 -0.0620512 0.999999940 0.999999940 0.999999940
v 0.273564010 0.064954496 -0.0786261 0.999999940 0.999999940 0.999999940
v 0.274710655 0.072618022 -0.0609726 0.999999940 0.999999940 0.999999940
v 0.271609902 0.064598739 -0.05027668 0.999999940 0.999999940 0.999999940
v 0.273322999 0.065083302 -0.0584875 0.999999940 0.999999940 0.999999940
v 0.248461052 0.063873700 -0.05322567 0.999999940 0.999999940 0.999999940
v 0.285215258 0.066615067 -0.02963011 0.999999940 0.999999940 0.999999940
v 0.259432286 0.066680826 -0.02856581 0.999999940 0.999999940 0.999999940
v 0.276656985 0.068095102 -0.0516836 0.999999940 0.999999940 0.999999940
v 0.278443008 0.065713398 -0.0473013 0.999999940 0.999999940 0.999999940
v 0.286083012 0.066850997 -0.0359937 0.999999940 0.999999940 0.999999940
v 0.283134996 0.065855301 -0.0375279 0.999999940 0.999999940 0.999999940
v 0.273690998 0.077595301 -0.0580757 0.999999940 0.999999940 0.999999940
v 0.272608995 0.075992196 -0.0651496 0.999999940 0.999999940 0.999999940
v 0.279038041 0.077894747 -0.04794263 0.999999940 0.999999940 0.999999940
v 0.27571401 0.079067900 -0.0517108 0.999999940 0.999999940 0.999999940
v 0.278012991 0.080446101 -0.0472082 0.999999940 0.999999940 0.999999940
v 0.283721 0.080356255 -0.0391809 0.999999940 0.999999940 0.999999940
v 0.289825826 0.079777061 -0.02932733 0.999999940 0.999999940 0.999999940
v 0.286773353 0.068014107 -0.03506894 0.999999940 0.999999940 0.999999940
v 0.289575010 0.069352202 -0.0295084 0.999999940 0.999999940 0.999999940
v 0.263035029 0.068467907 -0.01263093 0.999999940 0.999999940 0.999999940
v 0.291129201 0.069625109 0.000817097 0.999999940 0.999999940 0.999999940
v 0.290959209 0.067299105 -0.02293045 0.999999940 0.999999940 0.999999940
v 0.292005986 0.067810103 -0.0259239 0.999999940 0.999999940 0.999999940
v 0.23358576 0.067525468 -0.02369789 0.999999940 0.999999940 0.999999940
v 0.228493049 0.065116472 -0.04354057 0.999999940 0.999999940 0.999999940
v 0.239268258 0.068961247 -0.0113199 0.999999940 0.999999940 0.999999940
v 0.240490958 0.060146097 -0.08594844 0.999999940 0.999999940 0.999999940
v 0.231773912 0.062789484 -0.06251577 0.999999940 0.999999940 0.999999940
v 0.211750403 0.066541932 -0.03359507 0.999999940 0.999999940 0.999999940
v 0.212146773 0.063228800 -0.05920141 0.999999940 0.999999940 0.999999940
v 0.214182302 0.068406492 -0.01915297 0.999999940 0.999999940 0.999999940
v 0.215392872 0.070679113 -0.00161155 0.999999940 0.999999940 0.999999940
v 0.247850865 0.070487529 0.002484281 0.999999940 0.999999940 0.999999940
v 0.231451124 0.072338119 0.014464133 0.999999940 0.999999940 0.999999940
v 0.256357729 0.071871534 0.015995675 0.999999940 0.999999940 0.999999940
v 0.291971266 0.072299927 0.026665501 0.999999940 0.999999940 0.999999940
v 0.296249002 0.070536002 -0.00257118 0.999999940 0.999999940 0.999999940
v 0.296232998 0.072300002 0.004633239 0.999999940 0.999999940 0.999999940
v 0.295688986 0.071318402 0.010852100 0.999999940 0.999999940 0.999999940
v 0.293570995 0.067945301 -0.0226686 0.999999940 0.999999940 0.999999940
v 0.295175999 0.069282598 -0.0165185 0.999999940 0.999999940 0.999999940
v 0.293450504 0.075123854 -0.02072314 0.999999940 0.999999940 0.999999940
v 0.295253008 0.081055298 -0.0133097 0.999999940 0.999999940 0.999999940
v 0.294050991 0.081772498 -0.0170743 0.999999940 0.999999940 0.999999940
v 0.296530336 0.079895481 -0.00261028 0.999999940 0.999999940 0.999999940
v 0.291720002 0.080461598 -0.024787 0.999999940 0.999999940 0.999999940
v 0.296669989 0.074042797 -0.0004172 0.999999940 0.999999940 0.999999940
v 0.296186000 0.073345698 0.011677299 0.999999940 0.999999940 0.999999940
v 0.294863998 0.072343602 0.0178723 0.999999940 0.999999940 0.999999940
v 0.295524865 0.080201543 0.022786743 0.999999940 0.999999940 0.999999940
v 0.272185266 0.073208637 0.031839977 0.999999940 0.999999940 0.999999940
v 0.294054001 0.072759255 0.025440400 0.999999940 0.999999940 0.999999940
v 0.293909996 0.073101848 0.032341200 0.999999940 0.999999940 0.999999940
v 0.293498009 0.073181502 0.037825100 0.999999940 0.999999940 0.999999940
v 0.248136609 0.074364617 0.035654142 0.999999940 0.999999940 0.999999940
v 0.212434485 0.072364538 0.010740412 0.999999940 0.999999940 0.999999940
v 0.220498591 0.074617356 0.030220381 0.999999940 0.999999940 0.999999940
v 0.197147414 0.070500098 -0.00610474 0.999999940 0.999999940 0.999999940
v 0.182541847 0.067525550 -0.02983237 0.999999940 0.999999940 0.999999940
v 0.183979541 0.073623575 0.014219283 0.999999940 0.999999940 0.999999940
v 0.181325435 0.070421211 -0.00930328 0.999999940 0.999999940 0.999999940
v 0.200179442 0.075675204 0.033226706 0.999999940 0.999999940 0.999999940
v 0.233771026 0.076450027 0.049376707 0.999999940 0.999999940 0.999999940
v 0.216081842 0.07801231 0.056794822 0.999999940 0.999999940 0.999999940
v 0.268154621 0.075454704 0.052253697 0.999999940 0.999999940 0.999999940
v 0.294378489 0.073863647 0.045423205 0.999999940 0.999999940 0.999999940
v 0.295843005 0.0733447 0.038176201 0.999999940 0.999999940 0.999999940
v 0.295340508 0.075422234 0.034531202 0.999999940 0.999999940 0.999999940
v 0.294777989 0.086152002 0.016398999 0.999999940 0.999999940 0.999999940
v 0.293657988 0.088483199 0.026110200 0.999999940 0.999999940 0.999999940
v 0.293502986 0.088485397 0.030350899 0.999999940 0.999999940 0.999999940
v 0.294209003 0.089285403 0.033603601 0.999999940 0.999999940 0.999999940
v 0.299104005 0.075320400 0.044702801 0.999999940 0.999999940 0.999999940
v 0.293884843 0.076141841 0.070961058 0.999999940 0.999999940 0.999999940
v 0.300885975 0.074458703 0.052572667 0.999999940 0.999999940 0.999999940
v 0.302879005 0.074796803 0.0527943 0.999999940 0.999999940 0.999999940
v 0.264151245 0.077433638 0.07051339 0.999999940 0.999999940 0.999999940
v 0.240346521 0.077908240 0.065045081 0.999999940 0.999999940 0.999999940
v 0.197927460 0.079375535 0.062133893 0.999999940 0.999999940 0.999999940
v 0.214611545 0.080197595 0.075419150 0.999999940 0.999999940 0.999999940
v 0.179803147 0.078322216 0.048195291 0.999999940 0.999999940 0.999999940
v 0.176399543 0.076448828 0.033217214 0.999999940 0.999999940 0.999999940
v 0.167802423 0.081582017 0.070208057 0.999999940 0.999999940 0.999999940
v 0.187274768 0.082179509 0.082106754 0.999999940 0.999999940 0.999999940
v 0.23061575 0.080503940 0.085375100 0.999999940 0.999999940 0.999999940
v 0.199357971 0.083022981 0.094860017 0.999999940 0.999999940 0.999999940
v 0.248494893 0.079036019 0.079359017 0.999999940 0.999999940 0.999999940
v 0.255236119 0.079946637 0.092863149 0.999999940 0.999999940 0.999999940
v 0.303177356 0.075672216 0.066910095 0.999999940 0.999999940 0.999999940
v 0.302182644 0.077364377 0.091382011 0.999999940 0.999999940 0.999999940
v 0.272166907 0.079454936 0.097591638 0.999999940 0.999999940 0.999999940
v 0.305009007 0.076473899 0.059032801 0.999999940 0.999999940 0.999999940
v 0.308348357 0.079135187 0.068340420 0.999999940 0.999999940 0.999999940
v 0.306598991 0.076350003 0.065137997 0.999999940 0.999999940 0.999999940
v 0.307957023 0.076588295 0.081157259 0.999999940 0.999999940 0.999999940
v 0.308441013 0.078198701 0.069125697 0.999999940 0.999999940 0.999999940
v 0.268135279 0.081487789 0.120975449 0.999999940 0.999999940 0.999999940
v 0.309453994 0.077473796 0.094324402 0.999999940 0.999999940 0.999999940
v 0.314292192 0.077723629 0.100786477 0.999999940 0.999999940 0.999999940
v 0.316433906 0.078235715 0.114787258 0.999999940 0.999999940 0.999999940
v 0.295882821 0.079699568 0.120141223 0.999999940 0.999999940 0.999999940
v 0.245310038 0.082041323 0.110377080 0.999999940 0.999999940 0.999999940
v 0.221116259 0.082236632 0.097931474 0.999999940 0.999999940 0.999999940
v 0.177483469 0.085718929 0.110865615 0.999999940 0.999999940 0.999999940
v 0.162472739 0.085887894 0.105673253 0.999999940 0.999999940 0.999999940
v 0.194903031 0.085652068 0.119249545 0.999999940 0.999999940 0.999999940
v 0.152499035 0.084977671 0.093613117 0.999999940 0.999999940 0.999999940
v 0.14295578 0.088113501 0.119206719 0.999999940 0.999999940 0.999999940
v 0.171786740 0.087331250 0.124677024 0.999999940 0.999999940 0.999999940
v 0.198297306 0.086695320 0.133474797 0.999999940 0.999999940 0.999999940
v 0.219803243 0.084209784 0.118483834 0.999999940 0.999999940 0.999999940
v 0.231886446 0.084494791 0.130975008 0.999999940 0.999999940 0.999999940
v 0.252061396 0.083451025 0.134490445 0.999999940 0.999999940 0.999999940
v 0.270860493 0.082527592 0.139810666 0.999999940 0.999999940 0.999999940
v 0.323545634 0.078863807 0.135400086 0.999999940 0.999999940 0.999999940
v 0.296515703 0.08071208 0.138777181 0.999999940 0.999999940 0.999999940
v 0.321579724 0.078601136 0.121377453 0.999999940 0.999999940 0.999999940
v 0.320062995 0.078750498 0.113614000 0.999999940 0.999999940 0.999999940
v 0.318563997 0.079272598 0.108185000 0.999999940 0.999999940 0.999999940
v 0.322634995 0.080516897 0.118855997 0.999999940 0.999999940 0.999999940
v 0.313506990 0.079111397 0.093694903 0.999999940 0.999999940 0.999999940
v 0.316260993 0.079846002 0.100523002 0.999999940 0.999999940 0.999999940
v 0.316664010 0.078299403 0.102286003 0.999999940 0.999999940 0.999999940
v 0.312247008 0.078590996 0.087369702 0.999999940 0.999999940 0.999999940
v 0.319819003 0.081040576 0.110314600 0.999999940 0.999999940 0.999999940
v 0.323870986 0.079187601 0.122451998 0.999999940 0.999999940 0.999999940
v 0.325599372 0.084945179 0.125964298 0.999999940 0.999999940 0.999999940
v 0.326330989 0.080401897 0.129304006 0.999999940 0.999999940 0.999999940
v 0.311069160 0.080139398 0.148112162 0.999999940 0.999999940 0.999999940
v 0.329070806 0.078982502 0.143946275 0.999999940 0.999999940 0.999999940
v 0.320956766 0.080599784 0.172611206 0.999999940 0.999999940 0.999999940
v 0.327623009 0.079102300 0.134152993 0.999999940 0.999999940 0.999999940
v 0.330634504 0.0797325 0.139706999 0.999999940 0.999999940 0.999999940
v 0.282381892 0.082871533 0.163235649 0.999999940 0.999999940 0.999999940
v 0.262852579 0.084250085 0.161477252 0.999999940 0.999999940 0.999999940
v 0.234432980 0.085339076 0.145358756 0.999999940 0.999999940 0.999999940
v 0.237858310 0.0861497 0.163004025 0.999999940 0.999999940 0.999999940
v 0.206076502 0.087255284 0.146770462 0.999999940 0.999999940 0.999999940
v 0.204783812 0.088084183 0.157746672 0.999999940 0.999999940 0.999999940
v 0.215063437 0.088462323 0.177129194 0.999999940 0.999999940 0.999999940
v 0.228122264 0.087840430 0.184587732 0.999999940 0.999999940 0.999999940
v 0.256501734 0.085419140 0.177659973 0.999999940 0.999999940 0.999999940
v 0.311084866 0.081238925 0.177571475 0.999999940 0.999999940 0.999999940
v 0.268733173 0.084623344 0.182268917 0.999999940 0.999999940 0.999999940
v 0.288960576 0.083000175 0.181968674 0.999999940 0.999999940 0.999999940
v 0.327737182 0.079960614 0.160843417 0.999999940 0.999999940 0.999999940
v 0.329309999 0.080987103 0.165822997 0.999999940 0.999999940 0.999999940
v 0.326485008 0.081466898 0.170001000 0.999999940 0.999999940 0.999999940
v 0.322468519 0.082031995 0.176117986 0.999999940 0.999999940 0.999999940
v 0.315337002 0.081758096 0.181929007 0.999999940 0.999999940 0.999999940
v 0.333499997 0.080416500 0.147964000 0.999999940 0.999999940 0.999999940
v 0.330725371 0.084915131 0.139351114 0.999999940 0.999999940 0.999999940
v 0.328698992 0.080026596 0.134561002 0.999999940 0.999999940 0.999999940
v 0.328090012 0.090475998 0.135759994 0.999999940 0.999999940 0.999999940
v 0.329562991 0.091767601 0.141582995 0.999999940 0.999999940 0.999999940
v 0.330680996 0.092487700 0.148199006 0.999999940 0.999999940 0.999999940
v 0.332373142 0.088694818 0.150379180 0.999999940 0.999999940 0.999999940
v 0.332298994 0.085123799 0.149047002 0.999999940 0.999999940 0.999999940
v 0.332477003 0.082131899 0.155583992 0.999999940 0.999999940 0.999999940
v 0.330684006 0.082099199 0.162790998 0.999999940 0.999999940 0.999999940
v 0.328023940 0.082451432 0.169257164 0.999999940 0.999999940 0.999999940
v 0.325591892 0.084359578 0.172320485 0.999999940 0.999999940 0.999999940
v 0.317835986 0.082966998 0.182665005 0.999999940 0.999999940 0.999999940
v 0.318598747 0.085604578 0.183442696 0.999999940 0.999999940 0.999999940
v 0.309805810 0.081703603 0.188391313 0.999999940 0.999999940 0.999999940
v 0.316044002 0.084365002 0.186618998 0.999999940 0.999999940 0.999999940
v 0.291042953 0.083313375 0.205874547 0.999999940 0.999999940 0.999999940
v 0.260564804 0.085752226 0.200053259 0.999999940 0.999999940 0.999999940
v 0.235829040 0.087674938 0.197267949 0.999999940 0.999999940 0.999999940
v 0.219338521 0.089394561 0.217090174 0.999999940 0.999999940 0.999999940
v 0.206615179 0.089898429 0.198315188 0.999999940 0.999999940 0.999999940
v 0.238881543 0.087795600 0.213742733 0.999999940 0.999999940 0.999999940
v 0.261181414 0.085951253 0.215536177 0.999999940 0.999999940 0.999999940
v 0.308799564 0.081944979 0.207488596 0.999999940 0.999999940 0.999999940
v 0.310599863 0.081781357 0.218098804 0.999999940 0.999999940 0.999999940
v 0.291021376 0.083406738 0.231052264 0.999999940 0.999999940 0.999999940
v 0.277042865 0.084639288 0.228122085 0.999999940 0.999999940 0.999999940
v 0.313392013 0.084149099 0.191272005 0.999999940 0.999999940 0.999999940
v 0.311942994 0.082993701 0.197466000 0.999999940 0.999999940 0.999999940
v 0.315023690 0.089537836 0.193746671 0.999999940 0.999999940 0.999999940
v 0.319598496 0.090244293 0.181837841 0.999999940 0.999999940 0.999999940
v 0.324479013 0.091043397 0.171839997 0.999999940 0.999999940 0.999999940
v 0.329744994 0.087357401 0.162523001 0.999999940 0.999999940 0.999999940
v 0.330651998 0.092566497 0.154625996 0.999999940 0.999999940 0.999999940
v 0.329533010 0.092317402 0.160973995 0.999999940 0.999999940 0.999999940
v 0.328619003 0.093029499 0.163793996 0.999999940 0.999999940 0.999999940
v 0.329032003 0.091248899 0.164599001 0.999999940 0.999999940 0.999999940
v 0.327306985 0.091967202 0.166231006 0.999999940 0.999999940 0.999999940
v 0.320125997 0.094832003 0.174573004 0.999999940 0.999999940 0.999999940
v 0.321310997 0.093326203 0.176594004 0.999999940 0.999999940 0.999999940
v 0.325534433 0.094803363 0.163620919 0.999999940 0.999999940 0.999999940
v 0.316087007 0.093309998 0.186694994 0.999999940 0.999999940 0.999999940
v 0.312458992 0.083449602 0.204018995 0.999999940 0.999999940 0.999999940
v 0.315089166 0.091907508 0.209218800 0.999999940 0.999999940 0.999999940
v 0.312795013 0.095223903 0.195908993 0.999999940 0.999999940 0.999999940
v 0.314095974 0.086402989 0.207249000 0.999999940 0.999999940 0.999999940
v 0.314287990 0.093943402 0.191578999 0.999999940 0.999999940 0.999999940
v 0.313210994 0.082493603 0.210587993 0.999999940 0.999999940 0.999999940
v 0.315737992 0.082869201 0.217326000 0.999999940 0.999999940 0.999999940
v 0.319666981 0.086950615 0.223498374 0.999999940 0.999999940 0.999999940
v 0.312025010 0.096859797 0.202706992 0.999999940 0.999999940 0.999999940
v 0.312992006 0.096775896 0.209840998 0.999999940 0.999999940 0.999999940
v 0.314422994 0.096424102 0.214934006 0.999999940 0.999999940 0.999999940
v 0.317070990 0.094882197 0.219500005 0.999999940 0.999999940 0.999999940
v 0.313367009 0.095636799 0.190533995 0.999999940 0.999999940 0.999999940
v 0.309108853 0.097841195 0.194477587 0.999999940 0.999999940 0.999999940
v 0.315261006 0.095949597 0.181437000 0.999999940 0.999999940 0.999999940
v 0.326469987 0.090537399 0.130640998 0.999999940 0.999999940 0.999999940
v 0.312186986 0.078973397 0.083832599 0.999999940 0.999999940 0.999999940
v 0.310851991 0.077206902 0.080743201 0.999999940 0.999999940 0.999999940
v 0.308925300 0.098443791 0.205172166 0.999999940 0.999999940 0.999999940
v 0.287052065 0.100606471 0.211366578 0.999999940 0.999999940 0.999999940
v 0.304111123 0.099177196 0.225734069 0.999999940 0.999999940 0.999999940
v 0.311678379 0.098108649 0.219729438 0.999999940 0.999999940 0.999999940
v 0.264655798 0.102624818 0.224961713 0.999999940 0.999999940 0.999999940
v 0.316514641 0.097931675 0.238205775 0.999999940 0.999999940 0.999999940
v 0.262480169 0.102808654 0.239119902 0.999999940 0.999999940 0.999999940
v 0.295410811 0.099783450 0.249110773 0.999999940 0.999999940 0.999999940
v 0.259374320 0.102977700 0.212774440 0.999999940 0.999999940 0.999999940
v 0.237111553 0.105005994 0.235277950 0.999999940 0.999999940 0.999999940
v 0.232590958 0.105353415 0.246028274 0.999999940 0.999999940 0.999999940
v 0.260385185 0.102835610 0.254870921 0.999999940 0.999999940 0.999999940
v 0.269268065 0.101892374 0.263839244 0.999999940 0.999999940 0.999999940
v 0.297282874 0.099271707 0.268011242 0.999999940 0.999999940 0.999999940
v 0.322042852 0.096747592 0.237519219 0.999999940 0.999999940 0.999999940
v 0.325248122 0.096450172 0.248507604 0.999999940 0.999999940 0.999999940
v 0.319406002 0.0948321 0.224685996 0.999999940 0.999999940 0.999999940
v 0.321747988 0.095730602 0.228931993 0.999999940 0.999999940 0.999999940
v 0.327490985 0.094465598 0.242296993 0.999999940 0.999999940 0.999999940
v 0.325722008 0.093395203 0.237583994 0.999999940 0.999999940 0.999999940
v 0.307857394 0.096956908 0.283029854 0.999999940 0.999999940 0.999999940
v 0.320055991 0.095256902 0.264728009 0.999999940 0.999999940 0.999999940
v 0.294617235 0.098895065 0.290828436 0.999999940 0.999999940 0.999999940
v 0.327221006 0.094008654 0.252786994 0.999999940 0.999999940 0.999999940
v 0.327919989 0.094429999 0.245948001 0.999999940 0.999999940 0.999999940
v 0.264826297 0.101949334 0.278056532 0.999999940 0.999999940 0.999999940
v 0.229760557 0.105198860 0.271832615 0.999999940 0.999999940 0.999999940
v 0.246921166 0.103535831 0.278420358 0.999999940 0.999999940 0.999999940
v 0.227682739 0.105628386 0.258427113 0.999999940 0.999999940 0.999999940
v 0.208848148 0.107291027 0.241605907 0.999999940 0.999999940 0.999999940
v 0.2037175 0.107624717 0.253940969 0.999999940 0.999999940 0.999999940
v 0.186413943 0.108975023 0.241210326 0.999999940 0.999999940 0.999999940
v 0.207408607 0.107026740 0.272768944 0.999999940 0.999999940 0.999999940
v 0.187349632 0.108686842 0.267176866 0.999999940 0.999999940 0.999999940
v 0.182465940 0.109195835 0.255063295 0.999999940 0.999999940 0.999999940
v 0.232705339 0.104500293 0.287616521 0.999999940 0.999999940 0.999999940
v 0.209104523 0.106409698 0.289799273 0.999999940 0.999999940 0.999999940
v 0.267557710 0.101246684 0.293630182 0.999999940 0.999999940 0.999999940
v 0.255853146 0.101977780 0.302371323 0.999999940 0.999999940 0.999999940
v 0.296431392 0.097812898 0.305156171 0.999999940 0.999999940 0.999999940
v 0.289606154 0.098259016 0.319829642 0.999999940 0.999999940 0.999999940
v 0.220549866 0.105016388 0.302104502 0.999999940 0.999999940 0.999999940
v 0.250274300 0.101870365 0.317073822 0.999999940 0.999999940 0.999999940
v 0.185453623 0.108524888 0.280565142 0.999999940 0.999999940 0.999999940
v 0.192046910 0.107385017 0.300060719 0.999999940 0.999999940 0.999999940
v 0.165636971 0.110242746 0.264829576 0.999999940 0.999999940 0.999999940
v 0.164041385 0.109997898 0.281621992 0.999999940 0.999999940 0.999999940
v 0.164708852 0.110396139 0.236502826 0.999999940 0.999999940 0.999999940
v 0.185579091 0.108946166 0.228356912 0.999999940 0.999999940 0.999999940
v 0.173413485 0.108886323 0.296323537 0.999999940 0.999999940 0.999999940
v 0.146117225 0.110719449 0.295714765 0.999999940 0.999999940 0.999999940
v 0.181641042 0.107541285 0.314732611 0.999999940 0.999999940 0.999999940
v 0.203241556 0.105648748 0.319777309 0.999999940 0.999999940 0.999999940
v 0.226659119 0.103637896 0.322308957 0.999999940 0.999999940 0.999999940
v 0.271490156 0.099321775 0.335023343 0.999999940 0.999999940 0.999999940
v 0.250570923 0.100762292 0.341439515 0.999999940 0.999999940 0.999999940
v 0.217353135 0.103444494 0.341463387 0.999999940 0.999999940 0.999999940
v 0.232923656 0.102106228 0.343382298 0.999999940 0.999999940 0.999999940
v 0.187710136 0.106074132 0.334855258 0.999999940 0.999999940 0.999999940
v 0.153945922 0.109898842 0.304227024 0.999999940 0.999999940 0.999999940
v 0.158785164 0.108761981 0.322432816 0.999999940 0.999999940 0.999999940
v 0.132310986 0.110815264 0.313199400 0.999999940 0.999999940 0.999999940
v 0.145442634 0.108978569 0.334185928 0.999999940 0.999999940 0.999999940
v 0.164953008 0.106830596 0.349827975 0.999999940 0.999999940 0.999999940
v 0.187040910 0.104775883 0.358616799 0.999999940 0.999999940 0.999999940
v 0.212142884 0.103068344 0.355804264 0.999999940 0.999999940 0.999999940
v 0.240196839 0.100378029 0.365325987 0.999999940 0.999999940 0.999999940
v 0.265564501 0.098741233 0.358577400 0.999999940 0.999999940 0.999999940
v 0.285206079 0.097002878 0.363425761 0.999999940 0.999999940 0.999999940
v 0.290626019 0.097602643 0.336987346 0.999999940 0.999999940 0.999999940
v 0.266594409 0.097698353 0.378152191 0.999999940 0.999999940 0.999999940
v 0.247768744 0.099065750 0.379015803 0.999999940 0.999999940 0.999999940
v 0.209677621 0.102205589 0.373845994 0.999999940 0.999999940 0.999999940
v 0.183071836 0.103659488 0.380555778 0.999999940 0.999999940 0.999999940
v 0.164425909 0.105179831 0.376322090 0.999999940 0.999999940 0.999999940
v 0.136826500 0.108322262 0.353986561 0.999999940 0.999999940 0.999999940
v 0.143945857 0.106998562 0.367907702 0.999999940 0.999999940 0.999999940
v 0.123344853 0.110769838 0.324199676 0.999999940 0.999999940 0.999999940
v 0.120498940 0.110187970 0.337595284 0.999999940 0.999999940 0.999999940
v 0.108617700 0.110275052 0.346198707 0.999999940 0.999999940 0.999999940
v 0.114015922 0.108772724 0.365615308 0.999999940 0.999999940 0.999999940
v 0.138139486 0.106364071 0.382031709 0.999999940 0.999999940 0.999999940
v 0.160784587 0.103918589 0.397635340 0.999999940 0.999999940 0.999999940
v 0.182268783 0.102291449 0.401566863 0.999999940 0.999999940 0.999999940
v 0.203600138 0.100906580 0.401251077 0.999999940 0.999999940 0.999999940
v 0.233645796 0.099367000 0.391974240 0.999999940 0.999999940 0.999999940
v 0.213244736 0.100403495 0.398699611 0.999999940 0.999999940 0.999999940
v 0.255081594 0.097681708 0.394693911 0.999999940 0.999999940 0.999999940
v 0.280320107 0.095918424 0.394132494 0.999999940 0.999999940 0.999999940
v 0.310336589 0.094435378 0.376171499 0.999999940 0.999999940 0.999999940
v 0.2683146 0.096099875 0.407090306 0.999999940 0.999999940 0.999999940
v 0.29347682 0.094416633 0.407523661 0.999999940 0.999999940 0.999999940
v 0.308868557 0.094167597 0.390179753 0.999999940 0.999999940 0.999999940
v 0.245093464 0.097481489 0.410631030 0.999999940 0.999999940 0.999999940
v 0.223965838 0.098491378 0.417577624 0.999999940 0.999999940 0.999999940
v 0.189636334 0.100346155 0.422725141 0.999999940 0.999999940 0.999999940
v 0.202839076 0.098613962 0.436017990 0.999999940 0.999999940 0.999999940
v 0.173639267 0.101842999 0.415560513 0.999999940 0.999999940 0.999999940
v 0.145844817 0.104179963 0.406018197 0.999999940 0.999999940 0.999999940
v 0.120206579 0.107081249 0.385301798 0.999999940 0.999999940 0.999999940
v 0.101674564 0.108055271 0.383845448 0.999999940 0.999999940 0.999999940
v 0.113538667 0.106311038 0.399915009 0.999999940 0.999999940 0.999999940
v 0.093891315 0.106711708 0.405806809 0.999999940 0.999999940 0.999999940
v 0.132636681 0.104181207 0.415159910 0.999999940 0.999999940 0.999999940
v 0.154901832 0.101615294 0.433075606 0.999999940 0.999999940 0.999999940
v 0.181638702 0.099724091 0.438048958 0.999999940 0.999999940 0.999999940
v 0.192831650 0.097727380 0.457160353 0.999999940 0.999999940 0.999999940
v 0.212633416 0.097347438 0.446155935 0.999999940 0.999999940 0.999999940
v 0.237714976 0.096448704 0.436393231 0.999999940 0.999999940 0.999999940
v 0.266274422 0.095144406 0.427893698 0.999999940 0.999999940 0.999999940
v 0.285975277 0.094211943 0.422241509 0.999999940 0.999999940 0.999999940
v 0.311648935 0.092620730 0.424632608 0.999999940 0.999999940 0.999999940
v 0.322977900 0.092835649 0.398409128 0.999999940 0.999999940 0.999999940
v 0.315301477 0.093468844 0.383738428 0.999999940 0.999999940 0.999999940
v 0.281894087 0.093438416 0.443712174 0.999999940 0.999999940 0.999999940
v 0.289729028 0.092474304 0.455667346 0.999999940 0.999999940 0.999999940
v 0.305754095 0.091374494 0.463336825 0.999999940 0.999999940 0.999999940
v 0.315837562 0.090823657 0.453174591 0.999999940 0.999999940 0.999999940
v 0.332988053 0.090911001 0.427044302 0.999999940 0.999999940 0.999999940
v 0.252088576 0.094878457 0.448632061 0.999999940 0.999999940 0.999999940
v 0.261301100 0.093653850 0.461974859 0.999999940 0.999999940 0.999999940
v 0.227393016 0.095658630 0.459275513 0.999999940 0.999999940 0.999999940
v 0.207892835 0.095700986 0.47500965 0.999999940 0.999999940 0.999999940
v 0.173354685 0.099346913 0.449498981 0.999999940 0.999999940 0.999999940
v 0.189502731 0.096678666 0.474453121 0.999999940 0.999999940 0.999999940
v 0.153805196 0.099886149 0.455912530 0.999999940 0.999999940 0.999999940
v 0.133113980 0.101172402 0.452410608 0.999999940 0.999999940 0.999999940
v 0.125417724 0.103587023 0.427222818 0.999999940 0.999999940 0.999999940
v 0.103890672 0.105181522 0.419568419 0.999999940 0.999999940 0.999999940
v 0.106084689 0.103302285 0.441167652 0.999999940 0.999999940 0.999999940
v 0.146601021 0.099084176 0.470411449 0.999999940 0.999999940 0.999999940
v 0.127584487 0.099508717 0.475579321 0.999999940 0.999999940 0.999999940
v 0.109696544 0.101370126 0.462137520 0.999999940 0.999999940 0.999999940
v 0.166990429 0.097927242 0.472838431 0.999999940 0.999999940 0.999999940
v 0.183169424 0.096072964 0.487599343 0.999999940 0.999999940 0.999999940
v 0.197383806 0.094585083 0.500028491 0.999999940 0.999999940 0.999999940
v 0.228014454 0.094022616 0.486005961 0.999999940 0.999999940 0.999999940
v 0.210057273 0.094015464 0.500026524 0.999999940 0.999999940 0.999999940
v 0.227590471 0.094626583 0.476069808 0.999999940 0.999999940 0.999999940
v 0.244491010 0.094077780 0.470454990 0.999999940 0.999999940 0.999999940
v 0.254064291 0.092695698 0.487431407 0.999999940 0.999999940 0.999999940
v 0.277251333 0.091058410 0.499999016 0.999999940 0.999999940 0.999999940
v 0.279396742 0.092384070 0.468933016 0.999999940 0.999999940 0.999999940
v 0.313146948 0.090146184 0.486230820 0.999999940 0.999999940 0.999999940
v 0.313169717 0.090470254 0.470761805 0.999999940 0.999999940 0.999999940
v 0.306785762 0.088848657 0.498139351 0.999999940 0.999999940 0.999999940
v 0.312203913 0.089644260 0.492502778 0.999999940 0.999999940 0.999999940
v 0.316646993 0.089247703 0.485734999 0.999999940 0.999999940 0.999999940
v 0.314776986 0.088018350 0.491267502 0.999999940 0.999999940 0.999999940
v 0.316733479 0.0892113 0.475488483 0.999999940 0.999999940 0.999999940
v 0.263664007 0.091666325 0.500021159 0.999999940 0.999999940 0.999999940
v 0.305816620 0.084987022 0.499706864 0.999999940 0.999999940 0.999999940
v 0.233340635 0.092972867 0.500021994 0.999999940 0.999999940 0.999999940
v 0.214423447 0.076920665 0.500025272 0.999999940 0.999999940 0.999999940
v 0.187387302 0.078134946 0.500030100 0.999999940 0.999999940 0.999999940
v 0.172089323 0.095709793 0.500033080 0.999999940 0.999999940 0.999999940
v 0.163712799 0.096823833 0.489700615 0.999999940 0.999999940 0.999999940
v 0.146211758 0.096781946 0.500037670 0.999999940 0.999999940 0.999999940
v 0.167292401 0.079014010 0.500033676 0.999999940 0.999999940 0.999999940
v 0.183679848 0.079396225 0.484106957 0.999999940 0.999999940 0.999999940
v 0.203168883 0.078649893 0.480992317 0.999999940 0.999999940 0.999999940
v 0.227569773 0.076783247 0.492139577 0.999999940 0.999999940 0.999999940
v 0.251072585 0.075299903 0.500021457 0.999999940 0.999999940 0.999999940
v 0.277226924 0.074323132 0.499912172 0.999999940 0.999999940 0.999999940
v 0.305223584 0.078860409 0.499917388 0.999999940 0.999999940 0.999999940
v 0.309724003 0.079259902 0.499144017 0.999999940 0.999999940 0.999999940
v 0.309882998 0.084715902 0.498769998 0.999999940 0.999999940 0.999999940
v 0.311540991 0.086446203 0.496044993 0.999999940 0.999999940 0.999999940
v 0.317282795 0.088428676 0.483806669 0.999999940 0.999999940 0.999999940
v 0.315372675 0.083289891 0.487269461 0.999999940 0.999999940 0.999999940
v 0.316734999 0.089230403 0.464724987 0.999999940 0.999999940 0.999999940
v 0.318114012 0.084842398 0.470755994 0.999999940 0.999999940 0.999999940
v 0.318345010 0.088934101 0.458348006 0.999999940 0.999999940 0.999999940
v 0.322009891 0.082984291 0.457033723 0.999999940 0.999999940 0.999999940
v 0.318089991 0.079164296 0.466356009 0.999999940 0.999999940 0.999999940
v 0.316994667 0.075696140 0.475458085 0.999999940 0.999999940 0.999999940
v 0.316372007 0.074809901 0.486440986 0.999999940 0.999999940 0.999999940
v 0.312902122 0.076283633 0.496129006 0.999999940 0.999999940 0.999999940
v 0.316596001 0.076220803 0.480417996 0.999999940 0.999999940 0.999999940
v 0.310526013 0.074473798 0.498261988 0.999999940 0.999999940 0.999999940
v 0.307982474 0.074142843 0.497722446 0.999999940 0.999999940 0.999999940
v 0.272640168 0.075226411 0.481951892 0.999999940 0.999999940 0.999999940
v 0.312230825 0.073392435 0.490724086 0.999999940 0.999999940 0.999999940
v 0.252953082 0.076141238 0.481989979 0.999999940 0.999999940 0.999999940
v 0.228406727 0.077702872 0.475744009 0.999999940 0.999999940 0.999999940
v 0.187604695 0.080719523 0.462642341 0.999999940 0.999999940 0.999999940
v 0.212353810 0.079431764 0.461775213 0.999999940 0.999999940 0.999999940
v 0.230389863 0.078947849 0.453312426 0.999999940 0.999999940 0.999999940
v 0.247165441 0.077204063 0.467457294 0.999999940 0.999999940 0.999999940
v 0.267730504 0.076802678 0.454440802 0.999999940 0.999999940 0.999999940
v 0.281190604 0.075619749 0.464188218 0.999999940 0.999999940 0.999999940
v 0.306647509 0.074060715 0.473374098 0.999999940 0.999999940 0.999999940
v 0.313283085 0.074107207 0.473716169 0.999999940 0.999999940 0.999999940
v 0.314729005 0.074679203 0.492312997 0.999999940 0.999999940 0.999999940
v 0.313264012 0.074034802 0.495065003 0.999999940 0.999999940 0.999999940
v 0.316298008 0.074594996 0.473172992 0.999999940 0.999999940 0.999999940
v 0.316437006 0.075376696 0.467464 0.999999940 0.999999940 0.999999940
v 0.317481011 0.076022602 0.461019992 0.999999940 0.999999940 0.999999940
v 0.315091878 0.074621804 0.456768482 0.999999940 0.999999940 0.999999940
v 0.302516847 0.075585268 0.439752876 0.999999940 0.999999940 0.999999940
v 0.275868177 0.077662199 0.427807509 0.999999940 0.999999940 0.999999940
v 0.253298163 0.078092344 0.445394247 0.999999940 0.999999940 0.999999940
v 0.239161267 0.079420276 0.436909049 0.999999940 0.999999940 0.999999940
v 0.214265108 0.081103488 0.434607505 0.999999940 0.999999940 0.999999940
v 0.197477191 0.082153827 0.434285879 0.999999940 0.999999940 0.999999940
v 0.172993823 0.082899473 0.443580478 0.999999940 0.999999940 0.999999940
v 0.167425811 0.081852875 0.461472481 0.999999940 0.999999940 0.999999940
v 0.215016707 0.082580231 0.411284983 0.999999940 0.999999940 0.999999940
v 0.197908401 0.084394455 0.400952011 0.999999940 0.999999940 0.999999940
v 0.182745277 0.084179960 0.418372601 0.999999940 0.999999940 0.999999940
v 0.234853982 0.081003323 0.415240079 0.999999940 0.999999940 0.999999940
v 0.257824122 0.079393073 0.416788637 0.999999940 0.999999940 0.999999940
v 0.289463967 0.077265255 0.418473541 0.999999940 0.999999940 0.999999940
v 0.329050272 0.075312137 0.410717517 0.999999940 0.999999940 0.999999940
v 0.331647396 0.074912242 0.438010245 0.999999940 0.999999940 0.999999940
v 0.320766985 0.075161896 0.450785011 0.999999940 0.999999940 0.999999940
v 0.322291016 0.077293649 0.453385472 0.999999940 0.999999940 0.999999940
v 0.328456997 0.076067499 0.446089506 0.999999940 0.999999940 0.999999940
v 0.329161524 0.080310598 0.446154385 0.999999940 0.999999940 0.999999940
v 0.335258632 0.075097270 0.421600282 0.999999940 0.999999940 0.999999940
v 0.332641005 0.076304100 0.441004008 0.999999940 0.999999940 0.999999940
v 0.333196997 0.078614801 0.438951998 0.999999940 0.999999940 0.999999940
v 0.335979998 0.078319899 0.429627001 0.999999940 0.999999940 0.999999940
v 0.306926280 0.076634362 0.408474713 0.999999940 0.999999940 0.999999940
v 0.320848077 0.076653987 0.389355301 0.999999940 0.999999940 0.999999940
v 0.333281993 0.075774498 0.410387009 0.999999940 0.999999940 0.999999940
v 0.329376995 0.076225802 0.399401992 0.999999940 0.999999940 0.999999940
v 0.336180985 0.076542601 0.416459024 0.999999940 0.999999940 0.999999940
v 0.290969252 0.078147433 0.397329449 0.999999940 0.999999940 0.999999940
v 0.269731581 0.079636462 0.39647609 0.999999940 0.999999940 0.999999940
v 0.251217395 0.080484107 0.404968917 0.999999940 0.999999940 0.999999940
v 0.236609220 0.082265906 0.391685962 0.999999940 0.999999940 0.999999940
v 0.217221498 0.083896398 0.387829482 0.999999940 0.999999940 0.999999940
v 0.254479318 0.081410467 0.383667022 0.999999940 0.999999940 0.999999940
v 0.245347783 0.083130434 0.364279002 0.999999940 0.999999940 0.999999940
v 0.229152768 0.084295839 0.365883320 0.999999940 0.999999940 0.999999940
v 0.280249267 0.079774051 0.378627240 0.999999940 0.999999940 0.999999940
v 0.300763189 0.078618809 0.370878726 0.999999940 0.999999940 0.999999940
v 0.315364062 0.077293925 0.383424133 0.999999940 0.999999940 0.999999940
v 0.324930012 0.076742403 0.390179991 0.999999940 0.999999940 0.999999940
v 0.322773993 0.077754199 0.387448012 0.999999940 0.999999940 0.999999940
v 0.319088995 0.078393399 0.383785992 0.999999940 0.999999940 0.999999940
v 0.330919027 0.081387333 0.402905434 0.999999940 0.999999940 0.999999940
v 0.323608428 0.081528969 0.388750404 0.999999940 0.999999940 0.999999940
v 0.337491005 0.076789401 0.422859996 0.999999940 0.999999940 0.999999940
v 0.335810989 0.081544697 0.418619990 0.999999940 0.999999940 0.999999940
v 0.333707004 0.083474196 0.435651004 0.999999940 0.999999940 0.999999940
v 0.330092012 0.087010599 0.442836999 0.999999940 0.999999940 0.999999940
v 0.328170001 0.087081000 0.446262002 0.999999940 0.999999940 0.999999940
v 0.325643986 0.087618701 0.448614001 0.999999940 0.999999940 0.999999940
v 0.322499990 0.086874097 0.453126996 0.999999940 0.999999940 0.999999940
v 0.335126996 0.087716996 0.433580994 0.999999940 0.999999940 0.999999940
v 0.333308994 0.087465703 0.437723994 0.999999940 0.999999940 0.999999940
v 0.337381809 0.086212165 0.422594994 0.999999940 0.999999940 0.999999940
v 0.336068004 0.087840296 0.417804986 0.999999940 0.999999940 0.999999940
v 0.334370344 0.086493745 0.411832988 0.999999940 0.999999940 0.999999940
v 0.328660279 0.091048777 0.397984743 0.999999940 0.999999940 0.999999940
v 0.316765993 0.078186102 0.380838990 0.999999940 0.999999940 0.999999940
v 0.315735995 0.079671502 0.377126008 0.999999940 0.999999940 0.999999940
v 0.318474024 0.084782801 0.379458725 0.999999940 0.999999940 0.999999940
v 0.310623139 0.077999569 0.375965178 0.999999940 0.999999940 0.999999940
v 0.315948993 0.081542298 0.370862007 0.999999940 0.999999940 0.999999940
v 0.318489998 0.090593300 0.381855011 0.999999940 0.999999940 0.999999940
v 0.323184490 0.091704249 0.389293998 0.999999940 0.999999940 0.999999940
v 0.315866857 0.087693430 0.370272517 0.999999940 0.999999940 0.999999940
v 0.326653987 0.092184297 0.396008014 0.999999940 0.999999940 0.999999940
v 0.328606993 0.091441400 0.398878991 0.999999940 0.999999940 0.999999940
v 0.330031991 0.091541498 0.402969002 0.999999940 0.999999940 0.999999940
v 0.333320498 0.090066194 0.411428988 0.999999940 0.999999940 0.999999940
v 0.331997275 0.091013312 0.415927201 0.999999940 0.999999940 0.999999940
v 0.336870998 0.089119702 0.423263013 0.999999940 0.999999940 0.999999940
v 0.336432993 0.088999301 0.428831994 0.999999940 0.999999940 0.999999940
v 0.331818997 0.089651599 0.436847001 0.999999940 0.999999940 0.999999940
v 0.326971262 0.090116314 0.442474037 0.999999940 0.999999940 0.999999940
v 0.316305995 0.092204801 0.379164010 0.999999940 0.999999940 0.999999940
v 0.31418401 0.091357901 0.361351996 0.999999940 0.999999940 0.999999940
v 0.315025508 0.092310845 0.368902504 0.999999940 0.999999940 0.999999940
v 0.314539998 0.092669300 0.374565988 0.999999940 0.999999940 0.999999940
v 0.309740006 0.085974797 0.354277014 0.999999940 0.999999940 0.999999940
v 0.315550625 0.080006368 0.360995173 0.999999940 0.999999940 0.999999940
v 0.313764005 0.078447900 0.369024992 0.999999940 0.999999940 0.999999940
v 0.315793007 0.079342097 0.367650985 0.999999940 0.999999940 0.999999940
v 0.313549011 0.078241102 0.361663818 0.999999940 0.999999940 0.999999940
v 0.316026985 0.078676298 0.362608999 0.999999940 0.999999940 0.999999940
v 0.315198987 0.078713603 0.359091997 0.999999940 0.999999940 0.999999940
v 0.312409997 0.079982399 0.355861008 0.999999940 0.999999940 0.999999940
v 0.306823998 0.081272803 0.350659012 0.999999940 0.999999940 0.999999940
v 0.308912009 0.080318100 0.352744013 0.999999940 0.999999940 0.999999940
v 0.303867995 0.0809469 0.347894012 0.999999940 0.999999940 0.999999940
v 0.312278956 0.090373687 0.355979383 0.999999940 0.999999940 0.999999940
v 0.302671462 0.087277337 0.345104694 0.999999940 0.999999940 0.999999940
v 0.312575131 0.094595901 0.362112045 0.999999940 0.999999940 0.999999940
v 0.313988000 0.093377597 0.358651012 0.999999940 0.999999940 0.999999940
v 0.301835000 0.095984198 0.349088013 0.999999940 0.999999940 0.999999940
v 0.311545014 0.093990400 0.355347007 0.999999940 0.999999940 0.999999940
v 0.304628998 0.094838902 0.348850995 0.999999940 0.999999940 0.999999940
v 0.302230000 0.094280399 0.345793992 0.999999940 0.999999940 0.999999940
v 0.297164201 0.091164775 0.334319859 0.999999940 0.999999940 0.999999940
v 0.297145009 0.081533901 0.339080005 0.999999940 0.999999940 0.999999940
v 0.305038005 0.079825297 0.349247992 0.999999940 0.999999940 0.999999940
v 0.301563561 0.079551920 0.348898738 0.999999940 0.999999940 0.999999940
v 0.308681994 0.078923203 0.355792999 0.999999940 0.999999940 0.999999940
v 0.289720505 0.081016860 0.335160642 0.999999940 0.999999940 0.999999940
v 0.294741988 0.082880601 0.332338988 0.999999940 0.999999940 0.999999940
v 0.294081986 0.096800200 0.333418995 0.999999940 0.999999940 0.999999940
v 0.296274989 0.096000902 0.337668001 0.999999940 0.999999940 0.999999940
v 0.295242130 0.093810446 0.324762165 0.999999940 0.999999940 0.999999940
v 0.298465997 0.096125900 0.341500014 0.999999940 0.999999940 0.999999940
v 0.296391844 0.086392879 0.320657670 0.999999940 0.999999940 0.999999940
v 0.293339014 0.097058497 0.327508002 0.999999940 0.999999940 0.999999940
v 0.296784997 0.094219602 0.315104007 0.999999940 0.999999940 0.999999940
v 0.294059991 0.096492297 0.321179002 0.999999940 0.999999940 0.999999940
v 0.293689996 0.082446903 0.326146006 0.999999940 0.999999940 0.999999940
v 0.294135987 0.082753703 0.320859998 0.999999940 0.999999940 0.999999940
v 0.296660989 0.082493796 0.313515007 0.999999940 0.999999940 0.999999940
v 0.298736006 0.084186196 0.309552013 0.999999940 0.999999940 0.999999940
v 0.301144212 0.090737015 0.305850148 0.999999940 0.999999940 0.999999940
v 0.269934624 0.081556595 0.357288420 0.999999940 0.999999940 0.999999940
v 0.289010733 0.081652969 0.321069687 0.999999940 0.999999940 0.999999940
v 0.256069451 0.084256492 0.322062224 0.999999940 0.999999940 0.999999940
v 0.251226276 0.083805918 0.341256707 0.999999940 0.999999940 0.999999940
v 0.274448782 0.083341345 0.305203288 0.999999940 0.999999940 0.999999940
v 0.295382231 0.081866338 0.305283635 0.999999940 0.999999940 0.999999940
v 0.293935000 0.081831596 0.313906014 0.999999940 0.999999940 0.999999940
v 0.301111012 0.083287000 0.303422987 0.999999940 0.999999940 0.999999940
v 0.301216006 0.084825597 0.304554998 0.999999940 0.999999940 0.999999940
v 0.299854010 0.094973102 0.306017994 0.999999940 0.999999940 0.999999940
v 0.297385007 0.096084997 0.311587005 0.999999940 0.999999940 0.999999940
v 0.305972307 0.086492054 0.295774608 0.999999940 0.999999940 0.999999940
v 0.306358397 0.093093395 0.295221626 0.999999940 0.999999940 0.999999940
v 0.302634000 0.084502697 0.300810009 0.999999940 0.999999940 0.999999940
v 0.294189989 0.097422599 0.313398987 0.999999940 0.999999940 0.999999940
v 0.302909493 0.095980301 0.299478501 0.999999940 0.999999940 0.999999940
v 0.309666007 0.093695797 0.287959009 0.999999940 0.999999940 0.999999940
v 0.306122988 0.095643900 0.292805999 0.999999940 0.999999940 0.999999940
v 0.314803183 0.088074684 0.280365288 0.999999940 0.999999940 0.999999940
v 0.305072009 0.083528697 0.294815987 0.999999940 0.999999940 0.999999940
v 0.309302002 0.083478406 0.287806987 0.999999940 0.999999940 0.999999940
v 0.313636988 0.084714703 0.280777990 0.999999940 0.999999940 0.999999940
v 0.300069987 0.082304403 0.300339996 0.999999940 0.999999940 0.999999940
v 0.303903698 0.081986971 0.290592074 0.999999940 0.999999940 0.999999940
v 0.309293121 0.081488274 0.277583330 0.999999940 0.999999940 0.999999940
v 0.246150627 0.086029388 0.299160420 0.999999940 0.999999940 0.999999940
v 0.273515701 0.084058590 0.285362750 0.999999940 0.999999940 0.999999940
v 0.276408225 0.084213689 0.269590407 0.999999940 0.999999940 0.999999940
v 0.290841370 0.083151236 0.257220774 0.999999940 0.999999940 0.999999940
v 0.310924172 0.081330694 0.263666629 0.999999940 0.999999940 0.999999940
v 0.319824785 0.080969706 0.266565918 0.999999940 0.999999940 0.999999940
v 0.318053484 0.082783445 0.273633986 0.999999940 0.999999940 0.999999940
v 0.322138220 0.086157828 0.268956929 0.999999940 0.999999940 0.999999940
v 0.313839554 0.092685096 0.281711608 0.999999940 0.999999940 0.999999940
v 0.311246991 0.094944998 0.284150004 0.999999940 0.999999940 0.999999940
v 0.313982993 0.094817198 0.278551012 0.999999940 0.999999940 0.999999940
v 0.322365522 0.092857897 0.264828503 0.999999940 0.999999940 0.999999940
v 0.317481994 0.093445502 0.273606002 0.999999940 0.999999940 0.999999940
v 0.322982490 0.081985846 0.266685992 0.999999940 0.999999940 0.999999940
v 0.328373998 0.0818526 0.255636990 0.999999940 0.999999940 0.999999940
v 0.326308578 0.090343408 0.254568934 0.999999940 0.999999940 0.999999940
v 0.327056527 0.080388471 0.251547187 0.999999940 0.999999940 0.999999940
v 0.274894148 0.084787279 0.240877047 0.999999940 0.999999940 0.999999940
v 0.248786792 0.086889341 0.259095579 0.999999940 0.999999940 0.999999940
v 0.249944344 0.086536869 0.271326303 0.999999940 0.999999940 0.999999940
v 0.239061176 0.087182380 0.282963335 0.999999940 0.999999940 0.999999940
v 0.223592385 0.088186852 0.292986303 0.999999940 0.999999940 0.999999940
v 0.217453554 0.088131055 0.307850122 0.999999940 0.999999940 0.999999940
v 0.208297327 0.089792370 0.282653093 0.999999940 0.999999940 0.999999940
v 0.222369685 0.088984027 0.268367588 0.999999940 0.999999940 0.999999940
v 0.240131557 0.087795548 0.247153148 0.999999940 0.999999940 0.999999940
v 0.250115692 0.086980417 0.228733524 0.999999940 0.999999940 0.999999940
v 0.219854012 0.089516490 0.234682649 0.999999940 0.999999940 0.999999940
v 0.219108477 0.089510902 0.251787245 0.999999940 0.999999940 0.999999940
v 0.188667967 0.091764815 0.262622445 0.999999940 0.999999940 0.999999940
v 0.185479506 0.091737240 0.275474041 0.999999940 0.999999940 0.999999940
v 0.177113190 0.091959036 0.289447009 0.999999940 0.999999940 0.999999940
v 0.191933125 0.090335011 0.303661584 0.999999940 0.999999940 0.999999940
v 0.203141972 0.088470809 0.325419753 0.999999940 0.999999940 0.999999940
v 0.226367712 0.086662784 0.324209213 0.999999940 0.999999940 0.999999940
v 0.225741013 0.085818678 0.342404574 0.999999940 0.999999940 0.999999940
v 0.187760323 0.089729890 0.323846548 0.999999940 0.999999940 0.999999940
v 0.210665643 0.086682155 0.348419487 0.999999940 0.999999940 0.999999940
v 0.168566107 0.091817967 0.309041827 0.999999940 0.999999940 0.999999940
v 0.147710204 0.094009421 0.286176085 0.999999940 0.999999940 0.999999940
v 0.157613098 0.093661278 0.275268703 0.999999940 0.999999940 0.999999940
v 0.158016562 0.092859298 0.300713986 0.999999940 0.999999940 0.999999940
v 0.193399936 0.091539472 0.248692154 0.999999940 0.999999940 0.999999940
v 0.168224781 0.093297533 0.248558059 0.999999940 0.999999940 0.999999940
v 0.155739560 0.094001136 0.261779427 0.999999940 0.999999940 0.999999940
v 0.199129432 0.091084420 0.230390384 0.999999940 0.999999940 0.999999940
v 0.180819854 0.092285707 0.223245680 0.999999940 0.999999940 0.999999940
v 0.198493152 0.090883746 0.213826105 0.999999940 0.999999940 0.999999940
v 0.178102076 0.092612750 0.236288324 0.999999940 0.999999940 0.999999940
v 0.148216605 0.094512008 0.247574627 0.999999940 0.999999940 0.999999940
v 0.159306675 0.093766883 0.231396988 0.999999940 0.999999940 0.999999940
v 0.133217379 0.095346048 0.249435558 0.999999940 0.999999940 0.999999940
v 0.129402577 0.095349550 0.272377818 0.999999940 0.999999940 0.999999940
v 0.117818675 0.095754496 0.282106518 0.999999940 0.999999940 0.999999940
v 0.131976008 0.094472236 0.299740433 0.999999940 0.999999940 0.999999940
v 0.147323742 0.092762246 0.318866401 0.999999940 0.999999940 0.999999940
v 0.175635322 0.090230256 0.331188201 0.999999940 0.999999940 0.999999940
v 0.191794976 0.087865173 0.352699756 0.999999940 0.999999940 0.999999940
v 0.206242695 0.085576303 0.373412787 0.999999940 0.999999940 0.999999940
v 0.188252821 0.086531430 0.378473311 0.999999940 0.999999940 0.999999940
v 0.166974067 0.090115197 0.344073295 0.999999940 0.999999940 0.999999940
v 0.173628181 0.088068187 0.370162010 0.999999940 0.999999940 0.999999940
v 0.126092314 0.093781188 0.322795987 0.999999940 0.999999940 0.999999940
v 0.141511917 0.091922059 0.340868413 0.999999940 0.999999940 0.999999940
v 0.105052821 0.095905721 0.296759933 0.999999940 0.999999940 0.999999940
v 0.111253052 0.09511327 0.310314923 0.999999940 0.999999940 0.999999940
v 0.116859994 0.096092157 0.261102020 0.999999940 0.999999940 0.999999940
v 0.094510227 0.097007051 0.262605756 0.999999940 0.999999940 0.999999940
v 0.087837688 0.097051091 0.279148668 0.999999940 0.999999940 0.999999940
v 0.115108408 0.096143327 0.239884197 0.999999940 0.999999940 0.999999940
v 0.141290456 0.094783939 0.232203185 0.999999940 0.999999940 0.999999940
v 0.159699082 0.093500152 0.217648789 0.999999940 0.999999940 0.999999940
v 0.125002697 0.095350816 0.220438182 0.999999940 0.999999940 0.999999940
v 0.103223495 0.096522569 0.234461039 0.999999940 0.999999940 0.999999940
v 0.085218295 0.097269147 0.244385093 0.999999940 0.999999940 0.999999940
v 0.070470653 0.097756601 0.255841761 0.999999940 0.999999940 0.999999940
v 0.066790074 0.097787864 0.272454947 0.999999940 0.999999940 0.999999940
v 0.083881646 0.096931777 0.290056943 0.999999940 0.999999940 0.999999940
v 0.062659196 0.097590886 0.289927572 0.999999940 0.999999940 0.999999940
v 0.083404563 0.096475131 0.305411219 0.999999940 0.999999940 0.999999940
v 0.103247910 0.094902433 0.322925299 0.999999940 0.999999940 0.999999940
v 0.116869792 0.093065455 0.344487696 0.999999940 0.999999940 0.999999940
v 0.157821863 0.089632883 0.361790716 0.999999940 0.999999940 0.999999940
v 0.134988531 0.091096915 0.360379993 0.999999940 0.999999940 0.999999940
v 0.169430330 0.087013892 0.390002697 0.999999940 0.999999940 0.999999940
v 0.142112925 0.089335553 0.380471497 0.999999940 0.999999940 0.999999940
v 0.139360293 0.088372416 0.396043628 0.999999940 0.999999940 0.999999940
v 0.163400262 0.086056917 0.408641874 0.999999940 0.999999940 0.999999940
v 0.118194907 0.091083116 0.373970240 0.999999940 0.999999940 0.999999940
v 0.100365459 0.094021946 0.341375470 0.999999940 0.999999940 0.999999940
v 0.098218873 0.092820391 0.362084150 0.999999940 0.999999940 0.999999940
v 0.075979866 0.096265636 0.316566675 0.999999940 0.999999940 0.999999940
v 0.083256758 0.095037601 0.335828185 0.999999940 0.999999940 0.999999940
v 0.051416352 0.097321182 0.308038294 0.999999940 0.999999940 0.999999940
v 0.039747528 0.098320826 0.278094470 0.999999940 0.999999940 0.999999940
v 0.035024840 0.097944885 0.299093365 0.999999940 0.999999940 0.999999940
v 0.053977560 0.098157011 0.258777320 0.999999940 0.999999940 0.999999940
v 0.063951127 0.097825080 0.243535369 0.999999940 0.999999940 0.999999940
v 0.077780574 0.097195625 0.227851927 0.999999940 0.999999940 0.999999940
v 0.096652329 0.096351720 0.217375636 0.999999940 0.999999940 0.999999940
v 0.052122652 0.097563669 0.221625968 0.999999940 0.999999940 0.999999940
v 0.071177475 0.096988499 0.215573966 0.999999940 0.999999940 0.999999940
v 0.046379987 0.097987167 0.233695924 0.999999940 0.999999940 0.999999940
v 0.035589586 0.098389916 0.247922241 0.999999940 0.999999940 0.999999940
v 0.024742156 0.098628833 0.260111242 0.999999940 0.999999940 0.999999940
v 0.017687728 0.098600037 0.280110091 0.999999940 0.999999940 0.999999940
v 0.015015347 0.098205469 0.299199938 0.999999940 0.999999940 0.999999940
v 0.022878309 0.097672961 0.312276065 0.999999940 0.999999940 0.999999940
v 0.065971367 0.096011064 0.328571230 0.999999940 0.999999940 0.999999940
v 0.041866235 0.096799813 0.324940294 0.999999940 0.999999940 0.999999940
v 0.065332777 0.094916351 0.348261535 0.999999940 0.999999940 0.999999940
v 0.081846557 0.093924798 0.355223357 0.999999940 0.999999940 0.999999940
v 0.095231868 0.091183915 0.387126088 0.999999940 0.999999940 0.999999940
v 0.081573851 0.092817261 0.371794641 0.999999940 0.999999940 0.999999940
v 0.114144846 0.090072684 0.390614956 0.999999940 0.999999940 0.999999940
v 0.078584305 0.091437958 0.392211824 0.999999940 0.999999940 0.999999940
v 0.100381143 0.089341931 0.408176213 0.999999940 0.999999940 0.999999940
v 0.064839154 0.093444950 0.371051937 0.999999940 0.999999940 0.999999940
v 0.047401748 0.095848389 0.340794324 0.999999940 0.999999940 0.999999940
v 0.048375099 0.094059683 0.368758261 0.999999940 0.999999940 0.999999940
v 0.011297540 0.097170479 0.326942235 0.999999940 0.999999940 0.999999940
v 0.022335479 0.096528172 0.336699873 0.999999940 0.999999940 0.999999940
v 0.000133765 0.097794838 0.314282953 0.999999940 0.999999940 0.999999940
v -0.00066656 0.098277345 0.301160424 0.999999940 0.999999940 0.999999940
v 0.000154323 0.098665602 0.284506171 0.999999940 0.999999940 0.999999940
v -0.00047418 0.098853603 0.266007304 0.999999940 0.999999940 0.999999940
v 0.011009093 0.098672553 0.248338833 0.999999940 0.999999940 0.999999940
v 0.014480777 0.098432064 0.235928922 0.999999940 0.999999940 0.999999940
v 0.023603424 0.097878031 0.219323784 0.999999940 0.999999940 0.999999940
v -0.01214745 0.098382428 0.227081388 0.999999940 0.999999940 0.999999940
v -0.01182785 0.098716944 0.241769745 0.999999940 0.999999940 0.999999940
v -0.01831195 0.098916709 0.257957190 0.999999940 0.999999940 0.999999940
v -0.01944629 0.098842904 0.275751173 0.999999940 0.999999940 0.999999940
v -0.02195328 0.098551914 0.292824626 0.999999940 0.999999940 0.999999940
v -0.0255808 0.097858011 0.313957512 0.999999940 0.999999940 0.999999940
v -0.01346996 0.097324699 0.326148957 0.999999940 0.999999940 0.999999940
v -0.00835284 0.096477381 0.342255473 0.999999940 0.999999940 0.999999940
v 0.010373587 0.096061922 0.347416341 0.999999940 0.999999940 0.999999940
v 0.030710842 0.095234170 0.356645226 0.999999940 0.999999940 0.999999940
v 0.027972031 0.093794956 0.378338575 0.999999940 0.999999940 0.999999940
v 0.034863155 0.092321321 0.396335691 0.999999940 0.999999940 0.999999940
v 0.051554933 0.092212110 0.392859339 0.999999940 0.999999940 0.999999940
v 0.063005931 0.091001905 0.404296606 0.999999940 0.999999940 0.999999940
v 0.076600141 0.089168496 0.421366840 0.999999940 0.999999940 0.999999940
v 0.046569436 0.090365186 0.417181670 0.999999940 0.999999940 0.999999940
v 0.054294113 0.088843211 0.432822704 0.999999940 0.999999940 0.999999940
v 0.018994644 0.092669680 0.395030111 0.999999940 0.999999940 0.999999940
v 0.031246222 0.089679062 0.428914696 0.999999940 0.999999940 0.999999940
v 0.015136934 0.091243870 0.413357377 0.999999940 0.999999940 0.999999940
v 0.012187025 0.094602957 0.370028197 0.999999940 0.999999940 0.999999940
v -0.00843338 0.095100306 0.364765495 0.999999940 0.999999940 0.999999940
v -0.03073908 0.096177525 0.346886843 0.999999940 0.999999940 0.999999940
v -0.03341914 0.097000397 0.331706702 0.999999940 0.999999940 0.999999940
v -0.01978283 0.095238208 0.362652540 0.999999940 0.999999940 0.999999940
v -0.05266146 0.097370922 0.320260882 0.999999940 0.999999940 0.999999940
v -0.04515123 0.098127022 0.303362220 0.999999940 0.999999940 0.999999940
v -0.04180476 0.098754592 0.279200911 0.999999940 0.999999940 0.999999940
v -0.04647489 0.098501175 0.289929121 0.999999940 0.999999940 0.999999940
v -0.03753378 0.098910376 0.265659421 0.999999940 0.999999940 0.999999940
v -0.03854328 0.098865628 0.248150765 0.999999940 0.999999940 0.999999940
v -0.06271201 0.098800070 0.254564523 0.999999940 0.999999940 0.999999940
v -0.07092739 0.098547175 0.274709552 0.999999940 0.999999940 0.999999940
v -0.0716555 0.098229438 0.289097398 0.999999940 0.999999940 0.999999940
v -0.06632716 0.097671896 0.308288663 0.999999940 0.999999940 0.999999940
v -0.05657031 0.096062034 0.344525396 0.999999940 0.999999940 0.999999940
v -0.0726148 0.096668124 0.327894896 0.999999940 0.999999940 0.999999940
v -0.04101086 0.095565445 0.355769336 0.999999940 0.999999940 0.999999940
v -0.03402273 0.094036430 0.379366934 0.999999940 0.999999940 0.999999940
v 0.002449341 0.093338795 0.388563931 0.999999940 0.999999940 0.999999940
v -0.01677501 0.093110173 0.392452001 0.999999940 0.999999940 0.999999940
v 0.014633156 0.088938467 0.439960867 0.999999940 0.999999940 0.999999940
v -0.00688585 0.089617855 0.434262126 0.999999940 0.999999940 0.999999940
v -0.00380636 0.092012129 0.405939102 0.999999940 0.999999940 0.999999940
v -0.01702845 0.091008082 0.418431907 0.999999940 0.999999940 0.999999940
v -0.03711115 0.091790728 0.408136367 0.999999940 0.999999940 0.999999940
v -0.0509266 0.092619702 0.396072477 0.999999940 0.999999940 0.999999940
v -0.05879544 0.093675382 0.380359381 0.999999940 0.999999940 0.999999940
v -0.06004461 0.094764776 0.364465266 0.999999940 0.999999940 0.999999940
v -0.08181212 0.095129713 0.351854294 0.999999940 0.999999940 0.999999940
v -0.09471036 0.095990471 0.330643773 0.999999940 0.999999940 0.999999940
v -0.08825772 0.097036026 0.312685966 0.999999940 0.999999940 0.999999940
v -0.09908025 0.097374357 0.297031104 0.999999940 0.999999940 0.999999940
v -0.09371378 0.098088204 0.275791049 0.999999940 0.999999940 0.999999940
v -0.08139027 0.098587051 0.251356005 0.999999940 0.999999940 0.999999940
v -0.08637886 0.098411701 0.265479534 0.999999940 0.999999940 0.999999940
v -0.08533731 0.098422192 0.231440842 0.999999940 0.999999940 0.999999940
v -0.05328128 0.098677896 0.235413715 0.999999940 0.999999940 0.999999940
v -0.02863926 0.098633609 0.234316557 0.999999940 0.999999940 0.999999940
v -0.05646282 0.09841308 0.222878202 0.999999940 0.999999940 0.999999940
v -0.10355038 0.098211146 0.242835879 0.999999940 0.999999940 0.999999940
v -0.0972803 0.098151870 0.223855286 0.999999940 0.999999940 0.999999940
v -0.07854141 0.098122693 0.214152216 0.999999940 0.999999940 0.999999940
v -0.1116896 0.097867235 0.263397723 0.999999940 0.999999940 0.999999940
v -0.10970956 0.097450032 0.284556627 0.999999940 0.999999940 0.999999940
v -0.11192001 0.096166685 0.315982997 0.999999940 0.999999940 0.999999940
v -0.12535208 0.096489660 0.296855956 0.999999940 0.999999940 0.999999940
v -0.11442401 0.094747372 0.341549843 0.999999940 0.999999940 0.999999940
v -0.12186439 0.095150224 0.329091936 0.999999940 0.999999940 0.999999940
v -0.07441612 0.093801453 0.374551713 0.999999940 0.999999940 0.999999940
v -0.07194421 0.091857627 0.401341229 0.999999940 0.999999940 0.999999940
v -0.05605401 0.090853810 0.416901290 0.999999940 0.999999940 0.999999940
v -0.03855369 0.090182445 0.427111119 0.999999940 0.999999940 0.999999940
v -0.03086932 0.089045673 0.440478622 0.999999940 0.999999940 0.999999940
v -0.02128979 0.087287388 0.460129886 0.999999940 0.999999940 0.999999940
v 0.000998471 0.088077388 0.450842529 0.999999940 0.999999940 0.999999940
v -0.0029926 0.086061149 0.472999095 0.999999940 0.999999940 0.999999940
v 0.014135830 0.086688362 0.464722454 0.999999940 0.999999940 0.999999940
v 0.026523888 0.087022073 0.459347307 0.999999940 0.999999940 0.999999940
v 0.023636212 0.085005104 0.481750905 0.999999940 0.999999940 0.999999940
v 0.034240618 0.083176001 0.500050544 0.999999940 0.999999940 0.999999940
v 0.045042786 0.084845989 0.479588866 0.999999940 0.999999940 0.999999940
v 0.042477980 0.08726459 0.453622579 0.999999940 0.999999940 0.999999940
v 0.063947849 0.087216787 0.448373347 0.999999940 0.999999940 0.999999940
v 0.066278576 0.085610337 0.465697765 0.999999940 0.999999940 0.999999940
v 0.073327153 0.082353688 0.500046789 0.999999940 0.999999940 0.999999940
v 0.057648152 0.082729078 0.500048756 0.999999940 0.999999940 0.999999940
v 0.038621049 0.091790340 0.500050604 0.999999940 0.999999940 0.999999940
v 0.070453248 0.099332198 0.500047862 0.999999940 0.999999940 0.999999940
v 0.086258381 0.083621799 0.481447011 0.999999940 0.999999940 0.999999940
v 0.095506794 0.081720478 0.500045299 0.999999940 0.999999940 0.999999940
v 0.084396317 0.085767820 0.457665979 0.999999940 0.999999940 0.999999940
v 0.095392800 0.086554616 0.444120734 0.999999940 0.999999940 0.999999940
v 0.110708676 0.083484523 0.473119586 0.999999940 0.999999940 0.999999940
v 0.105447970 0.083009742 0.480962753 0.999999940 0.999999940 0.999999940
v 0.113565936 0.081122234 0.500042438 0.999999940 0.999999940 0.999999940
v 0.092224791 0.098739720 0.500045239 0.999999940 0.999999940 0.999999940
v 0.122370697 0.097719654 0.500041127 0.999999940 0.999999940 0.999999940
v 0.066055543 0.101309008 0.479140371 0.999999940 0.999999940 0.999999940
v 0.080651052 0.101153977 0.476261377 0.999999940 0.999999940 0.999999940
v 0.070159383 0.103576466 0.452557712 0.999999940 0.999999940 0.999999940
v 0.092771351 0.101397760 0.468982845 0.999999940 0.999999940 0.999999940
v 0.110823795 0.099305197 0.485881388 0.999999940 0.999999940 0.999999940
v 0.128815576 0.080568470 0.500040113 0.999999940 0.999999940 0.999999940
v 0.124534569 0.083797216 0.462736547 0.999999940 0.999999940 0.999999940
v 0.139117837 0.081353001 0.485016822 0.999999940 0.999999940 0.999999940
v 0.092507660 0.088123858 0.426907926 0.999999940 0.999999940 0.999999940
v 0.119773604 0.085569493 0.443979233 0.999999940 0.999999940 0.999999940
v 0.113166235 0.087717428 0.421391695 0.999999940 0.999999940 0.999999940
v 0.140127837 0.085480622 0.433033287 0.999999940 0.999999940 0.999999940
v 0.148313820 0.082728080 0.462453603 0.999999940 0.999999940 0.999999940
v 0.159793093 0.080589324 0.483170300 0.999999940 0.999999940 0.999999940
v 0.149616166 0.079753726 0.500036954 0.999999940 0.999999940 0.999999940
v 0.124211266 0.088188201 0.408837407 0.999999940 0.999999940 0.999999940
v 0.143816039 0.086677558 0.415187716 0.999999940 0.999999940 0.999999940
v 0.084167026 0.104866124 0.432615548 0.999999940 0.999999940 0.999999940
v -0.14639823 0.093975685 0.331233769 0.999999940 0.999999940 0.999999940
v -0.15136014 0.094605013 0.313906341 0.999999940 0.999999940 0.999999940
v -0.13516951 0.095523990 0.310411900 0.999999940 0.999999940 0.999999940
v -0.15605187 0.095134548 0.296302169 0.999999940 0.999999940 0.999999940
v -0.14532946 0.096073173 0.285003155 0.999999940 0.999999940 0.999999940
v -0.17432907 0.093893662 0.302165865 0.999999940 0.999999940 0.999999940
v -0.18834034 0.092115812 0.322302490 0.999999940 0.999999940 0.999999940
v -0.19326398 0.092482507 0.307882130 0.999999940 0.999999940 0.999999940
v -0.19127429 0.093570806 0.284296840 0.999999940 0.999999940 0.999999940
v -0.16719025 0.095174685 0.278942495 0.999999940 0.999999940 0.999999940
v -0.12709568 0.097060583 0.277108222 0.999999940 0.999999940 0.999999940
v -0.14753278 0.096377648 0.271311223 0.999999940 0.999999940 0.999999940
v -0.13913092 0.096995323 0.259098142 0.999999940 0.999999940 0.999999940
v -0.17393233 0.095204405 0.265080183 0.999999940 0.999999940 0.999999940
v -0.16253346 0.096119627 0.249360352 0.999999940 0.999999940 0.999999940
v -0.21158177 0.091769531 0.295577824 0.999999940 0.999999940 0.999999940
v -0.22184825 0.091597616 0.280120015 0.999999940 0.999999940 0.999999940
v -0.20003009 0.093519687 0.267911464 0.999999940 0.999999940 0.999999940
v -0.21807574 0.092533111 0.257954388 0.999999940 0.999999940 0.999999940
v -0.2016172 0.093912199 0.246802076 0.999999940 0.999999940 0.999999940
v -0.18597984 0.094803266 0.251282036 0.999999940 0.999999940 0.999999940
v -0.17851886 0.095471076 0.231905937 0.999999940 0.999999940 0.999999940
v -0.16172366 0.096299722 0.227798759 0.999999940 0.999999940 0.999999940
v -0.13899323 0.097177989 0.245586395 0.999999940 0.999999940 0.999999940
v -0.11507162 0.097905233 0.249948933 0.999999940 0.999999940 0.999999940
v -0.1342556 0.097378425 0.231374815 0.999999940 0.999999940 0.999999940
v -0.1827352 0.095257706 0.214998215 0.999999940 0.999999940 0.999999940
v -0.15232657 0.096626102 0.21393013 0.999999940 0.999999940 0.999999940
v -0.19492309 0.094543650 0.230246856 0.999999940 0.999999940 0.999999940
v -0.21528333 0.093225769 0.231341511 0.999999940 0.999999940 0.999999940
v -0.25972047 0.089479818 0.252356052 0.999999940 0.999999940 0.999999940
v -0.2357205 0.091504067 0.244452372 0.999999940 0.999999940 0.999999940
v -0.26812899 0.089715898 0.250519007 0.999999940 0.999999940 0.999999940
v -0.26049441 0.089667342 0.237381845 0.999999940 0.999999940 0.999999940
v -0.26869887 0.089150026 0.239086151 0.999999940 0.999999940 0.999999940
v -0.23915786 0.091480031 0.229077518 0.999999940 0.999999940 0.999999940
v -0.2124256 0.093499049 0.210662722 0.999999940 0.999999940 0.999999940
v -0.23815364 0.091672226 0.213998913 0.999999940 0.999999940 0.999999940
v -0.17690378 0.095422856 0.202193111 0.999999940 0.999999940 0.999999940
v -0.20739716 0.093737423 0.199138149 0.999999940 0.999999940 0.999999940
v -0.1503275 0.096425510 0.198320642 0.999999940 0.999999940 0.999999940
v -0.12477452 0.097535580 0.218009650 0.999999940 0.999999940 0.999999940
v -0.12132677 0.097305722 0.202656686 0.999999940 0.999999940 0.999999940
v -0.0994435 0.097789503 0.207448691 0.999999940 0.999999940 0.999999940
v -0.17239125 0.095289923 0.186396226 0.999999940 0.999999940 0.999999940
v -0.15871641 0.095560379 0.178071603 0.999999940 0.999999940 0.999999940
v -0.13266712 0.096635095 0.188404515 0.999999940 0.999999940 0.999999940
v -0.19103019 0.094417989 0.185211554 0.999999940 0.999999940 0.999999940
v -0.23646282 0.091739788 0.193410158 0.999999940 0.999999940 0.999999940
v -0.20618531 0.093556217 0.183814555 0.999999940 0.999999940 0.999999940
v -0.22497316 0.092350371 0.180302694 0.999999940 0.999999940 0.999999940
v -0.2488393 0.090844892 0.196955621 0.999999940 0.999999940 0.999999940
v -0.27367085 0.088807836 0.214742898 0.999999940 0.999999940 0.999999940
v -0.29755232 0.087178848 0.223083525 0.999999940 0.999999940 0.999999940
v -0.29442674 0.088269896 0.229635819 0.999999940 0.999999940 0.999999940
v -0.280449 0.089241497 0.238230004 0.999999940 0.999999940 0.999999940
v -0.27420601 0.089969500 0.244275003 0.999999940 0.999999940 0.999999940
v -0.278532 0.091830998 0.245009005 0.999999940 0.999999940 0.999999940
v -0.28869599 0.089177802 0.235014006 0.999999940 0.999999940 0.999999940
v -0.28779501 0.091104097 0.238622993 0.999999940 0.999999940 0.999999940
v -0.28321201 0.092038199 0.241715997 0.999999940 0.999999940 0.999999940
v -0.29951999 0.091108098 0.228828996 0.999999940 0.999999940 0.999999940
v -0.29554799 0.090564601 0.232651993 0.999999940 0.999999940 0.999999940
v -0.30140799 0.087861500 0.227192997 0.999999940 0.999999940 0.999999940
v -0.29198062 0.088970430 0.209081277 0.999999940 0.999999940 0.999999940
v -0.28562304 0.088140144 0.208531305 0.999999940 0.999999940 0.999999940
v -0.301085 0.088374503 0.222191005 0.999999940 0.999999940 0.999999940
v -0.29904401 0.089157097 0.217216998 0.999999940 0.999999940 0.999999940
v -0.30161199 0.088297799 0.225598007 0.999999940 0.999999940 0.999999940
v -0.27967975 0.088514424 0.193654432 0.999999940 0.999999940 0.999999940
v -0.27978432 0.088403455 0.183199405 0.999999940 0.999999940 0.999999940
v -0.25234333 0.090378940 0.177758097 0.999999940 0.999999940 0.999999940
v -0.23693535 0.091207362 0.164934694 0.999999940 0.999999940 0.999999940
v -0.21385017 0.092673778 0.166695922 0.999999940 0.999999940 0.999999940
v -0.22501901 0.091364324 0.147734075 0.999999940 0.999999940 0.999999940
v -0.20749249 0.092594027 0.154799625 0.999999940 0.999999940 0.999999940
v -0.1868711 0.094160743 0.169822707 0.999999940 0.999999940 0.999999940
v -0.24917327 0.089681498 0.142604932 0.999999940 0.999999940 0.999999940
v -0.25639313 0.089719735 0.159222737 0.999999940 0.999999940 0.999999940
v -0.28600603 0.087187819 0.146350890 0.999999940 0.999999940 0.999999940
v -0.28921899 0.088859200 0.181593999 0.999999940 0.999999940 0.999999940
v -0.2991122 0.088157035 0.172903612 0.999999940 0.999999940 0.999999940
v -0.29908916 0.086979545 0.154964387 0.999999940 0.999999940 0.999999940
v -0.28714481 0.089640624 0.195276573 0.999999940 0.999999940 0.999999940
v -0.29232401 0.091332301 0.202715992 0.999999940 0.999999940 0.999999940
v -0.29492301 0.091152302 0.207809001 0.999999940 0.999999940 0.999999940
v -0.29743701 0.092199303 0.212143003 0.999999940 0.999999940 0.999999940
v -0.29995844 0.094293803 0.216343849 0.999999940 0.999999940 0.999999940
v -0.30126417 0.092126309 0.223694533 0.999999940 0.999999940 0.999999940
v -0.30183399 0.0880934 0.227687001 0.999999940 0.999999940 0.999999940
v -0.29659399 0.094681620 0.232740551 0.999999940 0.999999940 0.999999940
v -0.29952201 0.097772002 0.228125006 0.999999940 0.999999940 0.999999940
v -0.300843 0.096774801 0.222708001 0.999999940 0.999999940 0.999999940
v -0.29305089 0.094418987 0.201709702 0.999999940 0.999999940 0.999999940
v -0.29565701 0.097700499 0.208964005 0.999999940 0.999999940 0.999999940
v -0.29287201 0.097250603 0.202768996 0.999999940 0.999999940 0.999999940
v -0.29144999 0.093381799 0.197059005 0.999999940 0.999999940 0.999999940
v -0.29151899 0.092790000 0.190128997 0.999999940 0.999999940 0.999999940
v -0.29403999 0.092391900 0.183522000 0.999999940 0.999999940 0.999999940
v -0.29660699 0.090421102 0.179151997 0.999999940 0.999999940 0.999999940
v -0.30017 0.090309001 0.176039993 0.999999940 0.999999940 0.999999940
v -0.30223101 0.090577296 0.173059001 0.999999940 0.999999940 0.999999940
v -0.30059743 0.087825462 0.164982527 0.999999940 0.999999940 0.999999940
v -0.29863164 0.094418227 0.179183840 0.999999940 0.999999940 0.999999940
v -0.29359999 0.0952482 0.185202002 0.999999940 0.999999940 0.999999940
v -0.29176626 0.095505602 0.190552532 0.999999940 0.999999940 0.999999940
v -0.29121101 0.097048796 0.195568993 0.999999940 0.999999940 0.999999940
v -0.29069799 0.099149301 0.189852997 0.999999940 0.999999940 0.999999940
v -0.29231301 0.099584296 0.184092000 0.999999940 0.999999940 0.999999940
v -0.30341983 0.094510741 0.171581178 0.999999940 0.999999940 0.999999940
v -0.295719 0.099276401 0.179492995 0.999999940 0.999999940 0.999999940
v -0.29941201 0.098484098 0.176413998 0.999999940 0.999999940 0.999999940
v -0.30164799 0.096499003 0.173897996 0.999999940 0.999999940 0.999999940
v -0.303855 0.092348799 0.168064996 0.999999940 0.999999940 0.999999940
v -0.30381599 0.089788697 0.162394002 0.999999940 0.999999940 0.999999940
v -0.30290499 0.089221201 0.156736999 0.999999940 0.999999940 0.999999940
v -0.30507112 0.095093041 0.162673071 0.999999940 0.999999940 0.999999940
v -0.30363899 0.096466302 0.167494997 0.999999940 0.999999940 0.999999940
v -0.29887423 0.100410722 0.172876700 0.999999940 0.999999940 0.999999940
v -0.30030164 0.101011395 0.163897201 0.999999940 0.999999940 0.999999940
v -0.30337399 0.098362803 0.162492007 0.999999940 0.999999940 0.999999940
v -0.30186099 0.090164803 0.152770996 0.999999940 0.999999940 0.999999940
v -0.30308101 0.097231499 0.157684996 0.999999940 0.999999940 0.999999940
v -0.301339 0.098762698 0.153616994 0.999999940 0.999999940 0.999999940
v -0.299077 0.099446296 0.148196995 0.999999940 0.999999940 0.999999940
v -0.29959831 0.092206098 0.144029349 0.999999940 0.999999940 0.999999940
v -0.299674 0.088252596 0.148132994 0.999999940 0.999999940 0.999999940
v -0.294916 0.086875796 0.141689002 0.999999940 0.999999940 0.999999940
v -0.28782555 0.086560972 0.127644985 0.999999940 0.999999940 0.999999940
v -0.29846701 0.089686296 0.142342001 0.999999940 0.999999940 0.999999940
v -0.29742399 0.099334001 0.141880005 0.999999940 0.999999940 0.999999940
v -0.29625401 0.096925497 0.136529997 0.999999940 0.999999940 0.999999940
v -0.29622599 0.090128302 0.135642007 0.999999940 0.999999940 0.999999940
v -0.29818746 0.101756334 0.154740676 0.999999940 0.999999940 0.999999940
v -0.292858 0.101636998 0.134678006 0.999999940 0.999999940 0.999999940
v -0.29438099 0.099470801 0.132864996 0.999999940 0.999999940 0.999999940
v -0.2937161 0.093276299 0.129863515 0.999999940 0.999999940 0.999999940
v -0.29385501 0.086867496 0.134425997 0.999999940 0.999999940 0.999999940
v -0.29057151 0.087300449 0.125599503 0.999999940 0.999999940 0.999999940
v -0.27979699 0.086792841 0.119132772 0.999999940 0.999999940 0.999999940
v -0.23441809 0.089954905 0.128581494 0.999999940 0.999999940 0.999999940
v -0.25068662 0.088935941 0.127244889 0.999999940 0.999999940 0.999999940
v -0.286993 0.087819501 0.119878001 0.999999940 0.999999940 0.999999940
v -0.26720059 0.086329810 0.095972053 0.999999940 0.999999940 0.999999940
v -0.28112501 0.087031498 0.113973997 0.999999940 0.999999940 0.999999940
v -0.27997601 0.087077200 0.106941998 0.999999940 0.999999940 0.999999940
v -0.27534893 0.086365327 0.096058011 0.999999940 0.999999940 0.999999940
v -0.28766212 0.095284514 0.118801586 0.999999940 0.999999940 0.999999940
v -0.291363 0.100458003 0.127881005 0.999999940 0.999999940 0.999999940
v -0.28940099 0.099586002 0.123911000 0.999999940 0.999999940 0.999999940
v -0.28648201 0.100505001 0.119787000 0.999999940 0.999999940 0.999999940
v -0.28481701 0.090770296 0.114031001 0.999999940 0.999999940 0.999999940
v -0.284702 0.097943000 0.114142000 0.999999940 0.999999940 0.999999940
v -0.28265101 0.088854499 0.108306996 0.999999940 0.999999940 0.999999940
v -0.28186601 0.090774796 0.10458 0.999999940 0.999999940 0.999999940
v -0.28029299 0.088442601 0.099884398 0.999999940 0.999999940 0.999999940
v -0.280606 0.088017098 0.093952097 0.999999940 0.999999940 0.999999940
v -0.27610749 0.084760606 0.078828029 0.999999940 0.999999940 0.999999940
v -0.28281799 0.087882101 0.089306697 0.999999940 0.999999940 0.999999940
v -0.28178599 0.086023896 0.085450999 0.999999940 0.999999940 0.999999940
v -0.23324873 0.088930979 0.109402634 0.999999940 0.999999940 0.999999940
v -0.23720127 0.087903216 0.096550956 0.999999940 0.999999940 0.999999940
v -0.25414899 0.085571214 0.075048670 0.999999940 0.999999940 0.999999940
v -0.21259078 0.091055758 0.127965912 0.999999940 0.999999940 0.999999940
v -0.20102794 0.090159006 0.107185177 0.999999940 0.999999940 0.999999940
v -0.21488422 0.089230492 0.101663880 0.999999940 0.999999940 0.999999940
v -0.18979751 0.092122964 0.130013823 0.999999940 0.999999940 0.999999940
v -0.19111992 0.093218155 0.151581913 0.999999940 0.999999940 0.999999940
v -0.22873642 0.086866356 0.078041255 0.999999940 0.999999940 0.999999940
v -0.26108414 0.083265639 0.049641460 0.999999940 0.999999940 0.999999940
v -0.28686213 0.084864258 0.079154528 0.999999940 0.999999940 0.999999940
v -0.29274902 0.084057316 0.071994200 0.999999940 0.999999940 0.999999940
v -0.2865074 0.082368738 0.048680048 0.999999940 0.999999940 0.999999940
v -0.28517801 0.090420000 0.086145803 0.999999940 0.999999940 0.999999940
v -0.28982848 0.087037399 0.079524904 0.999999940 0.999999940 0.999999940
v -0.28195134 0.094060339 0.095392599 0.999999940 0.999999940 0.999999940
v -0.28368887 0.096123389 0.110027939 0.999999940 0.999999940 0.999999940
v -0.281964 0.097212396 0.105109997 0.999999940 0.999999940 0.999999940
v -0.28259701 0.099645502 0.108741998 0.999999940 0.999999940 0.999999940
v -0.28041101 0.099222198 0.100000001 0.999999940 0.999999940 0.999999940
v -0.281578 0.097517296 0.094039201 0.999999940 0.999999940 0.999999940
v -0.28378975 0.096898116 0.089049063 0.999999940 0.999999940 0.999999940
v -0.29523054 0.092005126 0.073486492 0.999999940 0.999999940 0.999999940
v -0.285034 0.096206098 0.086152002 0.999999940 0.999999940 0.999999940
v -0.29453501 0.086309000 0.073816500 0.999999940 0.999999940 0.999999940
v -0.294231 0.083902098 0.064972698 0.999999940 0.999999940 0.999999940
v -0.29616901 0.087304301 0.070437498 0.999999940 0.999999940 0.999999940
v -0.29668701 0.085330002 0.065736703 0.999999940 0.999999940 0.999999940
v -0.24176863 0.083072766 0.04027595 0.999999940 0.999999940 0.999999940
v -0.22938666 0.085734643 0.065082334 0.999999940 0.999999940 0.999999940
v -0.20216575 0.088332682 0.084806382 0.999999940 0.999999940 0.999999940
v -0.22474647 0.083911120 0.044270716 0.999999940 0.999999940 0.999999940
v -0.21600887 0.085897967 0.062427636 0.999999940 0.999999940 0.999999940
v -0.23426448 0.081340126 0.021162752 0.999999940 0.999999940 0.999999940
v -0.2543461 0.080322802 0.015224224 0.999999940 0.999999940 0.999999940
v -0.21331382 0.082418039 0.027864655 0.999999940 0.999999940 0.999999940
v -0.19822447 0.085491277 0.053992807 0.999999940 0.999999940 0.999999940
v -0.18741769 0.087248936 0.069182246 0.999999940 0.999999940 0.999999940
v -0.18091245 0.089729636 0.094125367 0.999999940 0.999999940 0.999999940
v -0.17198554 0.086383193 0.058665994 0.999999940 0.999999940 0.999999940
v -0.16332829 0.088794067 0.080701775 0.999999940 0.999999940 0.999999940
v -0.19422293 0.084167711 0.041181188 0.999999940 0.999999940 0.999999940
v -0.18078642 0.083669647 0.035487096 0.999999940 0.999999940 0.999999940
v -0.14790684 0.086732015 0.060037139 0.999999940 0.999999940 0.999999940
v -0.15004864 0.088416956 0.075545243 0.999999940 0.999999940 0.999999940
v -0.15285461 0.090843603 0.100807398 0.999999940 0.999999940 0.999999940
v -0.13642423 0.090355292 0.093648552 0.999999940 0.999999940 0.999999940
v -0.17797531 0.091624677 0.116951070 0.999999940 0.999999940 0.999999940
v -0.15266883 0.091957025 0.113858938 0.999999940 0.999999940 0.999999940
v -0.15248691 0.093293823 0.131535753 0.999999940 0.999999940 0.999999940
v -0.17299972 0.093331813 0.140500813 0.999999940 0.999999940 0.999999940
v -0.13129665 0.093400038 0.128494098 0.999999940 0.999999940 0.999999940
v -0.12512122 0.092299774 0.114119283 0.999999940 0.999999940 0.999999940
v -0.10792666 0.091886892 0.108868882 0.999999940 0.999999940 0.999999940
v -0.1210048 0.089753091 0.087127462 0.999999940 0.999999940 0.999999940
v -0.12177889 0.088382534 0.074322052 0.999999940 0.999999940 0.999999940
v -0.12062671 0.086627304 0.059158653 0.999999940 0.999999940 0.999999940
v -0.14731914 0.084850788 0.044115457 0.999999940 0.999999940 0.999999940
v -0.12174301 0.084603734 0.042692810 0.999999940 0.999999940 0.999999940
v -0.14370552 0.083244718 0.031318824 0.999999940 0.999999940 0.999999940
v -0.09425682 0.087600022 0.068747535 0.999999940 0.999999940 0.999999940
v -0.09492194 0.085550457 0.051957495 0.999999940 0.999999940 0.999999940
v -0.09454651 0.089286424 0.083547510 0.999999940 0.999999940 0.999999940
v -0.0929281 0.090676434 0.096886947 0.999999940 0.999999940 0.999999940
v -0.1090919 0.093671426 0.129998728 0.999999940 0.999999940 0.999999940
v -0.07570266 0.093442879 0.128138527 0.999999940 0.999999940 0.999999940
v -0.07707649 0.092270590 0.114592328 0.999999940 0.999999940 0.999999940
v -0.10589364 0.095009699 0.148308306 0.999999940 0.999999940 0.999999940
v -0.13248344 0.094933107 0.151400476 0.999999940 0.999999940 0.999999940
v -0.15488839 0.094668440 0.155103609 0.999999940 0.999999940 0.999999940
v -0.17448857 0.094337172 0.161434888 0.999999940 0.999999940 0.999999940
v -0.13891262 0.095891483 0.172404795 0.999999940 0.999999940 0.999999940
v -0.11523149 0.095909014 0.165041655 0.999999940 0.999999940 0.999999940
v -0.09383056 0.096450127 0.172422096 0.999999940 0.999999940 0.999999940
v -0.09802335 0.094469837 0.140530422 0.999999940 0.999999940 0.999999940
v -0.07164774 0.094658553 0.144472926 0.999999940 0.999999940 0.999999940
v -0.06507587 0.095552831 0.158120736 0.999999940 0.999999940 0.999999940
v -0.03852628 0.092510379 0.122116625 0.999999940 0.999999940 0.999999940
v -0.04465394 0.093917407 0.137949436 0.999999940 0.999999940 0.999999940
v -0.05945886 0.091313488 0.106381036 0.999999940 0.999999940 0.999999940
v -0.07043265 0.089826099 0.090687781 0.999999940 0.999999940 0.999999940
v -0.06219198 0.088464766 0.079316377 0.999999940 0.999999940 0.999999940
v -0.07001945 0.086416043 0.061319038 0.999999940 0.999999940 0.999999940
v -0.06023787 0.084707737 0.049110163 0.999999940 0.999999940 0.999999940
v -0.08722484 0.083968028 0.040560413 0.999999940 0.999999940 0.999999940
v -0.11100651 0.082713984 0.029082465 0.999999940 0.999999940 0.999999940
v -0.04403687 0.087038695 0.069652169 0.999999940 0.999999940 0.999999940
v -0.04355172 0.090121768 0.096815057 0.999999940 0.999999940 0.999999940
v -0.02641569 0.088163182 0.081549793 0.999999940 0.999999940 0.999999940
v -0.02755523 0.091272845 0.110552720 0.999999940 0.999999940 0.999999940
v -0.00259138 0.092394292 0.126523464 0.999999940 0.999999940 0.999999940
v -0.00571702 0.093747176 0.142172202 0.999999940 0.999999940 0.999999940
v -0.0265686 0.094752587 0.152297690 0.999999940 0.999999940 0.999999940
v -0.02081798 0.095370136 0.162340894 0.999999940 0.999999940 0.999999940
v -0.05562699 0.096120260 0.168790757 0.999999940 0.999999940 0.999999940
v -0.0640953 0.096778146 0.179582774 0.999999940 0.999999940 0.999999940
v -0.11264065 0.096953198 0.186999544 0.999999940 0.999999940 0.999999940
v -0.07133491 0.097294263 0.190244332 0.999999940 0.999999940 0.999999940
v -0.08439554 0.097511984 0.195817232 0.999999940 0.999999940 0.999999940
v -0.06154653 0.097932785 0.207096934 0.999999940 0.999999940 0.999999940
v -0.04362792 0.097587086 0.199820578 0.999999940 0.999999940 0.999999940
v -0.02967865 0.096719861 0.183800131 0.999999940 0.999999940 0.999999940
v 0.031085839 0.094685822 0.160787344 0.999999940 0.999999940 0.999999940
v -0.00830537 0.095843821 0.172071099 0.999999940 0.999999940 0.999999940
v 0.025021633 0.093381904 0.142621919 0.999999940 0.999999940 0.999999940
v 0.020680891 0.091524809 0.120966173 0.999999940 0.999999940 0.999999940
v -0.00349919 0.09086743 0.110222794 0.999999940 0.999999940 0.999999940
v -0.0133595 0.089785598 0.098190814 0.999999940 0.999999940 0.999999940
v -0.02698836 0.085419997 0.059170052 0.999999940 0.999999940 0.999999940
v -0.00089139 0.086693972 0.073243781 0.999999940 0.999999940 0.999999940
v 0.004479516 0.088481158 0.089213915 0.999999940 0.999999940 0.999999940
v 0.001957853 0.084740757 0.058366019 0.999999940 0.999999940 0.999999940
v -0.01749086 0.082956999 0.042192112 0.999999940 0.999999940 0.999999940
v -0.0440679 0.083192601 0.040071245 0.999999940 0.999999940 0.999999940
v 0.033312708 0.086152240 0.074571184 0.999999940 0.999999940 0.999999940
v 0.034380022 0.087603315 0.086660727 0.999999940 0.999999940 0.999999940
v 0.016878146 0.089101985 0.096756301 0.999999940 0.999999940 0.999999940
v 0.033618845 0.089865699 0.106672607 0.999999940 0.999999940 0.999999940
v 0.049316734 0.090863630 0.119280859 0.999999940 0.999999940 0.999999940
v 0.042541220 0.093094341 0.142308175 0.999999940 0.999999940 0.999999940
v 0.067317567 0.093344673 0.150790989 0.999999940 0.999999940 0.999999940
v 0.030374437 0.095754280 0.176809907 0.999999940 0.999999940 0.999999940
v 0.002893877 0.096083365 0.17771025 0.999999940 0.999999940 0.999999940
v 0.049951311 0.095173686 0.171863630 0.999999940 0.999999940 0.999999940
v -0.01569843 0.097255274 0.196959853 0.999999940 0.999999940 0.999999940
v -0.01232874 0.097929902 0.213325738 0.999999940 0.999999940 0.999999940
v -0.03580518 0.098174065 0.216395735 0.999999940 0.999999940 0.999999940
v 0.015190539 0.096667654 0.190114751 0.999999940 0.999999940 0.999999940
v 0.001916790 0.097517944 0.205753669 0.999999940 0.999999940 0.999999940
v 0.062682144 0.095851056 0.186291381 0.999999940 0.999999940 0.999999940
v 0.033465214 0.096984028 0.199966490 0.999999940 0.999999940 0.999999940
v 0.080668419 0.094135195 0.165340408 0.999999940 0.999999940 0.999999940
v 0.060846135 0.091784894 0.131395801 0.999999940 0.999999940 0.999999940
v 0.091004125 0.091384641 0.134760990 0.999999940 0.999999940 0.999999940
v 0.104574531 0.092440769 0.151736989 0.999999940 0.999999940 0.999999940
v 0.061347782 0.08861579 0.100497283 0.999999940 0.999999940 0.999999940
v 0.077634461 0.090222254 0.119174324 0.999999940 0.999999940 0.999999940
v 0.064289502 0.087016902 0.087312966 0.999999940 0.999999940 0.999999940
v 0.029357103 0.083951860 0.056878738 0.999999940 0.999999940 0.999999940
v 0.066831499 0.085317432 0.074079513 0.999999940 0.999999940 0.999999940
v 0.086801454 0.088394507 0.104228675 0.999999940 0.999999940 0.999999940
v 0.089588776 0.086382769 0.087466158 0.999999940 0.999999940 0.999999940
v 0.101045630 0.089057743 0.114045538 0.999999940 0.999999940 0.999999940
v 0.108199261 0.091439232 0.141137957 0.999999940 0.999999940 0.999999940
v 0.114365294 0.089328378 0.120823226 0.999999940 0.999999940 0.999999940
v 0.108913883 0.093370653 0.166179925 0.999999940 0.999999940 0.999999940
v 0.133247703 0.090594597 0.141872465 0.999999940 0.999999940 0.999999940
v 0.126356944 0.092451907 0.162175849 0.999999940 0.999999940 0.999999940
v 0.092246137 0.095025248 0.184058696 0.999999940 0.999999940 0.999999940
v 0.080080881 0.096281372 0.202743813 0.999999940 0.999999940 0.999999940
v 0.052563369 0.097042195 0.207368314 0.999999940 0.999999940 0.999999940
v 0.106958530 0.095523290 0.204016953 0.999999940 0.999999940 0.999999940
v 0.115295305 0.094367831 0.185791552 0.999999940 0.999999940 0.999999940
v 0.127790927 0.093691885 0.182588115 0.999999940 0.999999940 0.999999940
v 0.142821937 0.091254390 0.155176699 0.999999940 0.999999940 0.999999940
v 0.145949140 0.092320837 0.173038870 0.999999940 0.999999940 0.999999940
v 0.157303884 0.089476399 0.141096070 0.999999940 0.999999940 0.999999940
v 0.127485811 0.089755229 0.130078524 0.999999940 0.999999940 0.999999940
v 0.123418644 0.086787842 0.099944330 0.999999940 0.999999940 0.999999940
v 0.101541966 0.086766667 0.09363316 0.999999940 0.999999940 0.999999940
v 0.120010949 0.084656253 0.080961622 0.999999940 0.999999940 0.999999940
v 0.101607844 0.083913743 0.070534184 0.999999940 0.999999940 0.999999940
v 0.142030090 0.084092810 0.082669638 0.999999940 0.999999940 0.999999940
v 0.179326534 0.088379524 0.141184449 0.999999940 0.999999940 0.999999940
v 0.164191693 0.090351834 0.156902805 0.999999940 0.999999940 0.999999940
v 0.171160712 0.091185569 0.175859674 0.999999940 0.999999940 0.999999940
v 0.153285726 0.092925496 0.191000461 0.999999940 0.999999940 0.999999940
v 0.127939522 0.094698362 0.204204797 0.999999940 0.999999940 0.999999940
v 0.150341868 0.093739308 0.207764387 0.999999940 0.999999940 0.999999940
v 0.173712194 0.091995984 0.196428954 0.999999940 0.999999940 0.999999940
v 0.181350022 0.089823514 0.162979006 0.999999940 0.999999940 0.999999940
v 0.196164280 0.089512027 0.173105552 0.999999940 0.999999940 0.999999940
v 0.191725164 0.090446874 0.186584889 0.999999940 0.999999940 0.999999940
v 0.185749486 0.091458566 0.202604025 0.999999940 0.999999940 0.999999940
v 0.143187120 0.081774264 0.064555570 0.999999940 0.999999940 0.999999940
v 0.154177576 0.078991025 0.046407882 0.999999940 0.999999940 0.999999940
v 0.126535281 0.081178113 0.055745050 0.999999940 0.999999940 0.999999940
v 0.140433684 0.077388480 0.031615700 0.999999940 0.999999940 0.999999940
v 0.160527944 0.075772717 0.024593967 0.999999940 0.999999940 0.999999940
v 0.114122934 0.078937180 0.036857601 0.999999940 0.999999940 0.999999940
v 0.091247893 0.081721767 0.051946915 0.999999940 0.999999940 0.999999940
v 0.134898409 0.073951698 0.006732153 0.999999940 0.999999940 0.999999940
v 0.125173181 0.075662337 0.016538899 0.999999940 0.999999940 0.999999940
v 0.164176851 0.072710223 0.003761709 0.999999940 0.999999940 0.999999940
v 0.118292249 0.071705922 -0.01115348 0.999999940 0.999999940 0.999999940
v 0.157095998 0.069845020 -0.01720857 0.999999940 0.999999940 0.999999940
v 0.099338568 0.074636586 0.004918925 0.999999940 0.999999940 0.999999940
v 0.092601761 0.078395225 0.028873628 0.999999940 0.999999940 0.999999940
v 0.056285042 0.082541212 0.051190815 0.999999940 0.999999940 0.999999940
v 0.065814741 0.080045551 0.035317696 0.999999940 0.999999940 0.999999940
v 0.076610975 0.083355434 0.061050429 0.999999940 0.999999940 0.999999940
v 0.036171272 0.080703839 0.034759748 0.999999940 0.999999940 0.999999940
v 0.079159371 0.077955991 0.023436229 0.999999940 0.999999940 0.999999940
v 0.056360438 0.077795632 0.018386710 0.999999940 0.999999940 0.999999940
v 0.094868786 0.072244830 -0.01154254 0.999999940 0.999999940 0.999999940
v 0.075039900 0.074039384 -0.00316207 0.999999940 0.999999940 0.999999940
v 0.066329963 0.075829699 0.007068558 0.999999940 0.999999940 0.999999940
v 0.115446701 0.069774456 -0.02438005 0.999999940 0.999999940 0.999999940
v 0.135766953 0.067708618 -0.03510004 0.999999940 0.999999940 0.999999940
v 0.154316887 0.066804096 -0.03865799 0.999999940 0.999999940 0.999999940
v 0.164100006 0.064589083 -0.05298505 0.999999940 0.999999940 0.999999940
v 0.188791602 0.065099753 -0.04670592 0.999999940 0.999999940 0.999999940
v 0.140450760 0.064040184 -0.05957246 0.999999940 0.999999940 0.999999940
v 0.118360854 0.065145418 -0.05488563 0.999999940 0.999999940 0.999999940
v 0.109521783 0.067149989 -0.04267122 0.999999940 0.999999940 0.999999940
v 0.087334387 0.070264637 -0.02562961 0.999999940 0.999999940 0.999999940
v 0.048938270 0.073986508 -0.00777924 0.999999940 0.999999940 0.999999940
v 0.058582913 0.071610897 -0.02153699 0.999999940 0.999999940 0.999999940
v 0.034991800 0.075529888 -0.00003994 0.999999940 0.999999940 0.999999940
v 0.020055444 0.079269520 0.022268068 0.999999940 0.999999940 0.999999940
v 0.010219129 0.082137815 0.040609683 0.999999940 0.999999940 0.999999940
v -0.01333014 0.080884814 0.028168125 0.999999940 0.999999940 0.999999940
v 0.004697865 0.078499637 0.014731010 0.999999940 0.999999940 0.999999940
v 0.008764876 0.075909704 -0.00169596 0.999999940 0.999999940 0.999999940
v 0.027113584 0.072623334 -0.02000329 0.999999940 0.999999940 0.999999940
v 0.071017772 0.069490917 -0.03323478 0.999999940 0.999999940 0.999999940
v 0.046567365 0.069623358 -0.03618726 0.999999940 0.999999940 0.999999940
v 0.085791222 0.067311681 -0.04514917 0.999999940 0.999999940 0.999999940
v 0.086103923 0.064640022 -0.06284463 0.999999940 0.999999940 0.999999940
v 0.129167512 0.062534764 -0.07150777 0.999999940 0.999999940 0.999999940
v 0.104218177 0.062426004 -0.07545432 0.999999940 0.999999940 0.999999940
v 0.155932754 0.061118193 -0.07897697 0.999999940 0.999999940 0.999999940
v 0.172240674 0.063026361 -0.06352682 0.999999940 0.999999940 0.999999940
v 0.186483472 0.062032114 -0.06989504 0.999999940 0.999999940 0.999999940
v 0.139868974 0.060035992 -0.08855728 0.999999940 0.999999940 0.999999940
v 0.143711611 0.057844620 -0.10510854 0.999999940 0.999999940 0.999999940
v 0.167099714 0.058899965 -0.09526856 0.999999940 0.999999940 0.999999940
v 0.116152741 0.060728162 -0.08603072 0.999999940 0.999999940 0.999999940
v 0.060024090 0.066473521 -0.05455869 0.999999940 0.999999940 0.999999940
v 0.055421777 0.064860239 -0.06590126 0.999999940 0.999999940 0.999999940
v 0.021588876 0.069662675 -0.03980544 0.999999940 0.999999940 0.999999940
v 0.038966491 0.065916843 -0.06137977 0.999999940 0.999999940 0.999999940
v -0.00487694 0.072690904 -0.02450947 0.999999940 0.999999940 0.999999940
v 0.006772283 0.071105897 -0.03285493 0.999999940 0.999999940 0.999999940
v -0.01593049 0.076163686 -0.00382603 0.999999940 0.999999940 0.999999940
v -0.02261034 0.078983865 0.013822360 0.999999940 0.999999940 0.999999940
v -0.03740539 0.076935410 -0.00193933 0.999999940 0.999999940 0.999999940
v -0.03118686 0.073510460 -0.02323769 0.999999940 0.999999940 0.999999940
v -0.0147118 0.070007480 -0.04316822 0.999999940 0.999999940 0.999999940
v 0.021838981 0.06588687 -0.06420848 0.999999940 0.999999940 0.999999940
v 0.002547182 0.066712833 -0.0617801 0.999999940 0.999999940 0.999999940
v 0.002204655 0.064789727 -0.07447676 0.999999940 0.999999940 0.999999940
v -0.02256295 0.066728293 -0.06553616 0.999999940 0.999999940 0.999999940
v -0.03942328 0.070870325 -0.04139524 0.999999940 0.999999940 0.999999940
v -0.05564576 0.072158284 -0.03556221 0.999999940 0.999999940 0.999999940
v -0.05799824 0.076764836 -0.00601613 0.999999940 0.999999940 0.999999940
v -0.05620131 0.079634539 0.013432109 0.999999940 0.999999940 0.999999940
v -0.04171147 0.081261701 0.026658481 0.999999940 0.999999940 0.999999940
v -0.08404546 0.079243756 0.007175797 0.999999940 0.999999940 0.999999940
v -0.06902041 0.081954650 0.027910970 0.999999940 0.999999940 0.999999940
v -0.07598573 0.075440049 -0.01717302 0.999999940 0.999999940 0.999999940
v -0.04551587 0.068206593 -0.05951132 0.999999940 0.999999940 0.999999940
v -0.06713871 0.069689512 -0.05325814 0.999999940 0.999999940 0.999999940
v -0.08108949 0.072708882 -0.03574356 0.999999940 0.999999940 0.999999940
v -0.0962392 0.076062113 -0.01572357 0.999999940 0.999999940 0.999999940
v -0.0974489 0.081731960 0.023136425 0.999999940 0.999999940 0.999999940
v -0.10399786 0.078690879 0.001157365 0.999999940 0.999999940 0.999999940
v -0.11864542 0.079636998 0.006205430 0.999999940 0.999999940 0.999999940
v -0.11380234 0.075797587 -0.01967328 0.999999940 0.999999940 0.999999940
v -0.13624889 0.076666384 -0.01620852 0.999999940 0.999999940 0.999999940
v -0.13159673 0.081839546 0.021188002 0.999999940 0.999999940 0.999999940
v -0.13780807 0.079272769 0.002082864 0.999999940 0.999999940 0.999999940
v -0.1578459 0.080509707 0.009964914 0.999999940 0.999999940 0.999999940
v 0.190441995 0.057740833 -0.10435879 0.999999940 0.999999940 0.999999940
v 0.195667520 0.060465551 -0.08186077 0.999999940 0.999999940 0.999999940
v 0.206918016 0.057082556 -0.11099132 0.999999940 0.999999940 0.999999940
v 0.214641511 0.060010701 -0.08561271 0.999999940 0.999999940 0.999999940
v 0.204291373 0.054749887 -0.13315618 0.999999940 0.999999940 0.999999940
v 0.222685337 0.057750027 -0.10628906 0.999999940 0.999999940 0.999999940
v 0.231756925 0.056556452 -0.11939569 0.999999940 0.999999940 0.999999940
v 0.211242333 0.053628917 -0.14629887 0.999999940 0.999999940 0.999999940
v -0.29718572 0.090004570 0.065996415 0.999999940 0.999999940 0.999999940
v -0.29524601 0.096137501 0.071000501 0.999999940 0.999999940 0.999999940
v -0.29602799 0.095884002 0.066023699 0.999999940 0.999999940 0.999999940
v -0.29337201 0.097906999 0.065127700 0.999999940 0.999999940 0.999999940
v -0.29231 0.098316997 0.072285100 0.999999940 0.999999940 0.999999940
v -0.29381299 0.094981797 0.074445597 0.999999940 0.999999940 0.999999940
v -0.288066 0.097560599 0.081270001 0.999999940 0.999999940 0.999999940
v -0.29053199 0.097175203 0.078159697 0.999999940 0.999999940 0.999999940
v -0.28747201 0.099499397 0.078161999 0.999999940 0.999999940 0.999999940
v -0.28291899 0.098602198 0.089073300 0.999999940 0.999999940 0.999999940
v -0.301164 0.100284002 0.227110996 0.999999940 0.999999940 0.999999940
v -0.295111 0.097209200 0.232982993 0.999999940 0.999999940 0.999999940
v -0.29053199 0.098361402 0.236414998 0.999999940 0.999999940 0.999999940
v -0.29122499 0.091832399 0.236453995 0.999999940 0.999999940 0.999999940
v -0.28660899 0.097611196 0.239600002 0.999999940 0.999999940 0.999999940
v 0.323712915 0.080594152 0.239110797 0.999999940 0.999999940 0.999999940
v 0.316491007 0.081346698 0.224588006 0.999999940 0.999999940 0.999999940
v 0.317295998 0.081735402 0.220820993 0.999999940 0.999999940 0.999999940
v 0.321895003 0.0809533 0.231262996 0.999999940 0.999999940 0.999999940
v 0.326979994 0.081026397 0.237773001 0.999999940 0.999999940 0.999999940
v 0.324784994 0.082192599 0.233344003 0.999999940 0.999999940 0.999999940
v 0.329118996 0.080956399 0.241988003 0.999999940 0.999999940 0.999999940
v 0.327706992 0.080520197 0.244572997 0.999999940 0.999999940 0.999999940
v 0.319581002 0.082473598 0.224574998 0.999999940 0.999999940 0.999999940
v 0.322852999 0.081547401 0.229764998 0.999999940 0.999999940 0.999999940
v 0.328304708 0.083155922 0.240081697 0.999999940 0.999999940 0.999999940
v 0.326588094 0.087409526 0.239399001 0.999999940 0.999999940 0.999999940
v 0.329154014 0.082367301 0.244574993 0.999999940 0.999999940 0.999999940
v 0.329432010 0.081681899 0.250768005 0.999999940 0.999999940 0.999999940
v 0.322103858 0.092675283 0.228262230 0.999999940 0.999999940 0.999999940
v 0.321186989 0.089869700 0.449833005 0.999999940 0.999999940 0.999999940
v 0.327908992 0.088480703 0.445706993 0.999999940 0.999999940 0.999999940
v 0.291346728 0.086842514 0.006548443 0.999999940 0.999999940 0.999999940
v 0.284451752 0.082985624 -0.02963156 0.999999940 0.999999940 0.999999940
v 0.289065301 0.083578959 -0.02242934 0.999999940 0.999999940 0.999999940
v 0.295403987 0.085291802 0.00291589 0.999999940 0.999999940 0.999999940
v 0.294928014 0.083659902 -0.0109676 0.999999940 0.999999940 0.999999940
v 0.252378642 0.088656283 0.013918777 0.999999940 0.999999940 0.999999940
v 0.262712240 0.086564682 -0.00228501 0.999999940 0.999999940 0.999999940
v 0.282000005 0.081844098 -0.0378532 0.999999940 0.999999940 0.999999940
v 0.276854366 0.081523589 -0.04364709 0.999999940 0.999999940 0.999999940
v 0.287813991 0.080428302 -0.0321604 0.999999940 0.999999940 0.999999940
v 0.290596008 0.081854000 -0.0273506 0.999999940 0.999999940 0.999999940
v 0.236634805 0.090818807 0.028542423 0.999999940 0.999999940 0.999999940
v 0.234009608 0.092821896 0.044728592 0.999999940 0.999999940 0.999999940
v -0.30214429 0.079810403 -0.06580979 0.999999940 0.999999940 0.999999940
v -0.30563986 0.083336778 -0.07569572 0.999999940 0.999999940 0.999999940
v -0.30466554 0.074724875 -0.07321946 0.999999940 0.999999940 0.999999940
v -0.30752617 0.078731641 -0.08572924 0.999999940 0.999999940 0.999999940
v -0.30574101 0.075628601 -0.0893853 0.999999940 0.999999940 0.999999940
v -0.30282152 0.076344087 -0.09742942 0.999999940 0.999999940 0.999999940
v -0.30292299 0.073819898 -0.0945795 0.999999940 0.999999940 0.999999940
v -0.300989 0.073472298 -0.098699 0.999999940 0.999999940 0.999999940
v -0.31042901 0.081705898 -0.48640001 0.999999940 0.999999940 0.999999940
v 0.258534014 0.057567704 -0.45951289 0.999999940 0.999999940 0.999999940
v 0.290491163 0.058420699 -0.4125464 0.999999940 0.999999940 0.999999940
v 0.286996990 0.060595601 -0.430926 0.999999940 0.999999940 0.999999940
v 0.285513013 0.059967700 -0.43674001 0.999999940 0.999999940 0.999999940
v 0.289197981 0.059973001 -0.4235875 0.999999940 0.999999940 0.999999940
v 0.293123990 0.061503700 -0.41424301 0.999999940 0.999999940 0.999999940
v 0.296533465 0.060395397 -0.40446874 0.999999940 0.999999940 0.999999940
v -0.13126302 0.112168178 0.319723546 0.999999940 0.999999940 0.999999940
v -0.15354295 0.111746877 0.306525498 0.999999940 0.999999940 0.999999940
v -0.14754897 0.111333861 0.321529686 0.999999940 0.999999940 0.999999940
v -0.14182273 0.110519602 0.341662108 0.999999940 0.999999940 0.999999940
v -0.18069476 0.110283121 0.305618703 0.999999940 0.999999940 0.999999940
v -0.17456645 0.110058508 0.318335831 0.999999940 0.999999940 0.999999940
v -0.19467843 0.108594074 0.322928845 0.999999940 0.999999940 0.999999940
v -0.19563767 0.107602559 0.340883702 0.999999940 0.999999940 0.999999940
v -0.1656466 0.109484084 0.339024692 0.999999940 0.999999940 0.999999940
v -0.18250793 0.107278071 0.360117763 0.999999940 0.999999940 0.999999940
v -0.22311635 0.104605749 0.361331075 0.999999940 0.999999940 0.999999940
v -0.20584802 0.10510052 0.371860534 0.999999940 0.999999940 0.999999940
v -0.23854646 0.103803277 0.356358826 0.999999940 0.999999940 0.999999940
v -0.25036377 0.100804753 0.393663317 0.999999940 0.999999940 0.999999940
v -0.23217782 0.102486960 0.386097967 0.999999940 0.999999940 0.999999940
v -0.21988828 0.102957576 0.391249239 0.999999940 0.999999940 0.999999940
v -0.24417928 0.098832957 0.431011498 0.999999940 0.999999940 0.999999940
v -0.26878312 0.097644805 0.423851549 0.999999940 0.999999940 0.999999940
v -0.26991603 0.098683558 0.406466960 0.999999940 0.999999940 0.999999940
v -0.25767863 0.102104522 0.362306207 0.999999940 0.999999940 0.999999940
v -0.28178433 0.096019782 0.409510493 0.999999940 0.999999940 0.999999940
v -0.27860454 0.095904454 0.416749775 0.999999940 0.999999940 0.999999940
v -0.28858843 0.097302869 0.393923550 0.999999940 0.999999940 0.999999940
v -0.26373526 0.096172608 0.454474926 0.999999940 0.999999940 0.999999940
v -0.27477953 0.096643596 0.433642834 0.999999940 0.999999940 0.999999940
v -0.25068778 0.096179194 0.466290622 0.999999940 0.999999940 0.999999940
v -0.26859868 0.094300657 0.478642463 0.999999940 0.999999940 0.999999940
v -0.27630773 0.094868809 0.450989157 0.999999940 0.999999940 0.999999940
v -0.28147706 0.095220960 0.434423357 0.999999940 0.999999940 0.999999940
v -0.28418601 0.092805296 0.428341001 0.999999940 0.999999940 0.999999940
v -0.28344601 0.092451602 0.421662986 0.999999940 0.999999940 0.999999940
v -0.283306 0.090285003 0.417082995 0.999999940 0.999999940 0.999999940
v -0.28406799 0.092485599 0.412126004 0.999999940 0.999999940 0.999999940
v -0.28831401 0.095018602 0.402200013 0.999999940 0.999999940 0.999999940
v -0.28564799 0.092475503 0.409141987 0.999999940 0.999999940 0.999999940
v -0.29255399 0.095170401 0.396512001 0.999999940 0.999999940 0.999999940
v -0.29264301 0.095593899 0.389824003 0.999999940 0.999999940 0.999999940
v -0.288625 0.096619896 0.383814007 0.999999940 0.999999940 0.999999940
v -0.28250682 0.098404020 0.374685525 0.999999940 0.999999940 0.999999940
v -0.28330201 0.098900802 0.360525995 0.999999940 0.999999940 0.999999940
v -0.28861201 0.099073797 0.354052990 0.999999940 0.999999940 0.999999940
v -0.286989 0.095161601 0.375229001 0.999999940 0.999999940 0.999999940
v -0.28983599 0.094507299 0.380257993 0.999999940 0.999999940 0.999999940
v -0.28579199 0.095505498 0.368833005 0.999999940 0.999999940 0.999999940
v -0.29207799 0.092707298 0.382939994 0.999999940 0.999999940 0.999999940
v -0.29472601 0.092712901 0.387805014 0.999999940 0.999999940 0.999999940
v -0.29565901 0.093265399 0.391328007 0.999999940 0.999999940 0.999999940
v -0.29448199 0.092774398 0.398580998 0.999999940 0.999999940 0.999999940
v -0.295647 0.092721499 0.395399004 0.999999940 0.999999940 0.999999940
v -0.28898099 0.090712197 0.405687004 0.999999940 0.999999940 0.999999940
v -0.28505507 0.088397562 0.411828666 0.999999940 0.999999940 0.999999940
v -0.28596342 0.087197147 0.428579747 0.999999940 0.999999940 0.999999940
v -0.28308901 0.085966400 0.416972994 0.999999940 0.999999940 0.999999940
v -0.28423601 0.092665702 0.437669009 0.999999940 0.999999940 0.999999940
v -0.28577298 0.088189698 0.437930941 0.999999940 0.999999940 0.999999940
v -0.28061 0.094343997 0.444725990 0.999999940 0.999999940 0.999999940
v -0.283759 0.091047599 0.443654000 0.999999940 0.999999940 0.999999940
v -0.28456801 0.082277603 0.437514990 0.999999940 0.999999940 0.999999940
v -0.283667 0.082229398 0.443002998 0.999999940 0.999999940 0.999999940
v -0.28043857 0.087970115 0.455708593 0.999999940 0.999999940 0.999999940
v -0.28360301 0.084406897 0.421429991 0.999999940 0.999999940 0.999999940
v -0.28479901 0.085201002 0.425460010 0.999999940 0.999999940 0.999999940
v -0.28485599 0.082863397 0.431277006 0.999999940 0.999999940 0.999999940
v -0.29429054 0.090757198 0.400414079 0.999999940 0.999999940 0.999999940
v -0.28937599 0.097225800 0.357178986 0.999999940 0.999999940 0.999999940
v -0.280848 0.080182202 0.444635003 0.999999940 0.999999940 0.999999940
v -0.27874199 0.081931702 0.465350002 0.999999940 0.999999940 0.999999940
v -0.278936 0.082037799 0.458644986 0.999999940 0.999999940 0.999999940
v -0.280283 0.082295097 0.451976001 0.999999940 0.999999940 0.999999940
v -0.28189999 0.079663500 0.485116988 0.999999940 0.999999940 0.999999940
v -0.28113699 0.082017697 0.479938000 0.999999940 0.999999940 0.999999940
v -0.27973801 0.083490900 0.471536010 0.999999940 0.999999940 0.999999940
v -0.27985418 0.08654394 0.467907339 0.999999940 0.999999940 0.999999940
v -0.282417 0.093001097 0.446855992 0.999999940 0.999999940 0.999999940
v -0.27950999 0.090572498 0.458759009 0.999999940 0.999999940 0.999999940
v -0.27930701 0.089097097 0.466646999 0.999999940 0.999999940 0.999999940
v -0.28277427 0.092164054 0.447526872 0.999999940 0.999999940 0.999999940
v -0.281059 0.086761497 0.479492008 0.999999940 0.999999940 0.999999940
v -0.27936101 0.089468002 0.472761988 0.999999940 0.999999940 0.999999940
v -0.28287947 0.080933883 0.484168678 0.999999940 0.999999940 0.999999940
v -0.284033 0.081044301 0.488916993 0.999999940 0.999999940 0.999999940
v -0.28564 0.078362897 0.496434003 0.999999940 0.999999940 0.999999940
v -0.285227 0.078790299 0.49357301 0.999999940 0.999999940 0.999999940
v -0.28602761 0.078853398 0.494993597 0.999999940 0.999999940 0.999999940
v -0.28508171 0.085117526 0.491210609 0.999999940 0.999999940 0.999999940
v -0.276564 0.091876603 0.479672998 0.999999940 0.999999940 0.999999940
v -0.28195301 0.089055202 0.485877007 0.999999940 0.999999940 0.999999940
v -0.27542409 0.093222469 0.466209918 0.999999940 0.999999940 0.999999940
v -0.27950302 0.092348165 0.491365283 0.999999940 0.999999940 0.999999940
v -0.284926 0.090682603 0.493831992 0.999999940 0.999999940 0.999999940
v -0.28655979 0.089326724 0.495747029 0.999999940 0.999999940 0.999999940
v -0.28579199 0.082539856 0.497671991 0.999999940 0.999999940 0.999999940
v -0.285835 0.087736800 0.497810989 0.999999940 0.999999940 0.999999940
v -0.28562 0.090151801 0.496724993 0.999999940 0.999999940 0.999999940
v 0.308348387 0.079135194 0.068340428 0.999999940 0.999999940 0.999999940
v 0.308441042 0.078198708 0.069125704 0.999999940 0.999999940 0.999999940
v 0.308815389 0.086764715 0.069395288 0.999999940 0.999999940 0.999999940
vt 0.853846967 0.457998037
vt 0.852091610 0.437579751
vt 0.855644166 0.450805962
vt 0.855956554 0.441863775
vt 0.857964396 0.449164271
vt 0.859350621 0.451795339
vt 0.857991874 0.453873038
vt 0.788510263 0.256402254
vt 0.800574183 0.249328315
vt 0.833147347 0.460334301
vt 0.833534896 0.446782052
vt 0.787759244 0.260426104
vt 0.830916643 0.437257587
vt 0.849198401 0.432517230
vt 0.856187760 0.437805295
vt 0.854370951 0.431731700
vt 0.857409179 0.433036446
vt 0.860374093 0.435237109
vt 0.860065639 0.449089646
vt 0.861170828 0.453988969
vt 0.786750257 0.256930470
vt 0.872638225 0.446776449
vt 0.787643194 0.250327527
vt 0.784903585 0.253401160
vt 0.784655749 0.242881417
vt 0.797427296 0.234015047
vt 0.834723413 0.493617892
vt 0.821828663 0.480469703
vt 0.825895667 0.469622552
vt 0.823035478 0.448162615
vt 0.811358749 0.459752082
vt 0.809333562 0.434933662
vt 0.825965523 0.423798859
vt 0.841983377 0.406008899
vt 0.855599284 0.419183313
vt 0.851169228 0.410208344
vt 0.857251703 0.429357171
vt 0.860383451 0.424907445
vt 0.857492148 0.422697365
vt 0.859322249 0.417486846
vt 0.856699347 0.412030994
vt 0.858026981 0.420106113
vt 0.853305220 0.402080237
vt 0.852095961 0.391766667
vt 0.847314000 0.390762448
vt 0.855332016 0.407639145
vt 0.830491304 0.409494936
vt 0.820356607 0.397782266
vt 0.815137505 0.413285672
vt 0.803216636 0.425524532
vt 0.795954763 0.443472802
vt 0.790480017 0.430578589
vt 0.807597160 0.451588392
vt 0.784406900 0.452441811
vt 0.808192729 0.470296442
vt 0.784779727 0.461924612
vt 0.789495945 0.470185220
vt 0.795226216 0.478524804
vt 0.766317904 0.472754716
vt 0.764467597 0.462435782
vt 0.762615501 0.452951133
vt 0.771959304 0.443464577
vt 0.777303934 0.435899138
vt 0.775041818 0.424040973
vt 0.789859294 0.415452063
vt 0.807353019 0.403751432
vt 0.789168655 0.393526613
vt 0.812276840 0.385554850
vt 0.826786220 0.367389142
vt 0.843572199 0.376584529
vt 0.820900797 0.377023935
vt 0.791771352 0.381674885
vt 0.803862094 0.375744879
vt 0.778963804 0.403364419
vt 0.766871094 0.392879903
vt 0.777000725 0.383002221
vt 0.772661149 0.411802351
vt 0.761669933 0.433314800
vt 0.762072384 0.420260310
vt 0.754508495 0.445150136
vt 0.745061874 0.459022939
vt 0.746809840 0.472323179
vt 0.775257289 0.484547495
vt 0.754175245 0.482796251
vt 0.797755062 0.488809645
vt 0.781227886 0.502271652
vt 0.762973785 0.496732115
vt 0.741772651 0.488265276
vt 0.727591693 0.478882968
vt 0.731428563 0.467774391
vt 0.728853166 0.455275833
vt 0.742133796 0.442805528
vt 0.746784150 0.429368019
vt 0.747338593 0.421617746
vt 0.753545701 0.411842048
vt 0.760215163 0.402963757
vt 0.762199699 0.381899714
vt 0.753060996 0.39402771
vt 0.777847766 0.37041682
vt 0.752294480 0.383136749
vt 0.762821376 0.369330763
vt 0.744330644 0.395694792
vt 0.747517168 0.402497768
vt 0.737406373 0.412393689
vt 0.735711097 0.425495564
vt 0.731257498 0.441200077
vt 0.715149164 0.456403434
vt 0.711277365 0.469390809
vt 0.723626315 0.493919909
vt 0.714312732 0.480488538
vt 0.745137393 0.506008029
vt 0.733706295 0.502070009
vt 0.759017050 0.512508690
vt 0.750089466 0.523022830
vt 0.730797231 0.517679631
vt 0.717025101 0.509757697
vt 0.705140829 0.504755497
vt 0.702441215 0.492401421
vt 0.695686161 0.483535647
vt 0.573509872 0.515290021
vt 0.565128684 0.525900185
vt 0.715737462 0.442054033
vt 0.572368443 0.504435360
vt 0.726530551 0.431718647
vt 0.729660689 0.417710363
vt 0.724148273 0.410292804
vt 0.736615181 0.40672189
vt 0.738388657 0.387103736
vt 0.734296739 0.401439309
vt 0.723798334 0.399906337
vt 0.715150296 0.406759321
vt 0.718628168 0.422633647
vt 0.713622808 0.416973650
vt 0.712821960 0.424467623
vt 0.558328747 0.498422682
vt 0.559819221 0.512944221
vt 0.548753321 0.535156965
vt 0.555822193 0.538832426
vt 0.559874117 0.548496127
vt 0.692491233 0.501717269
vt 0.699629187 0.516326069
vt 0.685658693 0.507805466
vt 0.718164384 0.523216724
vt 0.696082711 0.527165889
vt 0.677887022 0.520316898
vt 0.662309467 0.511388063
vt 0.536711573 0.556587457
vt 0.542856872 0.526737391
vt 0.528407454 0.548218250
vt 0.545162916 0.513050556
vt 0.542465806 0.501524448
vt 0.536904752 0.491238236
vt 0.536001622 0.481919050
vt 0.535561084 0.469052195
vt 0.717004060 0.396440088
vt 0.730874717 0.392250597
vt 0.725628912 0.385954737
vt 0.731992900 0.379124939
vt 0.724839270 0.376421034
vt 0.718187987 0.384172558
vt 0.526501953 0.464579999
vt 0.525837481 0.450211525
vt 0.519272446 0.479488849
vt 0.516121625 0.490718781
vt 0.522431254 0.504463195
vt 0.528928637 0.517685592
vt 0.527849197 0.534685254
vt 0.511676549 0.546447575
vt 0.499529123 0.562091708
vt 0.511276304 0.564418077
vt 0.522536754 0.572633385
vt 0.659286141 0.524062752
vt 0.530158877 0.581757426
vt 0.515592396 0.588456928
vt 0.505542397 0.575934886
vt 0.476939857 0.567860126
vt 0.487285673 0.553935051
vt 0.484503239 0.579014062
vt 0.513810694 0.532485961
vt 0.496043533 0.543439030
vt 0.516496062 0.516172945
vt 0.503032684 0.512783825
vt 0.507636129 0.498778164
vt 0.502006948 0.485027909
vt 0.494925141 0.498214602
vt 0.509957790 0.474684238
vt 0.511351287 0.460439145
vt 0.510360181 0.449128210
vt 0.527897954 0.435486912
vt 0.506526708 0.440980613
vt 0.506129324 0.430655062
vt 0.527108430 0.421248078
vt 0.536310255 0.425650775
vt 0.493237018 0.458611130
vt 0.491279214 0.473179876
vt 0.489456296 0.484807133
vt 0.480767160 0.496975302
vt 0.475378066 0.512019157
vt 0.487903147 0.516345858
vt 0.487670600 0.528566122
vt 0.500323772 0.531013548
vt 0.477256029 0.542199373
vt 0.465286910 0.553768992
vt 0.467604696 0.533333182
vt 0.462719589 0.509267211
vt 0.458872854 0.525205612
vt 0.466045349 0.492759347
vt 0.479630708 0.477390766
vt 0.485406786 0.450364530
vt 0.474401205 0.466104865
vt 0.491805285 0.439063966
vt 0.517416775 0.417398691
vt 0.500050544 0.422683298
vt 0.487678915 0.427216410
vt 0.532958328 0.407564401
vt 0.549899995 0.417027354
vt 0.558461785 0.405944824
vt 0.544899165 0.40360111
vt 0.738337755 0.369776606
vt 0.520156800 0.406910777
vt 0.531523108 0.398198545
vt 0.503174245 0.413796842
vt 0.489125669 0.411856889
vt 0.476375728 0.437741577
vt 0.471114546 0.424652576
vt 0.470742404 0.454224228
vt 0.459086507 0.467150807
vt 0.462395608 0.480353117
vt 0.452144384 0.504838109
vt 0.451225906 0.490108847
vt 0.441930621 0.525285601
vt 0.444286376 0.543136715
vt 0.427066445 0.546999573
vt 0.426452398 0.526900649
vt 0.437663972 0.514207363
vt 0.439186066 0.496275961
vt 0.443166136 0.478527724
vt 0.444930195 0.465294420
vt 0.460001230 0.456976175
vt 0.460099786 0.445565283
vt 0.458925902 0.433473885
vt 0.468381881 0.411458909
vt 0.458207964 0.419916153
vt 0.507648944 0.401410996
vt 0.493998318 0.396626234
vt 0.479546815 0.404929518
vt 0.518340110 0.396806538
vt 0.504879951 0.387844622
vt 0.477259546 0.391983747
vt 0.484618991 0.383170902
vt 0.461242288 0.397340178
vt 0.448980808 0.409886241
vt 0.441086143 0.435109794
vt 0.439385920 0.420293331
vt 0.441379934 0.446755468
vt 0.446471571 0.454286575
vt 0.428172946 0.476155817
vt 0.430792540 0.463459610
vt 0.425109028 0.490735054
vt 0.426887065 0.507490754
vt 0.409403026 0.524582266
vt 0.409887671 0.512337088
vt 0.412622153 0.498095452
vt 0.415033936 0.482448160
vt 0.421158403 0.466393470
vt 0.416634470 0.454127430
vt 0.430642008 0.441025018
vt 0.426705598 0.431331872
vt 0.437793314 0.405131995
vt 0.421889483 0.420523822
vt 0.466462016 0.382506728
vt 0.448827564 0.388647794
vt 0.474558144 0.372229099
vt 0.489416241 0.371787965
vt 0.448782086 0.376939177
vt 0.457644611 0.364856004
vt 0.431714415 0.379981160
vt 0.429262369 0.392159581
vt 0.414247632 0.403829753
vt 0.404238104 0.422203004
vt 0.405795306 0.434757292
vt 0.411277681 0.447102844
vt 0.408482134 0.473039865
vt 0.399297922 0.464364707
vt 0.402358293 0.490489661
vt 0.399323821 0.503885984
vt 0.395191937 0.519658446
vt 0.384747564 0.512386500
vt 0.386237740 0.497790217
vt 0.395444035 0.480265855
vt 0.388667464 0.466913998
vt 0.392054081 0.446152389
vt 0.388930350 0.425268709
vt 0.381495833 0.433139681
vt 0.398793488 0.412022411
vt 0.397950559 0.398945212
vt 0.412817269 0.386390805
vt 0.412882268 0.373568713
vt 0.419988632 0.361805975
vt 0.437504261 0.367659747
vt 0.440077960 0.356195926
vt 0.475161135 0.357317864
vt 0.459040701 0.350664436
vt 0.442730784 0.341244101
vt 0.425278097 0.348521232
vt 0.407670915 0.347188234
vt 0.401189774 0.364935576
vt 0.399267762 0.381214380
vt 0.388254404 0.384470343
vt 0.381095081 0.396094739
vt 0.378732532 0.408218920
vt 0.371423304 0.419596493
vt 0.371845096 0.447461545
vt 0.365389913 0.433320462
vt 0.378054708 0.460393905
vt 0.383006840 0.484731257
vt 0.375655382 0.479624152
vt 0.364181637 0.500782489
vt 0.366437673 0.479194879
vt 0.362846881 0.464499056
vt 0.358432143 0.450410664
vt 0.352484941 0.415925741
vt 0.350652188 0.433789312
vt 0.359978556 0.402894854
vt 0.369017779 0.390291035
vt 0.390617132 0.366341888
vt 0.377419769 0.372595369
vt 0.391772538 0.353053569
vt 0.419167995 0.336295008
vt 0.403870135 0.323822557
vt 0.396016687 0.338649153
vt 0.434152454 0.338966012
vt 0.427340835 0.326942145
vt 0.414986074 0.315263330
vt 0.389951556 0.326690852
vt 0.388127774 0.312011539
vt 0.402485132 0.303435027
vt 0.377744019 0.336721718
vt 0.374269604 0.353534102
vt 0.364274472 0.362358808
vt 0.362029224 0.380288958
vt 0.350421637 0.396551251
vt 0.338337451 0.404611587
vt 0.335616082 0.417635679
vt 0.347632020 0.449661195
vt 0.329469203 0.426412046
vt 0.340548783 0.438355207
vt 0.342709332 0.462176442
vt 0.328624934 0.447817623
vt 0.324153363 0.436009645
vt 0.313981592 0.414172232
vt 0.306843072 0.422469079
vt 0.321827411 0.402776479
vt 0.339373081 0.388888716
vt 0.325211376 0.392734825
vt 0.345112234 0.372573316
vt 0.354769021 0.368027329
vt 0.345737576 0.355859041
vt 0.353403449 0.348581135
vt 0.364710897 0.340137302
vt 0.377433061 0.317685365
vt 0.366327375 0.323816835
vt 0.372589230 0.306114375
vt 0.354768216 0.315543413
vt 0.347532063 0.334606468
vt 0.334015876 0.341979324
vt 0.329660266 0.357271730
vt 0.330196291 0.376276373
vt 0.309512525 0.380538582
vt 0.306169807 0.392051398
vt 0.304676085 0.404873669
vt 0.283928692 0.404524385
vt 0.303857922 0.441691100
vt 0.293377846 0.425286591
vt 0.322572290 0.465032219
vt 0.308586776 0.454520821
vt 0.283056676 0.435519039
vt 0.290511786 0.454135179
vt 0.277351707 0.415001571
vt 0.289202064 0.39241606
vt 0.264500945 0.397387981
vt 0.276303410 0.387511074
vt 0.291732788 0.375100672
vt 0.305965304 0.368464708
vt 0.320538938 0.366416156
vt 0.313093423 0.353100657
vt 0.338615894 0.325005829
vt 0.326181232 0.331655085
vt 0.314628839 0.337790966
vt 0.062607444 0.214291930
vt 0.070773847 0.201789021
vt 0.074777960 0.188442111
vt 0.067363657 0.170338451
vt 0.297773659 0.346535623
vt 0.296155005 0.361787915
vt 0.280231177 0.369806051
vt 0.273621916 0.373386979
vt 0.258028984 0.381095409
vt 0.254837453 0.413519382
vt 0.245508566 0.40236938
vt 0.247507661 0.386218130
vt 0.270699441 0.426137268
vt 0.274427175 0.444169521
vt 0.293596148 0.464688122
vt 0.275032699 0.456755101
vt 0.257065802 0.456424772
vt 0.257710605 0.433207213
vt 0.241550520 0.430364191
vt 0.238724619 0.415893912
vt 0.217097997 0.406661033
vt 0.227621838 0.394400477
vt 0.244553715 0.373690009
vt 0.221422925 0.379828453
vt 0.264668822 0.363267958
vt 0.286486834 0.359078824
vt 0.053123876 0.134310901
vt 0.065677762 0.148888528
vt 0.072970248 0.160118997
vt 0.082060203 0.176501154
vt 0.085310496 0.194067001
vt 0.090816207 0.165747463
vt 0.096308656 0.181852936
vt 0.084336645 0.152771413
vt 0.074729092 0.135505855
vt 0.062757328 0.123755931
vt 0.062796831 0.106916189
vt 0.062036547 0.073726117
vt 0.069541566 0.094937682
vt 0.208534807 0.391401886
vt 0.211378410 0.385877609
vt 0.210101485 0.399699091
vt 0.220695093 0.398590147
vt 0.055243093 0.053713619
vt 0.201418012 0.412223041
vt 0.197685033 0.409762263
vt 0.193649098 0.408648848
vt 0.191549822 0.407673001
vt 0.053215369 0.027942299
vt 0.064032718 0.034992575
vt 0.077732816 0.040715515
vt 0.066912367 0.055488407
vt 0.080542266 0.067658543
vt 0.080943271 0.084440410
vt 0.082829415 0.103688180
vt 0.079529009 0.118769347
vt 0.085760258 0.128789901
vt 0.097448475 0.142137885
vt 0.104224465 0.154974579
vt 0.108192220 0.167387485
vt 0.117318689 0.141663074
vt 0.123534441 0.154784679
vt 0.104067497 0.130934417
vt 0.100788481 0.119752883
vt 0.096491999 0.109021604
vt 0.098718248 0.095666289
vt 0.095940835 0.081486463
vt 0.098732903 0.064881146
vt 0.083631634 0.055272102
vt 0.096100516 0.032636761
vt 0.101754717 0.045732796
vt 0.063297346 0.029606580
vt 0.079491116 0.029472112
vt 0.093313783 0.026178300
vt 0.100260995 0.027151644
vt 0.104433968 0.028780698
vt 0.108229279 0.033086240
vt 0.115028336 0.027920901
vt 0.123363912 0.050140738
vt 0.117924071 0.061606109
vt 0.112790703 0.075689375
vt 0.115839377 0.092331171
vt 0.112055838 0.102080702
vt 0.114875026 0.121884822
vt 0.129074364 0.134832263
vt 0.134408876 0.147719860
vt 0.124125957 0.168629348
vt 0.136905446 0.164541304
vt 0.143722683 0.135810911
vt 0.152690351 0.157459199
vt 0.152992412 0.139676272
vt 0.131083086 0.121979057
vt 0.124658487 0.109221279
vt 0.138245895 0.099596440
vt 0.128391459 0.083314776
vt 0.138782411 0.060594201
vt 0.138918831 0.031294703
vt 0.124208398 0.022511661
vt 0.110370703 0.024740636
vt 0.117656715 0.021735429
vt 0.108366079 0.022293150
vt 0.111230231 0.022019326
vt 0.114345215 0.019082784
vt 0.117362245 0.018617272
vt 0.121240958 0.016411542
vt 0.121622875 0.019036710
vt 0.137495949 0.024715185
vt 0.129702612 0.020371437
vt 0.125447988 0.018684387
vt 0.162844091 0.046581029
vt 0.154034003 0.036440908
vt 0.151790410 0.026708960
vt 0.148934394 0.023541152
vt 0.150822520 0.078221082
vt 0.160742446 0.066190481
vt 0.143327325 0.087397992
vt 0.142297193 0.116743683
vt 0.150684714 0.105229318
vt 0.156053125 0.121346294
vt 0.161651894 0.096584081
vt 0.167288318 0.107211291
vt 0.163301765 0.080960929
vt 0.175984054 0.078824520
vt 0.234378621 0.583828806
vt 0.163781195 0.021193146
vt 0.154991567 0.019998550
vt 0.147893488 0.020063698
vt 0.152305662 0.019346416
vt 0.143141865 0.021944463
vt 0.138543441 0.021132767
vt 0.133016526 0.018120467
vt 0.125317320 0.016376316
vt 0.129775658 0.017810523
vt 0.129571661 0.014102578
vt 0.124169275 0.011073827
vt 0.137468963 0.017990827
vt 0.142356321 0.019741416
vt 0.151620745 0.017172455
vt 0.146075516 0.017230510
vt 0.154369518 0.017873406
vt 0.159906014 0.016901373
vt 0.241045251 0.558963239
vt 0.237120926 0.570810139
vt 0.226688176 0.544236898
vt 0.233969137 0.545235991
vt 0.237232491 0.549834847
vt 0.245111912 0.578494966
vt 0.244155347 0.592003941
vt 0.261146277 0.567941665
vt 0.247905045 0.555447697
vt 0.241712912 0.550199627
vt 0.247267007 0.553670525
vt 0.240492478 0.547576665
vt 0.234863892 0.543375432
vt 0.237839177 0.544573128
vt 0.233098685 0.541462898
vt 0.163591295 0.00545156
vt 0.166353225 0.002828955
vt 0.162676513 0.007819175
vt 0.161663681 0.011816799
vt 0.160752445 0.010291039
vt 0.157046809 0.014830827
vt 0.155181184 0.011934697
vt 0.150673508 0.012136280
vt 0.158897012 0.007529735
vt 0.154899761 0.009125173
vt 0.162085965 0.005166530
vt 0.165076851 0.001611411
vt 0.163532435 0.000903427
vt 0.234853059 0.538654923
vt 0.240830004 0.541806697
vt 0.241589397 0.545648217
vt 0.255079418 0.55922997
vt 0.252457350 0.551988065
vt 0.257258296 0.563660264
vt 0.258231669 0.560001492
vt 0.252941697 0.549058079
vt 0.249599739 0.547669947
vt 0.265948325 0.560164809
vt 0.258731782 0.553731799
vt 0.244170486 0.541997551
vt 0.247068449 0.544068336
vt 0.243644401 0.539081573
vt 0.237927958 0.538665354
vt 0.235015511 0.532935380
vt 0.237122610 0.535841703
vt 0.235240802 0.526095747
vt 0.161128804 0.003492236
vt 0.159081220 0.005964815
vt 0.157281905 0.006633818
vt 0.153722599 0.006566345
vt 0.151394248 0.011024475
vt 0.239049375 0.534781098
vt 0.246490508 0.506770372
vt 0.247400730 0.538849592
vt 0.252902865 0.546792209
vt 0.258999794 0.550093412
vt 0.262221455 0.554333806
vt 0.266592800 0.556870818
vt 0.270339876 0.561171293
vt 0.261811733 0.563893318
vt 0.273834914 0.567691922
vt 0.262626200 0.565380752
vt 0.271264493 0.572034180
vt 0.278322666 0.572145938
vt 0.267414003 0.569021105
vt 0.276696860 0.565972328
vt 0.273458391 0.563269138
vt 0.274177849 0.560694217
vt 0.270591318 0.555575966
vt 0.268943220 0.546357333
vt 0.249361574 0.519182741
vt 0.286452561 0.564781904
vt 0.297701388 0.556947350
vt 0.285951674 0.541374445
vt 0.275398641 0.531982779
vt 0.279628902 0.564183950
vt 0.279935479 0.569744408
vt 0.279084920 0.576355695
vt 0.274391442 0.574677050
vt 0.282489776 0.574113845
vt 0.268205404 0.573724627
vt 0.265903472 0.570095360
vt 0.257685691 0.585392534
vt 0.270497173 0.582107305
vt 0.275079608 0.579124689
vt 0.278789043 0.581057429
vt 0.282171726 0.578260541
vt 0.285290718 0.576924860
vt 0.285473585 0.571300745
vt 0.289732307 0.579205632
vt 0.296987831 0.570901751
vt 0.298700600 0.546417117
vt 0.318602711 0.546555042
vt 0.304429918 0.574697256
vt 0.316178619 0.563171863
vt 0.302224278 0.536239385
vt 0.288156688 0.523372709
vt 0.269838094 0.516843438
vt 0.278806507 0.509422302
vt 0.293040812 0.505360305
vt 0.305724948 0.521160781
vt 0.321113348 0.526314258
vt 0.330023080 0.530508458
vt 0.339204013 0.542013645
vt 0.330386787 0.553668856
vt 0.329579621 0.566908001
vt 0.312190204 0.581141829
vt 0.295387506 0.599728941
vt 0.288549304 0.603181242
vt 0.287198692 0.583200156
vt 0.283852487 0.580604910
vt 0.281213045 0.583129644
vt 0.285224288 0.587832331
vt 0.283155411 0.588862419
vt 0.286228358 0.593260645
vt 0.304627180 0.609763324
vt 0.298451840 0.612637162
vt 0.291857034 0.611264467
vt 0.289179951 0.607460618
vt 0.28601408 0.604502260
vt 0.286938995 0.599485814
vt 0.286114394 0.603387713
vt 0.317076295 0.607868909
vt 0.325723767 0.589020848
vt 0.348711460 0.555102706
vt 0.338730931 0.571050524
vt 0.341814905 0.530819773
vt 0.354861706 0.533146500
vt 0.358649075 0.546056270
vt 0.342307031 0.515331506
vt 0.357622295 0.522463917
vt 0.367239892 0.535409152
vt 0.374250054 0.550421834
vt 0.367776691 0.561520934
vt 0.350803852 0.575985074
vt 0.337596684 0.586758136
vt 0.337688475 0.604066610
vt 0.329427272 0.628447771
vt 0.310735404 0.619451761
vt 0.334019660 0.616242647
vt 0.328771144 0.658412218
vt 0.312708437 0.640422344
vt 0.308549165 0.626283168
vt 0.302635729 0.618479371
vt 0.341123133 0.629306614
vt 0.331771224 0.646833658
vt 0.345840156 0.614290475
vt 0.350271612 0.596059799
vt 0.360803097 0.581166744
vt 0.386686563 0.562960624
vt 0.369527876 0.579698026
vt 0.378319948 0.573697805
vt 0.383811175 0.536303401
vt 0.390336245 0.548599660
vt 0.380588263 0.522613525
vt 0.372938633 0.510708451
vt 0.397765994 0.532558441
vt 0.400193303 0.560034871
vt 0.404503285 0.541321873
vt 0.392955392 0.576448977
vt 0.379716664 0.587987780
vt 0.366090714 0.599202632
vt 0.353813678 0.613509714
vt 0.352820307 0.641085028
vt 0.341149240 0.664183974
vt 0.353237181 0.672285437
vt 0.341311693 0.671042084
vt 0.336779177 0.665704190
vt 0.348019063 0.677026867
vt 0.363413959 0.619513630
vt 0.364790886 0.632401347
vt 0.36452654 0.650625109
vt 0.377931237 0.60275805
vt 0.390147179 0.593031048
vt 0.403569668 0.585931301
vt 0.406550169 0.572843134
vt 0.410375058 0.552383303
vt 0.418204784 0.534238815
vt 0.423135519 0.560240447
vt 0.418705165 0.575649976
vt 0.399459987 0.599512100
vt 0.420156717 0.587344884
vt 0.385152667 0.607125163
vt 0.379193067 0.621562778
vt 0.371380507 0.639322161
vt 0.377765715 0.642453134
vt 0.369736343 0.659773647
vt 0.354143410 0.685101985
vt 0.367954373 0.679769516
vt 0.384769856 0.658354520
vt 0.391502916 0.620999097
vt 0.390349000 0.642943382
vt 0.407680541 0.604011833
vt 0.426462501 0.59897089
vt 0.437387555 0.582898974
vt 0.436575412 0.565725207
vt 0.449852705 0.568088650
vt 0.451826810 0.549886345
vt 0.444745004 0.599550843
vt 0.449927568 0.585828959
vt 0.434124350 0.61224401
vt 0.416680246 0.611598730
vt 0.406425535 0.622111082
vt 0.398658335 0.629799604
vt 0.401642262 0.644363999
vt 0.395010232 0.668589115
vt 0.382453471 0.679680347
vt 0.329353690 0.200592100
vt 0.341691255 0.187967836
vt 0.348859369 0.684804439
vt 0.338080346 0.217589020
vt 0.340619266 0.201901972
vt 0.344594478 0.193523168
vt 0.331054925 0.186285376
vt 0.346488207 0.189972400
vt 0.349911242 0.187420010
vt 0.351095706 0.184834897
vt 0.347789466 0.176883637
vt 0.349896043 0.180726587
vt 0.352820545 0.181896269
vt 0.395503312 0.683739841
vt 0.408087581 0.672172188
vt 0.409381717 0.650489687
vt 0.418294608 0.628778398
vt 0.449645608 0.615784764
vt 0.430258274 0.623404264
vt 0.426170140 0.639839053
vt 0.416725367 0.654110670
vt 0.317035228 0.188796877
vt 0.310459941 0.188677430
vt 0.293633192 0.195641517
vt 0.341707617 0.169998228
vt 0.355288118 0.176599443
vt 0.356653481 0.174215674
vt 0.353903144 0.170802176
vt 0.347568541 0.170632004
vt 0.356994330 0.179336428
vt 0.358175754 0.181017994
vt 0.347680300 0.198101759
vt 0.345186084 0.195523142
vt 0.357495456 0.187436044
vt 0.356522768 0.190991222
vt 0.353958487 0.196241617
vt 0.349324613 0.203911483
vt 0.346547365 0.206647574
vt 0.343328028 0.206081986
vt 0.342892557 0.202495276
vt 0.345504045 0.198623180
vt 0.363474786 0.177840888
vt 0.363438099 0.175374209
vt 0.363053172 0.179543495
vt 0.361529558 0.183163583
vt 0.359748929 0.174957513
vt 0.359555125 0.171465158
vt 0.354600727 0.167694509
vt 0.357003748 0.169793129
vt 0.344815492 0.159842908
vt 0.350881278 0.164575517
vt 0.341023951 0.162864565
vt 0.348024159 0.158170938
vt 0.351778358 0.161878943
vt 0.335589200 0.145969867
vt 0.341095149 0.151620745
vt 0.345476985 0.156445264
vt 0.354074597 0.164897322
vt 0.357353240 0.166435897
vt 0.363103568 0.170300245
vt 0.366505265 0.172314047
vt 0.366590619 0.175345957
vt 0.368326187 0.178343951
vt 0.362853974 0.182934343
vt 0.360233455 0.189359426
vt 0.375161856 0.176583647
vt 0.371445447 0.166991412
vt 0.365669220 0.166432738
vt 0.361500740 0.166248381
vt 0.355842590 0.159908235
vt 0.346404939 0.153644502
vt 0.358803749 0.162870109
vt 0.343801975 0.152443707
vt 0.339616239 0.145714521
vt 0.344189077 0.149200201
vt 0.472568452 0.687146782
vt 0.340818077 0.133205115
vt 0.340382009 0.139322102
vt 0.339817374 0.143672108
vt 0.342963755 0.145500183
vt 0.340254396 0.145217001
vt 0.346917003 0.148756861
vt 0.348873764 0.150411903
vt 0.356870025 0.156055033
vt 0.354466706 0.146013200
vt 0.378051400 0.146206975
vt 0.375370234 0.157361030
vt 0.349949061 0.147328734
vt 0.345468670 0.145310819
vt 0.343214988 0.143166899
vt 0.341836512 0.141359388
vt 0.343754321 0.136305213
vt 0.344087719 0.139600634
vt 0.343199163 0.128632962
vt 0.347705394 0.129332840
vt 0.479065865 0.699482917
vt 0.345280498 0.123372912
vt 0.351904302 0.121804058
vt 0.350457549 0.129894614
vt 0.352982550 0.125067591
vt 0.347533017 0.133547008
vt 0.346594959 0.135700464
vt 0.347210854 0.142870426
vt 0.348113864 0.138695478
vt 0.345250695 0.143889725
vt 0.345022350 0.143997788
vt 0.353471070 0.131355583
vt 0.363028049 0.121416807
vt 0.379190027 0.128488481
vt 0.388972610 0.140849173
vt 0.391462177 0.154926776
vt 0.390357315 0.165047645
vt 0.402090936 0.146146535
vt 0.407590419 0.166307926
vt 0.411810517 0.155734956
vt 0.393189102 0.130483865
vt 0.385961294 0.115061402
vt 0.358234077 0.104744792
vt 0.375120043 0.098434627
vt 0.358492255 0.117363512
vt 0.349594980 0.134510219
vt 0.354705780 0.119819760
vt 0.355369359 0.114161014
vt 0.356383889 0.110530197
vt 0.357385695 0.098995804
vt 0.369849979 0.087123274
vt 0.353025287 0.105413198
vt 0.354495644 0.102081656
vt 0.355476766 0.107491910
vt 0.392439961 0.103050291
vt 0.389123737 0.089567184
vt 0.383853316 0.077813446
vt 0.402499049 0.124215364
vt 0.405923754 0.118272841
vt 0.410819232 0.135494232
vt 0.413974314 0.145553588
vt 0.431960165 0.156746089
vt 0.422251641 0.165835380
vt 0.401663869 0.173138320
vt 0.418177485 0.177344679
vt 0.439628660 0.170126974
vt 0.436195880 0.187467038
vt 0.453939646 0.160962224
vt 0.432632863 0.145992577
vt 0.420976281 0.127736866
vt 0.413448721 0.112396776
vt 0.402780175 0.103263378
vt 0.399809539 0.089497149
vt 0.394129008 0.075941443
vt 0.375016927 0.070767760
vt 0.401348054 0.056840181
vt 0.363809257 0.088786959
vt 0.367513597 0.081614315
vt 0.368977695 0.070331037
vt 0.379363328 0.047835767
vt 0.371198862 0.060593247
vt 0.411761492 0.067472457
vt 0.423844575 0.056194782
vt 0.429274439 0.048256397
vt 0.415853023 0.041105449
vt 0.409074217 0.079422056
vt 0.412078827 0.090775907
vt 0.417341589 0.101483881
vt 0.430054575 0.108623623
vt 0.438847988 0.135800421
vt 0.433684378 0.118350625
vt 0.451666802 0.142807900
vt 0.448152422 0.126295447
vt 0.451111733 0.111071705
vt 0.437460452 0.096796989
vt 0.455134570 0.101682424
vt 0.431485235 0.089576065
vt 0.424979895 0.081488966
vt 0.426001787 0.073343813
vt 0.437846243 0.064076900
vt 0.443694144 0.05531317
vt 0.446721315 0.046749234
vt 0.433669507 0.041712403
vt 0.397976964 0.038725018
vt 0.425359845 0.035400152
vt 0.416018486 0.029833197
vt 0.452549338 0.037834107
vt 0.438341468 0.032337307
vt 0.459086656 0.053426265
vt 0.460116237 0.045470655
vt 0.450658023 0.066450059
vt 0.450513631 0.079075813
vt 0.454940885 0.089066803
vt 0.472675770 0.092625916
vt 0.468363285 0.106166601
vt 0.462741941 0.120575189
vt 0.461103856 0.134095013
vt 0.466273993 0.149115264
vt 0.475491464 0.124349951
vt 0.478596180 0.139239430
vt 0.484069675 0.105541408
vt 0.494211435 0.093200802
vt 0.483318686 0.080907881
vt 0.467366993 0.080308854
vt 0.470058083 0.069738507
vt 0.477907031 0.059219360
vt 0.478378236 0.047273278
vt 0.467970341 0.039893567
vt 0.453505784 0.031047582
vt 0.425804108 0.023221552
vt 0.442987233 0.025535285
vt 0.456330508 0.025317907
vt 0.467580914 0.030921816
vt 0.476240128 0.033104777
vt 0.215787768 0.885828435
vt 0.221522316 0.889801085
vt 0.496564716 0.058777391
vt 0.489887535 0.070099115
vt 0.507936775 0.074042856
vt 0.499281376 0.085682034
vt 0.512063682 0.094813525
vt 0.499882251 0.104620337
vt 0.496868431 0.123799264
vt 0.488659679 0.133955240
vt 0.4963606 0.149944007
vt 0.477859497 0.152925908
vt 0.509654879 0.140546381
vt 0.511065781 0.124413788
vt 0.509757876 0.109088003
vt 0.518005073 0.085968852
vt 0.525138497 0.100609779
vt 0.527139186 0.075246989
vt 0.518491923 0.062320947
vt 0.515237927 0.053828775
vt 0.218973606 0.87264359
vt 0.208053588 0.875385046
vt 0.473416000 0.024255514
vt 0.201304361 0.874275028
vt 0.463623553 0.021215677
vt 0.464927524 0.013184726
vt 0.187274783 0.871206522
vt 0.194426626 0.869879066
vt 0.195779666 0.855225563
vt 0.204996302 0.859048843
vt 0.213952034 0.862376928
vt 0.536956310 0.052032291
vt 0.543799340 0.064025223
vt 0.544618248 0.077505886
vt 0.537967979 0.089387774
vt 0.551425218 0.100834131
vt 0.541841864 0.109383761
vt 0.526219427 0.113605141
vt 0.525133192 0.128715455
vt 0.540151536 0.126499474
vt 0.558502972 0.124690294
vt 0.568293690 0.112567722
vt 0.558146774 0.091837048
vt 0.580596387 0.101880013
vt 0.560234963 0.072426021
vt 0.561391770 0.081602513
vt 0.552660942 0.055046141
vt 0.569747746 0.063802659
vt 0.551691114 0.041911542
vt 0.206242442 0.846760630
vt 0.186579436 0.851563572
vt 0.182263106 0.830537855
vt 0.173172220 0.868315100
vt 0.178609803 0.855838775
vt 0.175243392 0.834976673
vt 0.571309089 0.022806525
vt 0.575282931 0.016233921
vt 0.170993775 0.817918479
vt 0.181456342 0.811282873
vt 0.568071842 0.030260324
vt 0.569704651 0.040089428
vt 0.562580525 0.050643742
vt 0.583808004 0.057488679
vt 0.588591873 0.070560634
vt 0.575120449 0.076617956
vt 0.581880271 0.092399060
vt 0.591344058 0.114617049
vt 0.600849449 0.102621138
vt 0.573761582 0.121703326
vt 0.603437483 0.129387915
vt 0.607090652 0.114343822
vt 0.591196060 0.128677249
vt 0.617556750 0.105394363
vt 0.597210168 0.091810286
vt 0.592617750 0.080120444
vt 0.601911544 0.064430713
vt 0.609249711 0.076542079
vt 0.579512298 0.046471595
vt 0.603268086 0.054749548
vt 0.581315457 0.034518897
vt 0.587610542 0.024747252
vt 0.591140508 0.013548612
vt 0.611025631 0.009111702
vt 0.174521803 0.790645599
vt 0.170227989 0.802485823
vt 0.606164991 0.021047234
vt 0.601865828 0.032951891
vt 0.600939273 0.043657004
vt 0.623797595 0.066703498
vt 0.613056719 0.052807211
vt 0.622350215 0.081273376
vt 0.613013386 0.089621424
vt 0.621142387 0.120820462
vt 0.635651946 0.112686276
vt 0.636706709 0.101703763
vt 0.616497874 0.130435109
vt 0.634636938 0.134368240
vt 0.642721176 0.124159395
vt 0.657214701 0.120657086
vt 0.649033367 0.105737090
vt 0.642041206 0.092339992
vt 0.640084862 0.077884972
vt 0.645563840 0.063968479
vt 0.633779645 0.053361773
vt 0.617825806 0.047305226
vt 0.620600163 0.040223836
vt 0.617685496 0.031735718
vt 0.623085796 0.022616565
vt 0.633831322 0.015132069
vt 0.172706440 0.769075155
vt 0.163528144 0.783634901
vt 0.163699120 0.804587006
vt 0.163796216 0.763947427
vt 0.155949130 0.789599716
vt 0.151583358 0.777919828
vt 0.181316778 0.752279698
vt 0.173487827 0.747148990
vt 0.645457029 0.026600122
vt 0.650498330 0.022563695
vt 0.636147797 0.033631086
vt 0.643030464 0.043401658
vt 0.655887842 0.055087447
vt 0.653222918 0.074013888
vt 0.662935018 0.063403368
vt 0.658896803 0.087841391
vt 0.663936257 0.100389123
vt 0.668620765 0.111293137
vt 0.683022260 0.106850683
vt 0.677763879 0.090197444
vt 0.667355775 0.075340092
vt 0.678008496 0.065485894
vt 0.668033242 0.055321931
vt 0.656649053 0.04062289
vt 0.667260468 0.031103432
vt 0.191674843 0.733402013
vt 0.184770301 0.732356309
vt 0.175869628 0.727236867
vt 0.165556877 0.736241281
vt 0.161678642 0.750081300
vt 0.152831494 0.756905436
vt 0.144146010 0.788256883
vt 0.144474312 0.768692612
vt 0.155951380 0.731077671
vt 0.141315415 0.751722931
vt 0.16876477 0.718463420
vt 0.183102652 0.712404727
vt 0.192429065 0.715996623
vt 0.667955040 0.044880151
vt 0.679587185 0.040537059
vt 0.684413313 0.057071447
vt 0.692146182 0.074728012
vt 0.682988941 0.078277230
vt 0.694401741 0.089814901
vt 0.693574786 0.101057529
vt 0.690448224 0.11889714
vt 0.709157109 0.098489284
vt 0.705942571 0.111089408
vt 0.710311234 0.086725533
vt 0.701603949 0.070548117
vt 0.697986960 0.053564727
vt 0.691365778 0.036503672
vt 0.704170584 0.026793360
vt 0.178202077 0.702571630
vt 0.172986134 0.701075911
vt 0.158551797 0.709890127
vt 0.149272918 0.719316363
vt 0.145029068 0.732730746
vt 0.134203001 0.773656368
vt 0.133677735 0.744666993
vt 0.128482073 0.762705981
vt 0.139275729 0.795681536
vt 0.125793233 0.789921462
vt 0.119628079 0.770037770
vt 0.120907478 0.752409040
vt 0.136150658 0.729949057
vt 0.122721672 0.734709262
vt 0.150817185 0.703840494
vt 0.135333433 0.718006968
vt 0.161846756 0.698190689
vt 0.182921618 0.689117908
vt 0.168311193 0.686550796
vt 0.704500973 0.037957370
vt 0.719294011 0.037680745
vt 0.720590770 0.027355015
vt 0.709645986 0.055260062
vt 0.710207879 0.067984938
vt 0.720149755 0.082852423
vt 0.722596585 0.064746618
vt 0.729192555 0.074373006
vt 0.726881861 0.054594993
vt 0.716174900 0.046762704
vt 0.729405045 0.039780378
vt 0.194641873 0.659019470
vt 0.183649033 0.675365805
vt 0.176826342 0.667573332
vt 0.166897609 0.677505612
vt 0.154987454 0.683119058
vt 0.143514484 0.696694910
vt 0.134204626 0.704055666
vt 0.123546436 0.714400410
vt 0.110569015 0.742467403
vt 0.112742386 0.724106907
vt 0.122938863 0.696426510
vt 0.115592986 0.709857046
vt 0.132431581 0.685760855
vt 0.144343525 0.681805551
vt 0.164734557 0.666698277
vt 0.151862472 0.665928125
vt 0.174401715 0.651868820
vt 0.187105268 0.656234502
vt 0.195913299 0.642309546
vt 0.745846211 0.042064189
vt 0.739726424 0.051854491
vt 0.739010453 0.066402375
vt 0.748157978 0.079150080
vt 0.741902351 0.086454749
vt 0.750670969 0.066996574
vt 0.755462229 0.056276917
vt 0.761674225 0.047028660
vt 0.189132437 0.636884570
vt 0.202082887 0.628360629
vt 0.180009886 0.640862405
vt 0.162900030 0.654287457
vt 0.165744587 0.638628542
vt 0.147176533 0.657428562
vt 0.137257665 0.671974718
vt 0.124428778 0.670307159
vt 0.117576979 0.686684489
vt 0.107230052 0.699524760
vt 0.103698618 0.714055419
vt 0.100249186 0.693564057
vt 0.092053525 0.708420813
vt 0.110853806 0.678705573
vt 0.133072421 0.659132599
vt 0.118946127 0.653012514
vt 0.108844943 0.664219975
vt 0.143643483 0.642152786
vt 0.129851788 0.646522879
vt 0.156133696 0.644035756
vt 0.155745253 0.631667554
vt 0.168727472 0.62208426
vt 0.175868868 0.628325343
vt 0.188855826 0.621444821
vt 0.202809006 0.613112092
vt 0.777551889 0.053390264
vt 0.765233218 0.061641156
vt 0.784762740 0.069516003
vt 0.764362871 0.077052414
vt 0.792981505 0.064591109
vt 0.797069132 0.048870027
vt 0.189651295 0.609113574
vt 0.808447778 0.033335447
vt 0.178823351 0.615132570
vt 0.175221636 0.598417520
vt 0.158281162 0.609787464
vt 0.142788186 0.627749919
vt 0.149863317 0.616098165
vt 0.131933957 0.628860235
vt 0.123230554 0.625059425
vt 0.111827075 0.635105252
vt 0.106883809 0.649135232
vt 0.097767256 0.670336604
vt 0.096271649 0.657202959
vt 0.102192446 0.635928630
vt 0.090419583 0.64656955
vt 0.112270407 0.606548607
vt 0.095938623 0.617669463
vt 0.131023928 0.605603337
vt 0.155625462 0.594410419
vt 0.142192706 0.597235560
vt 0.170020028 0.593037843
vt 0.178406417 0.593826949
vt 0.153215900 0.593286156
vt 0.146883279 0.594034612
vt 0.156754359 0.591778993
vt 0.163286864 0.589771688
vt 0.128125593 0.596952080
vt 0.140067890 0.593683242
vt 0.135209709 0.593724131
vt 0.091286659 0.607604444
vt 0.110719285 0.598862171
vt 0.087895713 0.630638718
vt 0.081496149 0.658301234
vt 0.075779728 0.644035816
vt 0.094598203 0.683891892
vt 0.083004564 0.677875995
vt 0.070770017 0.660861134
vt 0.070587679 0.626136302
vt 0.057606235 0.645465552
vt 0.094919055 0.598516106
vt 0.074526667 0.602317810
vt 0.059623662 0.611688554
vt 0.106296427 0.596487522
vt 0.112936250 0.595198035
vt 0.109888143 0.595309495
vt 0.117154955 0.594019174
vt 0.128302425 0.593727231
vt 0.142098695 0.589507877
vt 0.133445799 0.591613173
vt 0.151549115 0.589548826
vt 0.833984613 0.017158389
vt 0.167374283 0.588932752
vt 0.840454518 0.016445875
vt 0.835626184 0.019490420
vt 0.832550108 0.021004438
vt 0.824862837 0.022382557
vt 0.146776750 0.584227323
vt 0.845292806 0.014089882
vt 0.143134430 0.584637045
vt 0.128217428 0.585004627
vt 0.126879543 0.587170958
vt 0.117515049 0.591710388
vt 0.108558900 0.590299427
vt 0.106305129 0.594051361
vt 0.098229393 0.595743954
vt 0.095778830 0.594553887
vt 0.104601316 0.587029099
vt 0.087524779 0.588641285
vt 0.108788870 0.587654054
vt 0.111240521 0.588445305
vt 0.117074571 0.588132739
vt 0.123154424 0.586458504
vt 0.128271505 0.580891311
vt 0.141769945 0.581095814
vt 0.146817937 0.583264827
vt 0.150509133 0.580290496
vt 0.840917944 0.016909480
vt 0.835188329 0.022662460
vt 0.829547286 0.026419639
vt 0.829287707 0.023930013
vt 0.844561278 0.021115183
vt 0.848493099 0.032377183
vt 0.822816252 0.034882843
vt 0.840611100 0.048089325
vt 0.821068942 0.044001698
vt 0.137208148 0.572823286
vt 0.857147693 0.014190912
vt 0.105764649 0.583273768
vt 0.119350485 0.583918929
vt 0.101791314 0.575503110
vt 0.116301916 0.572074890
vt 0.119262270 0.586173415
vt 0.114929541 0.586698293
vt 0.110406838 0.585318803
vt 0.087032698 0.587190926
vt 0.086536333 0.585626840
vt 0.084577627 0.583228349
vt 0.079035937 0.586059451
vt 0.079385593 0.588447570
vt 0.073135562 0.588404953
vt 0.069766484 0.587396621
vt 0.069711647 0.581715583
vt 0.926838815 0.798579812
vt 0.918136894 0.786425292
vt 0.920573055 0.774005651
vt 0.913666367 0.763495922
vt 0.914847374 0.750155866
vt 0.908288002 0.731288850
vt 0.856157660 0.022675633
vt 0.856342077 0.035388052
vt 0.896455347 0.724720597
vt 0.900123655 0.740717053
vt 0.906390249 0.757491886
vt 0.907321751 0.776399314
vt 0.899465620 0.770371496
vt 0.911879897 0.798259198
vt 0.905643999 0.789646446
vt 0.925024569 0.815431892
vt 0.060829307 0.585830688
vt 0.057789839 0.591166734
vt 0.066755615 0.590890169
vt 0.070823237 0.590885043
vt 0.074258342 0.590589404
vt 0.066692709 0.593763470
vt 0.072813428 0.594480693
vt 0.063436597 0.591801345
vt 0.050454486 0.591797649
vt 0.051909234 0.595067501
vt 0.055133756 0.595446348
vt 0.059333302 0.594251155
vt 0.958026826 0.840496420
vt 0.943991720 0.836920142
vt 0.929696381 0.835263788
vt 0.914618551 0.827016115
vt 0.905534327 0.811898291
vt 0.896623790 0.802945315
vt 0.896924257 0.789188265
vt 0.885944366 0.781130194
vt 0.884019434 0.764640212
vt 0.896765768 0.75260818
vt 0.884566843 0.754482746
vt 0.88391155 0.741124510
vt 0.868968725 0.763629317
vt 0.872005820 0.776891768
vt 0.882389366 0.799595713
vt 0.875758647 0.793853461
vt 0.888705968 0.81528759
vt 0.902005076 0.827135026
vt 0.916191577 0.845245361
vt 0.934935390 0.853078723
vt 0.961369335 0.849448442
vt 0.032895375 0.59481287
vt 0.040499407 0.594273448
vt 0.046390578 0.593525767
vt 0.048330422 0.595985114
vt 0.05242116 0.596539914
vt 0.054311242 0.599660635
vt 0.061282362 0.602697253
vt 0.054725933 0.603286743
vt 0.063251867 0.598948359
vt 0.050060741 0.603032469
vt 0.044806823 0.602349042
vt 0.039986476 0.601479113
vt 0.039000358 0.597582221
vt 0.04347343 0.595086693
vt 0.027825633 0.596198320
vt 0.943629264 0.860968172
vt 0.016209716 0.605363011
vt 0.020002979 0.602611124
vt 0.023088388 0.597595572
vt 0.933257758 0.863446235
vt 0.912430405 0.860126555
vt 0.902614593 0.850249111
vt 0.897435605 0.838610291
vt 0.884640336 0.829135716
vt 0.884135603 0.844249248
vt 0.891378819 0.860191166
vt 0.917265713 0.868568182
vt 0.900994241 0.874205231
vt 0.015816014 0.643661379
vt 0.014980167 0.614042758
vt 0.019466033 0.606070518
vt 0.022804677 0.600469946
vt 0.029608855 0.602948546
vt 0.035043448 0.603391170
vt 0.046426348 0.603927612
vt 0.054303377 0.606417894
vt 0.065252237 0.604926168
vt 0.034405808 0.605426132
vt 0.031815957 0.604773879
vt 0.025639683 0.607408404
vt 0.023764500 0.606068491
vt 0.020758194 0.613307833
vt 0.020352512 0.632350146
vt 0.025144916 0.66745013
vt 0.019620489 0.666766405
vt 0.023921649 0.644312262
vt 0.017882183 0.685073018
vt 0.010626162 0.689074516
vt 0.883745908 0.871186256
vt 0.876460135 0.864441275
vt 0.875792980 0.850694775
vt 0.871637880 0.835507392
vt 0.861454367 0.854176998
vt 0.861406743 0.844414949
vt 0.863143026 0.872322440
vt 0.858827889 0.862658202
vt 0.865530550 0.887457311
vt 0.015762914 0.706246495
vt 0.022902932 0.686696887
vt 0.022372186 0.696098923
vt 0.021920865 0.703018784
vt 0.034298431 0.654237568
vt 0.039141759 0.674305081
vt 0.031823627 0.691101551
vt 0.023842411 0.630349636
vt 0.024411214 0.611501932
vt 0.029528746 0.611222863
vt 0.042217377 0.621407985
vt 0.03694015 0.640169024
vt 0.048734474 0.660563528
vt 0.046349626 0.644377350
vt 0.054507602 0.675550699
vt 0.055550683 0.687530577
vt 0.040548406 0.691268801
vt 0.044953476 0.706764459
vt 0.034542843 0.712710380
vt 0.021294927 0.717902302
vt 0.014140506 0.721415996
vt 0.840595662 0.896610438
vt 0.840730130 0.883281827
vt 0.852274835 0.881068110
vt 0.014312720 0.739494919
vt 0.847608387 0.863847136
vt 0.835619032 0.862860322
vt 0.844969630 0.846875488
vt 0.826845824 0.872605145
vt 0.829069018 0.887430667
vt 0.823931634 0.903036356
vt 0.012734991 0.763853013
vt 0.019583901 0.760093808
vt 0.020070774 0.740861356
vt 0.020383490 0.733864307
vt 0.034440446 0.726520896
vt 0.053839173 0.725924432
vt 0.054473832 0.700631916
vt 0.062369916 0.714275300
vt 0.072645865 0.698336482
vt 0.069400563 0.684043526
vt 0.059298228 0.666421890
vt 0.083702139 0.695181071
vt 0.075265243 0.706209182
vt 0.079690530 0.716472625
vt 0.069849044 0.724842906
vt 0.071631707 0.739961266
vt 0.056727223 0.746981501
vt 0.044929307 0.740918993
vt 0.030978232 0.743190527
vt 0.018143044 0.783425629
vt 0.034249559 0.756804883
vt 0.027896247 0.771524190
vt 0.006962603 0.775338292
vt 0.012167885 0.781161069
vt 0.813400209 0.894988119
vt 0.795928478 0.903970778
vt 0.005621506 0.800660193
vt 0.01246107 0.797707080
vt 0.030682221 0.784920632
vt 0.029992362 0.796959459
vt 0.017553679 0.803202152
vt 0.037655063 0.782669663
vt 0.046882655 0.769822120
vt 0.051765494 0.756584823
vt 0.068146914 0.759331882
vt 0.091824278 0.745010256
vt 0.079107731 0.754968285
vt 0.084113508 0.729966163
vt 0.094063013 0.723279833
vt 0.099730156 0.733201980
vt 0.105243422 0.755835771
vt 0.092655956 0.762189805
vt 0.079652674 0.767573058
vt 0.063326723 0.772351622
vt 0.045288238 0.776697158
vt 0.046561934 0.792454361
vt 0.040137324 0.808853983
vt 0.025936272 0.812878251
vt 0.017130704 0.821164608
vt 0.011449500 0.821950316
vt 0.017022050 0.835411787
vt 0.010113583 0.850860297
vt 0.003301338 0.840124487
vt 0.004698966 0.820812284
vt 0.025598526 0.831273913
vt 0.043961700 0.820954084
vt 0.052906710 0.804882347
vt 0.057593964 0.788891017
vt 0.070705518 0.782007515
vt 0.085244670 0.780776143
vt 0.098050989 0.773636817
vt 0.109572082 0.772830784
vt 0.101110480 0.788549304
vt 0.076101407 0.793115258
vt 0.094494245 0.799531817
vt 0.066925130 0.802801966
vt 0.061658307 0.815488576
vt 0.059213496 0.828385233
vt 0.040416408 0.834684431
vt 0.028442041 0.845395565
vt 0.016159595 0.846827387
vt 0.000481643 0.866927743
vt 0.005768129 0.875925481
vt 0.015207201 0.862475872
vt 0.738962709 0.921303093
vt 0.753182470 0.918992519
vt 0.768163979 0.912517964
vt 0.748392105 0.907726347
vt 0.731700420 0.907962739
vt 0.722929120 0.921501219
vt 0.711034715 0.933537960
vt 0.686136663 0.953708350
vt 0.690734565 0.944805562
vt 0.690469741 0.957946181
vt 0.712686121 0.959504306
vt 0.697746813 0.961554527
vt 0.709698081 0.970928549
vt 0.030255325 0.857784926
vt 0.046305153 0.850086450
vt 0.056442540 0.839295208
vt 0.074736997 0.824906885
vt 0.070268794 0.836862802
vt 0.072239734 0.813172817
vt 0.085521474 0.819123566
vt 0.083559021 0.835013032
vt 0.077379383 0.850000321
vt 0.067098699 0.850909233
vt 0.050104718 0.865622639
vt 0.711772203 0.980259120
vt 0.698061287 0.976698517
vt 0.703323781 0.989013433
vt 0.683188378 0.967376112
vt 0.676064550 0.963768363
vt 0.668333709 0.947002351
vt 0.666972041 0.961041927
vt 0.698884189 0.928545296
vt 0.681857347 0.936910152
vt 0.708027482 0.91980654
vt 0.692853272 0.910667717
vt 0.683549046 0.919131577
vt 0.661405682 0.932578563
vt 0.671858608 0.923853159
vt 0.654574215 0.940093815
vt 0.651390314 0.958026409
vt 0.657282173 0.972098290
vt 0.654354751 0.966046989
vt 0.669585824 0.973923444
vt 0.682714462 0.982669889
vt 0.945542514 0.182051897
vt 0.93821311 0.215546309
vt 0.934706628 0.198560297
vt 0.926017880 0.223644197
vt 0.084603786 0.862191915
vt 0.094222642 0.847332418
vt 0.098329044 0.858417630
vt 0.092675954 0.875398874
vt 0.919813394 0.210756778
vt 0.931704521 0.180210173
vt 0.922321856 0.198898315
vt 0.936735510 0.167801260
vt 0.956458270 0.145411312
vt 0.945565342 0.149429023
vt 0.654353082 0.979008674
vt 0.630874037 0.988057434
vt 0.639170527 0.975708067
vt 0.631750941 0.973449409
vt 0.643661022 0.951482176
vt 0.626169741 0.961453139
vt 0.641718268 0.936115741
vt 0.627910554 0.942364752
vt 0.614999115 0.952073514
vt 0.614383935 0.973785877
vt 0.613586247 0.981463909
vt 0.615322709 0.983621299
vt 0.956326246 0.090223491
vt 0.952079355 0.088121771
vt 0.947291076 0.096143245
vt 0.940538287 0.109643757
vt 0.945333361 0.125133335
vt 0.929867267 0.133966207
vt 0.924674630 0.153617262
vt 0.915599823 0.180551528
vt 0.904381573 0.199617326
vt 0.897977292 0.188267886
vt 0.894260704 0.206095993
vt 0.905423641 0.169781923
vt 0.904883027 0.153898835
vt 0.914416015 0.138229310
vt 0.921518385 0.121316194
vt 0.933998405 0.113100588
vt 0.929509520 0.096043467
vt 0.943950295 0.072888851
vt 0.950234711 0.070567846
vt 0.949183464 0.079080402
vt 0.951933026 0.067624092
vt 0.601264834 0.981930553
vt 0.950772881 0.059769392
vt 0.601762294 0.960276722
vt 0.929990053 0.054050684
vt 0.940404772 0.057749211
vt 0.947915434 0.060962736
vt 0.950525403 0.064328074
vt 0.947531044 0.071105361
vt 0.949371159 0.069181144
vt 0.943780005 0.070537626
vt 0.947136104 0.070397496
vt 0.939132869 0.072797417
vt 0.916260898 0.084749996
vt 0.916938424 0.110399842
vt 0.899898707 0.093940377
vt 0.907780826 0.122515380
vt 0.900466203 0.138862907
vt 0.892915189 0.155673980
vt 0.892990171 0.173892736
vt 0.891386330 0.135962545
vt 0.88543576 0.155584931
vt 0.896448969 0.122510135
vt 0.902955293 0.111524045
vt 0.897466838 0.086250841
vt 0.884709239 0.104705333
vt 0.867759704 0.089785397
vt 0.925879478 0.071586787
vt 0.913717567 0.079280972
vt 0.940782547 0.068894743
vt 0.928203284 0.068473339
vt 0.945643007 0.066309034
vt 0.943795502 0.061271369
vt 0.930747509 0.066932380
vt 0.925217807 0.069726228
vt 0.924418747 0.067951321
vt 0.920037031 0.074658215
vt 0.922365188 0.071685791
vt 0.921511590 0.070899725
vt 0.902895987 0.082130909
vt 0.908101081 0.078081250
vt 0.91154176 0.076427519
vt 0.915232777 0.074792623
vt 0.893739938 0.082839906
vt 0.873949885 0.083251357
vt 0.887667655 0.082714021
vt 0.836180150 0.100379884
vt 0.843609511 0.090513706
vt 0.861331462 0.085420906
vt 0.864225566 0.101858556
vt 0.870731532 0.080578863
vt 0.876855552 0.079591870
vt 0.878737449 0.081525862
vt 0.883265614 0.079998850
vt 0.887461245 0.079725205
vt 0.890026867 0.080647766
vt 0.893075704 0.079024076
vt 0.897272229 0.079406976
vt 0.900980353 0.078696727
vt 0.905432939 0.077849090
vt 0.911448359 0.074948966
vt 0.918629169 0.071516633
vt 0.920383930 0.069201707
vt 0.924676895 0.066741526
vt 0.917206347 0.069469511
vt 0.920197844 0.067797303
vt 0.922126352 0.067235469
vt 0.900823414 0.075822651
vt 0.904375731 0.073449075
vt 0.909925639 0.071957409
vt 0.913636326 0.070528686
vt 0.897390544 0.076789856
vt 0.889359533 0.079220652
vt 0.892189145 0.076347112
vt 0.881492614 0.077304899
vt 0.879766285 0.078762650
vt 0.871677815 0.076912462
vt 0.863950431 0.080765247
vt 0.863347411 0.075385093
vt 0.867425262 0.074421286
vt 0.871575892 0.074260175
vt 0.875307500 0.075368046
vt 0.855402886 0.078275501
vt 0.878036320 0.074530363
vt 0.881759524 0.074428677
vt 0.885421931 0.075528740
vt 0.888089418 0.075583994
vt 0.896177887 0.074639856
vt 0.890270471 0.071823358
vt 0.900033950 0.071144223
vt 0.904739677 0.070803284
vt 0.912986934 0.067997992
vt 0.918304503 0.065802812
vt 0.92156744 0.066380739
vt 0.925254344 0.063868641
vt 0.913679242 0.062450766
vt 0.898761689 0.067419111
vt 0.888384938 0.067586600
vt 0.886080801 0.072706639
vt 0.874505043 0.070719420
vt 0.859201967 0.072211802
vt 0.859194397 0.075014948
vt 0.859657526 0.081935644
vt 0.855027616 0.082126021
vt 0.850522041 0.081110000
vt 0.850184738 0.078134954
vt 0.854722738 0.076146364
vt 0.851527571 0.086741447
vt 0.846897006 0.085092842
vt 0.844459772 0.082728982
vt 0.847871780 0.076157689
vt 0.845249414 0.080604970
vt 0.869945943 0.06399405
vt 0.839269459 0.076761186
vt 0.895584583 0.061703205
vt 0.87577039 0.057948172
vt 0.896523952 0.057471215
vt 0.927185297 0.065284609
vt 0.910445690 0.047996044
vt 0.884541571 0.051740765
vt 0.899775922 0.048038184
vt 0.875163376 0.038148939
vt 0.575167596 0.896393120
vt 0.553555727 0.889499723
vt 0.541800022 0.872009396
vt 0.841878354 0.080427765
vt 0.839389979 0.082125127
vt 0.835231661 0.083273947
vt 0.536357283 0.871503651
vt 0.842431545 0.088270306
vt 0.837752938 0.091182589
vt 0.836956143 0.086370587
vt 0.832423806 0.096813619
vt 0.833629190 0.091847717
vt 0.832409083 0.088478684
vt 0.537062764 0.867247760
vt 0.534247279 0.868120789
vt 0.544494032 0.863044142
vt 0.538587570 0.862498700
vt 0.559120655 0.881399512
vt 0.587432026 0.890607535
vt 0.576812565 0.873546242
vt 0.609817564 0.892412900
vt 0.602164030 0.912422895
vt 0.890199124 0.038610041
vt 0.618830740 0.917089343
vt 0.618140339 0.929116606
vt 0.607768416 0.942802071
vt 0.619268000 0.900146007
vt 0.627560377 0.874692916
vt 0.618463039 0.875237166
vt 0.595998525 0.880647957
vt 0.562948525 0.869923114
vt 0.576535284 0.856270551
vt 0.588398873 0.856131672
vt 0.601529538 0.868530809
vt 0.558369875 0.854865193
vt 0.540175318 0.850359976
vt 0.535761535 0.852416217
vt 0.533934593 0.858411133
vt 0.535121917 0.862335503
vt 0.530835390 0.864256143
vt 0.531074285 0.854544103
vt 0.528459429 0.867355704
vt 0.528480708 0.8620857
vt 0.527236938 0.854765772
vt 0.531918764 0.843324661
vt 0.529822826 0.849480032
vt 0.554820239 0.836642503
vt 0.532561004 0.832337856
vt 0.569709479 0.842765450
vt 0.585114240 0.842199087
vt 0.599019587 0.842857003
vt 0.604796886 0.853907585
vt 0.622529327 0.860979318
vt 0.642105281 0.866099953
vt 0.637477576 0.880549848
vt 0.622120738 0.850286722
vt 0.638215303 0.850559115
vt 0.616721332 0.841687917
vt 0.612942218 0.830865144
vt 0.590947210 0.832263767
vt 0.571086883 0.828505158
vt 0.546364843 0.819135785
vt 0.526441395 0.807073116
vt 0.521144926 0.816696941
vt 0.526538252 0.831636846
vt 0.527459085 0.840118646
vt 0.527797997 0.844287872
vt 0.526112735 0.845183610
vt 0.523917496 0.851355910
vt 0.523007273 0.858104467
vt 0.525399863 0.864351570
vt 0.514245271 0.839854538
vt 0.520110189 0.843585848
vt 0.522447109 0.837304055
vt 0.525311887 0.836155057
vt 0.519328534 0.826170265
vt 0.522169053 0.829509973
vt 0.522082626 0.832900703
vt 0.522106766 0.801629304
vt 0.518226921 0.812693119
vt 0.516774892 0.818869113
vt 0.528378009 0.794970452
vt 0.58427459 0.817365467
vt 0.569398641 0.807658195
vt 0.556042373 0.803165316
vt 0.601365149 0.823498308
vt 0.606511116 0.811198294
vt 0.597636222 0.803318619
vt 0.583933472 0.794074177
vt 0.565842270 0.787816762
vt 0.549340963 0.790149390
vt 0.533547937 0.793391466
vt 0.521407306 0.772855401
vt 0.523278832 0.769305884
vt 0.518565297 0.777332425
vt 0.517888546 0.788103461
vt 0.517215132 0.804743826
vt 0.516078174 0.799025297
vt 0.515546798 0.793973445
vt 0.517916441 0.807664036
vt 0.515979945 0.810764908
vt 0.515057861 0.817962169
vt 0.515895128 0.813486099
vt 0.514818429 0.823138713
vt 0.516863524 0.826105475
vt 0.513209760 0.814693808
vt 0.513495504 0.821001529
vt 0.516141951 0.806026637
vt 0.510652244 0.788690924
vt 0.513269424 0.800404548
vt 0.513221383 0.789569199
vt 0.514337897 0.786344289
vt 0.515358805 0.782617926
vt 0.515703499 0.780007004
vt 0.514803767 0.779347777
vt 0.371528416 0.028911769
vt 0.367866247 0.031259179
vt 0.372308671 0.032138884
vt 0.376763403 0.030202090
vt 0.511007487 0.781738996
vt 0.510805606 0.794732630
vt 0.509166419 0.791958332
vt 0.509106457 0.789447128
vt 0.507786035 0.787304401
vt 0.508226215 0.784307479
vt 0.506893277 0.804221212
vt 0.511981248 0.805245041
vt 0.511211156 0.813198149
vt 0.512191057 0.819421112
vt 0.511406123 0.816889226
vt 0.513084888 0.823925852
vt 0.514896273 0.826974272
vt 0.517959058 0.828200578
vt 0.514782011 0.829904198
vt 0.513191402 0.827775657
vt 0.519125461 0.831363856
vt 0.517074286 0.832869291
vt 0.509248256 0.820841491
vt 0.503185033 0.80153054
vt 0.507180392 0.793119549
vt 0.504364132 0.823567748
vt 0.505911767 0.784055948
vt 0.380781352 0.030668675
vt 0.377541244 0.032688975
vt 0.385070860 0.030964553
vt 0.380359530 0.034814238
vt 0.500423848 0.789680421
vt 0.495771706 0.822243571
vt 0.510311067 0.829030036
vt 0.490433692 0.843018472
vt 0.503331363 0.850921034
vt 0.512213289 0.829426109
vt 0.513911902 0.834451079
vt 0.518216848 0.835619807
vt 0.520491540 0.839225709
vt 0.486119151 0.855406403
vt 0.503329932 0.866315484
vt 0.480422884 0.842911064
vt 0.393141448 0.013343930
vt 0.408136129 0.000798463
vt 0.405360221 0.021930575
vt 0.410377651 0.013354182
vt 0.417109936 0.008908629
vt 0.468835324 0.853390872
vt 0.455973327 0.855731129
vt 0.475657403 0.857916712
vt 0.827501297 0.142263889
vt 0.829413116 0.125380754
vt 0.840948104 0.114483356
vt 0.852649569 0.114753365
vt 0.836646258 0.135380625
vt 0.827859163 0.155672609
vt 0.839823901 0.147496640
vt 0.821249246 0.167390346
vt 0.431598037 0.860145270
vt 0.435889929 0.875395417
vt 0.431374460 0.013326466
vt 0.423577815 0.016572654
vt 0.441285193 0.019632697
vt 0.442585855 0.014736235
vt 0.426944732 0.874985635
vt 0.420276075 0.873448133
vt 0.833991289 0.181792795
vt 0.839893519 0.197347044
vt 0.420956224 0.883732795
vt 0.833961248 0.166675865
vt 0.850676894 0.127705156
vt 0.854180932 0.141255557
vt 0.845813632 0.159020364
vt 0.862607240 0.124844074
vt 0.869483947 0.114597380
vt 0.877692937 0.135307788
vt 0.883744835 0.118471562
vt 0.866940200 0.142790913
vt 0.857609152 0.152089715
vt 0.851612925 0.170763671
vt 0.842205882 0.181376159
vt 0.850592255 0.194748759
vt 0.847043454 0.204980552
vt 0.412032783 0.891563892
vt 0.414019882 0.883511781
vt 0.406854629 0.880364894
vt 0.457288503 0.012206256
vt 0.453619688 0.018666923
vt 0.403697669 0.887453079
vt 0.165469437 0.877061247
vt 0.848087847 0.222737550
vt 0.857353031 0.209786534
vt 0.857999563 0.189012706
vt 0.868050634 0.158594310
vt 0.867278337 0.175588131
vt 0.880005955 0.166395545
vt 0.883305966 0.184274256
vt 0.869622468 0.185629546
vt 0.873262107 0.204198062
vt 0.871405601 0.214311897
vt 0.862995564 0.222397446
vt 0.142387375 0.872882008
vt 0.154000535 0.870558202
vt 0.161722481 0.860108494
vt 0.168919012 0.847641468
vt 0.147413551 0.861075937
vt 0.157041326 0.847335279
vt 0.132966861 0.866180777
vt 0.122475974 0.869511067
vt 0.107290796 0.884941458
vt 0.114083379 0.874156713
vt 0.882449686 0.196607768
vt 0.102021142 0.871087670
vt 0.111628897 0.861925303
vt 0.120945960 0.852472782
vt 0.135966852 0.849072933
vt 0.144499748 0.846542298
vt 0.153564795 0.837011575
vt 0.166276380 0.833584904
vt 0.160125598 0.819775223
vt 0.145466491 0.830077529
vt 0.151285842 0.819126725
vt 0.135230541 0.826622784
vt 0.126607716 0.841232776
vt 0.117541052 0.834424018
vt 0.107225783 0.846098899
vt 0.106407612 0.827971875
vt 0.096258819 0.831407189
vt 0.115184575 0.821966052
vt 0.127042949 0.821225404
vt 0.132428079 0.804375946
vt 0.141264736 0.814492940
vt 0.152733698 0.808242917
vt 0.120710223 0.806059837
vt 0.108298130 0.809274435
vt 0.097519896 0.815575301
vt 0.084172174 0.806189537
vt 0.114991039 0.791556537
vt 0.378634363 0.039681375
vt 0.373612135 0.049685120
vt 0.373378187 0.038646876
vt 0.377421319 0.035693168
vt 0.375005692 0.044033944
vt 0.373188763 0.042577207
vt 0.373218089 0.035660028
vt 0.368659526 0.048131883
vt 0.370192676 0.037140309
vt 0.372244149 0.045493364
vt 0.370274841 0.054994106
vt 0.368349969 0.053039252
vt 0.370619416 0.048649728
vt 0.367023468 0.063093543
vt 0.367687732 0.058909475
vt 0.367804229 0.055076003
vt 0.366231918 0.054153561
vt 0.363248944 0.053062319
vt 0.365003258 0.047829031
vt 0.366436958 0.044516146
vt 0.368504852 0.042000234
vt 0.369892567 0.034095346
vt 0.366530716 0.034755528
vt 0.364963769 0.042600035
vt 0.517879188 0.739471018
vt 0.501855433 0.745593190
vt 0.504764199 0.723302602
vt 0.359540730 0.057227075
vt 0.363114237 0.056366741
vt 0.365406215 0.057184875
vt 0.365305334 0.059536278
vt 0.364811897 0.062559127
vt 0.364153057 0.065061569
vt 0.365143775 0.076800346
vt 0.364384919 0.072606027
vt 0.365278929 0.068427979
vt 0.362301647 0.061930596
vt 0.362768083 0.073031425
vt 0.361541062 0.059858202
vt 0.355514854 0.060945570
vt 0.359744697 0.061842203
vt 0.493560999 0.730276942
vt 0.496281027 0.718786358
vt 0.522693872 0.719427228
vt 0.506950616 0.715689241
vt 0.490590781 0.706319570
vt 0.528486251 0.746688246
vt 0.532884061 0.735764741
vt 0.537313461 0.724148213
vt 0.540405154 0.712537646
vt 0.520474195 0.703179001
vt 0.533663451 0.703546881
vt 0.513650953 0.699512124
vt 0.506364822 0.690550446
vt 0.494984746 0.679208040
vt 0.482663840 0.708330988
vt 0.490213483 0.719060897
vt 0.359195649 0.069697260
vt 0.358979404 0.075781703
vt 0.358469575 0.079711616
vt 0.361604124 0.081624209
vt 0.36348176 0.080555796
vt 0.362510800 0.084840655
vt 0.359172374 0.087545216
vt 0.358557075 0.083163082
vt 0.356562852 0.087111890
vt 0.350144118 0.096620380
vt 0.353868514 0.089520037
vt 0.346841990 0.109445512
vt 0.347106605 0.105574786
vt 0.348502218 0.099738180
vt 0.348875373 0.103672504
vt 0.347458571 0.119299352
vt 0.348257958 0.114503502
vt 0.508179366 0.675554990
vt 0.504058837 0.663260698
vt 0.496666997 0.654996037
vt 0.509207427 0.652593851
vt 0.510016679 0.638086438
vt 0.517885267 0.661312222
vt 0.514757812 0.679452776
vt 0.526387989 0.668012082
vt 0.535946130 0.653751373
vt 0.532325863 0.646185636
vt 0.520284593 0.644262433
vt 0.525987386 0.625841021
vt 0.533727765 0.631434798
vt 0.547632038 0.644157528
vt 0.550349354 0.630225777
vt 0.547698795 0.655675530
vt 0.534369111 0.671345472
vt 0.523581802 0.686093568
vt 0.532843947 0.693054199
vt 0.538000464 0.682786166
vt 0.546923220 0.669634997
vt 0.561817228 0.653465330
vt 0.559321641 0.641898214
vt 0.569739103 0.624079525
vt 0.566462993 0.612909436
vt 0.550521671 0.616976499
vt 0.543932259 0.612768411
vt 0.434353172 0.674255013
vt 0.561108529 0.604144454
vt 0.581507742 0.593340754
vt 0.582782208 0.611977338
vt 0.575420916 0.634200453
vt 0.564025580 0.668894648
vt 0.572896838 0.654435575
vt 0.553987801 0.683861017
vt 0.551500141 0.692068517
vt 0.569855809 0.693334341
vt 0.573394000 0.678521990
vt 0.552106142 0.704033851
vt 0.586284697 0.662161588
vt 0.589146375 0.645575761
vt 0.591585636 0.627164006
vt 0.591037750 0.599036037
vt 0.595145702 0.604715108
vt 0.460874080 0.655682206
vt 0.476357758 0.643489837
vt 0.597802043 0.584054052
vt 0.443633347 0.660636007
vt 0.430059671 0.655964613
vt 0.445340514 0.645256400
vt 0.437874734 0.635937571
vt 0.459117293 0.646728992
vt 0.476292848 0.628380775
vt 0.487268030 0.631728291
vt 0.613826513 0.571407198
vt 0.607258558 0.586043357
vt 0.612738609 0.600567877
vt 0.603064239 0.614943563
vt 0.606894612 0.623740434
vt 0.606050849 0.641180157
vt 0.607440412 0.657598733
vt 0.603294074 0.672690153
vt 0.593390703 0.680156290
vt 0.588529765 0.689381957
vt 0.612713813 0.686015605
vt 0.621808528 0.670363545
vt 0.621065139 0.651141047
vt 0.621463835 0.631533265
vt 0.622375786 0.613890707
vt 0.620695412 0.593136608
vt 0.624608695 0.581328749
vt 0.632492542 0.563160240
vt 0.626547098 0.556262493
vt 0.61102736 0.561942994
vt 0.611933469 0.553248286
vt 0.457675635 0.630536437
vt 0.476415902 0.617782473
vt 0.465699583 0.612520456
vt 0.485651671 0.606714308
vt 0.501348614 0.603374838
vt 0.52248317 0.597813606
vt 0.642742753 0.546770155
vt 0.641817569 0.570199608
vt 0.647890389 0.555941820
vt 0.637271046 0.588139653
vt 0.637896776 0.601423263
vt 0.633116245 0.615035176
vt 0.638386607 0.626756191
vt 0.637114822 0.645293593
vt 0.635227024 0.659125328
vt 0.636197447 0.683555126
vt 0.644465267 0.672391533
vt 0.654956579 0.662954688
vt 0.656457960 0.652099251
vt 0.654194951 0.636470973
vt 0.655265688 0.619393885
vt 0.652762293 0.606976866
vt 0.651051700 0.591610431
vt 0.652115404 0.574263155
vt 0.663543462 0.560018062
vt 0.665894508 0.543799877
vt 0.660414993 0.533779859
vt 0.497505158 0.592892289
vt 0.484051287 0.592376828
vt 0.468528837 0.593978047
vt 0.458118259 0.597470045
vt 0.465680837 0.580852866
vt 0.462861537 0.571692526
vt 0.678614854 0.528693676
vt 0.682543396 0.539338469
vt 0.702111661 0.537458062
vt 0.689510822 0.553688526
vt 0.675181329 0.552840292
vt 0.704088032 0.546090722
vt 0.719256103 0.542559623
vt 0.738597571 0.533444523
vt 0.724820733 0.560185730
vt 0.707892119 0.559843421
vt 0.734536349 0.550787806
vt 0.693586230 0.568508625
vt 0.675694942 0.567149639
vt 0.678397476 0.584236621
vt 0.689957499 0.577715396
vt 0.660834670 0.580009758
vt 0.712379157 0.57499367
vt 0.731915533 0.582993865
vt 0.741296291 0.571511030
vt 0.753657400 0.562496841
vt 0.747909545 0.548912882
vt 0.762286126 0.537166714
vt 0.765513777 0.554244160
vt 0.772417068 0.570356011
vt 0.749184131 0.581434845
vt 0.732460498 0.598862648
vt 0.720049142 0.589939951
vt 0.709184944 0.584695875
vt 0.693054974 0.592974662
vt 0.671247184 0.595890641
vt 0.689357876 0.602493763
vt 0.670665502 0.610765337
vt 0.709956646 0.601572394
vt 0.754659473 0.593264699
vt 0.736855268 0.606449365
vt 0.717676401 0.612236499
vt 0.765949904 0.590455412
vt 0.781985044 0.560890317
vt 0.789113223 0.566909909
vt 0.777779400 0.583914399
vt 0.782154083 0.545074641
vt 0.770529806 0.523241281
vt 0.784968257 0.525764286
vt 0.796855390 0.532303810
vt 0.798437237 0.547413349
vt 0.796114385 0.579766511
vt 0.803635656 0.564851045
vt 0.787768244 0.592997312
vt 0.773429453 0.601991236
vt 0.755712986 0.613201022
vt 0.734138608 0.617687761
vt 0.722789764 0.624687254
vt 0.699312150 0.614717066
vt 0.705929875 0.626986265
vt 0.686552941 0.617242097
vt 0.684223890 0.632298290
vt 0.707837641 0.638216257
vt 0.738023340 0.632461965
vt 0.720690369 0.642729938
vt 0.750319182 0.627358019
vt 0.769389152 0.619790673
vt 0.780713081 0.608930945
vt 0.802976548 0.592436790
vt 0.791642069 0.611154735
vt 0.811802029 0.576376617
vt 0.820100367 0.566264271
vt 0.812293827 0.552369177
vt 0.817575454 0.537776887
vt 0.801907420 0.515865504
vt 0.801799118 0.500912547
vt 0.818867325 0.518011033
vt 0.830628395 0.525912523
vt 0.83082968 0.547729194
vt 0.835172534 0.563684463
vt 0.823626756 0.580926895
vt 0.809084534 0.604599893
vt 0.777608811 0.626670122
vt 0.79536134 0.624835789
vt 0.76404953 0.634077370
vt 0.753972888 0.644424080
vt 0.734380006 0.644543588
vt 0.694923937 0.655587196
vt 0.720544338 0.656443476
vt 0.689520835 0.645241379
vt 0.693534731 0.664444744
vt 0.669605314 0.667457580
vt 0.674946129 0.650446891
vt 0.737801790 0.659931182
vt 0.709497749 0.667117595
vt 0.723279535 0.669412016
vt 0.769989788 0.64689821
vt 0.751047968 0.659970641
vt 0.782272458 0.641690135
vt 0.815133214 0.617836475
vt 0.797285854 0.636016130
vt 0.826881825 0.590435147
vt 0.825110495 0.601860880
vt 0.840277731 0.576217293
vt 0.842462778 0.546051025
vt 0.859021544 0.561869859
vt 0.843062043 0.527621865
vt 0.857433319 0.525943398
vt 0.861982286 0.547792077
vt 0.868763506 0.573384463
vt 0.863575995 0.573448717
vt 0.864169597 0.562333941
vt 0.853181660 0.578367829
vt 0.839972734 0.595429420
vt 0.828432142 0.617910981
vt 0.814344644 0.634729266
vt 0.796357512 0.645865321
vt 0.780305206 0.658429265
vt 0.759442448 0.665838658
vt 0.736651003 0.675381064
vt 0.706090152 0.680037856
vt 0.718345522 0.683959245
vt 0.685164094 0.674335360
vt 0.681109666 0.687135815
vt 0.701365351 0.688486218
vt 0.729135394 0.688460111
vt 0.713938832 0.694670081
vt 0.742689073 0.681416034
vt 0.770709812 0.673261642
vt 0.795452475 0.663058757
vt 0.810129940 0.647588849
vt 0.825373113 0.640119016
vt 0.838884770 0.629426360
vt 0.848550319 0.607585072
vt 0.854948341 0.588700473
vt 0.873948752 0.586473703
vt 0.864381074 0.602499723
vt 0.882787108 0.587794780
vt 0.899017453 0.608978152
vt 0.880850017 0.601691424
vt 0.851635277 0.618453621
vt 0.853074193 0.631264567
vt 0.837761044 0.647342503
vt 0.817224979 0.655680179
vt 0.786063849 0.679780423
vt 0.806175410 0.667686939
vt 0.746946215 0.688465595
vt 0.763429880 0.690356731
vt 0.722727716 0.700958848
vt 0.692383527 0.697574138
vt 0.697780072 0.706845045
vt 0.669659078 0.699259877
vt 0.681369125 0.709620833
vt 0.688001632 0.719922423
vt 0.701017081 0.718329787
vt 0.733618676 0.703846693
vt 0.713898241 0.718881487
vt 0.750578045 0.697559893
vt 0.776626646 0.696578800
vt 0.763452887 0.703478097
vt 0.790072202 0.687778294
vt 0.80617553 0.677571177
vt 0.823125481 0.667115747
vt 0.855661928 0.641303598
vt 0.850579023 0.656151711
vt 0.834898710 0.667469739
vt 0.863929987 0.619494020
vt 0.869575977 0.626122117
vt 0.887174129 0.624131500
vt 0.872487545 0.635779798
vt 0.866551637 0.648753702
vt 0.861712873 0.662299931
vt 0.847652435 0.668927252
vt 0.826045692 0.685613155
vt 0.836700141 0.684665918
vt 0.809724450 0.686146497
vt 0.795877277 0.699189901
vt 0.784796237 0.708467662
vt 0.768426001 0.711801290
vt 0.74767977 0.711561560
vt 0.731873154 0.713120102
vt 0.719027042 0.728443503
vt 0.706317424 0.735784888
vt 0.738122046 0.723965406
vt 0.752136051 0.723458647
vt 0.770903408 0.721586048
vt 0.795791328 0.712326407
vt 0.782367467 0.726754188
vt 0.815690338 0.696665167
vt 0.809395074 0.708145499
vt 0.828629493 0.702687144
vt 0.844447910 0.687481999
vt 0.854136824 0.680479288
vt 0.864639699 0.680644214
vt 0.872975826 0.663983702
vt 0.879186451 0.642833411
vt 0.880854547 0.657596230
vt 0.897304177 0.643198609
vt 0.892221093 0.664297699
vt 0.886891424 0.674966454
vt 0.875555574 0.674456834
vt 0.853424966 0.698349952
vt 0.877084434 0.687647104
vt 0.866890251 0.697314500
vt 0.843873024 0.704126000
vt 0.816055655 0.715495169
vt 0.829431295 0.714215397
vt 0.799631118 0.725979566
vt 0.785824418 0.738425970
vt 0.763381481 0.748323619
vt 0.761099696 0.733277678
vt 0.743105828 0.736767292
vt 0.744735837 0.747306346
vt 0.744999587 0.757589161
vt 0.752942025 0.763863563
vt 0.766444087 0.763180971
vt 0.776337266 0.753095328
vt 0.797133088 0.745450615
vt 0.808413624 0.731522321
vt 0.818309962 0.728972137
vt 0.846246123 0.714106679
vt 0.831203579 0.724970698
vt 0.862161338 0.711784184
vt 0.873921096 0.70547539
vt 0.888969302 0.691582441
vt 0.905512630 0.669319391
vt 0.896124005 0.696185529
vt 0.813417911 0.056222319
vt 0.889315784 0.711820840
vt 0.876706123 0.717268943
vt 0.863252699 0.727953791
vt 0.855680644 0.724234223
vt 0.84472543 0.726193845
vt 0.828958690 0.736063838
vt 0.815550446 0.745992839
vt 0.785343229 0.759633243
vt 0.806161820 0.755468785
vt 0.789536237 0.765890598
vt 0.770488262 0.774989485
vt 0.753291547 0.776494145
vt 0.796981871 0.772439777
vt 0.782804489 0.780829429
vt 0.813071429 0.763740658
vt 0.828923702 0.752497792
vt 0.837373793 0.743486881
vt 0.848415315 0.73631078
vt 0.871247649 0.732842445
vt 0.860120594 0.742784857
vt 0.882089436 0.725793123
vt 0.870616853 0.749374687
vt 0.844886064 0.752339839
vt 0.859463632 0.755697131
vt 0.820657372 0.767201781
vt 0.832948207 0.766621589
vt 0.807247698 0.777161300
vt 0.787755131 0.788802862
vt 0.766271293 0.790910303
vt 0.753123223 0.788875460
vt 0.738348305 0.781203210
vt 0.737830936 0.768183469
vt 0.732531487 0.792270958
vt 0.745107412 0.802733898
vt 0.776912272 0.801428735
vt 0.757705390 0.804396748
vt 0.798694014 0.795981288
vt 0.815789818 0.784152388
vt 0.830173134 0.777497232
vt 0.850606799 0.758478045
vt 0.847859025 0.770070374
vt 0.860339760 0.774808287
vt 0.846327483 0.788206934
vt 0.860775947 0.791173338
vt 0.838087260 0.786052405
vt 0.822715997 0.792101979
vt 0.806865811 0.800939679
vt 0.786788761 0.810984611
vt 0.768972277 0.812562227
vt 0.750274241 0.816389679
vt 0.736484348 0.818941831
vt 0.729374289 0.806153953
vt 0.714714765 0.783799350
vt 0.727763354 0.778124213
vt 0.713172018 0.797268390
vt 0.711562395 0.770038187
vt 0.693849146 0.784980773
vt 0.699828386 0.793079674
vt 0.695006191 0.80669415
vt 0.714277684 0.807804524
vt 0.720340192 0.819567799
vt 0.743905842 0.830923318
vt 0.725021541 0.830458402
vt 0.757013738 0.828229963
vt 0.773471355 0.820715904
vt 0.793923020 0.817889273
vt 0.809536993 0.813147783
vt 0.825802624 0.801823616
vt 0.841056525 0.807201862
vt 0.851658880 0.804372787
vt 0.824363648 0.813453316
vt 0.810449183 0.825375437
vt 0.801140129 0.828418552
vt 0.776205182 0.829746127
vt 0.792739152 0.831140339
vt 0.754803776 0.843330502
vt 0.762481689 0.845456242
vt 0.730196356 0.844895005
vt 0.743898868 0.847291469
vt 0.703798770 0.827878058
vt 0.715676069 0.839795351
vt 0.703304231 0.814545035
vt 0.687439143 0.819665193
vt 0.683158516 0.834902763
vt 0.698973774 0.837890386
vt 0.705948054 0.848056614
vt 0.714844584 0.855244755
vt 0.738763332 0.858312308
vt 0.724443674 0.861608743
vt 0.754369139 0.855891466
vt 0.781140744 0.840527892
vt 0.774731636 0.853822588
vt 0.765304327 0.866370916
vt 0.798988521 0.844921708
vt 0.814128518 0.838284373
vt 0.822072982 0.826977610
vt 0.833952784 0.818661093
vt 0.837850391 0.828924775
vt 0.828048825 0.839107036
vt 0.813755631 0.850586533
vt 0.797284960 0.861100733
vt 0.788798093 0.852780342
vt 0.780295908 0.864274919
vt 0.750999689 0.867324411
vt 0.758562862 0.876963853
vt 0.769420921 0.882087111
vt 0.735376954 0.872232675
vt 0.723798871 0.877398848
vt 0.712907135 0.871036946
vt 0.699156284 0.861246347
vt 0.691379725 0.848912298
vt 0.671874344 0.847172379
vt 0.687287867 0.859515845
vt 0.69121629 0.872384131
vt 0.703105688 0.879310011
vt 0.711924493 0.890054523
vt 0.738223493 0.887991726
vt 0.719249308 0.898518085
vt 0.746812760 0.880017876
vt 0.756624341 0.895466983
vt 0.772908926 0.900450885
vt 0.781564712 0.883778572
vt 0.793920815 0.875067234
vt 0.806833267 0.867943465
vt 0.828985095 0.852063775
vt 0.817302823 0.862051188
vt 0.840773582 0.840880096
vt 0.813963830 0.877798736
vt 0.805563628 0.886745691
vt 0.79354316 0.890228271
vt 0.782661855 0.906024217
vt 0.739729702 0.896091580
vt 0.703172504 0.901659846
vt 0.697064220 0.894646763
vt 0.689064860 0.889008164
vt 0.675684452 0.906549215
vt 0.679671049 0.885829627
vt 0.665348112 0.899401068
vt 0.654048204 0.916856825
vt 0.665429830 0.886738240
vt 0.676866948 0.865313649
vt 0.661267101 0.867144584
vt 0.664020717 0.854521632
vt 0.655510723 0.879883170
vt 0.646638810 0.887800276
vt 0.650457322 0.903694272
vt 0.634895384 0.917743265
vt 0.636071026 0.898800194
vt 0.651263833 0.850975155
vt 0.664095878 0.834818661
vt 0.640685141 0.839234113
vt 0.675241172 0.822590231
vt 0.653248190 0.826321125
vt 0.677866935 0.811524987
vt 0.662325382 0.815035104
vt 0.632255494 0.822568535
vt 0.649791181 0.817930638
vt 0.634929895 0.832157254
vt 0.616173505 0.817964077
vt 0.635987877 0.812889337
vt 0.654698014 0.806312680
vt 0.675180733 0.805463314
vt 0.681724548 0.798687636
vt 0.656718194 0.798495233
vt 0.631082892 0.805912971
vt 0.638144731 0.795104742
vt 0.618826866 0.797414422
vt 0.649418056 0.786616921
vt 0.672191619 0.789607107
vt 0.659514069 0.781015515
vt 0.672554373 0.775257349
vt 0.683401107 0.780183434
vt 0.640238702 0.775850772
vt 0.625806391 0.786802291
vt 0.602955222 0.789761304
vt 0.625610113 0.778592526
vt 0.611837744 0.774345636
vt 0.652259290 0.766855597
vt 0.634178578 0.769801259
vt 0.678275167 0.763078689
vt 0.693035900 0.768717229
vt 0.707297980 0.761165738
vt 0.689484417 0.754831671
vt 0.662791490 0.757206022
vt 0.648734867 0.754392266
vt 0.628175377 0.756384491
vt 0.620194077 0.762158036
vt 0.588423669 0.782615959
vt 0.594300627 0.772401094
vt 0.603341817 0.761406958
vt 0.570883333 0.775404751
vt 0.587300181 0.764934420
vt 0.589244365 0.754883050
vt 0.610188365 0.749011099
vt 0.637583851 0.747278809
vt 0.626016259 0.738005518
vt 0.651608288 0.742522239
vt 0.679721176 0.741692304
vt 0.668863654 0.741097688
vt 0.709825038 0.749492406
vt 0.694191098 0.745266914
vt 0.724011957 0.757316350
vt 0.725763380 0.749441444
vt 0.723897874 0.736903667
vt 0.690390765 0.732069075
vt 0.673613190 0.726322770
vt 0.660276114 0.733917892
vt 0.641131877 0.729565262
vt 0.609773218 0.733469128
vt 0.631290316 0.720351398
vt 0.593622088 0.744770288
vt 0.567297816 0.760479748
vt 0.571505963 0.751135885
vt 0.559371888 0.766642212
vt 0.547013342 0.777001261
vt 0.541720867 0.766643226
vt 0.541246950 0.755644023
vt 0.570338189 0.743408024
vt 0.551614046 0.746516108
vt 0.586915731 0.733232379
vt 0.606416761 0.721064329
vt 0.653723597 0.722625732
vt 0.653373301 0.704220175
vt 0.629495322 0.709393262
vt 0.662962377 0.717018365
vt 0.639360725 0.695185720
vt 0.656204521 0.689161360
vt 0.614573597 0.705960989
vt 0.621367991 0.695951819
vt 0.589421868 0.712017893
vt 0.583769440 0.719781756
vt 0.560045361 0.726493835
vt 0.562378525 0.735025286
vt 0.546331584 0.735063076
vt 0.561783373 0.716793417
vt 0.569020330 0.706867933
vt 0.590927958 0.698431134
vt 0.661171019 0.679805040
vt 0.666242063 0.639867425
vt 0.668561041 0.625276625
vt 0.852636516 0.830962956
vt 0.854405283 0.817844629
vt 0.867009878 0.827227592
vt 0.874653637 0.811608791
vt 0.864782750 0.803485035
vt 0.812475264 0.072269380
vt 0.814247429 0.085532963
vt 0.817264556 0.107717275
vt 0.812214613 0.051275968
vt 0.807476162 0.053225934
vt 0.808722496 0.058266699
vt 0.809393942 0.061778664
vt 0.810546338 0.083975017
vt 0.809338808 0.066161155
vt 0.807803213 0.069746673
vt 0.807828068 0.076446354
vt 0.811709284 0.094891428
vt 0.806701004 0.106144368
vt 0.809269309 0.083271145
vt 0.809013724 0.090121865
vt 0.808283567 0.095886707
vt 0.806823432 0.078790664
vt 0.803394973 0.071851193
vt 0.805981576 0.060579001
vt 0.807956934 0.050400674
vt 0.802375018 0.056495070
vt 0.816502332 0.044529616
vt 0.819923579 0.039855301
vt 0.817629039 0.042140960
vt 0.812826693 0.041643261
vt 0.803776681 0.048457741
vt 0.801108062 0.051795423
vt 0.798925995 0.052985191
vt 0.798188626 0.056867778
vt 0.801393687 0.073378562
vt 0.801800012 0.079321086
vt 0.799393415 0.068599700
vt 0.805951595 0.085517168
vt 0.806374967 0.101667046
vt 0.806872665 0.095722436
vt 0.805442571 0.106363356
vt 0.804612457 0.104243099
vt 0.804508149 0.093437790
vt 0.801569283 0.087300181
vt 0.800891697 0.084028542
vt 0.797466039 0.078284919
vt 0.799314439 0.075002849
vt 0.798152625 0.071317195
vt 0.800214648 0.049901664
vt 0.803592979 0.041638732
vt 0.809437513 0.042180776
vt 0.808804094 0.037987947
vt 0.810762703 0.040165007
vt 0.810841202 0.038176596
vt 0.811913430 0.036077916
vt 0.812386691 0.031699061
vt 0.813262224 0.032017827
vt 0.814959406 0.029284238
vt 0.820001125 0.024012327
vt 0.822960972 0.020653128
vt 0.822776258 0.028115809
vt 0.817275643 0.037475705
vt 0.819429576 0.033534586
vt 0.825984656 0.026109933
vt 0.824093401 0.028675854
vt 0.822167038 0.031108379
vt 0.818394601 0.038238525
vt 0.797849237 0.087565124
vt 0.798282682 0.098075211
vt 0.793941259 0.105127394
vt 0.784487485 0.094099521
vt 0.799219429 0.084014177
vt 0.801581621 0.092184543
vt 0.783565640 0.117001712
vt 0.76433599 0.097740054
vt 0.765173971 0.085453450
vt 0.789244771 0.115901708
vt 0.797821283 0.105340302
vt 0.793597519 0.113009095
vt 0.791186511 0.116051018
vt 0.801099538 0.097181499
vt 0.800000071 0.100916802
vt 0.801439881 0.101714551
vt 0.795796394 0.111180007
vt 0.791967153 0.117836535
vt 0.783872246 0.122189521
vt 0.785568475 0.123962581
vt 0.759063363 0.111566126
vt 0.777972340 0.131521582
vt 0.754308521 0.099616885
vt 0.736953079 0.096278727
vt 0.745236635 0.110746026
vt 0.753826499 0.12289536
vt 0.756040692 0.151221990
vt 0.765865981 0.148985385
vt 0.775258362 0.141600966
vt 0.781756341 0.130864262
vt 0.779245019 0.135452568
vt 0.784132778 0.130773961
vt 0.786225080 0.125079572
vt 0.791672289 0.129636883
vt 0.800358474 0.115770757
vt 0.802937686 0.113635838
vt 0.800992429 0.117695748
vt 0.798660576 0.120081424
vt 0.795481681 0.127581298
vt 0.790463566 0.134508132
vt 0.785793244 0.136389493
vt 0.781674146 0.132701695
vt 0.778294920 0.149108946
vt 0.779102385 0.137912869
vt 0.777320206 0.142730653
vt 0.770814299 0.150845289
vt 0.766231596 0.163655102
vt 0.761547088 0.178114175
vt 0.776465416 0.147018015
vt 0.775206208 0.152305126
vt 0.773979365 0.155777335
vt 0.771696925 0.157961309
vt 0.782966375 0.145176291
vt 0.779900968 0.154386341
vt 0.777086675 0.160851478
vt 0.787132442 0.139224529
vt 0.801452934 0.119964480
vt 0.783622622 0.149785935
vt 0.782408952 0.154644131
vt 0.781607508 0.159383773
vt 0.779877424 0.163991034
vt 0.769973397 0.167866051
vt 0.771514356 0.161755919
vt 0.772632777 0.171253204
vt 0.773977935 0.157819926
vt 0.774167537 0.174095153
vt 0.766024231 0.179474890
vt 0.769126534 0.172982573
vt 0.747348070 0.171663820
vt 0.766566395 0.195661664
vt 0.751125097 0.190754413
vt 0.770082056 0.179284632
vt 0.769457519 0.182167828
vt 0.771439373 0.189139366
vt 0.768829822 0.189206779
vt 0.776869475 0.174865007
vt 0.778251528 0.170435488
vt 0.776574611 0.181148767
vt 0.777596592 0.178452909
vt 0.778499007 0.181850194
vt 0.779674410 0.188561856
vt 0.779865860 0.195649981
vt 0.773272037 0.189088106
vt 0.774140477 0.195112943
vt 0.751198768 0.204169571
vt 0.769872069 0.219368338
vt 0.771979212 0.202670574
vt 0.773412227 0.199293851
vt 0.732734620 0.192378401
vt 0.731400132 0.177032113
vt 0.735481202 0.202205538
vt 0.743953168 0.147473275
vt 0.735602736 0.163523256
vt 0.718472540 0.183034241
vt 0.721008062 0.164041519
vt 0.718731284 0.194080293
vt 0.717903435 0.207404851
vt 0.740425407 0.213490307
vt 0.727847456 0.220832228
vt 0.744664490 0.224980354
vt 0.768251180 0.237957835
vt 0.773898303 0.217220962
vt 0.773974001 0.223070979
vt 0.772839129 0.227981507
vt 0.773823142 0.202476978
vt 0.774755358 0.207177281
vt 0.779081940 0.203413903
vt 0.782236516 0.210275292
vt 0.782781243 0.206850945
vt 0.780383050 0.218982458
vt 0.781248986 0.200566530
vt 0.775988459 0.219541609
vt 0.774495601 0.228393316
vt 0.771744012 0.232676208
vt 0.777465224 0.236964643
vt 0.754036784 0.238921523
vt 0.770543396 0.237956345
vt 0.769093573 0.242779851
vt 0.767829597 0.245564937
vt 0.737201571 0.238608241
vt 0.714843213 0.216509223
vt 0.718788206 0.231539249
vt 0.705459117 0.202405273
vt 0.697381913 0.183340311
vt 0.694320023 0.216342270
vt 0.694586873 0.198565065
vt 0.704046070 0.231863677
vt 0.726012885 0.246894955
vt 0.713058650 0.250264406
vt 0.749358892 0.253369808
vt 0.768119275 0.251956880
vt 0.769954204 0.246358454
vt 0.873944699 0.445143103
vt 0.782896280 0.232671618
vt 0.782329678 0.239926815
vt 0.781795024 0.243173301
vt 0.782604217 0.245345354
vt 0.870277762 0.446597516
vt 0.765413045 0.270382821
vt 0.868774414 0.445858836
vt 0.867323935 0.447651386
vt 0.744923770 0.265927434
vt 0.729066729 0.259025037
vt 0.699864625 0.252257645
vt 0.710108876 0.263432264
vt 0.688145756 0.240719497
vt 0.687196373 0.229533135
vt 0.677601814 0.255348682
vt 0.690337777 0.265215039
vt 0.720156848 0.272967934
vt 0.697657167 0.275744736
vt 0.733142912 0.270277857
vt 0.736589431 0.280539155
vt 0.866844236 0.443227112
vt 0.870753467 0.429653346
vt 0.888016104 0.417791545
vt 0.865657627 0.447758317
vt 0.863296568 0.446667552
vt 0.865255415 0.445439815
vt 0.866254866 0.437414050
vt 0.864263296 0.444984495
vt 0.888734877 0.404302477
vt 0.866825938 0.430600881
vt 0.866986036 0.427057266
vt 0.868569254 0.417637765
vt 0.877936303 0.408392071
vt 0.899691224 0.401374995
vt 0.712631106 0.281410098
vt 0.681650042 0.284611880
vt 0.671471357 0.279635548
vt 0.692763626 0.291359126
vt 0.665047943 0.270179629
vt 0.656330108 0.285851001
vt 0.675269603 0.293896794
vt 0.916014432 0.371396958
vt 0.909101069 0.386455953
vt 0.902245163 0.384357452
vt 0.894255816 0.389148414
vt 0.887285292 0.389569461
vt 0.868036985 0.400619566
vt 0.877204835 0.391239106
vt 0.867101430 0.412554919
vt 0.866321027 0.419394850
vt 0.865936338 0.423080444
vt 0.865207314 0.416043460
vt 0.864357173 0.431818842
vt 0.864661157 0.427882134
vt 0.865919828 0.426162600
vt 0.864118814 0.435584545
vt 0.864983022 0.421934902
vt 0.865818142 0.412443518
vt 0.862147152 0.411506950
vt 0.864971101 0.407740473
vt 0.870816171 0.386813104
vt 0.864599227 0.395029246
vt 0.862868309 0.375823378
vt 0.865384340 0.403060615
vt 0.863530337 0.399480223
vt 0.880821526 0.369429171
vt 0.889939844 0.373219788
vt 0.901307046 0.376498401
vt 0.900581598 0.366728723
vt 0.911795616 0.366411507
vt 0.913410723 0.358687698
vt 0.911633074 0.349121213
vt 0.905796647 0.347441732
vt 0.892560422 0.357471704
vt 0.864657163 0.368968725
vt 0.885122895 0.353652656
vt 0.871579349 0.358845174
vt 0.862095832 0.384838044
vt 0.860231995 0.381519615
vt 0.860268712 0.378464162
vt 0.859005928 0.373669028
vt 0.857503771 0.367519080
vt 0.861754298 0.393904089
vt 0.860206425 0.401485264
vt 0.864304065 0.403365075
vt 0.856616139 0.405251681
vt 0.855385720 0.400877833
vt 0.854951322 0.395683527
vt 0.857267260 0.393592059
vt 0.859196960 0.393911063
vt 0.860582053 0.388795256
vt 0.859939754 0.384118378
vt 0.859248459 0.380339086
vt 0.858136057 0.376821696
vt 0.855391204 0.368297338
vt 0.853591442 0.369043290
vt 0.852971732 0.361627161
vt 0.850923121 0.365642249
vt 0.857249617 0.344843506
vt 0.881340742 0.341787099
vt 0.899312615 0.340730130
vt 0.903203070 0.321059763
vt 0.911526083 0.330382883
vt 0.891670584 0.329241275
vt 0.875073790 0.332083642
vt 0.842791497 0.350555121
vt 0.841155827 0.341975569
vt 0.849873304 0.328000187
vt 0.858905434 0.327069222
vt 0.847625494 0.361933887
vt 0.845351576 0.357638835
vt 0.841255605 0.362827301
vt 0.852973103 0.371531844
vt 0.856024146 0.378212690
vt 0.857673585 0.385467112
vt 0.854819119 0.391354322
vt 0.854998529 0.386968076
vt 0.854959785 0.385026991
vt 0.855899810 0.384477675
vt 0.855334639 0.383078753
vt 0.850866615 0.377374708
vt 0.852592527 0.375353634
vt 0.852369844 0.384494364
vt 0.845078885 0.368693053
vt 0.840469121 0.354445517
vt 0.831248700 0.355116486
vt 0.835618257 0.364172995
vt 0.835668861 0.353547751
vt 0.840149998 0.36611408
vt 0.839028835 0.350673019
vt 0.836823523 0.346541702
vt 0.832339227 0.343960106
vt 0.830039024 0.360502362
vt 0.827702283 0.356198310
vt 0.827132046 0.352868259
vt 0.827654361 0.349260389
vt 0.839512944 0.367512524
vt 0.833881914 0.367208242
vt 0.845322668 0.372685074
vt 0.857038795 0.408798635
vt 0.863546073 0.438826263
vt 0.864722967 0.438799500
vt 0.826499402 0.359875917
vt 0.811210095 0.365970313
vt 0.813444495 0.353286027
vt 0.822802066 0.350099325
vt 0.792164564 0.360230565
vt 0.820493280 0.337180197
vt 0.787558853 0.350090265
vt 0.805807590 0.336642563
vt 0.791340708 0.369030952
vt 0.773978889 0.359829604
vt 0.770130932 0.351320326
vt 0.784284353 0.340237677
vt 0.789635896 0.331788599
vt 0.805370390 0.322794497
vt 0.824268758 0.336136281
vt 0.823917806 0.325893938
vt 0.827127039 0.345123469
vt 0.826867222 0.341742873
vt 0.826305806 0.331150889
vt 0.827029049 0.335073530
vt 0.806525409 0.308000743
vt 0.819506764 0.316119492
vt 0.797862529 0.309489905
vt 0.826040566 0.323221504
vt 0.826172411 0.328482806
vt 0.785835623 0.323591888
vt 0.766847908 0.335666596
vt 0.775903761 0.326817214
vt 0.765596032 0.344554305
vt 0.759552657 0.360877692
vt 0.755308210 0.354623317
vt 0.748803854 0.366273284
vt 0.755479097 0.340648412
vt 0.747752845 0.348594486
vt 0.746683418 0.357523202
vt 0.766163885 0.324759900
vt 0.755342125 0.329168796
vt 0.785101115 0.311944186
vt 0.778868913 0.309372007
vt 0.800829708 0.296518981
vt 0.798590779 0.288630068
vt 0.593665957 0.358253598
vt 0.608041048 0.338168263
vt 0.745783090 0.340711772
vt 0.576402723 0.370598912
vt 0.739848256 0.353555202
vt 0.736122846 0.342996180
vt 0.741167545 0.376056730
vt 0.750206470 0.376278400
vt 0.565865814 0.380189061
vt 0.548932254 0.390733659
vt 0.56511724 0.366187274
vt 0.577119946 0.354991436
vt 0.591277003 0.344302296
vt 0.615850448 0.319702565
vt 0.600107848 0.323793649
vt 0.578624248 0.336713850
vt 0.587902426 0.329438746
vt 0.562053024 0.351956546
vt 0.550833582 0.382680654
vt 0.547680735 0.369960725
vt 0.533782184 0.385595619
vt 0.534435033 0.367951452
vt 0.540951430 0.351094663
vt 0.551940739 0.33783108
vt 0.570081889 0.330300450
vt 0.584710717 0.313862681
vt 0.603790640 0.308032035
vt 0.169227659 0.481524109
vt 0.181079506 0.463928103
vt 0.166556641 0.498485565
vt 0.584834337 0.302742958
vt 0.561855077 0.319976031
vt 0.541508972 0.325869917
vt 0.530756473 0.335266947
vt 0.521178841 0.359342992
vt 0.520922124 0.348034441
vt 0.523845255 0.382475972
vt 0.517010331 0.375418901
vt 0.505935251 0.374813199
vt 0.501817166 0.361123442
vt 0.511318802 0.342074453
vt 0.520247578 0.324023068
vt 0.532768487 0.313564479
vt 0.546714663 0.305664539
vt 0.570695817 0.300073802
vt 0.554193615 0.303446590
vt 0.161598920 0.511668682
vt 0.151902645 0.502473115
vt 0.153172820 0.480662882
vt 0.143817901 0.513140618
vt 0.132808059 0.502091407
vt 0.142744645 0.489324450
vt 0.150754347 0.526730537
vt 0.553659260 0.287655651
vt 0.529631614 0.297836899
vt 0.532750427 0.284664630
vt 0.521709322 0.308351278
vt 0.507326543 0.324610352
vt 0.498292923 0.346848845
vt 0.486706346 0.354735910
vt 0.488370686 0.340443074
vt 0.473263025 0.344192802
vt 0.495095968 0.324130415
vt 0.502679348 0.304489672
vt 0.518122434 0.291318416
vt 0.517765164 0.274980008
vt 0.535210073 0.274675786
vt 0.129151582 0.537422299
vt 0.118151567 0.521464228
vt 0.121132925 0.510287582
vt 0.110190361 0.498706698
vt 0.133444115 0.485805034
vt 0.146383419 0.478304445
vt 0.100452929 0.512235641
vt 0.088746011 0.501617372
vt 0.082485973 0.487368106
vt 0.089264929 0.485523343
vt 0.109700880 0.490232944
vt 0.102339386 0.530835151
vt 0.086555905 0.522732734
vt 0.0968116 0.545559704
vt 0.081430718 0.555088698
vt 0.508094549 0.287131667
vt 0.508676469 0.265195131
vt 0.492854982 0.290395200
vt 0.480772733 0.300430715
vt 0.485749930 0.319099128
vt 0.474537581 0.331880092
vt 0.467635303 0.317508637
vt 0.482525229 0.283710062
vt 0.468617767 0.287821531
vt 0.461936444 0.302850604
vt 0.494620949 0.274684488
vt 0.499244421 0.259060800
vt 0.503410279 0.245620727
vt 0.046563491 0.406303644
vt 0.051642928 0.391819894
vt 0.078956320 0.541785955
vt 0.081710808 0.5320611
vt 0.068059667 0.518620610
vt 0.062576539 0.499238550
vt 0.079031676 0.503905057
vt 0.070904180 0.480647087
vt 0.079435885 0.480207443
vt 0.062613330 0.478324711
vt 0.066618025 0.477843344
vt 0.070583082 0.476830780
vt 0.067056417 0.475966095
vt 0.075797304 0.477173030
vt 0.571885943 0.946984171
vt 0.585621416 0.966808795
vt 0.052690625 0.408371210
vt 0.060151260 0.393498003
vt 0.060758296 0.374271750
vt 0.053054019 0.365920484
vt 0.485825568 0.264759779
vt 0.470240324 0.264508843
vt 0.059827394 0.359754204
vt 0.069138906 0.369316220
vt 0.071054905 0.382864356
vt 0.065111257 0.401951193
vt 0.061695877 0.419198334
vt 0.060534782 0.437877297
vt 0.589634001 0.966756701
vt 0.589589536 0.969806253
vt 0.586425662 0.970427751
vt 0.063639536 0.474922955
vt 0.071558572 0.475904882
vt 0.069739893 0.472068488
vt 0.081418767 0.476957082
vt 0.079176642 0.473015010
vt 0.085084199 0.478576362
vt 0.086700558 0.473781287
vt 0.081444703 0.469289422
vt 0.076506175 0.466831505
vt 0.070265136 0.465833663
vt 0.064807646 0.467103600
vt 0.073779605 0.466737508
vt 0.592467844 0.970106422
vt 0.593196868 0.968380332
vt 0.071425728 0.433187842
vt 0.597072839 0.971570611
vt 0.071837566 0.419591844
vt 0.074206709 0.401264965
vt 0.082115471 0.371247291
vt 0.083032451 0.389294147
vt 0.088748715 0.402052223
vt 0.080474004 0.414564669
vt 0.088968329 0.429034233
vt 0.082919120 0.439211905
vt 0.077870711 0.458214700
vt 0.077435374 0.462971806
vt 0.066714279 0.465101957
vt 0.593668878 0.972554504
vt 0.077826350 0.465683579
vt 0.081137269 0.466064035
vt 0.084919482 0.467624843
vt 0.087827347 0.466354906
vt 0.098544381 0.454690456
vt 0.106918647 0.434264600
vt 0.094461448 0.418462991
vt 0.099933184 0.407960057
vt 0.101179055 0.389858603
vt 0.100452974 0.377478778
vt 0.093112863 0.359898626
vt 0.082072109 0.356052756
vt 0.116990633 0.389469981
vt 0.123494014 0.376806020
vt 0.110836513 0.366211712
vt 0.114628993 0.404208540
vt 0.114086665 0.420747637
vt 0.113650232 0.443866014
vt 0.119706593 0.471594870
vt 0.102173626 0.475739121
vt 0.092597089 0.470226585
vt 0.090021081 0.471959114
vt 0.095714196 0.474838495
vt 0.095198690 0.477627337
vt 0.112740524 0.477156341
vt 0.100221820 0.476852417
vt 0.101479999 0.478744506
vt 0.107208319 0.479526519
vt 0.121047176 0.455807745
vt 0.135173052 0.465664327
vt 0.120231270 0.474985182
vt 0.127009108 0.472047567
vt 0.116251878 0.477470040
vt 0.128544673 0.444463431
vt 0.128892913 0.429295599
vt 0.122237391 0.415864944
vt 0.130860105 0.404725134
vt 0.133123785 0.390488803
vt 0.137161180 0.418083429
vt 0.150145307 0.410720944
vt 0.148632049 0.398422598
vt 0.141898348 0.437421500
vt 0.146804332 0.451689124
vt 0.139948695 0.462327778
vt 0.134602591 0.468721509
vt 0.136714696 0.467730820
vt 0.139960750 0.466092705
vt 0.125895664 0.477243006
vt 0.137258812 0.471056878
vt 0.112235702 0.478989958
vt 0.114820584 0.482416510
vt 0.103145085 0.482328832
vt 0.096781775 0.482472240
vt 0.093557633 0.480907499
vt 0.090945243 0.479888498
vt 0.088425822 0.477841556
vt 0.106024391 0.485410451
vt 0.1022138 0.484430253
vt 0.113000303 0.485503435
vt 0.116706505 0.485443294
vt 0.120448365 0.483056724
vt 0.131938532 0.481642246
vt 0.141940817 0.464627564
vt 0.145184859 0.464530766
vt 0.144967153 0.469714760
vt 0.145677223 0.460256099
vt 0.150499969 0.465008616
vt 0.145264029 0.474625408
vt 0.139565751 0.478380501
vt 0.152482822 0.469328641
vt 0.134108677 0.481739699
vt 0.131454110 0.482336461
vt 0.128335997 0.483787298
vt 0.121678404 0.484813571
vt 0.119226507 0.487035691
vt 0.113075308 0.487398564
vt 0.109271436 0.487024366
vt 0.103376492 0.486337661
vt 0.095575094 0.484543204
vt 0.148323759 0.475452184
vt 0.159922093 0.468299925
vt 0.155423462 0.472718715
vt 0.152056828 0.475487411
vt 0.164887815 0.462209463
vt 0.156668081 0.463093698
vt 0.150969728 0.461699962
vt 0.152655974 0.463024139
vt 0.155077606 0.460143566
vt 0.155499383 0.462107360
vt 0.157645285 0.461254417
vt 0.160423129 0.460049152
vt 0.165648132 0.457169830
vt 0.162973642 0.457787334
vt 0.168682947 0.455416619
vt 0.164537459 0.465322375
vt 0.171918660 0.458651304
vt 0.162689998 0.470522761
vt 0.162555843 0.468127131
vt 0.172653138 0.466183424
vt 0.165199711 0.467161893
vt 0.170959785 0.465330719
vt 0.174127504 0.463001549
vt 0.179399743 0.455803811
vt 0.173801109 0.450180769
vt 0.165775239 0.455301642
vt 0.164178103 0.452853620
vt 0.159246638 0.456995904
vt 0.174048095 0.444649338
vt 0.178094923 0.448027670
vt 0.182094425 0.458718240
vt 0.180025175 0.460134446
vt 0.184375301 0.453886628
vt 0.177526995 0.462087571
vt 0.186161205 0.447712957
vt 0.184612155 0.458030819
vt 0.189004823 0.451575100
vt 0.187068045 0.454979181
vt 0.181213095 0.445918738
vt 0.184508964 0.444110631
vt 0.810032367 0.282460212
vt 0.809404194 0.284907579
vt 0.806605815 0.290706992
vt 0.155879467 0.429369270
vt 0.181386858 0.441721379
vt 0.181320026 0.416956663
vt 0.166748821 0.413738906
vt 0.829863250 0.274658381
vt 0.816649794 0.284557879
vt 0.812276423 0.281376779
vt 0.810837566 0.287030100
vt 0.809479117 0.287725746
vt 0.804118096 0.293805420
vt 0.802850008 0.291644513
vt 0.812206268 0.293557882
vt 0.808565437 0.296701371
vt 0.811239898 0.289215683
vt 0.800858914 0.291352152
vt 0.805118918 0.296647071
vt 0.807600259 0.301261842
vt 0.805035233 0.299676239
vt 0.817742168 0.302962660
vt 0.814345538 0.291936278
vt 0.817728936 0.295613646
vt 0.820722758 0.301051795
vt 0.813722610 0.287750124
vt 0.817750155 0.291574180
vt 0.827098429 0.299353659
vt 0.856888115 0.270012497
vt 0.845749318 0.285913348
vt 0.852227985 0.297669887
vt 0.851136565 0.309167921
vt 0.842190086 0.31180197
vt 0.835092604 0.311334550
vt 0.827060461 0.305995643
vt 0.829711258 0.311347127
vt 0.812946856 0.304203271
vt 0.809196054 0.304218232
vt 0.812355101 0.307682633
vt 0.822482705 0.314365088
vt 0.816909253 0.309522032
vt 0.833058536 0.312075197
vt 0.832920610 0.320194602
vt 0.828563630 0.321943819
vt 0.834409475 0.321780026
vt 0.861411809 0.317323207
vt 0.871069312 0.300346136
vt 0.867098629 0.291273951
vt 0.869287252 0.280959606
vt 0.875862479 0.270023763
vt 0.875409901 0.257808387
vt 0.890220463 0.274410188
vt 0.885281622 0.288507878
vt 0.880344092 0.306511819
vt 0.879884481 0.322008550
vt 0.897215724 0.310439467
vt 0.892737984 0.298771441
vt 0.909123301 0.284436166
vt 0.907112538 0.274571478
vt 0.908681511 0.262595474
vt 0.893517851 0.255481660
vt 0.177345678 0.378574788
vt 0.178879857 0.395454824
vt 0.165474250 0.395314514
vt 0.177962943 0.367384970
vt 0.160718619 0.384441137
vt 0.188316196 0.352892041
vt 0.930068016 0.257747113
vt 0.924814641 0.268074452
vt 0.193996757 0.345034062
vt 0.910692334 0.295141279
vt 0.925591051 0.288751483
vt 0.929455220 0.277494549
vt 0.912400841 0.308474600
vt 0.924803018 0.310144960
vt 0.915602862 0.320536732
vt 0.922903180 0.300327241
vt 0.937648534 0.282879352
vt 0.934606969 0.297586441
vt 0.944598317 0.277150034
vt 0.942154705 0.262032806
vt 0.950411200 0.252950131
vt 0.194299489 0.326060950
vt 0.180807337 0.337699472
vt 0.172426864 0.358616173
vt 0.157207682 0.370847821
vt 0.142854586 0.382006764
vt 0.138902932 0.369066894
vt 0.162937998 0.352480173
vt 0.144389450 0.358213782
vt 0.177604198 0.322228014
vt 0.164713144 0.333848297
vt 0.196194276 0.306433558
vt 0.186428517 0.311199426
vt 0.951400160 0.265706419
vt 0.964123547 0.259079217
vt 0.965654194 0.246128857
vt 0.951763570 0.281181871
vt 0.942404449 0.290172755
vt 0.933915019 0.307763814
vt 0.949302315 0.291779756
vt 0.240108609 0.290044724
vt 0.230816543 0.284191966
vt 0.222418263 0.277430355
vt 0.211547151 0.277637183
vt 0.200491234 0.291146099
vt 0.200290069 0.275754272
vt 0.189759820 0.290917098
vt 0.177266553 0.305680930
vt 0.161569416 0.316039443
vt 0.149876698 0.346376359
vt 0.150276973 0.329731822
vt 0.130011022 0.355583965
vt 0.135878652 0.335516274
vt 0.124562665 0.333818435
vt 0.116472281 0.351698458
vt 0.139589339 0.318180263
vt 0.163408845 0.304034650
vt 0.147724762 0.303125143
vt 0.181328386 0.285786747
vt 0.167228102 0.29145509
vt 0.186956822 0.267744362
vt 0.207573935 0.259043932
vt 0.192855179 0.255867838
vt 0.220066994 0.267657935
vt 0.230249732 0.272042751
vt 0.239910349 0.278121888
vt 0.250319659 0.284159898
vt 0.243159025 0.261803031
vt 0.247567519 0.271589577
vt 0.235904619 0.260390102
vt 0.226969912 0.254419863
vt 0.218880534 0.247749686
vt 0.205874159 0.243119537
vt 0.192781910 0.241407036
vt 0.183086738 0.247215569
vt 0.172247037 0.278787970
vt 0.174205049 0.261107742
vt 0.157508954 0.278974354
vt 0.152693912 0.291101813
vt 0.129735693 0.301518321
vt 0.140482723 0.291128397
vt 0.127701163 0.315441131
vt 0.125445202 0.289491951
vt 0.114915497 0.305900633
vt 0.140509218 0.278919816
vt 0.162652760 0.265667319
vt 0.141988754 0.266942441
vt 0.171924784 0.239191472
vt 0.164849877 0.247299552
vt 0.181023225 0.230940997
vt 0.190578296 0.230228424
vt 0.202249214 0.230583906
vt 0.214790672 0.229938507
vt 0.225989237 0.237532496
vt 0.234154403 0.239295244
vt 0.244414821 0.244148314
vt 0.239594981 0.220788657
vt 0.230205327 0.221350252
vt 0.219844579 0.217222333
vt 0.207717135 0.216443955
vt 0.195988267 0.214818954
vt 0.180948540 0.212289691
vt 0.172240376 0.221264660
vt 0.160407573 0.225200951
vt 0.156752288 0.238621354
vt 0.150462999 0.253664076
vt 0.13478522 0.252126991
vt 0.121854901 0.257527053
vt 0.124496676 0.269743621
vt 0.116255357 0.278443992
vt 0.103957429 0.288867950
vt 0.106710046 0.266893804
vt 0.094969295 0.272860169
vt 0.122564777 0.246001124
vt 0.098410330 0.256033122
vt 0.109308525 0.243795394
vt 0.140390336 0.240326345
vt 0.143106132 0.224897682
vt 0.157156735 0.208883822
vt 0.168155834 0.206839442
vt 0.145712867 0.216862678
vt 0.176325246 0.192785918
vt 0.188414618 0.198041439
vt 0.205166682 0.200735509
vt 0.197817742 0.197250604
vt 0.214288532 0.203745067
vt 0.225978270 0.202982783
vt 0.222259625 0.186087131
vt 0.208750367 0.180036127
vt 0.199273616 0.179507374
vt 0.185082584 0.182914912
vt 0.158897146 0.190026581
vt 0.170872181 0.178382098
vt 0.150744780 0.201491713
vt 0.133614480 0.206828475
vt 0.126674071 0.233751833
vt 0.123681992 0.219710886
vt 0.091285646 0.243902862
vt 0.094558723 0.228163898
vt 0.114429481 0.229651272
vt 0.105689704 0.220145881
vt 0.113216750 0.205232858
vt 0.121812254 0.194870352
vt 0.133045241 0.188874065
vt 0.144427210 0.187804281
vt 0.153747782 0.171841085
vt 0.168760359 0.162274956
vt 0.181467726 0.167153418
vt 0.192008301 0.159253001
vt 0.206360757 0.163067221
vt 0.222952023 0.172198057
vt 0.213572815 0.168446421
vt 0.235634267 0.169198811
vt 0.234009414 0.192120492
vt 0.234857931 0.209531486
vt 0.241621583 0.189181983
vt 0.227736115 0.156310856
vt 0.239977464 0.160742223
vt 0.246480748 0.174081981
vt 0.214157596 0.150293469
vt 0.200138405 0.151594162
vt 0.178953796 0.149938702
vt 0.191684678 0.140110671
vt 0.160778686 0.147945702
vt 0.169650733 0.142482757
vt 0.137201279 0.177417397
vt 0.118101783 0.179567992
vt 0.107207089 0.191636085
vt 0.099866338 0.204507470
vt 0.090747684 0.210376977
vt 0.078119278 0.216661751
vt 0.084517508 0.233635008
vt 0.070717990 0.228579342
vt 0.075892999 0.241286039
vt 0.078545346 0.252452433
vt 0.066363781 0.245904386
vt 0.058672487 0.247150480
vt 0.066526211 0.261535465
vt 0.079670384 0.264362394
vt 0.082965575 0.279952228
vt 0.419702857 0.260089218
vt 0.417262882 0.280244469
vt 0.057011298 0.261657357
vt 0.397745907 0.298896789
vt 0.418803215 0.292758345
vt 0.428700566 0.265649557
vt 0.433531761 0.275031030
vt 0.431309193 0.254933834
vt 0.089367419 0.302927255
vt 0.071004964 0.315912306
vt 0.441182255 0.261022985
vt 0.447444886 0.268816232
vt 0.436046361 0.285330414
vt 0.456634074 0.274625361
vt 0.426391094 0.308046817
vt 0.437076091 0.304230094
vt 0.439741164 0.323488652
vt 0.448182880 0.304446458
vt 0.453375607 0.287707209
vt 0.453124076 0.260195851
vt 0.078774832 0.325457274
vt 0.066034838 0.337841749
vt 0.101140633 0.300772249
vt 0.090460754 0.320672690
vt 0.105991184 0.315514564
vt 0.098746039 0.335520267
vt 0.080925568 0.342651963
vt 0.069139689 0.352693438
vt 0.058967124 0.347389042
vt 0.114965416 0.323223114
vt 0.111287325 0.337597668
vt 0.456663429 0.331022679
vt 0.167575344 0.12481004
vt 0.179575383 0.121356189
vt 0.182465359 0.132851779
vt 0.191205129 0.118169844
vt 0.199180498 0.125986456
vt 0.187064915 0.104933917
vt 0.173751100 0.094595372
vt 0.182971760 0.091615676
vt 0.198458463 0.093668580
vt 0.20241642 0.110639810
vt 0.204803288 0.139211595
vt 0.208220914 0.124495983
vt 0.216154813 0.131045162
vt 0.211279645 0.106489718
vt 0.221596121 0.114835202
vt 0.191499963 0.080166220
vt 0.201733648 0.074636638
vt 0.209229305 0.089032888
vt 0.215524867 0.077451467
vt 0.222687512 0.088777184
vt 0.219840914 0.099030613
vt 0.232266321 0.104778170
vt 0.235336497 0.116173982
vt 0.224948316 0.131337642
vt 0.222852170 0.148033976
vt 0.234154179 0.134883880
vt 0.242884710 0.102576732
vt 0.244634732 0.122639596
vt 0.233081311 0.093888819
vt 0.255508363 0.621210813
vt 0.271591424 0.587917804
vt 0.262236893 0.604450345
vt 0.275939047 0.584924101
vt 0.271436810 0.601611375
vt 0.274607658 0.595618963
vt 0.265058338 0.611471295
vt 0.257841885 0.634168148
vt 0.265806138 0.622311770
vt 0.246559694 0.655734419
vt 0.257975906 0.645072758
vt 0.239090189 0.672446131
vt 0.243077725 0.141518294
vt 0.252839952 0.144233524
vt 0.250273227 0.159219265
vt 0.249628335 0.667211175
vt 0.245912045 0.678090751
vt 0.233460292 0.682092964
vt 0.255661487 0.659557044
vt 0.270015239 0.638160646
vt 0.261271297 0.656242609
vt 0.268088311 0.651689529
vt 0.273134529 0.630981445
vt 0.274882495 0.616557896
vt 0.280058562 0.607456088
vt 0.279979527 0.600184559
vt 0.279645413 0.591160178
vt 0.278133809 0.587638557
vt 0.280694931 0.586797893
vt 0.280494302 0.595452725
vt 0.281625837 0.592929661
vt 0.281709581 0.589797794
vt 0.282073736 0.602780282
vt 0.281604886 0.598766803
vt 0.280990183 0.604786157
vt 0.284964084 0.618621945
vt 0.282142907 0.619154810
vt 0.282042443 0.607947170
vt 0.283593207 0.611516594
vt 0.281624227 0.605815649
vt 0.287270814 0.629349827
vt 0.290854811 0.638490438
vt 0.279496580 0.646060586
vt 0.276394456 0.661248683
vt 0.268142938 0.668094396
vt 0.277864813 0.678305506
vt 0.269000858 0.678065657
vt 0.258390367 0.672793507
vt 0.288711875 0.676909446
vt 0.284580171 0.660141944
vt 0.300217241 0.663398444
vt 0.296358496 0.634664416
vt 0.300656646 0.640685796
vt 0.303615927 0.655610024
vt 0.291644573 0.625852763
vt 0.289858251 0.620284080
vt 0.287517696 0.617400050
vt 0.286285400 0.614817023
vt 0.286800414 0.611920952
vt 0.283426135 0.607126832
vt 0.281225651 0.604807972
vt 0.283310860 0.597757458
vt 0.284564584 0.602630436
vt 0.285398781 0.606870830
vt 0.293317943 0.619180977
vt 0.292584419 0.613942742
vt 0.295430630 0.617505788
vt 0.295070707 0.622447729
vt 0.297770649 0.626969158
vt 0.300579369 0.631637930
vt 0.300653874 0.635428786
vt 0.301925241 0.638021588
vt 0.302729278 0.640314817
vt 0.302512228 0.646580696
vt 0.303769618 0.634708106
vt 0.301860600 0.629582226
vt 0.299780935 0.625757157
vt 0.299155205 0.622141003
vt 0.302830189 0.624688863
vt 0.305226624 0.628692627
vt 0.305004566 0.64078933
vt 0.306369692 0.632439136
vt 0.306164979 0.635953545
vt 0.305631578 0.638444304
vt 0.304884582 0.643821597
vt 0.30461362 0.648150503
vt 0.304938197 0.652335405
vt 0.307186007 0.646989285
vt 0.306797891 0.642883300
vt 0.308016121 0.637374162
vt 0.31039837 0.642971158
vt 0.308919459 0.645278334
vt 0.306790739 0.654505133
vt 0.309501975 0.648370266
vt 0.311389923 0.650069713
vt 0.313415139 0.652940869
vt 0.310770630 0.658487796
vt 0.307733088 0.658647537
vt 0.309697747 0.663647174
vt 0.31349051 0.671994566
vt 0.311250329 0.661208033
vt 0.317032188 0.656995177
vt 0.319369852 0.661636829
vt 0.316680967 0.665128707
vt 0.313950240 0.648957371
vt 0.322912037 0.659096956
vt 0.322698235 0.661783456
vt 0.322023361 0.666938066
vt 0.314401984 0.667264223
vt 0.319370538 0.672113537
vt 0.319445520 0.678854942
vt 0.284407764 0.687939286
vt 0.296997934 0.683780670
vt 0.323796480 0.674097418
vt 0.332761317 0.691169500
vt 0.327058166 0.678388178
vt 0.331805706 0.680860817
vt 0.337881267 0.686553299
vt 0.329746246 0.670216798
vt 0.326625794 0.662671327
vt 0.329207152 0.665005445
vt 0.332220107 0.666349411
vt 0.330570042 0.674716711
vt 0.334830313 0.670665979
vt 0.332798689 0.678351998
vt 0.336477160 0.679208040
vt 0.337530076 0.682561397
vt 0.340492934 0.685895681
vt 0.361501991 0.218483269
vt 0.342123389 0.688273310
vt 0.342494994 0.691245913
vt 0.388066321 0.240585088
vt 0.386817216 0.232290864
vt 0.377230942 0.217417419
vt 0.273966014 0.693808376
vt 0.412169158 0.243418514
vt 0.401931822 0.237789809
vt 0.265480995 0.700062394
vt 0.262228518 0.684326946
vt 0.394789099 0.221566736
vt 0.374726951 0.199385345
vt 0.353947758 0.218274116
vt 0.350519478 0.213016450
vt 0.356445610 0.196974992
vt 0.344231814 0.689009070
vt 0.351435184 0.219102621
vt 0.342212706 0.681955456
vt 0.336242616 0.673465430
vt 0.339712411 0.675083756
vt 0.338669151 0.671884536
vt 0.343012422 0.676015138
vt 0.344496846 0.680658459
vt 0.345649272 0.684330165
vt 0.345412105 0.216284394
vt 0.346265018 0.686543703
vt 0.349022269 0.214877724
vt 0.349329948 0.208699166
vt 0.347043097 0.213426291
vt 0.347471684 0.210161626
vt 0.389222800 0.194733560
vt 0.395708233 0.212782323
vt 0.413216233 0.228608071
vt 0.401036888 0.199068188
vt 0.405601054 0.212274372
vt 0.396407187 0.182337343
vt 0.382419288 0.176686942
vt 0.410805165 0.189066767
vt 0.419137626 0.208577036
vt 0.425515532 0.219991385
vt 0.427928119 0.237937629
vt 0.437506496 0.214416444
vt 0.441665768 0.230451285
vt 0.423322200 0.200080215
vt 0.433268547 0.197309494
vt 0.454490989 0.217523098
vt 0.451615810 0.228205919
vt 0.447221666 0.245382964
vt 0.459591805 0.242290675
vt 0.263676226 0.711384296
vt 0.253021657 0.721527218
vt 0.250615835 0.709901332
vt 0.256795287 0.698333561
vt 0.243347391 0.719089984
vt 0.244534596 0.732413947
vt 0.239740282 0.743729710
vt 0.471200794 0.239384055
vt 0.471833318 0.230280518
vt 0.474007606 0.219636440
vt 0.456363230 0.206229031
vt 0.474662810 0.207773983
vt 0.46009776 0.197559118
vt 0.491883277 0.229479253
vt 0.492854833 0.217157125
vt 0.490552842 0.240289568
vt 0.234517768 0.754934608
vt 0.236727461 0.729559302
vt 0.226228013 0.743780493
vt 0.227489128 0.750935375
vt 0.231781810 0.719841480
vt 0.240688309 0.703523576
vt 0.248180925 0.693541526
vt 0.254665553 0.682901799
vt 0.239188194 0.688777804
vt 0.232488974 0.703155696
vt 0.224160254 0.707619965
vt 0.230320900 0.727762460
vt 0.219563022 0.736102104
vt 0.212005004 0.731050252
vt 0.215766847 0.765461325
vt 0.216888129 0.753583788
vt 0.223347842 0.764944076
vt 0.230751082 0.769560575
vt 0.234713673 0.779720425
vt 0.50966537 0.226430356
vt 0.517717421 0.218746304
vt 0.499468088 0.209809362
vt 0.483660370 0.199272096
vt 0.527416944 0.234939694
vt 0.222672432 0.778347134
vt 0.221835061 0.791818797
vt 0.214279279 0.776546001
vt 0.205662801 0.780934751
vt 0.202920511 0.774191618
vt 0.207648277 0.756827831
vt 0.202171176 0.758936286
vt 0.273040264 0.188092470
vt 0.267176806 0.183239996
vt 0.227097705 0.691363334
vt 0.261007428 0.178691446
vt 0.257676780 0.169917106
vt 0.251572907 0.185892581
vt 0.255924016 0.198051452
vt 0.264829188 0.206100046
vt 0.189134970 0.790134429
vt 0.271700680 0.218281507
vt 0.194766581 0.791727960
vt 0.198770627 0.796962499
vt 0.206377923 0.789222836
vt 0.212467566 0.791367769
vt 0.540552496 0.229193031
vt 0.557594776 0.241989910
vt 0.207666873 0.802545189
vt 0.561121583 0.231563687
vt 0.548997283 0.217925488
vt 0.530186653 0.213839232
vt 0.581795811 0.246154785
vt 0.581422925 0.254763484
vt 0.201896682 0.804054558
vt 0.196102976 0.808627426
vt 0.191105753 0.810370862
vt 0.191567406 0.800148129
vt 0.287174820 0.258682608
vt 0.269569516 0.242851674
vt 0.268696218 0.225859046
vt 0.273021072 0.252853453
vt 0.257319450 0.216321349
vt 0.248143315 0.219962298
vt 0.245956420 0.204158961
vt 0.261716425 0.235132396
vt 0.252540200 0.228594064
vt 0.265186309 0.262351095
vt 0.255680173 0.247869253
vt 0.279795080 0.267511963
vt 0.297974467 0.252974569
vt 0.299793124 0.267184674
vt 0.291042804 0.276165604
vt 0.189404383 0.827070713
vt 0.307655155 0.259209990
vt 0.602590382 0.257882833
vt 0.580705165 0.233212947
vt 0.605428278 0.249215960
vt 0.617344081 0.271462082
vt 0.620801091 0.260561406
vt 0.313610315 0.268382608
vt 0.298545360 0.275861740
vt 0.311531275 0.275386571
vt 0.282900989 0.280370414
vt 0.301666736 0.286752224
vt 0.288112819 0.287423133
vt 0.269475489 0.276241779
vt 0.256523370 0.273817539
vt 0.251569628 0.260087907
vt 0.259769260 0.286345362
vt 0.272090286 0.286538183
vt 0.275898128 0.291436612
vt 0.940097689 0.337150096
vt 0.939905405 0.328524053
vt 0.933614909 0.349376559
vt 0.307919204 0.282313466
vt 0.643924295 0.271427333
vt 0.628715157 0.265575110
vt 0.642836511 0.258652985
vt 0.630598068 0.249663054
vt 0.658524334 0.261618435
vt 0.923881173 0.359203875
vt 0.930205166 0.343071401
vt 0.928472697 0.335090756
vt 0.938302338 0.319685995
vt 0.947000026 0.305018186
vt 0.938013315 0.310522913
vt 0.929668068 0.323255598
vt 0.923264741 0.347584188
vt 0.918438613 0.345661401
vt 0.919124245 0.336085498
vt 0.923592031 0.324573993
vt 0.660722792 0.249278128
vt 0.670151770 0.237171232
vt 0.649694502 0.241416394
vt 0.661806643 0.225071370
vt 0.676731944 0.221905589
vt 0.642627716 0.226508021
vt 0.624984622 0.235593795
vt 0.660250783 0.206311762
vt 0.652400672 0.212581634
vt 0.681313037 0.206750810
vt 0.650199890 0.191369652
vt 0.678172171 0.190494775
vt 0.635242164 0.201534748
vt 0.628168404 0.218674242
vt 0.600360572 0.231670022
vt 0.608645737 0.220862805
vt 0.613704264 0.240746974
vt 0.587721228 0.217616319
vt 0.619220614 0.213341951
vt 0.603624343 0.207475543
vt 0.633740723 0.188800215
vt 0.618935346 0.193175137
vt 0.611769676 0.199981808
vt 0.649416387 0.181205987
vt 0.664772152 0.175046742
vt 0.678239762 0.174129188
vt 0.686505258 0.164270103
vt 0.70335567 0.171200931
vt 0.670400083 0.157155633
vt 0.654349684 0.158589720
vt 0.646967291 0.166937470
vt 0.629699349 0.177570223
vt 0.600870668 0.187466263
vt 0.608961880 0.17810148
vt 0.590249955 0.191958427
vt 0.577474057 0.206959128
vt 0.568764984 0.219450533
vt 0.553268313 0.208170473
vt 0.567349374 0.200011134
vt 0.571775317 0.188420593
vt 0.586523830 0.176590383
vt 0.618831455 0.170513212
vt 0.601763069 0.166246891
vt 0.630382716 0.162949383
vt 0.632181227 0.149811685
vt 0.663503229 0.147273361
vt 0.646155953 0.142107129
vt 0.683149516 0.144060850
vt 0.693243444 0.157098054
vt 0.703918337 0.153613805
vt 0.672558486 0.135569810
vt 0.676746010 0.123612463
vt 0.692451417 0.132980883
vt 0.655574262 0.135337889
vt 0.612994372 0.153820395
vt 0.610740482 0.145016551
vt 0.584351658 0.161612987
vt 0.598638951 0.147085905
vt 0.564168393 0.170637190
vt 0.573201417 0.165496468
vt 0.554402470 0.184707224
vt 0.547998845 0.196928501
vt 0.538924574 0.184119522
vt 0.545309066 0.169286251
vt 0.558834910 0.156190216
vt 0.586696505 0.143757641
vt 0.572787821 0.144020855
vt 0.573662817 0.134732484
vt 0.555273175 0.139312386
vt 0.541123926 0.155343592
vt 0.529029607 0.158052444
vt 0.524685919 0.179216563
vt 0.524161994 0.193436145
vt 0.533181905 0.204423606
vt 0.504962325 0.186293780
vt 0.513654649 0.202595651
vt 0.512895047 0.169573605
vt 0.538424253 0.141699433
vt 0.522423088 0.144354462
vt 0.510963499 0.155798137
vt 0.498266398 0.168876111
vt 0.493859797 0.196330070
vt 0.491235882 0.180189549
vt 0.480282306 0.182354927
vt 0.486106962 0.164542257
vt 0.469707429 0.164958715
vt 0.469692170 0.191602528
vt 0.466923117 0.177633643
vt 0.451818227 0.181179523
vt 0.709805131 0.128417968
vt 0.711509823 0.145580232
vt 0.722085118 0.125211119
vt 0.725241899 0.144562482
vt 0.722197830 0.108913481
vt 0.732846617 0.130027771
vt 0.740484654 0.121572256
vt 0.728313148 0.100170433
vt 0.344512075 0.210959732
vt 0.342119902 0.214429557
vt 0.342331886 0.209760129
vt 0.341084927 0.208888948
vt 0.340513795 0.216394364
vt 0.343567997 0.216834485
vt 0.344690114 0.222140133
vt 0.343361526 0.219617545
vt 0.341514468 0.220678746
vt 0.346517413 0.683453559
vt 0.285842269 0.603505849
vt 0.284533917 0.597661376
vt 0.284755796 0.594259858
vt 0.282069474 0.594727814
vt 0.284235626 0.591276168
vt 0.835699617 0.332390368
vt 0.837387383 0.340376198
vt 0.836389184 0.343798399
vt 0.835104584 0.337058246
vt 0.833800315 0.332740068
vt 0.833456456 0.335927605
vt 0.833490192 0.330092668
vt 0.834017336 0.327584564
vt 0.835151910 0.341632902
vt 0.834133565 0.338465869
vt 0.832556486 0.331476390
vt 0.830015242 0.332687795
vt 0.832579672 0.328541517
vt 0.833123207 0.323682725
vt 0.828970670 0.341377496
vt 0.089327186 0.481978178
vt 0.093301884 0.481711864
vt 0.788321137 0.224402189
vt 0.785933971 0.195991694
vt 0.784195959 0.202028870
vt 0.784482419 0.222665906
vt 0.783580899 0.212482333
vt 0.836193382 0.508600235
vt 0.846329331 0.517282962
vt 0.781865716 0.189414322
vt 0.781116426 0.184439241
vt 0.781114876 0.194418132
vt 0.781900048 0.198222816
vt 0.822084844 0.502145767
vt 0.816232502 0.491507113
vt 0.352290511 0.114466309
vt 0.348285168 0.106661140
vt 0.354263842 0.109279334
vt 0.351616680 0.100415289
vt 0.354290694 0.098488330
vt 0.355790168 0.092093884
vt 0.356802344 0.094267725
vt 0.358659893 0.091180443
vt 0.938870668 0.060841083
vt 0.054506838 0.624389529
vt 0.086201421 0.597495675
vt 0.072743959 0.597911834
vt 0.068818457 0.600600838
vt 0.078026853 0.596657574
vt 0.085647150 0.592455864
vt 0.092231646 0.594586014
vt 0.355503380 0.481850862
vt 0.345384478 0.498375296
vt 0.343897789 0.486847877
vt 0.340453267 0.472184956
vt 0.327428132 0.509158730
vt 0.326807767 0.498966097
vt 0.311851680 0.503426671
vt 0.304814785 0.492226123
vt 0.325475126 0.482526898
vt 0.306691646 0.474879920
vt 0.279429942 0.487219870
vt 0.287290930 0.474774539
vt 0.271092414 0.495962679
vt 0.251034200 0.474574863
vt 0.265425860 0.473341405
vt 0.271814525 0.465862035
vt 0.243296548 0.447256803
vt 0.229482278 0.457560181
vt 0.235039845 0.471593618
vt 0.256290584 0.498226046
vt 0.226021006 0.472813844
vt 0.226135075 0.462968766
vt 0.226781144 0.485112965
vt 0.222139731 0.438860595
vt 0.220260500 0.453035652
vt 0.227355077 0.426055789
vt 0.213039293 0.425766229
vt 0.212157651 0.445276141
vt 0.216884583 0.457172095
vt 0.098612681 0.017638862
vt 0.101974569 0.018627524
vt 0.104742012 0.020230591
vt 0.107209846 0.017674267
vt 0.113585636 0.011003911
vt 0.109070889 0.016151368
vt 0.120744541 0.008643209
vt 0.125237301 0.008010983
vt 0.130185350 0.009235024
vt 0.136132761 0.010063171
vt 0.144982546 0.014001727
vt 0.150074526 0.010384023
vt 0.138015911 0.014934361
vt 0.134718373 0.013960123
vt 0.141705766 0.015761435
vt 0.132180199 0.013848125
vt 0.128578379 0.012118458
vt 0.125087574 0.010182082
vt 0.118798896 0.011714518
vt 0.121768519 0.010899722
vt 0.112632714 0.016386687
vt 0.108008116 0.020622372
vt 0.099254332 0.021324217
vt 0.104904733 0.023777425
vt 0.093370243 0.016389668
vt 0.093643777 0.019297361
vt 0.211314424 0.452100813
vt 0.088409595 0.018052041
vt 0.092690073 0.023381888
vt 0.088407173 0.023688256
vt 0.074789941 0.022012770
vt 0.102287128 0.024543225
vt 0.100460946 0.023282110
vt 0.097181685 0.024332284
vt 0.117729991 0.013795554
vt 0.149480626 0.012434959
vt 0.086243793 0.026316165
vt 0.069747954 0.027072668
vt 0.074396558 0.026712834
vt 0.079716578 0.025534570
vt 0.057932149 0.026475668
vt 0.061533946 0.026331961
vt 0.065437451 0.026680469
vt 0.065874077 0.024847090
vt 0.208287626 0.451145052
vt 0.206960469 0.441972613
vt 0.205668315 0.435196042
vt 0.085111871 0.017672061
vt 0.202306866 0.425215184
vt 0.205224379 0.430094599
vt 0.058565169 0.025629639
vt 0.057310979 0.023841917
vt 0.049101326 0.024611711
vt 0.052008323 0.024538219
vt 0.191750347 0.414022028
vt 0.195845902 0.417562842
vt 0.206891059 0.424900949
vt 0.201188370 0.420464634
vt 0.209402158 0.434179127
vt 0.203288555 0.416574955
vt 0.198567211 0.415045201
vt 0.196502208 0.414056241
vt 0.194074884 0.411854922
vt 0.196584641 0.412449955
vt 0.197507917 0.413329660
vt 0.590034127 0.983586251
vt 0.589430928 0.983014881
vt 0.595244944 0.983130395
vt 0.793695867 0.261067986
vt 0.843644678 0.474534452
vt 0.860456705 0.455035567
vt 0.864058911 0.454490304
vt 0.850470185 0.502143085
vt 0.587327897 0.504297971
vt 0.585531413 0.517163872
vt 0.573246002 0.533738970
vt 0.576257765 0.492823064
vt 0.560496330 0.483788847
vt 0.681008994 0.495791375
vt 0.543280422 0.566663265
vt 0.554015874 0.473462462
vt 0.551510989 0.465824842
vt 0.541118085 0.454560875
vt 0.712040007 0.380472004
vt 0.647668540 0.523593545
vt 0.718450188 0.372980356
vt 0.545176327 0.428088665
vt 0.728856623 0.365890681
vt 0.733898818 0.355542659
vt 0.056690964 0.230017304
vt 0.053297389 0.213952422
vt 0.053158272 0.197052240
vt 0.053267721 0.182917058
vt 0.053195804 0.170098900
vt 0.053173422 0.150812625
vt 0.283223539 0.353619873
vt 0.052638374 0.112559139
vt 0.051784645 0.089704096
vt 0.050710056 0.065845072
vt 0.051191136 0.053962051
vt 0.049717504 0.027346789
vt 0.232901319 0.597880125
vt 0.223699137 0.589231431
vt 0.220447212 0.578062176
vt 0.222794890 0.556373357
vt 0.165018051 0.008563458
vt 0.168603539 0.002306163
vt 0.231544837 0.536479115
vt 0.231836974 0.533345341
vt 0.23248218 0.529685616
vt 0.159839555 0.002783715
vt 0.144860908 0.011058688
vt 0.327266126 0.212775707
vt 0.322322279 0.202202796
vt 0.329319149 0.229244470
vt 0.341758370 0.225740671
vt 0.315729856 0.197157442
vt 0.305783897 0.199543893
vt 0.420956254 0.672449708
vt 0.481108814 0.664238452
vt 0.468647390 0.673306584
vt 0.339583277 0.129262983
vt 0.344574481 0.116455137
vt 0.209623515 0.892220318
vt 0.219131156 0.903367042
vt 0.499726980 0.045588374
vt 0.522919416 0.042704522
vt 0.200271681 0.885904610
vt 0.186717599 0.882715404
vt 0.537051796 0.036963403
vt 0.555108547 0.026891887
vt 0.562402367 0.012621164
vt 0.58396101 0.007371485
vt 0.182048335 0.784379005
vt 0.187067106 0.761469006
vt 0.193948924 0.744393408
vt 0.201376393 0.728208065
vt 0.681799948 0.024509489
vt 0.193089395 0.694323718
vt 0.192639663 0.678375601
vt 0.740193843 0.030909955
vt 0.757725656 0.033534467
vt 0.771346032 0.040683448
vt 0.786313653 0.042566597
vt 0.189798981 0.595647335
vt 0.837032616 0.011706948
vt 0.830593764 0.014748692
vt 0.843226015 0.012190938
vt 0.827589035 0.017109394
vt 0.151181429 0.583189129
vt 0.15381971 0.578675568
vt 0.845935404 0.013800382
vt 0.861495971 0.005184173
vt 0.935826718 0.778947711
vt 0.939611375 0.806322991
vt 0.933097958 0.763151109
vt 0.929197132 0.748150467
vt 0.867467165 0.020062744
vt 0.911911785 0.720001459
vt 0.902121245 0.706631898
vt 0.942716717 0.821479439
vt 0.040277272 0.593079805
vt 0.023322837 0.594094336
vt 0.001529051 0.616547524
vt 0.009662091 0.637903630
vt 0.015912488 0.662328600
vt 0.010423955 0.675247788
vt 0.888002276 0.878894150
vt 0.009438328 0.712986946
vt 0.008061285 0.739788532
vt 0.006525446 0.757836580
vt 0.807371795 0.909399569
vt 0.782962739 0.918743372
vt 0.717391610 0.943146765
vt 0.744598209 0.933438539
vt 0.760785281 0.924601972
vt 0.715695619 0.95375669
vt 0.720456242 0.970907270
vt 0.719147801 0.983237505
vt 0.711388588 0.995069623
vt 0.959468901 0.182935297
vt 0.955202043 0.167438983
vt 0.947354257 0.198811769
vt 0.948087573 0.220017373
vt 0.072143241 0.867848753
vt 0.904823005 0.220553040
vt 0.966575980 0.155772209
vt 0.962317764 0.140401780
vt 0.958418190 0.116304099
vt 0.965353608 0.097680091
vt 0.966292619 0.097483515
vt 0.596900105 0.999450504
vt 0.921843171 0.030072569
vt 0.940691769 0.043417513
vt 0.568210244 0.913613975
vt 0.589393556 0.906131744
vt 0.552746951 0.908452212
vt 0.533110499 0.877197504
vt 0.828275024 0.084041059
vt 0.532646298 0.872286617
vt 0.599956572 0.925258815
vt 0.597576439 0.938677787
vt 0.529198527 0.873323738
vt 0.374369770 0.02725178
vt 0.373419791 0.024607121
vt 0.369953721 0.024690866
vt 0.518488228 0.773332476
vt 0.378981798 0.028321385
vt 0.382597982 0.025830447
vt 0.386227190 0.020104646
vt 0.383344620 0.006456255
vt 0.476105362 0.832842826
vt 0.428653925 0.001246631
vt 0.821969926 0.120006620
vt 0.817314207 0.144150972
vt 0.825364291 0.102863073
vt 0.525200247 0.871594846
vt 0.451630681 0.871028959
vt 0.440886944 0.008219480
vt 0.448445379 0.010832011
vt 0.826050043 0.188301026
vt 0.425871014 0.887837588
vt 0.837746918 0.213785171
vt 0.459916353 0.005715072
vt 0.160089224 0.883471787
vt 0.174090683 0.888227701
vt 0.834974706 0.225329935
vt 0.132707402 0.881487309
vt 0.146837756 0.883819937
vt 0.123107731 0.887333333
vt 0.887967705 0.213919043
vt 0.518114805 0.767756998
vt 0.512435615 0.765893518
vt 0.493936955 0.747106909
vt 0.355980724 0.075975596
vt 0.353122323 0.083658933
vt 0.344002246 0.100839614
vt 0.493342846 0.651368916
vt 0.307808399 0.182614266
vt 0.320065498 0.175171434
vt 0.433057457 0.692144393
vt 0.438478052 0.681174218
vt 0.452700167 0.673293829
vt 0.473161637 0.660063982
vt 0.587992906 0.577889800
vt 0.600257694 0.567766785
vt 0.496823698 0.615511775
vt 0.637324869 0.538587033
vt 0.912214219 0.690346598
vt 0.823091268 0.055411756
vt 0.822546482 0.075229704
vt 0.897771239 0.618205070
vt 0.806971609 0.114563167
vt 0.814791917 0.025463283
vt 0.171762853 0.589863419
vt 0.790370583 0.141521871
vt 0.785126745 0.155119717
vt 0.782474219 0.168533504
vt 0.780031025 0.178491473
vt 0.875215411 0.444046378
vt 0.873867988 0.444601714
vt 0.774148702 0.247403979
vt 0.771326541 0.252572476
vt 0.872235536 0.444389343
vt 0.870208025 0.439637780
vt 0.897050201 0.415965199
vt 0.911155164 0.398057460
vt 0.919940531 0.375607490
vt 0.929528951 0.364528358
vt 0.605349361 0.361003816
vt 0.615955233 0.344500362
vt 0.632083118 0.321340501
vt 0.590615630 0.370033681
vt 0.578420579 0.384308219
vt 0.565245032 0.392629444
vt 0.176677584 0.488678753
vt 0.189936146 0.474960267
vt 0.189779549 0.456844925
vt 0.172944098 0.508249759
vt 0.171645999 0.522346198
vt 0.149335056 0.545814573
vt 0.119160108 0.552575886
vt 0.520392537 0.258038401
vt 0.038189098 0.393152654
vt 0.052295371 0.382996320
vt 0.068474263 0.537561893
vt 0.574164688 0.954564392
vt 0.062117405 0.508802652
vt 0.583569884 0.969361007
vt 0.046889368 0.423812151
vt 0.052618183 0.429182648
vt 0.487112551 0.254955589
vt 0.049556989 0.348016321
vt 0.591514170 0.949078798
vt 0.061032939 0.474026918
vt 0.591621518 0.972661793
vt 0.066686824 0.462824106
vt 0.065462112 0.465453505
vt 0.593783438 0.974430382
vt 0.805586457 0.281960606
vt 0.807609677 0.280629694
vt 0.802599132 0.288155019
vt 0.825972676 0.256875097
vt 0.811939001 0.277453005
vt 0.190677076 0.388510584
vt 0.192847371 0.369754552
vt 0.202466428 0.358666479
vt 0.204149961 0.337296187
vt 0.206771984 0.315529465
vt 0.208216890 0.293744742
vt 0.252234667 0.296557188
vt 0.238679572 0.296198308
vt 0.220042601 0.293411791
vt 0.425492316 0.251515150
vt 0.412105709 0.251599550
vt 0.400647729 0.267551600
vt 0.405393421 0.282226264
vt 0.391676545 0.295492231
vt 0.078460171 0.295457780
vt 0.443297654 0.252654969
vt 0.055685650 0.332036733
vt 0.186751306 0.069412708
vt 0.202948674 0.065489351
vt 0.249271601 0.617999315
vt 0.254576027 0.603421688
vt 0.247603938 0.632961392
vt 0.246566385 0.644924283
vt 0.236036643 0.657034158
vt 0.254796296 0.124630868
vt 0.261638581 0.136957287
vt 0.360693514 0.230398178
vt 0.366379380 0.230800330
vt 0.357106357 0.222715914
vt 0.384621501 0.251490235
vt 0.399021357 0.252080917
vt 0.275934755 0.712519407
vt 0.353377163 0.224098146
vt 0.347654074 0.225062131
vt 0.265801250 0.725301742
vt 0.255959719 0.729775071
vt 0.251855611 0.740693569
vt 0.248063504 0.750343203
vt 0.237653791 0.761412799
vt 0.513645947 0.239963531
vt 0.538698792 0.245235085
vt 0.278901398 0.181429445
vt 0.276984840 0.209347188
vt 0.271154999 0.163192927
vt 0.26297158 0.150574326
vt 0.278821587 0.240987837
vt 0.212851092 0.807256102
vt 0.198872119 0.819233298
vt 0.290351003 0.244569659
vt 0.304219991 0.246717810
vt 0.316422075 0.249968230
vt 0.599591434 0.266413033
vt 0.317410171 0.260624468
vt 0.944463133 0.340554952
vt 0.947498261 0.330186426
vt 0.947973787 0.317815661
vt 0.942299842 0.353362619
vt 0.317141503 0.286662161
vt 0.626930475 0.278955578
vt 0.636039972 0.283908188
vt 0.262642979 0.295080244
vt 0.796914398 0.199724078
vt 0.103840187 0.015943467
vt 0.096091561 0.013953685
vt 0.105288758 0.011881828
vt 0.122774332 0.004489004
vt 0.087218351 0.015103578
vt 0.204221591 0.443828105
vt 0.085865750 0.016928494
vt 0.203996643 0.433817267
vt 0.199242815 0.425405502
vt 0.197026148 0.422869086
vt 0.194323971 0.419403851
vt 0.050637699 0.024073243
vt 0.192342743 0.412344813
s 0
f 1/1 2/2 3/3
f 4/4 3/3 2/2
f 5/5 3/3 4/4
f 6/6 3/3 5/5
f 3/3 6/6 7/7
f 3/3 7/7 1/1
f 8/8 9/9 1/4138
f 9/4139 10/10 1/1
f 1/1 11/11 2/2
f 1/1 10/10 11/11
f 12/12 8/8 1/4138
f 12/4140 1/1 7/7
f 2/2 13/13 14/14
f 2/2 11/11 13/13
f 4/4 2/2 15/15
f 16/16 17/17 2/2
f 17/17 15/15 2/2
f 16/16 2/2 14/14
f 5/5 4/4 18/18
f 4/4 15/15 18/18
f 6/6 5/5 19/19
f 5/5 18/18 19/19
f 7/7 6/6 20/20
f 19/19 20/20 6/6
f 12/4140 7/7 20/20
f 21/21 8/8 12/12
f 21/4141 12/4140 22/22
f 20/20 22/22 12/4140
f 23/23 9/9 8/8
f 8/8 24/24 23/23
f 24/24 8/8 21/21
f 25/25 9/9 23/23
f 25/25 26/26 9/9
f 26/4142 27/27 9/4139
f 27/27 28/28 9/4139
f 9/4139 29/29 10/10
f 28/28 29/29 9/4139
f 10/10 30/30 11/11
f 10/10 31/31 30/30
f 29/29 31/31 10/10
f 11/11 30/30 13/13
f 13/13 32/32 33/33
f 13/13 33/33 14/14
f 30/30 32/32 13/13
f 14/14 33/33 34/34
f 35/35 14/14 36/36
f 14/14 34/34 36/36
f 16/16 14/14 35/35
f 17/17 16/16 37/37
f 37/37 16/16 35/35
f 17/17 37/37 38/38
f 18/18 15/15 17/17
f 18/18 17/17 38/38
f 37/37 35/35 39/39
f 37/37 39/39 38/38
f 40/40 35/35 41/41
f 35/35 36/36 41/41
f 42/42 39/39 35/35
f 42/42 35/35 40/40
f 43/43 36/36 44/44
f 36/36 45/45 44/44
f 36/36 34/34 45/45
f 43/43 46/46 36/36
f 41/41 36/36 46/46
f 47/47 48/48 34/34
f 34/34 48/48 45/45
f 34/34 33/33 47/47
f 33/33 49/49 47/47
f 32/32 50/50 33/33
f 33/33 50/50 49/49
f 30/30 51/51 32/32
f 32/32 52/52 50/50
f 32/32 51/51 52/52
f 53/53 51/51 30/30
f 31/31 53/53 30/30
f 31/31 54/54 53/53
f 55/55 56/56 31/31
f 31/31 56/56 54/54
f 29/29 55/55 31/31
f 28/28 55/55 29/29
f 55/55 57/57 56/56
f 58/58 57/57 55/55
f 28/28 58/58 55/55
f 57/57 59/59 56/56
f 59/59 60/60 56/56
f 56/56 61/61 54/54
f 56/56 60/60 61/61
f 54/54 62/62 51/51
f 54/54 61/61 62/62
f 53/53 54/54 51/51
f 51/51 62/62 63/63
f 51/51 63/63 52/52
f 63/63 64/64 52/52
f 50/50 52/52 65/65
f 52/52 64/64 65/65
f 50/50 65/65 49/49
f 47/47 49/49 48/48
f 49/49 66/66 48/48
f 49/49 65/65 66/66
f 48/48 67/67 68/68
f 48/48 66/66 67/67
f 48/48 68/68 45/45
f 45/45 69/69 70/70
f 45/45 71/71 69/69
f 44/44 45/45 70/70
f 45/45 68/68 71/71
f 68/68 67/67 72/72
f 68/68 72/72 73/73
f 68/68 73/73 71/71
f 66/66 74/74 67/67
f 67/67 74/74 75/75
f 67/67 75/75 76/76
f 67/67 76/76 72/72
f 65/65 74/74 66/66
f 65/65 77/77 74/74
f 65/65 64/64 77/77
f 63/63 78/78 64/64
f 64/64 78/78 79/79
f 64/64 79/79 77/77
f 62/62 78/78 63/63
f 61/61 80/80 62/62
f 62/62 80/80 78/78
f 60/60 81/81 61/61
f 61/61 81/81 80/80
f 59/59 82/82 60/60
f 82/82 81/81 60/60
f 83/83 84/84 59/59
f 58/58 83/83 59/59
f 58/58 59/59 57/57
f 84/84 82/82 59/59
f 85/85 83/83 58/58
f 28/28 85/85 58/58
f 85/85 86/86 83/83
f 87/87 84/84 83/83
f 86/86 87/87 83/83
f 87/87 88/88 84/84
f 84/84 88/88 82/82
f 88/88 89/89 82/82
f 82/82 90/90 81/81
f 82/82 89/89 90/90
f 90/90 91/91 81/81
f 81/81 91/91 92/92
f 81/81 92/92 80/80
f 80/80 92/92 78/78
f 78/78 92/92 93/93
f 78/78 93/93 79/79
f 93/93 94/94 79/79
f 79/79 94/94 95/95
f 79/79 95/95 77/77
f 77/77 96/96 74/74
f 77/77 95/95 96/96
f 74/74 96/96 75/75
f 75/75 97/97 76/76
f 75/75 98/98 97/97
f 96/96 98/98 75/75
f 76/76 97/97 99/99
f 72/72 76/76 99/99
f 97/97 100/100 101/101
f 98/98 100/100 97/97
f 99/99 97/97 101/101
f 98/98 102/102 100/100
f 96/96 103/103 98/98
f 103/103 102/102 98/98
f 96/96 95/95 103/103
f 95/95 104/104 103/103
f 94/94 104/104 95/95
f 94/94 105/105 104/104
f 93/93 105/105 94/94
f 106/106 105/105 93/93
f 92/92 106/106 93/93
f 91/91 106/106 92/92
f 91/91 107/107 106/106
f 108/108 107/107 91/91
f 90/90 108/108 91/91
f 89/89 108/108 90/90
f 88/88 109/109 89/89
f 109/109 110/110 89/89
f 89/89 110/110 108/108
f 111/111 112/112 88/88
f 111/111 88/88 87/87
f 112/112 109/109 88/88
f 113/113 111/111 87/87
f 86/86 113/113 87/87
f 114/114 115/115 111/111
f 114/114 111/111 113/113
f 111/111 115/115 112/112
f 115/115 116/116 112/112
f 112/112 116/116 109/109
f 116/116 117/117 109/109
f 109/109 117/117 118/118
f 109/109 118/118 110/110
f 110/110 119/119 108/108
f 110/110 118/118 119/119
f 108/4144 120/120 107/4143
f 108/4144 121/121 120/120
f 119/4145 121/121 108/4144
f 107/107 122/122 106/106
f 107/4143 123/123 122/4146
f 107/4143 120/120 123/123
f 106/106 124/124 105/105
f 106/106 122/122 124/124
f 105/105 125/125 104/104
f 105/105 124/124 125/125
f 104/104 125/125 126/126
f 104/104 126/126 127/127
f 104/104 127/127 103/103
f 103/103 127/127 102/102
f 102/102 128/128 100/100
f 129/129 128/128 102/102
f 127/127 129/129 102/102
f 127/127 126/126 129/129
f 126/126 130/130 129/129
f 126/126 131/131 130/130
f 125/125 132/132 126/126
f 132/132 133/133 126/126
f 133/133 131/131 126/126
f 124/124 132/132 125/125
f 124/124 134/134 132/132
f 122/122 134/134 124/124
f 122/4146 135/135 134/4147
f 123/123 135/135 122/4146
f 123/123 136/136 135/135
f 120/120 136/136 123/123
f 120/120 121/121 136/136
f 121/121 137/137 136/136
f 138/138 137/137 121/121
f 119/4145 138/138 121/121
f 139/139 138/138 119/4145
f 118/118 139/4148 119/119
f 140/140 139/4148 118/118
f 117/117 140/140 118/118
f 116/116 141/141 117/117
f 117/117 142/142 140/140
f 141/141 142/142 117/117
f 143/143 141/141 116/116
f 115/115 143/143 116/116
f 143/143 144/144 141/141
f 141/141 145/145 142/142
f 144/144 145/145 141/141
f 142/142 146/146 139/4148
f 140/140 142/142 139/4148
f 145/145 146/146 142/142
f 146/4149 147/147 139/139
f 139/139 147/147 138/138
f 147/147 137/137 138/138
f 137/137 148/148 136/136
f 137/137 149/149 148/148
f 147/147 149/149 137/137
f 136/136 150/150 135/135
f 136/136 148/148 150/150
f 135/135 151/151 134/4147
f 135/135 150/150 151/151
f 132/132 134/134 133/133
f 151/151 152/152 134/4147
f 134/4147 152/152 153/153
f 134/4147 153/153 133/4150
f 133/4150 153/153 131/4151
f 153/153 154/154 131/4151
f 131/131 155/155 130/130
f 131/4151 154/154 155/4152
f 129/129 130/130 156/156
f 130/130 155/155 157/157
f 156/156 130/130 157/157
f 129/129 156/156 128/128
f 156/156 157/157 158/158
f 128/128 156/156 158/158
f 158/158 157/157 159/159
f 157/157 155/155 160/160
f 157/157 160/160 159/159
f 154/154 161/161 155/4152
f 155/4152 161/161 162/162
f 155/155 162/4153 160/160
f 153/153 163/163 154/154
f 154/154 163/163 161/161
f 153/153 164/164 163/163
f 152/152 164/164 153/153
f 152/152 165/165 164/164
f 151/151 165/165 152/152
f 150/150 166/166 151/151
f 166/166 165/165 151/151
f 167/167 166/166 150/150
f 148/148 167/167 150/150
f 149/149 167/167 148/148
f 149/149 168/168 167/167
f 149/149 169/169 168/168
f 149/149 170/170 169/169
f 147/147 170/170 149/149
f 146/4149 171/171 147/147
f 171/171 170/170 147/147
f 145/145 172/172 146/146
f 173/173 171/171 146/4149
f 172/172 173/4154 146/146
f 173/173 174/174 171/171
f 171/171 175/175 170/170
f 174/174 175/175 171/171
f 175/175 169/169 170/170
f 169/169 176/176 177/177
f 169/169 177/177 168/168
f 178/178 176/176 169/169
f 175/175 178/178 169/169
f 167/167 168/168 179/179
f 168/168 180/180 179/179
f 168/168 177/177 180/180
f 167/167 179/179 166/166
f 166/166 181/181 165/165
f 166/166 179/179 181/181
f 165/165 182/182 183/183
f 165/165 183/183 164/164
f 181/181 182/182 165/165
f 164/164 184/184 163/163
f 164/164 185/185 184/184
f 183/183 185/185 164/164
f 163/163 184/184 186/186
f 163/163 186/186 161/161
f 161/161 186/186 187/187
f 161/161 187/187 162/162
f 162/162 188/188 189/189
f 162/162 187/187 188/188
f 160/160 162/4153 189/4155
f 159/159 160/160 189/4155
f 189/189 190/190 191/191
f 189/189 191/191 192/192
f 193/193 189/189 192/192
f 159/4156 189/189 193/193
f 188/188 190/190 189/189
f 188/188 194/194 190/190
f 187/187 194/194 188/188
f 187/187 195/195 194/194
f 186/186 195/195 187/187
f 186/186 196/196 195/195
f 184/184 196/196 186/186
f 185/185 196/196 184/184
f 185/185 197/197 196/196
f 185/185 198/198 197/197
f 182/182 185/185 183/183
f 182/182 199/199 185/185
f 199/199 198/198 185/185
f 182/182 200/200 199/199
f 201/201 182/182 181/181
f 201/201 200/200 182/182
f 179/179 201/201 181/181
f 179/179 180/180 201/201
f 180/180 202/202 201/201
f 180/180 177/177 202/202
f 177/177 203/203 202/202
f 176/176 203/203 177/177
f 200/200 202/202 204/204
f 201/201 202/202 200/200
f 202/202 203/203 204/204
f 200/200 204/204 199/199
f 199/199 204/204 198/198
f 198/198 205/205 197/197
f 206/206 205/205 198/198
f 204/204 206/206 198/198
f 197/197 207/207 196/196
f 197/197 205/205 207/207
f 196/196 208/208 195/195
f 196/196 207/207 208/208
f 195/195 208/208 194/194
f 194/194 209/209 190/190
f 194/194 210/210 209/209
f 208/208 210/210 194/194
f 190/190 209/209 211/211
f 190/190 211/211 191/191
f 212/212 191/191 213/213
f 192/192 191/191 212/212
f 191/191 214/214 213/213
f 191/191 211/211 214/214
f 192/192 212/212 215/215
f 216/216 192/192 215/215
f 216/216 193/193 192/192
f 159/4156 193/193 216/216
f 158/158 159/159 216/4157
f 217/217 216/216 218/218
f 216/216 215/215 218/218
f 219/219 216/4157 217/4158
f 219/219 158/158 216/4157
f 215/215 220/220 221/221
f 218/218 215/215 221/221
f 215/215 212/212 220/220
f 220/220 212/212 222/222
f 212/212 213/213 222/222
f 213/213 214/214 222/222
f 222/222 214/214 223/223
f 214/214 224/224 225/225
f 211/211 224/224 214/214
f 214/214 225/225 223/223
f 211/211 209/209 224/224
f 209/209 226/226 224/224
f 210/210 226/226 209/209
f 210/210 227/227 226/226
f 210/210 228/228 227/227
f 208/208 228/228 210/210
f 208/208 207/207 228/228
f 207/207 229/229 230/230
f 207/207 230/230 228/228
f 205/205 229/229 207/207
f 206/206 231/231 205/205
f 205/205 231/231 229/229
f 204/204 232/232 206/206
f 206/206 232/232 231/231
f 232/232 233/233 231/231
f 231/231 233/233 234/234
f 234/234 235/235 231/231
f 231/231 235/235 229/229
f 235/235 236/236 229/229
f 229/229 236/236 230/230
f 230/230 236/236 237/237
f 230/230 237/237 228/228
f 228/228 237/237 227/227
f 227/227 237/237 238/238
f 226/226 227/227 239/239
f 227/227 238/238 239/239
f 226/226 239/239 240/240
f 226/226 240/240 224/224
f 224/224 241/241 225/225
f 224/224 240/240 241/241
f 223/223 225/225 242/242
f 225/225 241/241 243/243
f 225/225 243/243 242/242
f 244/244 223/223 245/245
f 223/223 246/246 245/245
f 223/223 242/242 246/246
f 244/244 222/222 223/223
f 220/220 222/222 244/244
f 221/221 220/220 247/247
f 220/220 244/244 247/247
f 247/247 244/244 248/248
f 244/244 245/245 248/248
f 245/245 246/246 249/249
f 245/245 249/249 250/250
f 248/248 245/245 250/250
f 246/246 242/242 251/251
f 246/246 251/251 249/249
f 242/242 243/243 252/252
f 242/242 252/252 251/251
f 241/241 253/253 243/243
f 243/243 253/253 254/254
f 243/243 254/254 252/252
f 240/240 255/255 241/241
f 255/255 253/253 241/241
f 239/239 256/256 240/240
f 240/240 256/256 255/255
f 239/239 238/238 256/256
f 237/237 257/257 238/238
f 238/238 258/258 256/256
f 238/238 257/257 258/258
f 236/236 259/259 237/237
f 237/237 259/259 257/257
f 235/235 260/260 236/236
f 260/260 259/259 236/236
f 235/235 234/234 260/260
f 234/234 261/261 260/260
f 260/260 261/261 262/262
f 260/260 262/262 263/263
f 260/260 263/263 259/259
f 259/259 264/264 257/257
f 259/259 263/263 264/264
f 257/257 265/265 258/258
f 257/257 264/264 265/265
f 256/256 258/258 255/255
f 258/258 265/265 255/255
f 255/255 265/265 266/266
f 253/253 255/255 267/267
f 255/255 266/266 267/267
f 267/267 268/268 253/253
f 253/253 268/268 254/254
f 252/252 254/254 269/269
f 268/268 270/270 254/254
f 254/254 270/270 269/269
f 252/252 269/269 251/251
f 249/249 251/251 271/271
f 251/251 272/272 271/271
f 269/269 272/272 251/251
f 249/249 271/271 250/250
f 271/271 273/273 250/250
f 248/248 250/250 274/274
f 274/274 250/250 273/273
f 271/271 275/275 276/276
f 271/271 272/272 275/275
f 273/273 271/271 276/276
f 275/275 272/272 277/277
f 272/272 269/269 278/278
f 272/272 278/278 277/277
f 269/269 279/279 278/278
f 269/269 270/270 279/279
f 270/270 280/280 279/279
f 270/270 281/281 280/280
f 268/268 281/281 270/270
f 267/267 282/282 268/268
f 268/268 282/282 281/281
f 267/267 266/266 282/282
f 283/283 284/284 266/266
f 265/265 283/283 266/266
f 266/266 284/284 282/282
f 264/264 283/283 265/265
f 264/264 263/263 285/285
f 264/264 285/285 283/283
f 263/263 262/262 286/286
f 263/263 286/286 285/285
f 261/261 287/287 262/262
f 262/262 287/287 286/286
f 287/287 288/288 286/286
f 286/286 288/288 289/289
f 286/286 289/289 285/285
f 285/285 290/290 283/283
f 285/285 289/289 290/290
f 283/283 290/290 284/284
f 290/290 291/291 284/284
f 282/282 284/284 292/292
f 284/284 291/291 292/292
f 282/282 292/292 281/281
f 281/281 293/293 280/280
f 281/281 292/292 294/294
f 281/281 294/294 293/293
f 279/279 280/280 295/295
f 280/280 293/293 295/295
f 279/279 296/296 297/297
f 278/278 279/279 297/297
f 279/279 295/295 296/296
f 278/278 297/297 277/277
f 277/277 298/298 299/299
f 300/300 277/277 299/299
f 277/277 297/297 298/298
f 275/275 277/277 300/300
f 275/275 300/300 276/276
f 300/300 299/299 301/301
f 276/276 300/300 301/301
f 302/302 276/276 303/303
f 276/276 301/301 303/303
f 273/273 276/276 302/302
f 303/303 301/301 304/304
f 304/304 301/301 305/305
f 301/301 299/299 305/305
f 305/305 299/299 306/306
f 298/298 307/307 299/299
f 299/299 307/307 306/306
f 298/298 308/308 307/307
f 297/297 308/308 298/298
f 297/297 296/296 308/308
f 296/296 309/309 308/308
f 296/296 310/310 309/309
f 296/296 311/311 310/310
f 296/296 295/295 311/311
f 295/295 293/293 311/311
f 294/294 312/312 293/293
f 293/293 312/312 311/311
f 292/292 313/313 294/294
f 294/294 314/314 312/312
f 294/294 313/313 314/314
f 292/292 291/291 315/315
f 292/292 315/315 313/313
f 290/290 316/316 291/291
f 316/316 317/317 291/291
f 291/291 317/317 315/315
f 289/289 316/316 290/290
f 289/289 318/318 316/316
f 316/316 318/318 317/317
f 317/317 318/318 319/319
f 317/317 319/319 315/315
f 315/315 320/320 313/313
f 315/315 319/319 320/320
f 313/313 321/321 314/314
f 320/320 321/321 313/313
f 312/312 314/314 322/322
f 314/314 323/323 322/322
f 314/314 321/321 323/323
f 311/311 312/312 324/324
f 312/312 322/322 324/324
f 310/310 311/311 325/325
f 311/311 324/324 325/325
f 309/309 310/310 325/325
f 326/326 309/309 327/327
f 309/309 325/325 327/327
f 308/308 309/309 326/326
f 308/308 326/326 307/307
f 328/328 307/307 326/326
f 306/306 307/307 328/328
f 305/305 306/306 329/329
f 329/329 306/306 330/330
f 306/306 331/331 330/330
f 306/306 328/328 331/331
f 304/304 305/305 332/332
f 332/332 305/305 329/329
f 332/332 329/329 333/333
f 329/329 330/330 334/334
f 333/333 329/329 334/334
f 330/330 331/331 335/335
f 330/330 335/335 336/336
f 330/330 336/336 337/337
f 334/334 330/330 337/337
f 331/331 328/328 338/338
f 331/331 338/338 335/335
f 328/328 339/339 338/338
f 326/326 339/339 328/328
f 326/326 327/327 339/339
f 327/327 340/340 339/339
f 327/327 341/341 340/340
f 327/327 325/325 341/341
f 325/325 324/324 342/342
f 325/325 342/342 341/341
f 324/324 322/322 342/342
f 342/342 322/322 343/343
f 322/322 344/344 343/343
f 322/322 323/323 344/344
f 345/345 323/323 321/321
f 323/323 346/346 344/344
f 323/323 345/345 347/347
f 323/323 347/347 346/346
f 321/321 348/348 345/345
f 320/320 348/348 321/321
f 345/345 349/349 347/347
f 345/345 348/348 349/349
f 347/347 350/350 346/346
f 347/347 349/349 350/350
f 344/344 346/346 351/351
f 346/346 352/352 351/351
f 346/346 350/350 352/352
f 343/343 344/344 353/353
f 344/344 351/351 353/353
f 342/342 343/343 354/354
f 354/354 343/343 355/355
f 343/343 353/353 355/355
f 341/341 342/342 356/356
f 342/342 354/354 356/356
f 341/341 356/356 357/357
f 340/340 341/341 357/357
f 340/340 358/358 359/359
f 340/340 357/357 358/358
f 340/340 359/359 339/339
f 339/339 359/359 360/360
f 338/338 339/339 360/360
f 335/335 338/338 361/361
f 338/338 360/360 362/362
f 338/338 362/362 361/361
f 335/335 361/361 336/336
f 361/361 363/363 336/336
f 362/362 364/364 361/361
f 364/364 363/363 361/361
f 360/360 365/365 362/362
f 365/365 364/364 362/362
f 360/360 359/359 365/365
f 359/359 366/366 365/365
f 359/359 358/358 366/366
f 358/358 356/356 367/367
f 358/358 367/367 366/366
f 357/357 356/356 358/358
f 356/356 368/368 367/367
f 356/356 354/354 368/368
f 354/354 355/355 368/368
f 368/368 355/355 369/369
f 355/355 353/353 370/370
f 355/355 370/370 369/369
f 353/353 351/351 371/371
f 353/353 371/371 370/370
f 351/351 352/352 371/371
f 371/371 352/352 372/372
f 352/352 373/373 374/374
f 350/350 373/373 352/352
f 352/352 374/374 372/372
f 349/349 373/373 350/350
f 348/348 375/375 349/349
f 349/349 376/376 373/373
f 349/349 375/375 376/376
f 373/373 377/377 374/374
f 373/373 378/378 377/377
f 376/376 378/378 373/373
f 374/374 379/379 372/372
f 374/374 377/377 379/379
f 371/371 372/372 380/380
f 372/372 379/379 381/381
f 380/380 372/372 382/382
f 372/372 381/381 382/382
f 370/370 371/371 380/380
f 370/370 380/380 383/383
f 369/369 370/370 383/383
f 369/369 383/383 384/384
f 385/385 369/369 384/384
f 368/368 369/369 385/385
f 368/368 385/385 367/367
f 367/367 386/386 366/366
f 367/367 385/385 386/386
f 366/366 387/387 365/365
f 388/388 387/387 366/366
f 386/386 389/389 366/366
f 389/389 388/388 366/366
f 365/365 387/387 364/364
f 364/4160 390/390 363/4159
f 364/4160 387/4161 390/390
f 387/4161 391/391 390/390
f 387/4161 388/4162 391/391
f 388/4162 392/392 391/391
f 388/4162 393/393 392/392
f 389/4163 393/393 388/4162
f 394/394 389/389 386/386
f 394/4164 393/393 389/4163
f 395/395 394/394 386/386
f 386/386 384/384 395/395
f 385/385 384/384 386/386
f 384/384 383/383 395/395
f 383/383 396/396 395/395
f 383/383 397/397 396/396
f 383/383 380/380 397/397
f 380/380 382/382 397/397
f 382/382 398/398 397/397
f 382/382 381/381 398/398
f 379/379 399/399 381/381
f 381/381 399/399 400/400
f 398/398 381/381 401/401
f 381/381 400/400 401/401
f 379/379 377/377 402/402
f 402/402 399/399 379/379
f 378/378 403/403 377/377
f 377/377 403/403 402/402
f 376/376 404/404 378/378
f 404/404 405/405 378/378
f 378/378 405/405 403/403
f 405/405 406/406 403/403
f 403/403 406/406 407/407
f 403/403 407/407 402/402
f 402/402 407/407 399/399
f 407/407 408/408 399/399
f 399/399 408/408 409/409
f 399/399 409/409 400/400
f 400/400 409/409 410/410
f 400/400 410/410 411/411
f 400/400 411/411 401/401
f 401/401 412/412 398/398
f 413/413 412/412 401/401
f 411/411 413/413 401/401
f 398/398 412/412 414/414
f 398/398 414/414 397/397
f 397/397 414/414 396/396
f 396/396 414/414 415/415
f 396/396 415/415 395/395
f 415/415 394/394 395/395
f 394/4164 416/416 417/417
f 394/4164 417/417 393/393
f 416/4165 394/394 415/415
f 393/393 418/418 419/419
f 392/392 393/393 419/419
f 393/393 417/417 418/418
f 391/391 392/392 420/420
f 392/392 419/419 420/420
f 418/418 421/421 419/419
f 419/419 422/422 420/420
f 419/419 421/421 422/422
f 418/418 423/423 421/421
f 418/418 417/417 423/423
f 417/417 424/424 423/423
f 416/416 424/424 417/417
f 416/416 425/425 424/424
f 416/416 414/4166 425/425
f 414/414 416/4165 415/415
f 414/4166 426/426 425/425
f 414/4166 412/4167 426/426
f 412/4167 413/4168 427/427
f 412/4167 427/427 428/428
f 426/426 412/4167 428/428
f 429/429 430/430 413/413
f 431/431 429/429 413/413
f 431/431 413/413 432/432
f 413/4168 430/4169 433/433
f 413/4168 433/433 427/427
f 432/432 413/413 411/411
f 411/411 410/410 432/432
f 434/434 431/431 432/432
f 410/410 434/434 432/432
f 435/435 431/431 434/434
f 435/435 429/429 431/431
f 436/436 437/437 429/429
f 435/435 436/436 429/429
f 429/429 437/437 430/430
f 430/4169 437/4170 438/438
f 430/4169 438/438 433/433
f 438/438 439/439 433/433
f 433/433 439/439 440/440
f 433/433 440/440 441/441
f 433/433 441/441 427/427
f 427/427 441/441 442/442
f 427/427 442/442 443/443
f 428/428 427/427 443/443
f 428/428 443/443 444/444
f 426/426 428/428 444/444
f 426/426 444/444 445/445
f 426/426 445/445 425/425
f 425/425 445/445 424/424
f 424/424 445/445 446/446
f 424/424 446/446 447/447
f 424/424 447/447 423/423
f 423/423 448/448 421/421
f 448/448 423/423 447/447
f 422/422 421/421 449/449
f 421/421 448/448 449/449
f 447/447 450/450 448/448
f 448/448 450/450 451/451
f 448/448 451/451 449/449
f 447/447 452/452 450/450
f 446/446 452/452 447/447
f 445/445 453/453 446/446
f 446/446 453/453 452/452
f 445/445 454/454 453/453
f 445/445 444/444 454/454
f 444/444 455/455 454/454
f 444/444 443/443 455/455
f 443/443 456/456 455/455
f 443/443 442/442 456/456
f 442/442 457/457 456/456
f 442/442 458/458 457/457
f 441/441 458/458 442/442
f 441/441 440/440 458/458
f 440/440 439/439 459/459
f 440/440 459/459 460/460
f 458/458 440/440 460/460
f 438/438 461/461 439/439
f 439/439 461/461 462/462
f 439/439 462/462 459/459
f 462/462 463/463 459/459
f 463/463 464/464 459/459
f 459/459 465/465 466/466
f 464/464 465/465 459/459
f 460/460 459/459 466/466
f 460/460 467/467 468/468
f 460/460 468/468 469/469
f 457/457 460/460 469/469
f 458/458 460/460 457/457
f 460/460 466/466 467/467
f 457/457 469/469 470/470
f 457/457 470/470 456/456
f 456/456 470/470 471/471
f 456/456 471/471 455/455
f 455/455 471/471 472/472
f 454/454 455/455 472/472
f 454/454 472/472 473/473
f 454/454 473/473 453/453
f 453/453 473/473 452/452
f 452/452 473/473 450/450
f 450/450 473/473 474/474
f 450/450 474/474 475/475
f 450/450 475/475 451/451
f 449/449 451/451 476/476
f 476/476 451/451 477/477
f 451/451 475/475 477/477
f 475/475 474/474 478/478
f 475/475 479/479 477/477
f 475/475 478/478 480/480
f 479/479 475/475 480/480
f 473/473 481/481 474/474
f 474/474 481/481 478/478
f 473/473 482/482 481/481
f 473/473 472/472 482/482
f 472/472 471/471 482/482
f 471/471 483/483 482/482
f 471/471 484/484 483/483
f 470/470 484/484 471/471
f 470/470 469/469 484/484
f 469/469 468/468 485/485
f 469/469 485/485 484/484
f 468/468 486/486 485/485
f 467/467 486/486 468/468
f 467/467 487/487 486/486
f 488/488 467/467 466/466
f 489/489 487/487 467/467
f 488/488 489/489 467/467
f 465/465 488/488 466/466
f 465/465 490/490 488/488
f 491/491 488/488 490/490
f 488/488 491/491 489/489
f 491/491 492/492 489/489
f 493/493 489/489 492/492
f 489/489 493/493 494/494
f 489/489 494/494 495/495
f 489/489 495/495 487/487
f 487/487 496/496 486/486
f 497/497 496/496 487/487
f 495/495 498/498 487/487
f 498/498 497/497 487/487
f 486/486 499/499 485/485
f 486/486 500/500 499/499
f 486/486 501/501 500/500
f 486/486 496/496 502/502
f 486/486 502/502 501/501
f 503/503 485/485 504/504
f 485/485 499/499 504/504
f 484/484 485/485 505/505
f 485/485 503/503 505/505
f 484/484 505/505 483/483
f 482/482 483/483 506/506
f 506/506 483/483 507/507
f 483/483 505/505 507/507
f 482/482 506/506 481/481
f 481/481 506/506 478/478
f 506/506 507/507 508/508
f 478/478 506/506 508/508
f 505/505 509/509 507/507
f 508/508 507/507 510/510
f 507/507 509/509 510/510
f 505/505 503/503 509/509
f 503/503 511/511 509/509
f 503/503 504/504 511/511
f 511/511 504/504 512/512
f 504/4172 513/513 512/4171
f 504/4172 499/4173 513/513
f 499/499 500/500 514/514
f 514/4174 513/513 499/4173
f 500/500 501/501 514/514
f 501/501 515/515 514/514
f 502/502 515/515 501/501
f 502/502 516/516 517/517
f 502/502 517/517 515/515
f 496/496 518/518 502/502
f 518/518 516/516 502/502
f 496/496 519/519 518/518
f 497/497 520/520 496/496
f 520/520 519/519 496/496
f 498/498 521/521 497/497
f 521/521 522/522 497/497
f 520/520 497/497 522/522
f 495/495 521/521 498/498
f 495/495 494/494 521/521
f 522/522 521/521 523/523
f 521/521 524/524 523/523
f 521/521 494/494 524/524
f 520/520 522/522 523/523
f 519/519 520/520 525/525
f 523/523 525/525 520/520
f 518/518 519/519 526/526
f 519/519 525/525 526/526
f 516/516 518/518 526/526
f 517/517 516/516 527/527
f 528/528 527/527 516/516
f 526/526 528/528 516/516
f 529/529 515/515 517/517
f 529/529 517/517 527/527
f 515/515 530/530 514/514
f 515/515 529/529 530/530
f 514/4174 531/531 532/532
f 513/513 514/4174 532/532
f 514/4174 533/533 534/534
f 514/4174 534/534 535/535
f 514/4174 535/535 531/531
f 530/530 533/4175 514/514
f 513/513 536/536 537/537
f 513/513 537/537 512/4171
f 513/513 532/532 536/536
f 532/532 531/531 536/536
f 536/536 531/531 538/538
f 531/531 539/539 538/538
f 535/535 539/539 531/531
f 535/535 540/540 541/541
f 535/535 541/541 539/539
f 535/535 542/542 540/540
f 534/534 543/543 535/535
f 543/543 544/544 535/535
f 542/542 535/535 544/544
f 533/533 545/545 534/534
f 543/543 534/534 545/545
f 533/4175 546/546 547/547
f 533/4175 547/547 545/4176
f 546/546 533/4175 548/548
f 549/549 550/550 533/4175
f 550/550 548/548 533/4175
f 530/530 549/549 533/4175
f 550/550 549/549 530/530
f 550/550 530/530 551/551
f 529/529 551/551 530/530
f 551/551 529/529 552/552
f 529/529 527/527 552/552
f 527/527 553/553 552/552
f 527/527 528/528 553/553
f 551/551 552/552 554/554
f 552/552 553/553 555/555
f 554/554 552/552 555/555
f 550/550 551/551 554/554
f 548/548 550/550 554/554
f 546/546 548/548 556/556
f 548/548 554/554 556/556
f 546/546 557/557 547/547
f 557/557 546/546 558/558
f 556/556 558/558 546/546
f 545/545 547/4177 559/559
f 559/559 547/4177 557/4178
f 543/543 545/545 559/559
f 544/544 543/543 559/559
f 560/560 561/561 544/544
f 561/561 542/542 544/544
f 559/559 560/560 544/544
f 540/540 542/542 561/561
f 541/541 540/540 561/561
f 541/541 562/562 539/539
f 562/562 541/541 563/563
f 541/541 561/561 563/563
f 539/539 562/562 564/564
f 539/539 564/564 538/538
f 562/562 565/565 564/564
f 565/565 562/562 563/563
f 566/566 563/563 567/567
f 568/568 563/563 569/569
f 567/567 563/563 561/561
f 563/563 568/568 565/565
f 563/563 566/566 569/569
f 560/560 570/570 561/561
f 570/570 571/571 561/561
f 571/571 567/567 561/561
f 560/560 572/572 570/570
f 572/572 560/560 573/573
f 560/560 559/559 573/573
f 574/574 575/575 559/559
f 574/574 559/559 557/4178
f 575/575 573/573 559/559
f 558/4179 574/574 557/4178
f 574/574 558/4179 576/576
f 577/577 576/4180 558/558
f 577/577 558/558 556/556
f 578/578 577/577 556/556
f 554/554 578/578 556/556
f 555/555 579/579 554/554
f 579/579 578/578 554/554
f 579/579 555/555 580/580
f 580/580 555/555 581/581
f 553/553 581/581 555/555
f 579/579 576/4180 578/578
f 576/4180 579/579 580/580
f 582/582 574/574 576/576
f 582/582 576/576 583/583
f 583/4181 576/4180 580/580
f 577/577 578/578 576/4180
f 575/575 574/574 582/582
f 575/575 582/582 573/573
f 572/572 573/573 582/582
f 584/584 570/570 572/572
f 572/572 582/582 584/584
f 584/584 571/571 570/570
f 585/585 567/567 571/571
f 585/585 571/571 584/584
f 567/567 585/585 566/566
f 586/586 569/569 566/566
f 586/586 566/566 585/585
f 587/587 569/569 586/586
f 569/569 587/587 568/568
f 587/587 588/588 568/568
f 588/588 589/589 568/568
f 590/590 568/568 591/591
f 565/565 568/568 590/590
f 568/568 589/589 591/591
f 590/590 564/564 565/565
f 564/564 590/590 592/592
f 564/564 592/592 538/538
f 592/592 590/590 591/591
f 593/593 591/591 594/594
f 593/593 595/595 591/591
f 595/595 592/592 591/591
f 596/596 591/591 597/597
f 597/597 591/591 589/589
f 594/594 591/591 596/596
f 598/598 589/589 599/599
f 589/589 588/588 599/599
f 589/589 598/598 597/597
f 599/599 588/588 586/586
f 587/587 586/586 588/588
f 599/599 586/586 600/600
f 586/586 584/584 600/600
f 586/586 585/585 584/584
f 600/600 584/584 601/601
f 584/584 582/582 583/583
f 584/584 583/583 601/601
f 602/602 599/599 600/600
f 602/602 600/600 603/603
f 604/604 603/603 600/600
f 604/604 600/600 605/605
f 605/605 600/600 601/601
f 602/602 598/598 599/599
f 606/606 597/597 598/598
f 606/606 598/598 602/602
f 606/606 596/596 597/597
f 606/606 607/607 596/596
f 607/607 594/594 596/596
f 608/608 609/609 594/594
f 609/609 593/593 594/594
f 610/610 594/594 607/607
f 594/594 610/610 608/608
f 595/595 593/593 611/611
f 611/611 593/593 609/609
f 538/538 592/592 595/595
f 538/538 595/595 612/612
f 612/612 595/595 611/611
f 536/536 538/538 611/611
f 538/538 612/612 611/611
f 536/536 611/611 613/613
f 611/611 614/614 613/613
f 611/611 615/615 614/614
f 611/611 609/609 615/615
f 609/609 608/608 615/615
f 615/615 608/608 616/616
f 616/616 608/608 617/617
f 617/617 608/608 610/610
f 618/618 610/610 619/619
f 619/619 610/610 607/607
f 610/610 618/618 617/617
f 619/619 607/607 606/606
f 619/619 606/606 602/602
f 620/620 619/619 602/602
f 620/620 602/602 621/621
f 621/621 602/602 603/603
f 622/622 603/603 604/604
f 623/623 603/603 622/622
f 624/624 621/621 603/603
f 625/625 624/624 603/603
f 625/625 603/603 623/623
f 626/626 604/604 627/627
f 604/604 605/605 627/627
f 626/626 622/622 604/604
f 605/605 601/601 628/628
f 627/627 605/605 628/628
f 627/627 628/628 629/629
f 627/627 629/629 630/630
f 631/631 627/627 630/630
f 631/631 626/626 627/627
f 626/626 631/631 632/632
f 623/623 626/626 632/632
f 623/623 622/622 626/626
f 633/633 623/623 632/632
f 634/634 623/623 633/633
f 635/635 625/625 623/623
f 635/635 623/623 634/634
f 636/636 625/625 635/635
f 636/636 637/637 625/625
f 625/625 637/637 624/624
f 638/638 621/621 624/624
f 637/637 638/638 624/624
f 638/638 620/620 621/621
f 638/638 639/639 620/620
f 620/620 639/639 640/640
f 640/640 618/618 620/620
f 620/620 618/618 619/619
f 640/640 641/641 618/618
f 618/618 641/641 617/617
f 642/642 616/616 617/617
f 642/642 617/617 641/641
f 641/641 640/640 643/643
f 643/643 644/644 641/641
f 644/644 642/642 641/641
f 639/639 645/645 640/640
f 645/645 643/643 640/640
f 646/646 647/647 639/639
f 646/646 639/639 638/638
f 647/647 648/648 639/639
f 648/648 649/649 639/639
f 639/639 649/649 650/650
f 651/651 645/645 639/639
f 639/639 652/652 651/651
f 652/652 639/639 650/650
f 653/653 646/646 638/638
f 653/653 638/638 637/637
f 654/654 653/653 637/637
f 654/654 637/637 636/636
f 655/655 636/636 635/635
f 656/656 636/636 655/655
f 656/656 654/654 636/636
f 655/655 635/635 634/634
f 657/657 634/634 633/633
f 658/658 634/634 657/657
f 659/659 655/655 634/634
f 659/659 634/634 658/658
f 660/660 633/633 632/632
f 657/657 633/633 660/660
f 661/661 657/657 660/660
f 658/658 657/657 661/661
f 662/662 658/658 661/661
f 662/662 659/659 658/658
f 663/663 659/659 662/662
f 664/664 655/655 659/659
f 663/663 664/664 659/659
f 664/664 665/665 655/655
f 665/665 656/656 655/655
f 665/665 666/666 656/656
f 666/666 654/654 656/656
f 666/666 667/667 654/654
f 667/667 653/653 654/654
f 668/668 669/669 653/653
f 668/668 653/653 670/670
f 669/669 646/646 653/653
f 670/670 653/653 667/667
f 669/669 647/647 646/646
f 671/671 669/669 668/668
f 671/671 672/672 669/669
f 672/672 673/673 669/669
f 669/669 673/673 674/674
f 669/669 674/674 647/647
f 675/675 668/668 670/670
f 676/676 668/668 675/675
f 676/676 671/671 668/668
f 677/677 670/670 667/667
f 677/677 675/675 670/670
f 667/667 666/666 678/678
f 677/677 667/667 678/678
f 678/678 666/666 665/665
f 664/664 679/679 665/665
f 679/679 678/678 665/665
f 680/680 664/664 663/663
f 681/681 679/679 664/664
f 682/682 681/681 664/664
f 682/682 664/664 680/680
f 683/683 663/663 662/662
f 684/684 663/663 683/683
f 680/680 663/663 684/684
f 685/685 662/662 661/661
f 683/683 662/662 685/685
f 318/318 661/661 660/660
f 686/686 661/661 318/318
f 685/685 661/661 686/686
f 287/287 683/683 685/685
f 287/287 685/685 288/288
f 288/288 685/685 686/686
f 684/684 683/683 687/687
f 687/687 683/683 287/287
f 680/680 684/684 688/688
f 688/688 684/684 689/689
f 689/689 684/684 687/687
f 688/688 690/690 680/680
f 690/690 682/682 680/680
f 691/691 682/682 690/690
f 691/691 681/681 682/682
f 691/691 692/692 681/681
f 692/692 679/679 681/681
f 692/692 678/678 679/679
f 693/693 677/677 678/678
f 693/693 678/678 692/692
f 675/675 677/677 693/693
f 694/694 675/675 693/693
f 694/694 695/695 675/675
f 695/695 676/676 675/675
f 695/695 671/671 676/676
f 696/696 695/695 694/694
f 695/695 697/697 698/698
f 696/696 699/699 695/695
f 699/699 697/697 695/695
f 695/695 698/698 671/671
f 694/694 693/693 700/700
f 701/701 694/694 700/700
f 702/702 694/694 701/701
f 696/696 694/694 702/702
f 692/692 700/700 693/693
f 703/703 692/692 691/691
f 703/703 700/700 692/692
f 704/704 691/691 690/690
f 704/704 703/703 691/691
f 705/705 704/704 690/690
f 705/705 690/690 706/706
f 706/706 690/690 688/688
f 706/706 688/688 707/707
f 707/707 688/688 689/689
f 707/707 689/689 708/708
f 689/689 687/687 261/261
f 708/708 689/689 261/261
f 261/261 687/687 287/287
f 708/708 261/261 234/234
f 233/233 708/708 234/234
f 233/233 707/707 708/708
f 706/706 707/707 709/709
f 709/709 707/707 233/233
f 705/705 706/706 710/710
f 710/710 706/706 709/709
f 711/711 704/704 705/705
f 712/712 711/711 705/705
f 712/712 705/705 710/710
f 711/711 713/713 704/704
f 713/713 703/703 704/704
f 714/714 700/700 703/703
f 714/714 703/703 713/713
f 714/714 701/701 700/700
f 715/715 701/701 714/714
f 715/715 702/702 701/701
f 716/716 702/702 715/715
f 717/717 696/696 702/702
f 717/717 702/702 716/716
f 718/718 699/699 696/696
f 719/719 696/696 717/717
f 719/719 718/718 696/696
f 720/720 717/717 716/716
f 720/720 719/719 717/717
f 716/716 715/715 714/714
f 721/721 716/716 714/714
f 722/722 716/716 721/721
f 720/720 716/716 722/722
f 721/721 714/714 713/713
f 721/721 713/713 711/711
f 721/721 711/711 723/723
f 723/723 711/711 712/712
f 724/724 723/723 712/712
f 724/724 712/712 725/725
f 712/712 710/710 726/726
f 725/725 712/712 726/726
f 726/726 710/710 709/709
f 726/726 709/709 232/232
f 232/232 709/709 233/233
f 727/727 725/725 726/726
f 727/727 726/726 728/728
f 728/728 726/726 232/232
f 729/729 724/724 725/725
f 729/729 725/725 730/730
f 730/730 725/725 727/727
f 731/731 724/724 729/729
f 731/731 732/732 724/724
f 732/732 723/723 724/724
f 733/733 721/721 723/723
f 732/732 733/733 723/723
f 734/734 721/721 733/733
f 722/722 721/721 734/734
f 720/720 722/722 735/735
f 735/735 722/722 734/734
f 736/736 720/720 735/735
f 737/737 719/719 720/720
f 736/736 737/737 720/720
f 737/4183 738/738 719/4182
f 719/4182 739/739 718/4184
f 739/739 719/4182 738/738
f 740/740 699/699 718/718
f 718/4184 741/741 740/4185
f 718/4184 742/742 741/741
f 739/739 742/742 718/4184
f 739/739 743/743 742/742
f 744/744 739/739 738/738
f 745/745 743/743 739/739
f 745/745 739/739 746/746
f 747/747 746/746 739/739
f 748/748 739/739 744/744
f 748/748 749/749 739/739
f 749/749 750/750 739/739
f 750/750 747/747 739/739
f 737/4183 744/744 738/738
f 751/751 737/737 736/736
f 744/744 737/4183 751/4186
f 751/751 736/736 752/752
f 752/752 736/736 753/753
f 753/753 736/736 735/735
f 753/753 735/735 754/754
f 754/754 735/735 733/733
f 733/733 735/735 734/734
f 754/754 733/733 732/732
f 731/731 754/754 732/732
f 755/755 756/756 731/731
f 755/755 731/731 729/729
f 756/756 754/754 731/731
f 757/757 753/753 754/754
f 757/757 754/754 756/756
f 752/752 753/753 758/758
f 757/757 758/758 753/753
f 759/759 751/4186 752/4187
f 760/760 759/759 752/4187
f 761/761 760/760 752/4187
f 761/4188 752/752 758/758
f 759/759 744/744 751/4186
f 762/762 744/744 759/759
f 748/748 744/744 762/762
f 748/748 763/763 749/749
f 764/764 763/763 748/748
f 765/765 764/764 748/748
f 765/765 748/748 766/766
f 762/762 766/766 748/748
f 750/750 749/749 767/767
f 763/763 767/767 749/749
f 747/747 750/750 768/768
f 750/750 767/767 768/768
f 746/746 747/747 768/768
f 745/745 746/746 769/769
f 746/746 768/768 769/769
f 743/743 745/745 769/769
f 743/743 770/770 742/742
f 770/770 743/743 769/769
f 771/771 772/772 769/769
f 772/772 773/773 769/769
f 773/773 774/774 769/769
f 774/774 775/775 769/769
f 776/776 777/777 769/769
f 777/777 778/778 769/769
f 769/769 768/768 771/771
f 770/770 769/769 778/778
f 775/775 776/776 769/769
f 779/779 768/768 780/780
f 779/779 781/781 768/768
f 780/780 768/768 767/767
f 782/782 768/768 781/781
f 782/782 771/771 768/768
f 767/767 763/763 783/783
f 783/783 780/780 767/767
f 763/763 764/764 783/783
f 765/765 784/784 764/764
f 764/764 784/784 783/783
f 765/765 785/785 786/786
f 784/784 765/765 786/786
f 766/766 787/787 765/765
f 787/787 788/788 765/765
f 788/788 785/785 765/765
f 762/762 789/789 766/766
f 789/789 787/787 766/766
f 787/787 790/790 791/791
f 787/787 791/791 788/788
f 789/789 792/792 787/787
f 793/793 787/787 792/792
f 793/793 794/794 787/787
f 790/790 787/787 794/794
f 788/788 795/795 785/785
f 795/795 788/788 791/791
f 786/786 785/785 796/796
f 785/785 795/795 796/796
f 784/784 786/786 796/796
f 796/796 797/797 784/784
f 783/783 784/784 797/797
f 780/780 783/783 797/797
f 797/797 798/798 780/780
f 798/798 799/799 780/780
f 799/799 779/779 780/780
f 779/779 799/799 800/800
f 779/779 800/800 781/781
f 801/801 781/781 800/800
f 781/781 801/801 782/782
f 801/801 771/771 782/782
f 802/802 771/771 801/801
f 802/802 801/801 803/803
f 803/803 801/801 800/800
f 803/803 800/800 804/804
f 800/800 799/799 804/804
f 799/799 798/798 804/804
f 804/804 798/798 805/805
f 798/798 797/797 805/805
f 806/806 805/805 797/797
f 806/806 797/797 796/796
f 807/807 796/796 808/808
f 807/807 809/809 796/796
f 809/809 806/806 796/796
f 808/808 796/796 791/791
f 796/796 795/795 791/791
f 790/790 808/808 791/791
f 790/790 794/794 808/808
f 793/793 810/810 794/794
f 794/794 810/810 808/808
f 792/792 811/811 793/793
f 811/811 812/812 793/793
f 810/810 793/793 812/812
f 813/813 792/4190 789/4189
f 813/4191 814/814 792/792
f 814/814 815/815 792/792
f 792/792 815/815 816/816
f 811/811 792/792 816/816
f 812/812 811/811 817/817
f 811/811 818/818 817/817
f 811/811 816/816 818/818
f 810/810 812/812 808/808
f 817/817 819/819 812/812
f 808/808 812/812 819/819
f 819/819 820/820 808/808
f 820/820 807/807 808/808
f 807/807 820/820 821/821
f 807/807 821/821 809/809
f 806/806 809/809 821/821
f 805/805 806/806 821/821
f 805/805 821/821 804/804
f 804/804 822/822 823/823
f 824/824 804/804 823/823
f 804/804 821/821 822/822
f 803/803 804/804 824/824
f 821/821 825/825 822/822
f 821/821 820/820 825/825
f 819/819 825/825 820/820
f 825/825 819/819 826/826
f 819/819 817/817 826/826
f 827/827 817/817 816/816
f 817/817 818/818 816/816
f 817/817 827/827 826/826
f 815/815 828/828 816/816
f 828/828 827/827 816/816
f 814/814 829/829 815/815
f 829/829 830/830 815/815
f 828/828 815/815 830/830
f 813/4191 831/831 814/814
f 814/814 831/831 832/832
f 814/814 832/832 829/829
f 833/833 813/813 789/4189
f 833/4192 834/834 813/4191
f 834/834 831/831 813/4191
f 831/831 834/834 832/832
f 834/834 835/835 832/832
f 836/836 832/832 837/837
f 838/838 832/832 836/836
f 832/832 835/835 837/837
f 832/832 838/838 829/829
f 838/838 839/839 829/829
f 839/839 830/830 829/829
f 840/840 827/827 830/830
f 840/840 830/830 841/841
f 841/841 830/830 839/839
f 827/827 828/828 830/830
f 827/827 840/840 842/842
f 827/827 842/842 843/843
f 827/827 843/843 826/826
f 825/825 826/826 840/840
f 842/842 840/840 826/826
f 842/842 826/826 843/843
f 825/825 840/840 822/822
f 822/822 844/844 845/845
f 823/823 822/822 846/846
f 822/822 845/845 846/846
f 822/822 840/840 844/844
f 847/847 823/823 846/846
f 848/848 823/823 847/847
f 848/848 824/824 823/823
f 849/849 824/824 848/848
f 803/803 824/824 849/849
f 848/848 847/847 850/850
f 849/849 848/848 851/851
f 851/851 848/848 852/852
f 852/852 848/848 850/850
f 850/850 847/847 853/853
f 847/847 846/846 853/853
f 853/853 846/846 854/854
f 846/846 845/845 854/854
f 845/845 855/855 856/856
f 845/845 857/857 855/855
f 844/844 857/857 845/845
f 845/845 856/856 854/854
f 844/844 836/836 837/837
f 844/844 837/837 857/857
f 858/858 838/838 844/844
f 838/838 836/836 844/844
f 841/841 858/858 844/844
f 840/840 841/841 844/844
f 857/857 837/837 859/859
f 837/837 835/835 859/859
f 857/857 860/860 861/861
f 857/857 861/861 855/855
f 857/857 859/859 860/860
f 855/855 862/862 863/863
f 856/856 855/855 863/863
f 855/855 864/864 865/865
f 855/855 865/865 862/862
f 864/864 855/855 866/866
f 855/855 861/861 866/866
f 867/867 856/856 868/868
f 854/854 856/856 867/867
f 856/856 863/863 869/869
f 868/868 856/856 869/869
f 870/870 854/854 871/871
f 853/853 854/854 870/870
f 871/871 854/854 867/867
f 850/850 853/853 872/872
f 872/872 853/853 870/870
f 852/852 850/850 873/873
f 873/873 850/850 872/872
f 852/852 873/873 874/874
f 875/875 852/852 874/874
f 851/851 852/852 875/875
f 876/876 849/849 851/851
f 877/877 876/876 851/851
f 877/877 851/851 875/875
f 878/878 875/875 874/874
f 879/879 875/875 878/878
f 879/879 877/877 875/875
f 880/880 878/878 874/874
f 874/874 881/881 880/880
f 874/874 873/873 881/881
f 881/881 873/873 872/872
f 881/881 872/872 882/882
f 872/872 870/870 882/882
f 882/882 870/870 871/871
f 882/882 871/871 883/883
f 883/883 871/871 884/884
f 871/871 867/867 884/884
f 867/867 868/868 885/885
f 884/884 867/867 885/885
f 868/868 869/869 886/886
f 885/885 868/868 886/886
f 863/863 887/887 869/869
f 886/886 869/869 888/888
f 888/888 869/869 887/887
f 889/889 890/890 863/863
f 862/862 889/889 863/863
f 863/863 890/890 887/887
f 890/890 891/891 887/887
f 888/888 887/887 892/892
f 887/887 893/893 892/892
f 887/887 891/891 893/893
f 894/894 886/886 888/888
f 894/894 888/888 895/895
f 895/895 888/888 896/896
f 888/888 892/892 897/897
f 896/896 888/888 897/897
f 885/885 886/886 898/898
f 898/898 886/886 894/894
f 884/884 885/885 899/899
f 899/899 885/885 898/898
f 883/883 884/884 900/900
f 900/900 884/884 899/899
f 882/882 883/883 901/901
f 901/901 883/883 900/900
f 881/881 882/882 902/902
f 902/902 882/882 903/903
f 903/903 882/882 901/901
f 880/880 881/881 904/904
f 881/881 902/902 904/904
f 904/904 902/902 905/905
f 902/902 903/903 905/905
f 906/906 903/903 901/901
f 905/905 903/903 906/906
f 901/901 900/900 907/907
f 908/908 901/901 907/907
f 906/906 901/901 908/908
f 900/900 899/899 909/909
f 907/907 900/900 909/909
f 899/899 898/898 910/910
f 909/909 899/899 910/910
f 910/910 898/898 911/911
f 911/911 898/898 894/894
f 911/911 894/894 912/912
f 912/912 894/894 895/895
f 912/912 895/895 913/913
f 913/913 895/895 896/896
f 913/913 896/896 914/914
f 896/896 915/915 914/914
f 896/896 897/897 915/915
f 897/897 892/892 916/916
f 915/915 897/897 917/917
f 897/897 916/916 918/918
f 897/897 918/918 917/917
f 914/914 915/915 919/919
f 919/919 915/915 920/920
f 915/915 917/917 920/920
f 921/921 913/913 914/914
f 921/921 914/914 922/922
f 922/922 914/914 919/919
f 923/923 912/912 913/913
f 923/923 913/913 921/921
f 923/923 911/911 912/912
f 910/910 911/911 923/923
f 924/924 910/910 923/923
f 909/909 910/910 924/924
f 925/925 909/909 924/924
f 907/907 909/909 925/925
f 908/908 907/907 925/925
f 908/908 925/925 926/926
f 927/927 908/908 926/926
f 927/927 906/906 908/908
f 928/928 905/905 906/906
f 928/928 906/906 927/927
f 904/904 905/905 929/929
f 929/929 905/905 928/928
f 880/880 904/904 930/930
f 930/930 904/904 929/929
f 931/931 929/929 928/928
f 932/932 929/929 931/931
f 930/930 929/929 932/932
f 928/928 927/927 933/933
f 931/931 928/928 933/933
f 933/933 927/927 926/926
f 934/934 926/926 935/935
f 933/933 926/926 934/934
f 926/926 925/925 936/936
f 926/926 936/936 935/935
f 936/936 925/925 924/924
f 924/924 923/923 937/937
f 936/936 924/924 937/937
f 938/938 923/923 921/921
f 937/937 923/923 938/938
f 921/921 922/922 939/939
f 938/938 921/921 939/939
f 922/922 919/919 940/940
f 939/939 922/922 940/940
f 919/919 920/920 941/941
f 940/940 919/919 941/941
f 917/917 918/918 920/920
f 920/920 918/918 942/942
f 920/920 942/942 943/943
f 941/941 920/920 943/943
f 941/941 943/943 944/944
f 945/945 941/941 944/944
f 940/940 941/941 945/945
f 940/940 945/945 946/946
f 939/939 940/940 946/946
f 947/947 939/4194 946/4193
f 948/948 939/4194 947/947
f 938/938 939/939 948/4195
f 949/949 938/938 948/4195
f 950/950 937/937 938/938
f 950/950 938/938 949/949
f 935/935 936/936 937/937
f 935/935 937/937 950/950
f 951/951 935/935 950/950
f 952/952 935/935 951/951
f 934/934 935/935 952/952
f 953/953 934/934 952/952
f 954/954 934/934 953/953
f 954/954 933/933 934/934
f 955/955 933/933 954/954
f 955/955 931/931 933/933
f 956/956 931/931 955/955
f 956/956 932/932 931/931
f 957/957 932/932 956/956
f 958/958 930/930 932/932
f 957/957 958/958 932/932
f 959/959 956/956 955/955
f 957/957 956/956 959/959
f 960/960 955/955 961/961
f 955/955 954/954 961/961
f 959/959 955/955 960/960
f 961/961 954/954 953/953
f 953/953 952/952 962/962
f 963/963 953/953 962/962
f 963/963 961/961 953/953
f 962/962 952/952 951/951
f 964/964 951/951 965/965
f 951/951 950/950 949/949
f 951/951 949/949 965/965
f 962/962 951/951 964/964
f 966/966 949/949 948/4195
f 965/965 949/949 966/966
f 948/948 947/947 967/967
f 966/966 948/4195 967/4196
f 947/947 946/4193 968/968
f 967/967 947/947 968/968
f 946/946 945/945 969/969
f 946/4193 969/4197 970/970
f 968/968 946/4193 970/970
f 945/945 944/944 971/971
f 969/969 945/945 971/971
f 969/969 971/971 972/972
f 969/4197 972/4198 973/973
f 974/974 969/4197 973/973
f 970/970 969/4197 974/974
f 975/975 970/970 974/974
f 976/976 970/970 975/975
f 976/976 968/968 970/970
f 977/977 968/968 976/976
f 977/977 967/967 968/968
f 978/978 967/4196 977/4199
f 978/978 966/966 967/4196
f 965/965 966/966 978/978
f 964/964 965/965 979/979
f 979/979 965/965 978/978
f 980/980 964/964 979/979
f 981/981 962/962 964/964
f 981/981 964/964 980/980
f 963/963 962/962 981/981
f 982/982 963/963 981/981
f 983/983 963/963 982/982
f 984/984 963/963 983/983
f 984/984 961/961 963/963
f 960/960 961/961 984/984
f 985/985 960/960 984/984
f 985/985 959/959 960/960
f 986/986 984/984 983/983
f 986/986 985/985 984/984
f 987/987 986/986 983/983
f 988/988 983/983 982/982
f 988/988 987/987 983/983
f 982/982 989/989 990/990
f 982/982 981/981 989/989
f 988/988 982/982 990/990
f 989/989 981/981 980/980
f 991/991 980/980 979/979
f 992/992 980/980 991/991
f 989/989 980/980 992/992
f 979/979 978/978 993/993
f 994/994 979/979 993/993
f 991/991 979/979 994/994
f 995/995 978/978 977/4199
f 993/993 978/978 995/995
f 977/977 976/976 996/996
f 995/995 977/4199 996/4200
f 976/976 975/975 996/996
f 975/975 974/974 997/997
f 975/975 997/997 998/998
f 996/996 975/975 998/998
f 974/974 973/973 997/997
f 973/973 972/4198 999/999
f 973/973 999/999 1000/1000
f 997/997 973/973 1000/1000
f 998/998 997/997 1001/1001
f 997/997 1000/1000 1001/1001
f 1002/1002 998/4201 1003/1003
f 1002/1002 996/4200 998/4201
f 998/998 1001/1001 1004/1004
f 1005/1005 998/998 1004/1004
f 1003/1003 998/4201 1005/4202
f 1006/1006 996/4200 1002/1002
f 1007/1007 995/995 996/4200
f 1007/1007 996/4200 1006/1006
f 1008/1008 995/995 1007/1007
f 1008/1008 993/993 995/995
f 994/994 993/993 1008/1008
f 994/994 1008/1008 1009/1009
f 1010/1010 994/994 1009/1009
f 1010/1010 1011/1011 994/994
f 1011/1011 991/991 994/994
f 992/992 991/991 1011/1011
f 1012/1012 992/992 1011/1011
f 1012/1012 989/989 992/992
f 990/990 989/989 1012/1012
f 1013/1013 990/990 1014/1014
f 1014/1014 990/990 1012/1012
f 1013/1013 988/988 990/990
f 1013/1013 1015/1015 988/988
f 987/987 988/988 1015/1015
f 1016/1016 1013/1013 1017/1017
f 1016/1016 1018/1018 1013/1013
f 1017/1017 1013/1013 1014/1014
f 1018/1018 1015/1015 1013/1013
f 1019/1019 1017/1017 1014/1014
f 1019/1019 1014/1014 1020/1020
f 1014/1014 1012/1012 1020/1020
f 1020/1020 1012/1012 1011/1011
f 1021/1021 1011/1011 1010/1010
f 1020/1020 1011/1011 1021/1021
f 1010/1010 1009/1009 1022/1022
f 1023/1023 1021/1021 1010/1010
f 1023/1023 1010/1010 1022/1022
f 1009/1009 1008/1008 1024/1024
f 1009/1009 1024/1024 1025/1025
f 1022/1022 1009/1009 1025/1025
f 1024/1024 1008/1008 1007/1007
f 1007/1007 1006/1006 1026/1026
f 1024/1024 1007/1007 1026/1026
f 1026/1026 1006/1006 1002/1002
f 1026/1026 1002/1002 1027/1027
f 1002/1002 1003/1003 1027/1027
f 1027/1027 1003/1003 1028/1028
f 1028/1028 1003/1003 1005/4202
f 1028/1028 1005/4202 1029/1029
f 1029/4203 1005/1005 1030/1030
f 1005/1005 1004/1004 1031/1031
f 1005/1005 1031/1031 1030/1030
f 1032/1032 1027/1027 1028/1028
f 1032/1032 1028/1028 1029/1029
f 1033/1033 1026/1026 1027/1027
f 1033/1033 1027/1027 1032/1032
f 1034/1034 1024/1024 1026/1026
f 1034/1034 1026/1026 1033/1033
f 1025/1025 1024/1024 1034/1034
f 1035/1035 1025/1025 1036/1036
f 1035/1035 1022/1022 1025/1025
f 1036/1036 1025/1025 1034/1034
f 1023/1023 1022/1022 1035/1035
f 1037/1037 1038/1038 1023/1023
f 1037/1037 1023/1023 1035/1035
f 1038/1038 1021/1021 1023/1023
f 1038/1038 1020/1020 1021/1021
f 1019/1019 1020/1020 1038/1038
f 1039/1039 1017/1017 1019/1019
f 1039/1039 1019/1019 1040/1040
f 1040/1040 1019/1019 1041/1041
f 1019/1019 1038/1038 1041/1041
f 1042/1042 1016/1016 1017/1017
f 1042/1042 1017/1017 1039/1039
f 1043/1043 1042/1042 1039/1039
f 1043/1043 1039/1039 1044/1044
f 1044/1044 1039/1039 1040/1040
f 1045/1045 1044/1044 1040/1040
f 1040/1040 1041/1041 1046/1046
f 1045/1045 1040/1040 1046/1046
f 1046/1046 1041/1041 1047/1047
f 1041/1041 1038/1038 1047/1047
f 1047/1047 1038/1038 1037/1037
f 1047/1047 1037/1037 1048/1048
f 1048/1048 1037/1037 1035/1035
f 1048/1048 1035/1035 1049/1049
f 1035/1035 1036/1036 1050/1050
f 1049/1049 1035/1035 1050/1050
f 1050/1050 1036/1036 1051/1051
f 1036/1036 1034/1034 1051/1051
f 1051/1051 1034/1034 1052/1052
f 1034/1034 1033/1033 1052/1052
f 1052/1052 1033/1033 1053/1053
f 1053/1053 1033/1033 1032/1032
f 1053/1053 1032/1032 1054/1054
f 1054/1054 1032/1032 1029/1029
f 1054/1054 1029/1029 1055/1055
f 1055/4204 1029/4203 1056/1056
f 1029/4203 1030/1030 1056/1056
f 1056/1056 1030/1030 1057/1057
f 1030/1030 1031/1031 1057/1057
f 1031/1031 1058/1058 1057/1057
f 1031/1031 1004/1004 1058/1058
f 1056/1056 1057/1057 1059/1059
f 1057/1057 1058/1058 1060/1060
f 1057/1057 1060/1060 1061/1061
f 1059/1059 1057/1057 1061/1061
f 1055/4204 1056/1056 1062/1062
f 1062/1062 1056/1056 1063/1063
f 1063/1063 1056/1056 1059/1059
f 1064/1064 1054/1054 1055/1055
f 1064/1064 1055/1055 1065/1065
f 1065/4205 1055/4204 1062/1062
f 1066/1066 1053/1053 1054/1054
f 1066/1066 1054/1054 1064/1064
f 1052/1052 1053/1053 1066/1066
f 1050/1050 1052/1052 1067/1067
f 1050/1050 1051/1051 1052/1052
f 1067/1067 1052/1052 1066/1066
f 1049/1049 1050/1050 1068/1068
f 1068/1068 1050/1050 1067/1067
f 1048/1048 1049/1049 1069/1069
f 1069/1069 1049/1049 1070/1070
f 1070/1070 1049/1049 1068/1068
f 1071/1071 1047/1047 1048/1048
f 1071/1071 1048/1048 1069/1069
f 1046/1046 1047/1047 1072/1072
f 1072/1072 1047/1047 1071/1071
f 1073/1073 1045/1045 1046/1046
f 1073/1073 1046/1046 1072/1072
f 1074/1074 1072/1072 1075/1075
f 1073/1073 1072/1072 1074/1074
f 1075/1075 1072/1072 1071/1071
f 1071/1071 1069/1069 1076/1076
f 1075/1075 1071/1071 1076/1076
f 1076/1076 1069/1069 1070/1070
f 1077/1077 1076/1076 1070/1070
f 1077/1077 1070/1070 1078/1078
f 1070/1070 1068/1068 1078/1078
f 1078/1078 1068/1068 1079/1079
f 1068/1068 1067/1067 1079/1079
f 1067/1067 1066/1066 1079/1079
f 1079/1079 1066/1066 1064/1064
f 1079/1079 1064/1064 1065/1065
f 1080/1080 1079/1079 1065/1065
f 1080/4206 1065/4205 1081/1081
f 1081/1081 1065/4205 1082/1082
f 1082/1082 1065/4205 1062/1062
f 1082/1082 1062/1062 1063/1063
f 1083/1083 1082/1082 1063/1063
f 1083/1083 1063/1063 1084/1084
f 1063/1063 1085/1085 1084/1084
f 1063/1063 1059/1059 1085/1085
f 1059/1059 1061/1061 1086/1086
f 1085/1085 1059/1059 1086/1086
f 1060/1060 1087/1087 1061/1061
f 1061/1061 1087/1087 1088/1088
f 1086/1086 1061/1061 1088/1088
f 1085/1085 1086/1086 1089/1089
f 1086/1086 1088/1088 1090/1090
f 1089/1089 1086/1086 1090/1090
f 1084/1084 1085/1085 1089/1089
f 1083/1083 1084/1084 1091/1091
f 1091/1091 1084/1084 1089/1089
f 1092/1092 1082/1082 1083/1083
f 1092/1092 1083/1083 1091/1091
f 1093/1093 1081/1081 1082/1082
f 1093/1093 1082/1082 1092/1092
f 1093/1093 1080/4206 1081/1081
f 1094/1094 1079/1079 1080/1080
f 1095/1095 1094/1094 1080/1080
f 1095/1095 1080/1080 1093/4207
f 1078/1078 1079/1079 1094/1094
f 1077/1077 1078/1078 1096/1096
f 1096/1096 1078/1078 1094/1094
f 1097/1097 1098/1098 1077/1077
f 1098/1098 1076/1076 1077/1077
f 1097/1097 1077/1077 1096/1096
f 1075/1075 1076/1076 1098/1098
f 1099/1099 1075/1075 1098/1098
f 1099/1099 1100/1100 1075/1075
f 1074/1074 1075/1075 1100/1100
f 1074/1074 1101/1101 1073/1073
f 1101/1101 1074/1074 1100/1100
f 1102/1102 1100/1100 1099/1099
f 1102/1102 1103/1103 1100/1100
f 1101/1101 1100/1100 1103/1103
f 1099/1099 1098/1098 1097/1097
f 1104/1104 1099/1099 1097/1097
f 1102/1102 1099/1099 1104/1104
f 1104/1104 1097/1097 1105/1105
f 1097/1097 1096/1096 1105/1105
f 1105/1105 1096/1096 1106/1106
f 1096/1096 1094/1094 1095/1095
f 1106/1106 1096/1096 1095/1095
f 1106/1106 1095/1095 1107/1107
f 1107/1107 1095/1095 1093/4207
f 1107/1107 1093/4207 1108/1108
f 1108/4208 1093/1093 1092/1092
f 1108/4208 1092/1092 1109/1109
f 1109/1109 1092/1092 1091/1091
f 1109/1109 1091/1091 1110/1110
f 1110/1110 1091/1091 1111/1111
f 1091/1091 1089/1089 1111/1111
f 1111/1111 1089/1089 1112/1112
f 1089/1089 1113/1113 1112/1112
f 1089/1089 1090/1090 1113/1113
f 1088/1088 1114/1114 1090/1090
f 1113/1113 1090/1090 1115/1115
f 1090/1090 1116/1116 1115/1115
f 1090/1090 1114/1114 1116/1116
f 1088/1088 1087/1087 1114/1114
f 1087/1087 1117/1117 1114/1114
f 1114/1114 1118/1118 1119/1119
f 1114/1114 1119/1119 1116/1116
f 1117/1117 1118/1118 1114/1114
f 1115/1115 1116/1116 1120/1120
f 1116/1116 1119/1119 1120/1120
f 1113/1113 1115/1115 1121/1121
f 1115/1115 1120/1120 1122/1122
f 1121/1121 1115/1115 1122/1122
f 1112/1112 1113/1113 1121/1121
f 1111/1111 1112/1112 1123/1123
f 1112/1112 1121/1121 1124/1124
f 1123/1123 1112/1112 1124/1124
f 1110/1110 1111/1111 1125/1125
f 1125/1125 1111/1111 1123/1123
f 1126/1126 1110/1110 1127/1127
f 1126/1126 1109/1109 1110/1110
f 1110/1110 1125/1125 1127/1127
f 1108/4208 1109/1109 1126/1126
f 1128/1128 1107/1107 1108/1108
f 1129/1129 1128/1128 1108/1108
f 1129/1129 1108/1108 1130/1130
f 1108/4208 1126/1126 1130/4209
f 1106/1106 1107/1107 1128/1128
f 1131/1131 1132/1132 1106/1106
f 1132/1132 1105/1105 1106/1106
f 1131/1131 1106/1106 1128/1128
f 1133/1133 1105/1105 1132/1132
f 1104/1104 1105/1105 1133/1133
f 1134/1134 1132/1132 1131/1131
f 1135/1135 1132/1132 1134/1134
f 1135/1135 1133/1133 1132/1132
f 1136/1136 1131/1131 1137/1137
f 1137/1137 1131/1131 1128/1128
f 1134/1134 1131/1131 1136/1136
f 1137/1137 1128/1128 1129/1129
f 1138/1138 1129/1129 1130/1130
f 1138/1138 1137/1137 1129/1129
f 1139/1139 1130/4209 1140/1140
f 1138/1138 1130/1130 1139/4210
f 1130/4209 1126/1126 1140/1140
f 1140/1140 1126/1126 1127/1127
f 1140/1140 1127/1127 1141/1141
f 1141/1141 1127/1127 1142/1142
f 1142/1142 1127/1127 1143/1143
f 1127/1127 1125/1125 1143/1143
f 1125/1125 1123/1123 1143/1143
f 1143/1143 1123/1123 1144/1144
f 1123/1123 1124/1124 1144/1144
f 1144/1144 1124/1124 1145/1145
f 1121/1121 1122/1122 1124/1124
f 1145/1145 1124/1124 1146/1146
f 1124/1124 1122/1122 1146/1146
f 1122/1122 1120/1120 1147/1147
f 1146/1146 1122/1122 1148/1148
f 1122/1122 1147/1147 1148/1148
f 1145/1145 1146/1146 1149/1149
f 1149/1149 1146/1146 1150/1150
f 1146/1146 1148/1148 1150/1150
f 1144/1144 1145/1145 1151/1151
f 1151/1151 1145/1145 1149/1149
f 1143/1143 1144/1144 1152/1152
f 1152/1152 1144/1144 1151/1151
f 1142/1142 1143/1143 1153/1153
f 1153/1153 1143/1143 1154/1154
f 1143/1143 1152/1152 1154/1154
f 1141/1141 1142/1142 1153/1153
f 1155/1155 1141/1141 1153/1153
f 1156/1156 1141/1141 1155/1155
f 1156/1156 1140/1140 1141/1141
f 1139/1139 1140/1140 1156/1156
f 1157/1157 1139/1139 1156/1156
f 1158/1158 1139/4210 1157/4211
f 1158/1158 1138/1138 1139/4210
f 1159/1159 1138/1138 1158/1158
f 1136/1136 1137/1137 1138/1138
f 1159/1159 1136/1136 1138/1138
f 1160/1160 1136/1136 1159/1159
f 1160/1160 1134/1134 1136/1136
f 1135/1135 1134/1134 1160/1160
f 1161/1161 1135/1135 1160/1160
f 1161/1161 1162/1162 1135/1135
f 1162/1162 1133/1133 1135/1135
f 1163/1163 1160/1160 1159/1159
f 1161/1161 1160/1160 1163/1163
f 1164/1164 1159/1159 1158/1158
f 1163/1163 1159/1159 1164/1164
f 1165/1165 1158/1158 1157/4211
f 1164/1164 1158/1158 1165/1165
f 1157/1157 1156/1156 1166/1166
f 1167/1167 1157/1157 1166/1166
f 1167/4212 1165/1165 1157/4211
f 1168/1168 1156/1156 1155/1155
f 1166/1166 1156/1156 1168/1168
f 1155/1155 1153/1153 1169/1169
f 1155/1155 1169/1169 1170/1170
f 1168/1168 1155/1155 1170/1170
f 1169/1169 1153/1153 1154/1154
f 1169/1169 1154/1154 1171/1171
f 1154/1154 1152/1152 1172/1172
f 1154/1154 1172/1172 1171/1171
f 1152/1152 1151/1151 1172/1172
f 1172/1172 1151/1151 1173/1173
f 1151/1151 1149/1149 1174/1174
f 1173/1173 1151/1151 1174/1174
f 1149/1149 1150/1150 1175/1175
f 1149/1149 1175/1175 1174/1174
f 1150/1150 1148/1148 1176/1176
f 1150/1150 1176/1176 1175/1175
f 1174/1174 1175/1175 1177/1177
f 1175/1175 1176/1176 1178/1178
f 1175/1175 1178/1178 1177/1177
f 1173/1173 1174/1174 1179/1179
f 1174/1174 1177/1177 1179/1179
f 1180/1180 1172/1172 1173/1173
f 1180/1180 1173/1173 1181/1181
f 1173/1173 1179/1179 1182/1182
f 1173/1173 1182/1182 1181/1181
f 1171/1171 1172/1172 1180/1180
f 1183/1183 1171/1171 1184/1184
f 1185/1185 1171/1171 1183/1183
f 1169/1169 1171/1171 1185/1185
f 1171/1171 1180/1180 1184/1184
f 1170/1170 1169/1169 1185/1185
f 1170/1170 1185/1185 1186/1186
f 1187/1187 1170/1170 1186/1186
f 1187/1187 1188/1188 1170/1170
f 1168/1168 1170/1170 1188/1188
f 1189/1189 1168/1168 1188/1188
f 1189/1189 1166/1166 1168/1168
f 1190/1190 1166/1166 1189/1189
f 1167/1167 1166/1166 1190/1190
f 1191/1191 1165/1165 1167/4212
f 1191/1191 1167/4212 1190/4213
f 1192/1192 1164/1164 1165/1165
f 1191/1191 1192/1192 1165/1165
f 1192/1192 1163/1163 1164/1164
f 1193/1193 1192/1192 1191/1191
f 1194/1194 1163/1163 1192/1192
f 1194/1194 1192/1192 1193/1193
f 1195/1195 1193/1193 1191/1191
f 1195/1195 1191/1191 1190/4213
f 1195/1195 1190/4213 1196/1196
f 1190/1190 1189/1189 1197/1197
f 1196/1196 1190/4213 1198/1198
f 1190/1190 1197/1197 1198/4214
f 1189/1189 1188/1188 1199/1199
f 1189/1189 1199/1199 1197/1197
f 1199/1199 1188/1188 1187/1187
f 1200/1200 1187/1187 1201/1201
f 1187/1187 1186/1186 1201/1201
f 1199/1199 1187/1187 1200/1200
f 1202/1202 1186/1186 1183/1183
f 1185/1185 1183/1183 1186/1186
f 1203/1203 1186/1186 1202/1202
f 1201/1201 1186/1186 1203/1203
f 1202/1202 1183/1183 1204/1204
f 1183/1183 1184/1184 1204/1204
f 1204/1204 1184/1184 1205/1205
f 1184/1184 1206/1206 1205/1205
f 1184/1184 1180/1180 1181/1181
f 1184/1184 1181/1181 1206/1206
f 1206/1206 1181/1181 1207/1207
f 1181/1181 1182/1182 1207/1207
f 1182/1182 1179/1179 1208/1208
f 1207/1207 1182/1182 1209/1209
f 1182/1182 1208/1208 1209/1209
f 1206/1206 1207/1207 1210/1210
f 1207/1207 1209/1209 1211/1211
f 1210/1210 1207/1207 1211/1211
f 1212/1212 1206/1206 1213/1213
f 1206/1206 1210/1210 1213/1213
f 1212/1212 1205/1205 1206/1206
f 1214/1214 1205/1205 1212/1212
f 1214/1214 1204/1204 1205/1205
f 1202/1202 1204/1204 1214/1214
f 1203/1203 1202/1202 1214/1214
f 1215/1215 1203/1203 1216/1216
f 1203/1203 1214/1214 1216/1216
f 1201/1201 1203/1203 1215/1215
f 1215/1215 1200/1200 1201/1201
f 1217/1217 1200/1200 1215/1215
f 1197/1197 1199/1199 1200/1200
f 1198/4214 1197/1197 1200/1200
f 1218/1218 1198/4214 1200/1200
f 1218/1218 1200/1200 1217/1217
f 1219/1219 1215/1215 1220/1220
f 1215/1215 1216/1216 1220/1220
f 1215/1215 1219/1219 1221/1221
f 1217/1217 1215/1215 1222/1222
f 1222/1222 1215/1215 1221/1221
f 1216/1216 1214/1214 1223/1223
f 1224/1224 1216/1216 1225/1225
f 1216/1216 1223/1223 1225/1225
f 1220/1220 1216/1216 1224/1224
f 1214/1214 1212/1212 1223/1223
f 1226/1226 1212/1212 1213/1213
f 1212/1212 1226/1226 1227/1227
f 1223/1223 1212/1212 1227/1227
f 1210/1210 1228/1228 1213/1213
f 1213/1213 1228/1228 1226/1226
f 1210/1210 1211/1211 1228/1228
f 1209/1209 1229/1229 1211/1211
f 1228/1228 1211/1211 1230/1230
f 1211/1211 1229/1229 1230/1230
f 1209/1209 1208/1208 1229/1229
f 1208/1208 1179/1179 1231/1231
f 1231/1231 1232/1232 1208/1208
f 1208/1208 1232/1232 1229/1229
f 1229/1229 1232/1232 1233/1233
f 1229/1229 1233/1233 1230/1230
f 1234/1234 1228/1228 1230/1230
f 1230/1230 1235/1235 1234/1234
f 1230/1230 1233/1233 1235/1235
f 1228/1228 1234/1234 1226/1226
f 1236/1236 1226/1226 1237/1237
f 1227/1227 1226/1226 1236/1236
f 1226/1226 1234/1234 1238/1238
f 1237/1237 1226/1226 1238/1238
f 1227/1227 1236/1236 1239/1239
f 1240/1240 1227/1227 1241/1241
f 1227/1227 1239/1239 1241/1241
f 1242/1242 1227/1227 1240/1240
f 1223/1223 1227/1227 1242/1242
f 1243/1243 1223/1223 1242/1242
f 1225/1225 1223/1223 1243/1243
f 1224/1224 1225/1225 1244/1244
f 1225/1225 1245/1245 1244/1244
f 1225/1225 1243/1243 1245/1245
f 1220/1220 1224/1224 1244/1244
f 1219/1219 1220/1220 1246/1246
f 1220/1220 1244/1244 1246/1246
f 1221/1221 1219/1219 1246/1246
f 1222/4216 1221/4215 1247/1247
f 1247/1247 1221/4215 1246/4217
f 1248/1248 1217/1217 1222/1222
f 1248/4218 1222/4216 1247/1247
f 1249/1249 1250/1250 1247/1247
f 1250/1250 1251/1251 1247/1247
f 1252/1252 1248/4218 1247/1247
f 1246/4217 1249/1249 1247/1247
f 1247/1247 1251/1251 1252/1252
f 1244/1244 1253/1253 1246/1246
f 1246/4217 1254/1254 1249/1249
f 1253/1253 1254/4219 1246/1246
f 1255/1255 1244/1244 1256/1256
f 1244/1244 1257/1257 1256/1256
f 1253/1253 1244/1244 1255/1255
f 1244/1244 1245/1245 1257/1257
f 1243/1243 1258/1258 1245/1245
f 1245/1245 1258/1258 1257/1257
f 1243/1243 1242/1242 1258/1258
f 1242/1242 1240/1240 1258/1258
f 1240/1240 1241/1241 1259/1259
f 1240/1240 1259/1259 1258/1258
f 1241/1241 1239/1239 1260/1260
f 1241/1241 1260/1260 1259/1259
f 1239/1239 1236/1236 1261/1261
f 1260/1260 1239/1239 1261/1261
f 1259/1259 1260/1260 1262/1262
f 1260/1260 1261/1261 1262/1262
f 1263/1263 1259/1259 1264/1264
f 1263/1263 1265/1265 1259/1259
f 1265/1265 1266/1266 1259/1259
f 1267/1267 1259/1259 1266/1266
f 1258/1258 1259/1259 1267/1267
f 1262/1262 1264/1264 1259/1259
f 1258/1258 1268/1268 1257/1257
f 1258/1258 1267/1267 1268/1268
f 1268/1268 1256/1256 1257/1257
f 1268/1268 1269/1269 1256/1256
f 1256/1256 1269/1269 1255/1255
f 1269/1269 1270/1270 1255/1255
f 1255/1255 1270/1270 1271/1271
f 1255/1255 1271/1271 1253/1253
f 1271/1271 1254/4219 1253/1253
f 1271/1271 1272/1272 1254/4219
f 1249/4220 1254/4219 1272/1272
f 1273/1273 1249/1249 1272/4221
f 1249/1249 1273/1273 1274/1274
f 1249/1249 1274/1274 1250/1250
f 1250/1250 1274/1274 1251/1251
f 1251/1251 1274/1274 1275/1275
f 1251/1251 1275/1275 1276/1276
f 1251/1251 1276/1276 1252/1252
f 1273/1273 1272/4221 1274/1274
f 1272/4221 1277/1277 1274/1274
f 1277/1277 1278/1278 1274/1274
f 1275/1275 1274/1274 1279/1279
f 1278/1278 1280/1280 1274/1274
f 1274/1274 1280/1280 1281/1281
f 1274/1274 1281/1281 1279/1279
f 1270/1270 1282/1282 1272/1272
f 1282/4222 1283/1283 1272/4221
f 1272/4221 1283/1283 1277/1277
f 1270/1270 1272/1272 1271/1271
f 1269/1269 1282/1282 1270/1270
f 1284/1284 1269/1269 1285/1285
f 1284/1284 1286/1286 1269/1269
f 1286/1286 1287/1287 1269/1269
f 1287/1287 1282/1282 1269/1269
f 1268/1268 1285/1285 1269/1269
f 1288/1288 1285/1285 1268/1268
f 1288/1288 1268/1268 1267/1267
f 1266/1266 1289/1289 1267/1267
f 1289/1289 1288/1288 1267/1267
f 1265/1265 1290/1290 1266/1266
f 1266/1266 1290/1290 1289/1289
f 1290/1290 1265/1265 1284/1284
f 1265/1265 1263/1263 1284/1284
f 1291/1291 1284/1284 1263/1263
f 1291/1291 1263/1263 1264/1264
f 1292/1292 1293/1293 1284/1284
f 1293/1293 1286/1286 1284/1284
f 1290/1290 1284/1284 1285/1285
f 1291/1291 1292/1292 1284/1284
f 1290/1290 1285/1285 1289/1289
f 1289/1289 1285/1285 1288/1288
f 1292/1292 1291/1291 1294/1294
f 1292/1292 1294/1294 1293/1293
f 1291/1291 1295/1295 1294/1294
f 1295/1295 1291/1291 1264/1264
f 1296/1296 1297/1297 1294/1294
f 1297/1297 1293/1293 1294/1294
f 1296/1296 1294/1294 1295/1295
f 1297/1297 1298/1298 1293/1293
f 1293/1293 1298/1298 1286/1286
f 1298/4224 1299/1299 1286/4223
f 1299/1299 1300/1300 1286/4223
f 1286/4223 1300/1300 1301/1301
f 1287/4225 1286/4223 1301/1301
f 1287/4225 1301/1301 1302/1302
f 1302/1302 1303/1303 1287/4225
f 1287/4225 1303/1303 1282/4226
f 1282/4226 1303/1303 1304/1304
f 1283/1283 1282/4222 1304/4227
f 1283/1283 1304/4227 1305/1305
f 1283/1283 1305/1305 1277/1277
f 1277/1277 1305/1305 1278/1278
f 1305/1305 1306/1306 1278/1278
f 1278/1278 1306/1306 1280/1280
f 1304/1304 1307/1307 1305/4228
f 1305/4228 1307/1307 1306/4229
f 1303/1303 1308/1308 1304/1304
f 1304/1304 1308/1308 1307/1307
f 1302/1302 1309/1309 1303/1303
f 1303/1303 1309/1309 1308/1308
f 1301/1301 1310/1310 1302/1302
f 1302/1302 1310/1310 1311/1311
f 1302/1302 1311/1311 1309/1309
f 1300/1300 1310/1310 1301/1301
f 1299/1299 1312/1312 1300/1300
f 1300/1300 1312/1312 1313/1313
f 1300/1300 1313/1313 1310/1310
f 1298/4224 1314/1314 1299/1299
f 1299/1299 1314/1314 1312/1312
f 1315/1315 1298/1298 1297/1297
f 1315/4230 1314/1314 1298/4224
f 1316/1316 1315/1315 1297/1297
f 1316/1316 1297/1297 1317/1317
f 1296/1296 1318/1318 1297/1297
f 1318/1318 1317/1317 1297/1297
f 1318/1318 1296/1296 1319/1319
f 1319/1319 1296/1296 1295/1295
f 1319/1319 1295/1295 1264/1264
f 1318/1318 1319/1319 1320/1320
f 1264/1264 1321/1321 1319/1319
f 1319/1319 1321/1321 1320/1320
f 1317/1317 1318/1318 1320/1320
f 1322/1322 1316/1316 1317/1317
f 1322/1322 1317/1317 1320/1320
f 1323/1323 1315/1315 1316/1316
f 1324/1324 1323/1323 1316/1316
f 1324/1324 1316/1316 1325/1325
f 1325/1325 1316/1316 1326/1326
f 1326/1326 1316/1316 1322/1322
f 1327/1327 1328/1328 1315/4230
f 1327/4231 1315/1315 1323/1323
f 1328/1328 1329/1329 1315/4230
f 1329/1329 1314/1314 1315/4230
f 1329/1329 1330/1330 1314/1314
f 1314/1314 1330/1330 1331/1331
f 1314/1314 1331/1331 1312/1312
f 1331/1331 1332/1332 1312/1312
f 1312/1312 1332/1332 1313/1313
f 1313/1313 1332/1332 1333/1333
f 1313/1313 1333/1333 1310/1310
f 1310/1310 1333/1333 1311/1311
f 1333/1333 1334/1334 1311/1311
f 1311/1311 1334/1334 1335/1335
f 1311/1311 1335/1335 1336/1336
f 1309/1309 1311/1311 1336/1336
f 1309/1309 1336/1336 1308/1308
f 1336/1336 1335/1335 1337/1337
f 1336/1336 1337/1337 1338/1338
f 1336/1336 1338/1338 1308/1308
f 1335/1335 1339/1339 1337/1337
f 1335/1335 1340/1340 1339/1339
f 1334/1334 1340/1340 1335/1335
f 1333/1333 1341/1341 1334/1334
f 1341/1341 1342/1342 1334/1334
f 1342/1342 1340/1340 1334/1334
f 1333/1333 1332/1332 1341/1341
f 1331/1331 1343/1343 1332/1332
f 1332/1332 1343/1343 1341/1341
f 1330/1330 1344/1344 1331/1331
f 1331/1331 1344/1344 1343/1343
f 1329/1329 1345/1345 1330/1330
f 1330/1330 1345/1345 1344/1344
f 1328/1328 1346/1346 1329/1329
f 1346/1346 1345/1345 1329/1329
f 1347/1347 1346/1346 1328/1328
f 1327/1327 1347/1347 1328/1328
f 1347/4232 1327/4231 1348/1348
f 1348/1348 1327/4231 1349/1349
f 1349/1349 1327/4231 1350/1350
f 1323/1323 1350/1350 1327/4231
f 1323/1323 1324/1324 1351/1351
f 1323/1323 1351/1351 1350/1350
f 1351/1351 1324/1324 1352/1352
f 1324/1324 1325/1325 1352/1352
f 1326/1326 1353/1353 1325/1325
f 1325/1325 1353/1353 1352/1352
f 1326/1326 1322/1322 1320/1320
f 1320/1320 1353/1353 1326/1326
f 1354/1354 1355/1355 1353/1353
f 1354/1354 1353/1353 1356/1356
f 1355/1355 1357/1357 1353/1353
f 1357/1357 1358/1358 1353/1353
f 1358/1358 1359/1359 1353/1353
f 1353/1353 1351/1351 1352/1352
f 1359/1359 1360/1360 1353/1353
f 1360/1360 1351/1351 1353/1353
f 1320/1320 1356/1356 1353/1353
f 1361/1361 1350/1350 1351/1351
f 1360/1360 1361/1361 1351/1351
f 1349/1349 1350/1350 1361/1361
f 1348/1348 1349/1349 1360/1360
f 1349/1349 1361/1361 1360/1360
f 1362/1362 1347/4232 1348/1348
f 1362/1362 1348/1348 1360/1360
f 1363/1363 1346/1346 1347/1347
f 1364/1364 1363/4233 1347/4232
f 1365/1365 1364/1364 1347/4232
f 1365/1365 1347/4232 1366/1366
f 1366/1366 1347/4232 1362/1362
f 1363/1363 1367/1367 1346/1346
f 1367/1367 1368/1368 1346/1346
f 1346/1346 1368/1368 1345/1345
f 1345/1345 1368/1368 1369/1369
f 1345/1345 1369/1369 1370/1370
f 1345/1345 1370/1370 1344/1344
f 1344/1344 1370/1370 1371/1371
f 1344/1344 1371/1371 1343/1343
f 1369/1369 1372/1372 1370/1370
f 1370/1370 1372/1372 1371/1371
f 1368/1368 1373/1373 1369/1369
f 1369/1369 1373/1373 1372/1372
f 1367/1367 1374/1374 1368/1368
f 1374/1374 1375/1375 1368/1368
f 1375/1375 1373/1373 1368/1368
f 1363/4233 1376/1376 1367/4234
f 1367/4234 1376/1376 1374/4235
f 1364/1364 1377/1377 1363/4233
f 1363/4233 1377/1377 1376/1376
f 1378/1378 1377/1377 1364/1364
f 1378/1378 1364/1364 1365/1365
f 1378/1378 1365/1365 1379/1379
f 1365/1365 1366/1366 1379/1379
f 1366/1366 1362/1362 1379/1379
f 1380/1380 1379/1379 1362/1362
f 1380/1380 1362/1362 1360/1360
f 1360/1360 1381/1381 1380/1380
f 1360/1360 1359/1359 1381/1381
f 1358/1358 1382/1382 1359/1359
f 1359/1359 1382/1382 1381/1381
f 1357/1357 1382/1382 1358/1358
f 1382/1382 1357/1357 1383/1383
f 1357/1357 1355/1355 1383/1383
f 1354/1354 1383/1383 1355/1355
f 1384/1384 1238/1238 1383/1383
f 1384/1384 1383/1383 1354/1354
f 1382/1382 1383/1383 1238/1238
f 1238/1238 1385/1385 1382/1382
f 1382/1382 1385/1385 1381/1381
f 1381/1381 1385/1385 1386/1386
f 1381/1381 1386/1386 1380/1380
f 1386/1386 1387/1387 1380/1380
f 1387/1387 1388/1388 1380/1380
f 1388/1388 1379/1379 1380/1380
f 1388/1388 1378/1378 1379/1379
f 1388/1388 1389/1389 1378/1378
f 1389/1389 1377/1377 1378/1378
f 1377/1377 1389/1389 1390/1390
f 1377/1377 1390/1390 1376/1376
f 1376/1376 1391/1391 1392/1392
f 1376/1376 1393/1393 1391/1391
f 1390/1390 1393/1393 1376/1376
f 1374/4235 1376/1376 1392/1392
f 1374/4235 1392/1392 1375/4236
f 1375/4236 1394/1394 1395/1395
f 1375/4236 1392/1392 1394/1394
f 1375/1375 1395/4237 1396/1396
f 1375/1375 1396/1396 1373/1373
f 1396/1396 1397/1397 1373/1373
f 1373/1373 1397/1397 1398/1398
f 1373/1373 1398/1398 1372/1372
f 1372/1372 1399/1399 1371/1371
f 1372/1372 1398/1398 1399/1399
f 1397/1397 1400/1400 1398/1398
f 1398/1398 1401/1401 1399/1399
f 1400/1400 1401/1401 1398/1398
f 1396/1396 1402/1402 1397/1397
f 1397/1397 1402/1402 1403/1403
f 1397/1397 1403/1403 1400/1400
f 1395/4237 1404/1404 1396/1396
f 1404/1404 1402/1402 1396/1396
f 1395/1395 1394/1394 1405/1405
f 1395/1395 1405/1405 1404/4238
f 1392/1392 1391/1391 1394/1394
f 1394/1394 1391/1391 1406/1406
f 1394/1394 1406/1406 1407/1407
f 1394/1394 1407/1407 1408/1408
f 1394/1394 1408/1408 1405/1405
f 1409/1409 1391/1391 1393/1393
f 1410/1410 1411/1411 1391/1391
f 1411/1411 1406/1406 1391/1391
f 1409/1409 1410/1410 1391/1391
f 1409/1409 1393/1393 1412/1412
f 1390/1390 1412/1412 1393/1393
f 1389/1389 1412/1412 1390/1390
f 1389/1389 1413/1413 1412/1412
f 1413/1413 1389/1389 1388/1388
f 1387/1387 1413/1413 1388/1388
f 1386/1386 1414/1414 1387/1387
f 1414/1414 1413/1413 1387/1387
f 1414/1414 1386/1386 1385/1385
f 1415/1415 1416/1416 1414/1414
f 1385/1385 1415/1415 1414/1414
f 1414/1414 1412/1412 1413/1413
f 1414/1414 1416/1416 1412/1412
f 1416/1416 1409/1409 1412/1412
f 1417/1417 1410/1410 1409/1409
f 1417/1417 1409/1409 1418/1418
f 1416/1416 1418/1418 1409/1409
f 1419/1419 1410/1410 1417/1417
f 1419/1419 1420/1420 1410/1410
f 1420/1420 1421/1421 1410/1410
f 1421/1421 1411/1411 1410/1410
f 1421/1421 1422/1422 1411/1411
f 1422/1422 1423/1423 1411/1411
f 1411/1411 1423/1423 1407/1407
f 1411/1411 1407/1407 1406/1406
f 1423/1423 1408/1408 1407/1407
f 1423/1423 1424/1424 1408/1408
f 1405/1405 1408/1408 1424/1424
f 1405/1405 1424/1424 1425/1425
f 1405/1405 1425/1425 1404/4238
f 1404/1404 1426/1426 1427/1427
f 1404/1404 1427/1427 1428/1428
f 1404/1404 1428/1428 1402/1402
f 1404/4238 1425/1425 1429/1429
f 1404/4238 1429/1429 1426/4239
f 1402/1402 1430/1430 1403/1403
f 1428/1428 1430/1430 1402/1402
f 1403/1403 1430/1430 1400/1400
f 1430/1430 1431/1431 1432/1432
f 1400/1400 1430/1430 1432/1432
f 1430/1430 1427/1427 1431/1431
f 1428/1428 1427/1427 1430/1430
f 1431/1431 1427/1427 1433/1433
f 1427/1427 1434/1434 1433/1433
f 1426/1426 1434/1434 1427/1427
f 1426/1426 1435/1435 1434/1434
f 1426/4239 1429/1429 1435/4240
f 1435/4240 1429/1429 1436/1436
f 1429/1429 1437/1437 1436/1436
f 1429/1429 1438/1438 1437/1437
f 1429/1429 1439/1439 1438/1438
f 1429/1429 1424/1424 1439/1439
f 1425/1425 1424/1424 1429/1429
f 1423/1423 1440/1440 1424/1424
f 1440/1440 1439/1439 1424/1424
f 1441/1441 1440/1440 1423/1423
f 1441/1441 1423/1423 1422/1422
f 1442/1442 1443/1443 1422/1422
f 1443/1443 1441/1441 1422/1422
f 1442/1442 1422/1422 1421/1421
f 1420/1420 1442/1442 1421/1421
f 1444/1444 1442/1442 1420/1420
f 1445/1445 1444/1444 1420/1420
f 1445/1445 1420/1420 1419/1419
f 1445/1445 1419/1419 1446/1446
f 1446/1446 1419/1419 1417/1417
f 1232/1232 1445/1445 1233/1233
f 1233/1233 1445/1445 1446/1446
f 1447/1447 1444/1444 1445/1445
f 1232/1232 1447/1447 1445/1445
f 1447/1447 1448/1448 1444/1444
f 1444/1444 1448/1448 1442/1442
f 1448/1448 1443/1443 1442/1442
f 1449/1449 1450/1450 1443/1443
f 1449/1449 1443/1443 1448/1448
f 1450/1450 1441/1441 1443/1443
f 1451/1451 1452/1452 1441/1441
f 1450/1450 1451/1451 1441/1441
f 1441/1441 1452/1452 1453/1453
f 1441/1441 1453/1453 1440/1440
f 1453/1453 1454/1454 1440/1440
f 1440/1440 1454/1454 1439/1439
f 1454/1454 1438/1438 1439/1439
f 1454/1454 1437/1437 1438/1438
f 1436/1436 1437/1437 1455/1455
f 1454/1454 1456/1456 1437/1437
f 1456/1456 1457/1457 1437/1437
f 1457/1457 1455/1455 1437/1437
f 1435/4240 1436/1436 1458/1458
f 1458/1458 1436/1436 1459/1459
f 1436/1436 1455/1455 1459/1459
f 1435/1435 1458/4241 1460/1460
f 1435/1435 1460/1460 1434/1434
f 1458/4241 1461/1461 1460/1460
f 1458/1458 1459/1459 1462/1462
f 1458/4241 1462/4242 1461/1461
f 1459/1459 1455/1455 1463/1463
f 1462/1462 1459/1459 1463/1463
f 1457/1457 1464/1464 1455/1455
f 1464/1464 1465/1465 1455/1455
f 1465/1465 1466/1466 1455/1455
f 1463/1463 1455/1455 1466/1466
f 1467/1467 1464/1464 1457/1457
f 1468/1468 1467/1467 1457/1457
f 1456/1456 1468/1468 1457/1457
f 1453/1453 1469/1469 1456/1456
f 1453/1453 1456/1456 1454/1454
f 1469/1469 1468/1468 1456/1456
f 1452/1452 1469/1469 1453/1453
f 1470/1470 1469/1469 1452/1452
f 1451/1451 1470/1470 1452/1452
f 1471/1471 1472/1472 1451/1451
f 1473/1473 1471/1471 1451/1451
f 1473/1473 1451/1451 1450/1450
f 1472/1472 1470/1470 1451/1451
f 1449/1449 1473/1473 1450/1450
f 1178/1178 1474/1474 1449/1449
f 1474/1474 1473/1473 1449/1449
f 1448/1448 1178/1178 1449/1449
f 1178/1178 1448/1448 1447/1447
f 1176/1176 1474/1474 1178/1178
f 1177/1177 1178/1178 1447/1447
f 1176/1176 1475/1475 1474/1474
f 1474/1474 1475/1475 1473/1473
f 1475/1475 1471/1471 1473/1473
f 1147/1147 1476/1476 1471/1471
f 1147/1147 1471/1471 1475/1475
f 1476/1476 1477/1477 1471/1471
f 1477/1477 1472/1472 1471/1471
f 1472/1472 1478/1478 1470/1470
f 1477/1477 1478/1478 1472/1472
f 1470/1470 1479/1479 1469/1469
f 1478/1478 1479/1479 1470/1470
f 1479/1479 1468/1468 1469/1469
f 1468/1468 1480/1480 1467/1467
f 1468/1468 1479/1479 1480/1480
f 1467/1467 1465/1465 1464/1464
f 1467/1467 1481/1481 1465/1465
f 1481/1481 1467/1467 1480/1480
f 1481/1481 1482/1482 1465/1465
f 1482/1482 1483/1483 1465/1465
f 1465/1465 1483/1483 1466/1466
f 1483/1483 1484/1484 1466/1466
f 1463/1463 1466/1466 1485/1485
f 1485/1485 1466/1466 1484/1484
f 1462/1462 1463/1463 1485/1485
f 1485/1485 1484/1484 1486/1486
f 1485/1485 1486/1486 1487/1487
f 1488/1488 1485/1485 1487/1487
f 1489/1489 1485/1485 1488/1488
f 1462/1462 1485/1485 1489/1489
f 1490/1490 1486/1486 1484/1484
f 1483/1483 1490/1490 1484/1484
f 1491/1491 1490/1490 1483/1483
f 1482/1482 1491/1491 1483/1483
f 1492/1492 1482/1482 1481/1481
f 1492/1492 1491/1491 1482/1482
f 1493/1493 1481/1481 1480/1480
f 1493/1493 1492/1492 1481/1481
f 1479/1479 1493/1493 1480/1480
f 1494/1494 1493/1493 1479/1479
f 1478/1478 1494/1494 1479/1479
f 1478/1478 1495/1495 1494/1494
f 1477/1477 1495/1495 1478/1478
f 1476/1476 1496/1496 1477/1477
f 1477/1477 1496/1496 1495/1495
f 1120/1120 1476/1476 1147/1147
f 1120/1120 1119/1119 1476/1476
f 1119/1119 1497/1497 1476/1476
f 1476/1476 1497/1497 1496/1496
f 1148/1148 1147/1147 1475/1475
f 1148/1148 1475/1475 1176/1176
f 1496/1496 1498/1498 1495/1495
f 1497/1497 1498/1498 1496/1496
f 1495/1495 1499/1499 1494/1494
f 1500/1500 1499/1499 1495/1495
f 1498/1498 1500/1500 1495/1495
f 1494/1494 1499/1499 1493/1493
f 1501/1501 1492/1492 1493/1493
f 1499/1499 1501/1501 1493/1493
f 1502/1502 1492/1492 1501/1501
f 1502/1502 1491/1491 1492/1492
f 1502/1502 1503/1503 1491/1491
f 1503/1503 1504/1504 1491/1491
f 1491/1491 1504/1504 1490/1490
f 1504/1504 1505/1505 1490/1490
f 1490/1490 1505/1505 1486/1486
f 1505/1505 1506/1506 1486/1486
f 1487/1487 1486/1486 1506/1506
f 1507/1507 1487/1487 1508/1508
f 1487/1487 1509/1509 1508/1508
f 1488/1488 1487/1487 1507/1507
f 1487/1487 1506/1506 1509/1509
f 1488/4244 1507/4243 1510/1510
f 1489/4245 1488/4244 1511/1511
f 1488/4244 1510/1510 1511/1511
f 1462/4242 1489/4245 1512/1512
f 1489/4245 1511/1511 1512/1512
f 1511/1511 1513/1513 1512/1512
f 1511/1511 1510/1510 1513/1513
f 1510/1510 1514/1514 1513/1513
f 1510/1510 1515/1515 1514/1514
f 1507/4243 1515/1515 1510/1510
f 1507/4243 1516/1516 1515/1515
f 1507/4243 1517/1517 1518/1518
f 1507/4243 1518/1518 1516/1516
f 1507/4243 1508/4246 1517/1517
f 1517/1517 1508/4246 1519/1519
f 1508/4246 1509/4247 1520/1520
f 1508/4246 1520/1520 1521/1521
f 1508/4246 1521/1521 1519/1519
f 1522/1522 1520/1520 1509/4247
f 1523/1523 1509/1509 1506/1506
f 1523/4248 1522/1522 1509/4247
f 1505/1505 1523/1523 1506/1506
f 1524/1524 1523/1523 1505/1505
f 1524/1524 1505/1505 1504/1504
f 1525/1525 1524/1524 1504/1504
f 1503/1503 1525/1525 1504/1504
f 1526/1526 1527/1527 1503/1503
f 1526/1526 1503/1503 1502/1502
f 1527/1527 1525/1525 1503/1503
f 1501/1501 1528/1528 1502/1502
f 1528/1528 1526/1526 1502/1502
f 1529/1529 1526/1526 1528/1528
f 1530/1530 1526/1526 1529/1529
f 1526/1526 1530/1530 1527/1527
f 1530/1530 1531/1531 1527/1527
f 1527/1527 1531/1531 1532/1532
f 1527/1527 1532/1532 1525/1525
f 1532/1532 1524/1524 1525/1525
f 1532/1532 1533/1533 1524/1524
f 1524/1524 1533/1533 1523/1523
f 1533/4249 1534/1534 1523/4248
f 1534/1534 1522/1522 1523/4248
f 1522/1522 1535/1535 1521/1521
f 1522/1522 1521/1521 1520/1520
f 1536/1536 1535/1535 1522/1522
f 1536/1536 1522/1522 1534/1534
f 1519/1519 1521/1521 1537/1537
f 1535/1535 1537/1537 1521/1521
f 1517/1517 1519/1519 1538/1538
f 1519/1519 1537/1537 1538/1538
f 1517/1517 1539/1539 1518/1518
f 1517/1517 1540/1540 1539/1539
f 1517/1517 1538/1538 1540/1540
f 1516/1516 1518/1518 1541/1541
f 1518/1518 1542/1542 1541/1541
f 1518/1518 1539/1539 1542/1542
f 1543/1543 1516/1516 1541/1541
f 1515/1515 1516/1516 1543/1543
f 1541/1541 1544/1544 1543/1543
f 1541/1541 1542/1542 1545/1545
f 1541/1541 1545/1545 1544/1544
f 1542/1542 1539/1539 1546/1546
f 1542/1542 1546/1546 1547/1547
f 1542/1542 1547/1547 1545/1545
f 1539/1539 1548/1548 1546/1546
f 1539/1539 1549/1549 1548/1548
f 1540/1540 1549/1549 1539/1539
f 1540/1540 1550/1550 1551/1551
f 1540/1540 1551/1551 1549/1549
f 1540/1540 1538/1538 1550/1550
f 1538/1538 1537/1537 1552/1552
f 1538/1538 1552/1552 1550/1550
f 1553/1553 1552/1552 1537/1537
f 1535/1535 1553/1553 1537/1537
f 1554/1554 1553/4251 1535/4250
f 1536/4252 1554/1554 1535/4250
f 1533/4249 1536/1536 1534/1534
f 1555/1555 1536/4252 1533/4253
f 1556/1556 1554/1554 1536/4252
f 1556/1556 1536/4252 1555/1555
f 1557/1557 1555/1555 1533/4253
f 1532/1532 1557/4254 1533/1533
f 1531/1531 1558/1558 1532/1532
f 1558/1558 1557/4254 1532/1532
f 1558/1558 1531/1531 1559/1559
f 1559/1559 1531/1531 1530/1530
f 1560/1560 1561/1561 1558/1558
f 1560/1560 1558/1558 1559/1559
f 1558/1558 1561/1561 1557/4254
f 1561/4255 1562/1562 1557/1557
f 1557/1557 1562/1562 1555/1555
f 1562/1562 1556/1556 1555/1555
f 1556/1556 1563/1563 1554/1554
f 1564/1564 1563/1563 1556/1556
f 1562/1562 1564/1564 1556/1556
f 1554/1554 1565/1565 1553/4251
f 1563/1563 1565/1565 1554/1554
f 1553/4251 1566/1566 1552/4256
f 1565/1565 1567/1567 1553/4251
f 1567/1567 1566/1566 1553/4251
f 1550/1550 1552/1552 1568/1568
f 1566/1566 1568/4257 1552/4256
f 1550/1550 1568/1568 1569/1569
f 1550/1550 1569/1569 1570/1570
f 1551/1551 1550/1550 1570/1570
f 1551/1551 1571/1571 1549/1549
f 1551/1551 1570/1570 1571/1571
f 1549/1549 1572/1572 1548/1548
f 1549/1549 1573/1573 1572/1572
f 1571/1571 1573/1573 1549/1549
f 1548/1548 1574/1574 1546/1546
f 1572/1572 1574/1574 1548/1548
f 1572/1572 1575/1575 1574/1574
f 1572/1572 1573/1573 1575/1575
f 1575/1575 1573/1573 1576/1576
f 1573/1573 1577/1577 1576/1576
f 1571/1571 1577/1577 1573/1573
f 1571/1571 1578/1578 1577/1577
f 1571/1571 1579/1579 1578/1578
f 1571/1571 1570/1570 1579/1579
f 1570/1570 1569/1569 1579/1579
f 1579/4259 1569/4258 1580/1580
f 1569/4258 1581/1581 1580/1580
f 1582/1582 1581/1581 1569/4258
f 1583/1583 1582/1582 1569/4258
f 1584/1584 1583/1583 1569/4258
f 1566/1566 1584/1584 1569/4258
f 1566/1566 1569/4258 1568/4257
f 1567/1567 1584/1584 1566/1566
f 1585/1585 1584/1584 1567/1567
f 1565/1565 1586/1586 1567/1567
f 1586/1586 1585/1585 1567/1567
f 1587/1587 1586/1586 1565/1565
f 1587/1587 1565/1565 1563/1563
f 1587/1587 1563/1563 1564/1564
f 1588/1588 1587/1587 1564/1564
f 1588/1588 1564/1564 1562/1562
f 1561/4255 1588/1588 1562/1562
f 1588/1588 1589/1589 1587/1587
f 1590/1590 1589/1589 1588/1588
f 1590/1590 1588/1588 1561/4255
f 1591/1591 1586/1586 1587/1587
f 1589/1589 1591/1591 1587/1587
f 1592/1592 1593/1593 1586/1586
f 1593/1593 1585/1585 1586/1586
f 1591/1591 1592/1592 1586/1586
f 1585/1585 1594/1594 1584/1584
f 1593/1593 1594/1594 1585/1585
f 1584/1584 1595/1595 1583/1583
f 1594/1594 1595/1595 1584/1584
f 1583/1583 1596/1596 1582/1582
f 1595/1595 1596/1596 1583/1583
f 1582/1582 1597/1597 1581/1581
f 1596/1596 1597/1597 1582/1582
f 1580/1580 1581/1581 1598/1598
f 1581/1581 1599/1599 1598/1598
f 1597/1597 1599/1599 1581/1581
f 1579/4259 1580/1580 1600/1600
f 1580/1580 1598/1598 1600/1600
f 1578/4260 1579/4259 1600/1600
f 1578/1578 1601/1601 1577/1577
f 1578/4260 1600/1600 1602/1602
f 1578/1578 1602/4261 1601/1601
f 1577/1577 1603/1603 1576/1576
f 1577/1577 1601/1601 1603/1603
f 1601/4263 1604/1604 1603/4262
f 1601/4263 1605/1605 1604/1604
f 1602/1602 1605/1605 1601/4263
f 1602/1602 1606/1606 1605/1605
f 1600/1600 1607/1607 1602/1602
f 1607/1607 1606/1606 1602/1602
f 1598/1598 1607/1607 1600/1600
f 1599/1599 1608/1608 1598/1598
f 1608/1608 1609/1609 1598/1598
f 1598/1598 1609/1609 1607/1607
f 1597/1597 1608/1608 1599/1599
f 1597/1597 1610/1610 1611/1611
f 1597/1597 1611/1611 1608/1608
f 1612/1612 1610/1610 1597/1597
f 1596/1596 1612/1612 1597/1597
f 1596/1596 1613/1613 1612/1612
f 1614/1614 1596/1596 1595/1595
f 1614/1614 1615/1615 1596/1596
f 1615/1615 1613/1613 1596/1596
f 1594/1594 1614/1614 1595/1595
f 1616/1616 1594/1594 1593/1593
f 1616/1616 1614/1614 1594/1594
f 1617/1617 1616/1616 1593/1593
f 1617/1617 1593/1593 1592/1592
f 1618/1618 1617/1617 1592/1592
f 1618/1618 1592/1592 1591/1591
f 1619/1619 1618/1618 1591/1591
f 1619/1619 1591/1591 1589/1589
f 1618/1618 1620/1620 1617/1617
f 1621/1621 1620/1620 1618/1618
f 1621/1621 1618/1618 1619/1619
f 1617/1617 1622/1622 1616/1616
f 1620/1620 1622/1622 1617/1617
f 1616/1616 1623/1623 1614/1614
f 1622/1622 1623/1623 1616/1616
f 1623/1623 1615/1615 1614/1614
f 1615/1615 1624/1624 1613/1613
f 1625/1625 1615/1615 1623/1623
f 1626/1626 1615/1615 1625/1625
f 1626/1626 1624/1624 1615/1615
f 1627/1627 1612/1612 1613/1613
f 1613/1613 1628/1628 1627/1627
f 1624/1624 1628/1628 1613/1613
f 1612/1612 1629/1629 1610/1610
f 1630/1630 1629/1629 1612/1612
f 1627/1627 1630/1630 1612/1612
f 1611/1611 1610/1610 1631/1631
f 1610/1610 1629/1629 1631/1631
f 1608/1608 1611/1611 1609/1609
f 1609/1609 1611/1611 1631/1631
f 1607/1607 1609/1609 1631/1631
f 1606/1606 1607/1607 1631/1631
f 1606/1606 1632/1632 1605/1605
f 1632/1632 1606/1606 1631/1631
f 1629/1629 1633/1633 1631/1631
f 1633/1633 1632/1632 1631/1631
f 1630/1630 1633/1633 1629/1629
f 1630/1630 1627/1627 1634/1634
f 1630/1630 1634/1634 1635/1635
f 1630/1630 1635/1635 1633/1633
f 1628/1628 1636/1636 1627/1627
f 1636/1636 1637/1637 1627/1627
f 1637/1637 1638/1638 1627/1627
f 1638/1638 1634/1634 1627/1627
f 1624/1624 1639/1639 1628/1628
f 1639/1639 1640/1640 1628/1628
f 1640/1640 1641/1641 1628/1628
f 1628/1628 1641/1641 1642/1642
f 1628/1628 1642/1642 1636/1636
f 1624/1624 1643/1643 1639/1639
f 1626/1626 1644/1644 1624/1624
f 1644/1644 1645/1645 1624/1624
f 1645/1645 1643/1643 1624/1624
f 1646/1646 1647/1647 1626/1626
f 1647/1647 1648/1648 1626/1626
f 1649/1649 1646/1646 1626/1626
f 1626/1626 1648/1648 1644/1644
f 1649/1649 1626/1626 1625/1625
f 1648/1648 1650/1650 1644/1644
f 1644/1644 1650/1650 1651/1651
f 1644/1644 1651/1651 1652/1652
f 1652/1652 1645/1645 1644/1644
f 1652/1652 1653/1653 1645/1645
f 1653/1653 1654/1654 1645/1645
f 1655/1655 1645/1645 1654/1654
f 1645/1645 1655/1655 1643/1643
f 1655/1655 1656/1656 1643/1643
f 1643/1643 1656/1656 1657/1657
f 1643/1643 1657/1657 1639/1639
f 1657/1657 1658/1658 1639/1639
f 1639/1639 1658/1658 1659/1659
f 1640/1640 1639/1639 1659/1659
f 1641/1641 1640/1640 1660/1660
f 1640/1640 1659/1659 1660/1660
f 1642/1642 1641/1641 1660/1660
f 1642/1642 1661/1661 1636/1636
f 1661/1661 1642/1642 1660/1660
f 1638/1638 1637/1637 1636/1636
f 1638/1638 1636/1636 1661/1661
f 1634/1634 1638/1638 1662/1662
f 1638/1638 1661/1661 1662/1662
f 1634/1634 1662/1662 1635/1635
f 1635/1635 1663/1663 1633/1633
f 1663/1663 1635/1635 1662/1662
f 1664/1664 1665/1665 1662/1662
f 1665/1665 1666/1666 1662/1662
f 1666/1666 1663/1663 1662/1662
f 1662/1662 1661/1661 1664/1664
f 1661/1661 1660/1660 1664/1664
f 1667/1667 1668/1668 1660/1660
f 1668/1668 1669/1669 1660/1660
f 1669/1669 1670/1670 1660/1660
f 1670/1670 1664/1664 1660/1660
f 1658/1658 1660/1660 1659/1659
f 1660/1660 1658/1658 1667/1667
f 1658/1658 1657/1657 1671/1671
f 1671/1671 1667/1667 1658/1658
f 1657/1657 1656/1656 1671/1671
f 1656/1656 1655/1655 1672/1672
f 1671/1671 1656/1656 1673/1673
f 1672/1672 1673/1673 1656/1656
f 1655/1655 1654/1654 1672/1672
f 1654/1654 1653/1653 1674/1674
f 1674/1674 1672/1672 1654/1654
f 1652/1652 1675/1675 1653/1653
f 1653/1653 1675/1675 1674/1674
f 1675/1675 1652/1652 1651/1651
f 1675/1675 1651/1651 1676/1676
f 1651/1651 1650/1650 1676/1676
f 1648/1648 1677/1677 1650/1650
f 1650/1650 1677/1677 1676/1676
f 1678/1678 1679/1679 1676/1676
f 1679/1679 1680/1680 1676/1676
f 1680/1680 1681/1681 1676/1676
f 1675/1675 1676/1676 1674/1674
f 1676/1676 1681/1681 1674/1674
f 1676/1676 1682/1682 1678/1678
f 1676/1676 1677/1677 1682/1682
f 1681/1681 1683/1683 1674/1674
f 1683/1683 1684/1684 1674/1674
f 1684/1684 1685/1685 1674/1674
f 1685/1685 1672/1672 1674/1674
f 1685/1685 1686/1686 1672/1672
f 1686/1686 1673/1673 1672/1672
f 1687/1687 1673/1673 1688/1688
f 1688/1688 1673/1673 1686/1686
f 1673/1673 1687/1687 1671/1671
f 1687/1687 1667/1667 1671/1671
f 1689/1689 1667/1667 1687/1687
f 1668/1668 1667/1667 1689/1689
f 1690/1690 1668/1668 1689/1689
f 1691/1691 1669/1669 1668/1668
f 1691/1691 1668/1668 1690/1690
f 1691/1691 1670/1670 1669/1669
f 1692/1692 1664/1664 1670/1670
f 1692/1692 1670/1670 1691/1691
f 1665/1665 1664/1664 1692/1692
f 1693/1693 1665/1665 1692/1692
f 1665/1665 1693/1693 1666/1666
f 1694/1694 1663/1663 1666/1666
f 1694/1694 1666/1666 1693/1693
f 1694/1694 1693/1693 1692/1692
f 1692/1692 1691/1691 1695/1695
f 1694/1694 1692/1692 1695/1695
f 1691/1691 1690/1690 1696/1696
f 1695/1695 1691/1691 1696/1696
f 1690/1690 1689/1689 1696/1696
f 1696/1696 1689/1689 1688/1688
f 1689/1689 1687/1687 1688/1688
f 1696/1696 1688/1688 1697/1697
f 1688/1688 1686/1686 1698/1698
f 1688/1688 1698/1698 1697/1697
f 1685/1685 1698/1698 1686/1686
f 1698/1698 1685/1685 1684/1684
f 1698/1698 1684/1684 1699/1699
f 1699/1699 1684/1684 1683/1683
f 1681/1681 1699/1699 1683/1683
f 1699/1699 1681/1681 1680/1680
f 1680/1680 1679/1679 1699/1699
f 1699/1699 1679/1679 1700/1700
f 1679/1679 1678/1678 1700/1700
f 1700/1700 1678/1678 1701/1701
f 1701/1701 1678/1678 1682/1682
f 1677/1677 1702/1702 1682/1682
f 1702/1702 1703/1703 1682/1682
f 1703/1703 1704/1704 1682/1682
f 1705/1705 1706/1706 1682/1682
f 1706/1706 1701/1701 1682/1682
f 1682/1682 1704/1704 1705/1705
f 1702/1702 1677/1677 1648/1648
f 1703/1703 1702/1702 1648/1648
f 1707/1707 1704/1704 1703/1703
f 1707/1707 1703/1703 1648/1648
f 1708/1708 1704/1704 1707/1707
f 1704/1704 1708/1708 1709/1709
f 1709/1709 1705/1705 1704/1704
f 1706/1706 1705/1705 1710/1710
f 1705/1705 1711/1711 1710/1710
f 1705/1705 1709/1709 1711/1711
f 1701/1701 1706/1706 1700/1700
f 1700/1700 1706/1706 1710/1710
f 1699/1699 1700/1700 1712/1712
f 1712/1712 1700/1700 1713/1713
f 1700/1700 1710/1710 1713/1713
f 1697/1697 1698/1698 1699/1699
f 1697/1697 1699/1699 1712/1712
f 1714/1714 1697/1697 1715/1715
f 1697/1697 1712/1712 1715/1715
f 1714/1714 1696/1696 1697/1697
f 1695/1695 1696/1696 1714/1714
f 1716/1716 1695/1695 1714/1714
f 1604/1604 1695/1695 1716/1716
f 1604/1604 1694/1694 1695/1695
f 1663/1663 1694/1694 1717/1717
f 1604/1604 1605/1605 1694/1694
f 1605/1605 1717/1717 1694/1694
f 1718/1718 1604/1604 1716/1716
f 1603/4262 1604/1604 1718/1718
f 1716/1716 1714/1714 1719/1719
f 1720/1720 1716/1716 1719/1719
f 1720/1720 1718/1718 1716/1716
f 1719/1719 1714/1714 1715/1715
f 1719/1719 1715/1715 1721/1721
f 1721/4265 1715/4264 1722/1722
f 1715/4264 1712/4266 1723/1723
f 1722/1722 1715/4264 1723/1723
f 1712/4266 1713/4267 1724/1724
f 1712/4266 1724/1724 1723/1723
f 1710/1710 1725/1725 1713/1713
f 1726/1726 1713/1713 1725/1725
f 1726/1726 1727/1727 1713/1713
f 1713/4267 1728/1728 1724/1724
f 1713/1713 1727/1727 1728/4268
f 1710/1710 1711/1711 1725/1725
f 1725/1725 1711/1711 1709/1709
f 1726/1726 1725/1725 1709/1709
f 1708/1708 1729/1729 1709/1709
f 1729/1729 1730/1730 1709/1709
f 1730/1730 1731/1731 1709/1709
f 1709/1709 1731/1731 1726/1726
f 1729/1729 1708/1708 1647/1647
f 1647/1647 1708/1708 1707/1707
f 1647/1647 1707/1707 1648/1648
f 1646/1646 1732/1732 1647/1647
f 1732/1732 1730/1730 1647/1647
f 1647/1647 1730/1730 1729/1729
f 1732/1732 1733/1733 1730/1730
f 1730/1730 1733/1733 1731/1731
f 1734/1734 1727/1727 1731/1731
f 1727/1727 1726/1726 1731/1731
f 1731/1731 1733/1733 1734/1734
f 1727/1727 1734/1734 1728/4268
f 1728/1728 1735/1735 1724/1724
f 1728/1728 1734/4269 1736/1736
f 1728/1728 1736/1736 1735/1735
f 1723/1723 1724/1724 1737/1737
f 1724/1724 1738/1738 1737/1737
f 1735/1735 1738/1738 1724/1724
f 1722/1722 1723/1723 1739/1739
f 1739/1739 1723/1723 1737/1737
f 1721/4265 1722/1722 1740/1740
f 1722/1722 1739/1739 1741/1741
f 1740/1740 1722/1722 1741/1741
f 1742/1742 1721/4265 1740/1740
f 1743/1743 1721/4265 1742/1742
f 1744/1744 1719/1719 1721/1721
f 1743/1743 1744/4270 1721/4265
f 1720/1720 1719/1719 1744/1744
f 1745/1745 1744/4270 1743/1743
f 1746/1746 1744/4270 1745/1745
f 1747/1747 1720/4271 1744/4270
f 1746/1746 1747/1747 1744/4270
f 1748/1748 1743/1743 1742/1742
f 1745/1745 1743/1743 1748/1748
f 1749/1749 1742/1742 1750/1750
f 1742/1742 1751/1751 1750/1750
f 1742/1742 1740/1740 1751/1751
f 1748/1748 1742/1742 1749/1749
f 1740/1740 1741/1741 1751/1751
f 1741/1741 1739/1739 1752/1752
f 1741/1741 1752/1752 1753/1753
f 1741/1741 1753/1753 1754/1754
f 1755/1755 1751/1751 1741/1741
f 1755/1755 1741/1741 1754/1754
f 1752/1752 1739/1739 1737/1737
f 1752/1752 1737/1737 1756/1756
f 1737/1737 1757/1757 1756/1756
f 1737/1737 1738/1738 1757/1757
f 1738/1738 1758/1758 1757/1757
f 1738/1738 1759/1759 1758/1758
f 1760/1760 1759/1759 1738/1738
f 1735/1735 1736/1736 1738/1738
f 1736/1736 1760/1760 1738/1738
f 1760/1760 1736/1736 1761/1761
f 1736/1736 1734/4269 1761/1761
f 1761/1761 1734/4269 1733/4272
f 1762/1762 1759/1759 1761/1761
f 1759/1759 1760/1760 1761/1761
f 1763/1763 1761/1761 1733/4272
f 1763/1763 1764/1764 1761/1761
f 1765/1765 1761/1761 1764/1764
f 1761/1761 1765/1765 1762/1762
f 1759/1759 1762/1762 1758/1758
f 1758/1758 1766/1766 1757/1757
f 1758/1758 1767/1767 1766/1766
f 1762/1762 1767/1767 1758/1758
f 1756/1756 1757/1757 1768/1768
f 1757/1757 1769/1769 1768/1768
f 1757/1757 1766/1766 1769/1769
f 1753/1753 1752/1752 1756/1756
f 1753/1753 1756/1756 1770/1770
f 1756/1756 1768/1768 1770/1770
f 1754/1754 1753/1753 1771/1771
f 1753/1753 1770/1770 1771/1771
f 1772/1772 1754/1754 1771/1771
f 1773/1773 1754/1754 1772/1772
f 1755/1755 1754/1754 1773/1773
f 1774/1774 1755/1755 1773/1773
f 1750/1750 1755/1755 1774/1774
f 1750/1750 1751/1751 1755/1755
f 1749/1749 1750/1750 1774/1774
f 1775/1775 1749/1749 1774/1774
f 1776/1776 1749/1749 1775/1775
f 1776/1776 1748/1748 1749/1749
f 1777/1777 1774/1774 1773/1773
f 1778/1778 1774/1774 1777/1777
f 1775/1775 1774/1774 1778/1778
f 1777/1777 1773/1773 1779/1779
f 1773/1773 1772/1772 1779/1779
f 1779/1779 1772/1772 1780/1780
f 1772/1772 1771/1771 1781/1781
f 1772/1772 1781/1781 1780/1780
f 1771/1771 1782/1782 1781/1781
f 1771/1771 1770/1770 1782/1782
f 1770/1770 1768/1768 1782/1782
f 1768/1768 1769/1769 1783/1783
f 1768/1768 1783/1783 1782/1782
f 1769/1769 1784/1784 1783/1783
f 1769/1769 1785/1785 1784/1784
f 1769/1769 1786/1786 1785/1785
f 1769/1769 1766/1766 1786/1786
f 1766/1766 1787/1787 1786/1786
f 1766/1766 1788/1788 1787/1787
f 1767/1767 1788/1788 1766/1766
f 1762/1762 1789/1789 1767/1767
f 1767/1767 1789/1789 1788/1788
f 1789/1789 1762/1762 1765/1765
f 1790/1790 1765/1765 1791/1791
f 1765/1765 1764/1764 1791/1791
f 1765/1765 1790/1790 1789/1789
f 1791/1791 1764/1764 1792/1792
f 1792/1792 1764/1764 1763/1763
f 1793/1793 1791/1791 1792/1792
f 1793/1793 1794/1794 1791/1791
f 1794/1794 1790/1790 1791/1791
f 1790/1790 1794/1794 1789/1789
f 1794/1794 1795/1795 1789/1789
f 1796/1796 1787/1787 1789/1789
f 1796/1796 1789/1789 1795/1795
f 1787/1787 1788/1788 1789/1789
f 1787/1787 1796/1796 1786/1786
f 1786/1786 1797/1797 1785/1785
f 1798/1798 1797/1797 1786/1786
f 1786/1786 1796/1796 1799/1799
f 1786/1786 1799/1799 1798/1798
f 1784/1784 1785/1785 1800/1800
f 1801/1801 1800/1800 1785/1785
f 1802/1802 1801/1801 1785/1785
f 1797/1797 1802/1802 1785/1785
f 1784/1784 1800/1800 1803/1803
f 1783/1783 1784/1784 1803/1803
f 1782/1782 1783/1783 1804/1804
f 1804/1804 1783/1783 1805/1805
f 1805/1805 1783/1783 1806/1806
f 1783/1783 1803/1803 1806/1806
f 1781/1781 1782/1782 1804/1804
f 1780/1780 1781/1781 1807/1807
f 1781/1781 1804/1804 1807/1807
f 1807/1807 1804/1804 1808/1808
f 1808/1808 1804/1804 1809/1809
f 1804/1804 1805/1805 1809/1809
f 1809/1809 1805/1805 1810/1810
f 1805/1805 1806/1806 1810/1810
f 1810/1810 1806/1806 1811/1811
f 1806/1806 1812/1812 1811/1811
f 1806/1806 1813/1813 1812/1812
f 1806/1806 1803/1803 1813/1813
f 1803/1803 1814/1814 1815/1815
f 1813/1813 1803/1803 1815/1815
f 1803/1803 1816/1816 1814/1814
f 1803/1803 1800/1800 1816/1816
f 1800/1800 1817/1817 1816/1816
f 1818/1818 1819/1819 1800/1800
f 1800/1800 1819/1819 1820/1820
f 1800/1800 1820/1820 1817/1817
f 1818/1818 1800/1800 1821/1821
f 1801/1801 1821/1821 1800/1800
f 1801/1801 1822/1822 1821/1821
f 1802/1802 1823/1823 1801/1801
f 1823/1823 1824/1824 1801/1801
f 1822/1822 1801/1801 1824/1824
f 1802/1802 1825/1825 1823/1823
f 1797/1797 1826/1826 1802/1802
f 1826/1826 1825/1825 1802/1802
f 1824/1824 1823/1823 1827/1827
f 1823/1823 1828/1828 1827/1827
f 1823/1823 1825/1825 1828/1828
f 1822/1822 1824/1824 1827/1827
f 1821/1821 1822/1822 1829/1829
f 1827/1827 1829/1829 1822/1822
f 1818/1818 1821/1821 1829/1829
f 1818/1818 1829/1829 1819/1819
f 1820/1820 1819/1819 1830/1830
f 1829/1829 1831/1831 1819/1819
f 1830/1830 1819/1819 1831/1831
f 1820/1820 1832/1832 1817/1817
f 1832/1832 1820/1820 1830/1830
f 1817/1817 1833/1833 1816/1816
f 1833/1833 1817/1817 1832/1832
f 1816/1816 1834/1834 1835/1835
f 1836/1836 1816/1816 1835/1835
f 1816/4274 1836/4273 1837/1837
f 1816/4274 1837/1837 1814/4275
f 1833/1833 1834/1834 1816/1816
f 1814/4275 1837/1837 1838/1838
f 1814/1814 1838/4276 1815/1815
f 1837/1837 1839/1839 1838/1838
f 1839/1839 1837/1837 1840/1840
f 1837/1837 1836/4273 1840/1840
f 1836/1836 1835/1835 1830/1830
f 1841/1841 1836/1836 1830/1830
f 1840/1840 1836/4273 1841/4277
f 1842/1842 1843/1843 1830/1830
f 1843/1843 1844/1844 1830/1830
f 1844/1844 1845/1845 1830/1830
f 1845/1845 1846/1846 1830/1830
f 1846/1846 1841/1841 1830/1830
f 1835/1835 1834/1834 1830/1830
f 1834/1834 1833/1833 1830/1830
f 1833/1833 1832/1832 1830/1830
f 1842/1842 1830/1830 1831/1831
f 1842/1842 1831/1831 1847/1847
f 1847/1847 1831/1831 1848/1848
f 1848/1848 1831/1831 1829/1829
f 1849/1849 1829/1829 1827/1827
f 1849/1849 1848/1848 1829/1829
f 1850/1850 1851/1851 1827/1827
f 1851/1851 1849/1849 1827/1827
f 1850/1850 1827/1827 1828/1828
f 1850/1850 1828/1828 1852/1852
f 1828/1828 1825/1825 1852/1852
f 1825/1825 1826/1826 1853/1853
f 1853/1853 1852/1852 1825/1825
f 1826/1826 1797/1797 1854/1854
f 1826/1826 1854/1854 1853/1853
f 1855/1855 1856/1856 1853/1853
f 1856/1856 1852/1852 1853/1853
f 1854/1854 1857/1857 1853/1853
f 1855/1855 1853/1853 1858/1858
f 1853/1853 1857/1857 1858/1858
f 1850/1850 1852/1852 1859/1859
f 1859/1859 1852/1852 1856/1856
f 1850/1850 1859/1859 1851/1851
f 1859/1859 1849/1849 1851/1851
f 1847/1847 1848/1848 1849/1849
f 1847/1847 1849/1849 1859/1859
f 1860/1860 1861/1861 1847/1847
f 1860/1860 1847/1847 1862/1862
f 1861/1861 1842/1842 1847/1847
f 1847/1847 1859/1859 1862/1862
f 1843/1843 1842/1842 1861/1861
f 1843/1843 1861/1861 1844/1844
f 1845/1845 1844/1844 1861/1861
f 1863/1863 1845/1845 1861/1861
f 1846/1846 1845/1845 1863/1863
f 1846/1846 1863/1863 1841/1841
f 1864/1864 1841/4277 1863/4278
f 1841/4277 1864/1864 1840/1840
f 1864/1864 1865/1865 1840/1840
f 1865/1865 1839/1839 1840/1840
f 1866/1866 1864/1864 1863/4278
f 1867/1867 1865/1865 1864/1864
f 1867/1867 1864/1864 1866/1866
f 1868/1868 1863/1863 1860/1860
f 1863/1863 1861/1861 1860/1860
f 1866/1866 1863/4278 1868/4279
f 1868/1868 1860/1860 1862/1862
f 1868/1868 1862/1862 1869/1869
f 1859/1859 1870/1870 1862/1862
f 1869/1869 1862/1862 1871/1871
f 1862/1862 1870/1870 1793/1793
f 1862/1862 1793/1793 1792/1792
f 1871/1871 1862/1862 1872/1872
f 1862/1862 1792/1792 1872/1872
f 1870/1870 1859/1859 1873/1873
f 1859/1859 1856/1856 1873/1873
f 1855/1855 1873/1873 1856/1856
f 1873/1873 1855/1855 1874/1874
f 1855/1855 1858/1858 1874/1874
f 1875/1875 1874/1874 1858/1858
f 1875/1875 1858/1858 1795/1795
f 1858/1858 1857/1857 1795/1795
f 1798/1798 1857/1857 1854/1854
f 1857/1857 1798/1798 1799/1799
f 1857/1857 1799/1799 1795/1795
f 1798/1798 1854/1854 1797/1797
f 1794/1794 1876/1876 1795/1795
f 1799/1799 1796/1796 1795/1795
f 1875/1875 1795/1795 1876/1876
f 1874/1874 1875/1875 1793/1793
f 1875/1875 1876/1876 1793/1793
f 1870/1870 1874/1874 1793/1793
f 1793/1793 1876/1876 1794/1794
f 1873/1873 1874/1874 1870/1870
f 1871/1871 1872/1872 1877/1877
f 1872/1872 1792/1792 1878/1878
f 1877/1877 1872/1872 1878/1878
f 1879/1879 1869/1869 1871/1871
f 1879/1879 1871/1871 1877/1877
f 1880/1880 1868/4279 1869/4280
f 1880/1880 1869/4280 1881/1881
f 1881/4281 1869/1869 1879/1879
f 1866/1866 1868/4279 1882/1882
f 1882/1882 1868/4279 1880/1880
f 1882/1882 1880/1880 1883/1883
f 1883/1883 1880/1880 1881/1881
f 1883/1883 1881/1881 1884/1884
f 1881/4281 1879/1879 1885/1885
f 1886/1886 1881/4281 1885/1885
f 1884/1884 1881/1881 1886/4282
f 1879/1879 1877/1877 1887/1887
f 1885/1885 1879/1879 1887/1887
f 1887/1887 1877/1877 1878/1878
f 1887/4284 1878/4283 1888/1888
f 1878/4283 1889/1889 1888/1888
f 1878/4283 1792/4285 1646/1646
f 1878/4283 1646/1646 1889/1889
f 1792/1792 1763/1763 1732/4286
f 1792/4285 1732/1732 1646/1646
f 1646/1646 1890/1890 1889/1889
f 1890/1890 1646/1646 1891/1891
f 1891/1891 1646/1646 1649/1649
f 1888/1888 1889/1889 1892/1892
f 1892/1892 1889/1889 1890/1890
f 1893/1893 1888/1888 1894/1894
f 1888/1888 1892/1892 1894/1894
f 1893/1893 1887/4284 1888/1888
f 1895/1895 1887/4284 1893/1893
f 1895/4287 1885/1885 1887/1887
f 1886/1886 1885/1885 1895/4287
f 1896/1896 1886/1886 1897/1897
f 1886/1886 1895/4287 1897/1897
f 1898/1898 1886/4282 1896/4288
f 1898/1898 1884/1884 1886/4282
f 1899/1899 1884/1884 1898/1898
f 1899/1899 1883/1883 1884/1884
f 942/942 1882/1882 1883/1883
f 942/942 1883/1883 1899/1899
f 918/918 1866/1866 1882/1882
f 918/918 1882/1882 942/942
f 942/942 1899/1899 1900/1900
f 943/943 942/942 1900/1900
f 1900/1900 1899/1899 1898/1898
f 1901/1901 1898/1898 1896/4288
f 1900/1900 1898/1898 1901/1901
f 1902/1902 1896/1896 1897/1897
f 1903/1903 1896/1896 1902/1902
f 1903/4289 1901/1901 1896/4288
f 1897/4290 1904/1904 1905/1905
f 1906/1906 1897/1897 1905/4291
f 1897/4290 1895/1895 1904/1904
f 1902/1902 1897/1897 1906/1906
f 1895/1895 1907/1907 1904/1904
f 1895/1895 1893/1893 1907/1907
f 1907/1907 1893/1893 1894/1894
f 1894/1894 1908/1908 1909/1909
f 1910/1910 1894/1894 1909/1909
f 1907/1907 1894/1894 1910/1910
f 1894/1894 1892/1892 1908/1908
f 1892/1892 1890/1890 1908/1908
f 1890/1890 1891/1891 1908/1908
f 1908/1908 1891/1891 1911/1911
f 1891/1891 1912/1912 1911/1911
f 1891/1891 1649/1649 1912/1912
f 1649/1649 1625/1625 1912/1912
f 1913/1913 1912/1912 1914/1914
f 1911/1911 1912/1912 1913/1913
f 1912/1912 1625/1625 1914/1914
f 1915/1915 1911/1911 1913/1913
f 1909/1909 1911/1911 1915/1915
f 1908/1908 1911/1911 1909/1909
f 1916/1916 1909/1909 1915/1915
f 1910/1910 1909/1909 1916/1916
f 1917/1917 1910/1910 1916/1916
f 1907/1907 1910/1910 1917/1917
f 1918/1918 1907/1907 1917/1917
f 1904/1904 1907/1907 1918/1918
f 1905/1905 1904/1904 1918/1918
f 1905/1905 1918/1918 1919/1919
f 1920/1920 1905/1905 1919/1919
f 1906/1906 1905/4291 1921/1921
f 1921/4292 1905/1905 1920/1920
f 1922/1922 1906/1906 1921/1921
f 1922/1922 1902/1902 1906/1906
f 1903/1903 1902/1902 1922/1922
f 1923/1923 1903/1903 1922/1922
f 1924/1924 1903/4289 1923/4293
f 1924/1924 1925/1925 1903/4289
f 1925/1925 1901/1901 1903/4289
f 1925/1925 1900/1900 1901/1901
f 944/944 943/943 1900/1900
f 944/944 1900/1900 1925/1925
f 971/971 1925/1925 1924/1924
f 944/944 1925/1925 971/971
f 972/972 971/971 1924/1924
f 972/972 1924/1924 1923/4293
f 1923/1923 1922/1922 1926/1926
f 1927/1927 1923/4295 1926/4294
f 999/999 1923/4295 1927/1927
f 972/4198 1923/4295 999/999
f 1926/1926 1922/1922 1921/1921
f 1921/4292 1920/1920 1928/1928
f 1926/4296 1921/4292 1928/1928
f 1920/1920 1919/1919 1929/1929
f 1928/1928 1920/1920 1929/1929
f 1919/1919 1918/1918 1930/1930
f 1929/1929 1919/1919 1930/1930
f 1918/1918 1917/1917 1930/1930
f 1917/1917 1916/1916 1931/1931
f 1917/1917 1931/1931 1932/1932
f 1917/1917 1932/1932 1930/1930
f 1916/1916 1915/1915 1931/1931
f 1915/1915 1913/1913 1931/1931
f 1913/1913 1914/1914 1620/1620
f 1621/1621 1913/1913 1620/1620
f 1931/1931 1913/1913 1621/1621
f 1914/1914 1625/1625 1622/1622
f 1914/1914 1622/1622 1620/1620
f 1622/1622 1625/1625 1623/1623
f 1933/1933 1621/1621 1619/1619
f 1931/1931 1621/1621 1933/1933
f 1932/1932 1931/1931 1933/1933
f 1932/1932 1933/1933 1934/1934
f 1935/1935 1932/1932 1934/1934
f 1930/1930 1932/1932 1935/1935
f 1930/1930 1935/1935 1936/1936
f 1929/1929 1930/1930 1936/1936
f 1929/1929 1936/1936 1937/1937
f 1929/1929 1937/1937 1938/1938
f 1928/1928 1929/1929 1938/1938
f 1939/1939 1928/4298 1938/4297
f 1940/1940 1928/4298 1939/1939
f 1926/4294 1928/4298 1940/1940
f 1927/1927 1926/4294 1940/1940
f 1941/1941 1927/1927 1940/1940
f 999/999 1927/1927 1941/1941
f 1942/1942 999/999 1941/1941
f 1000/1000 999/999 1942/1942
f 1941/1941 1943/1943 1944/1944
f 1941/1941 1940/1940 1943/1943
f 1942/1942 1941/1941 1944/1944
f 1940/1940 1939/1939 1943/1943
f 1939/1939 1938/4297 1945/1945
f 1943/1943 1939/1939 1945/1945
f 1938/4297 1937/4299 1946/1946
f 1945/1945 1938/4297 1946/1946
f 1937/4299 1947/1947 1948/1948
f 1937/1937 1936/1936 1947/4300
f 1946/1946 1937/4299 1948/1948
f 1936/1936 1949/1949 1947/4300
f 1936/1936 1935/1935 1949/1949
f 1949/1949 1935/1935 1934/1934
f 1934/1934 1933/1933 1619/1619
f 1934/1934 1619/1619 1589/1589
f 1949/1949 1934/1934 1589/1589
f 1949/1949 1589/1589 1590/1590
f 1947/4300 1949/1949 1590/1590
f 1947/4300 1590/1590 1561/4255
f 1947/1947 1561/1561 1950/1950
f 1948/1948 1947/1947 1950/1950
f 1951/1951 1948/1948 1950/1950
f 1946/1946 1948/1948 1951/1951
f 1952/1952 1946/1946 1951/1951
f 1945/1945 1946/1946 1952/1952
f 1943/1943 1945/1945 1953/1953
f 1953/1953 1945/1945 1952/1952
f 1954/1954 1943/1943 1953/1953
f 1944/1944 1943/1943 1954/1954
f 1955/1955 1944/1944 1954/1954
f 1942/1942 1944/1944 1956/1956
f 1956/1956 1944/1944 1955/1955
f 1001/1001 1942/1942 1956/1956
f 1001/1001 1000/1000 1942/1942
f 1001/1001 1956/1956 1004/1004
f 1957/1957 1956/1956 1955/1955
f 1004/1004 1956/1956 1957/1957
f 1955/1955 1954/1954 1958/1958
f 1959/1959 1955/1955 1958/1958
f 1957/1957 1955/1955 1959/1959
f 1954/1954 1953/1953 1960/1960
f 1958/1958 1954/1954 1960/1960
f 1953/1953 1952/1952 1961/1961
f 1960/1960 1953/1953 1961/1961
f 1961/1961 1952/1952 1962/1962
f 1962/1962 1952/1952 1963/1963
f 1952/1952 1951/1951 1963/1963
f 1951/1951 1560/1560 1963/1963
f 1951/1951 1950/1950 1560/1560
f 1560/1560 1950/1950 1561/1561
f 1963/1963 1560/1560 1559/1559
f 1962/1962 1963/1963 1964/1964
f 1963/1963 1559/1559 1965/1965
f 1964/1964 1963/1963 1965/1965
f 1962/1962 1964/1964 1966/1966
f 1967/1967 1961/1961 1962/1962
f 1967/1967 1962/1962 1966/1966
f 1960/1960 1961/1961 1967/1967
f 1968/1968 1960/1960 1967/1967
f 1969/1969 1960/1960 1968/1968
f 1958/1958 1960/1960 1969/1969
f 1959/1959 1958/1958 1969/1969
f 1970/1970 1959/1959 1969/1969
f 1970/1970 1957/1957 1959/1959
f 1058/1058 1957/1957 1970/1970
f 1004/1004 1957/1957 1058/1058
f 1970/1970 1969/1969 1117/1117
f 1058/1058 1970/1970 1060/1060
f 1087/1087 1970/1970 1117/1117
f 1060/1060 1970/1970 1087/1087
f 1117/1117 1969/1969 1968/1968
f 1968/1968 1971/1971 1118/1118
f 1968/1968 1967/1967 1971/1971
f 1117/1117 1968/1968 1118/1118
f 1967/1967 1966/1966 1971/1971
f 1966/1966 1964/1964 1972/1972
f 1971/1971 1966/1966 1972/1972
f 1973/1973 1964/1964 1965/1965
f 1972/1972 1964/1964 1973/1973
f 1965/1965 1529/1529 1973/1973
f 1965/1965 1559/1559 1530/1530
f 1529/1529 1965/1965 1530/1530
f 1973/1973 1529/1529 1974/1974
f 1500/1500 1973/1973 1974/1974
f 1972/1972 1973/1973 1500/1500
f 1498/1498 1972/1972 1500/1500
f 1975/1975 1972/1972 1498/1498
f 1975/1975 1971/1971 1972/1972
f 1118/1118 1971/1971 1975/1975
f 1119/1119 1118/1118 1975/1975
f 1975/1975 1498/1498 1497/1497
f 1119/1119 1975/1975 1497/1497
f 1500/1500 1974/1974 1499/1499
f 1974/1974 1528/1528 1501/1501
f 1974/1974 1501/1501 1499/1499
f 1974/1974 1529/1529 1528/1528
f 916/916 1866/1866 918/918
f 892/892 1866/1866 916/916
f 892/892 1976/1976 1866/1866
f 1976/1976 1867/1867 1866/1866
f 892/892 1977/1977 1976/1976
f 893/893 1977/1977 892/892
f 1976/1976 1978/1978 1979/1979
f 1976/1976 1979/1979 1867/1867
f 1980/1980 1981/1981 1976/1976
f 1981/1981 1978/1978 1976/1976
f 1977/1977 1980/1980 1976/1976
f 1865/1865 1867/1867 1979/1979
f 1865/1865 1979/1979 1982/1982
f 1979/1979 1978/1978 1982/1982
f 1978/1978 1981/1981 1983/1983
f 1982/1982 1978/1978 1984/1984
f 1983/1983 1984/1984 1978/1978
f 1981/1981 1980/1980 1985/1985
f 1981/1981 1985/1985 1983/1983
f 1977/1977 1985/1985 1980/1980
f 1986/1986 1987/1987 1977/1977
f 1987/1987 1988/1988 1977/1977
f 1986/1986 1977/1977 893/893
f 1977/1977 1988/1988 1985/1985
f 1989/1989 1990/1990 893/893
f 1990/1990 1986/1986 893/893
f 891/891 1989/1989 893/893
f 1990/1990 1991/1991 1986/1986
f 1987/1987 1986/1986 1991/1991
f 1987/1987 1991/1991 1992/1992
f 1987/1987 1983/1983 1988/1988
f 1992/1992 1983/1983 1987/1987
f 1985/1985 1988/1988 1983/1983
f 1993/1993 1983/1983 1992/1992
f 1993/1993 1994/1994 1983/1983
f 1994/1994 1995/1995 1983/1983
f 1995/1995 1996/1996 1983/1983
f 1984/1984 1983/1983 1996/1996
f 1997/1997 1984/1984 1998/1998
f 1998/1998 1984/1984 1996/1996
f 1984/1984 1997/1997 1982/1982
f 1997/1997 1839/1839 1982/1982
f 1982/1982 1839/1839 1865/1865
f 1997/1997 1838/1838 1839/1839
f 1838/1838 1997/1997 1998/1998
f 1815/1815 1838/4276 1998/4301
f 1998/1998 1996/1996 1999/1999
f 1815/1815 1998/4301 2000/2000
f 1998/4301 1999/4302 2001/2001
f 1998/4301 2001/2001 2002/2002
f 2000/2000 1998/4301 2002/2002
f 1995/1995 1999/1999 1996/1996
f 1995/1995 1994/1994 1999/1999
f 1999/1999 1994/1994 1993/1993
f 1999/1999 1993/1993 2003/2003
f 1993/1993 2004/2004 2003/2003
f 2004/2004 1993/1993 1992/1992
f 1991/1991 2005/2005 1992/1992
f 1992/1992 2005/2005 2004/2004
f 1990/1990 2005/2005 1991/1991
f 1989/1989 2006/2006 1990/1990
f 2005/2005 1990/1990 2006/2006
f 1989/1989 2007/2007 2006/2006
f 2007/2007 1989/1989 2008/2008
f 891/891 2008/2008 1989/1989
f 890/890 2009/2009 891/891
f 2009/2009 2010/2010 891/891
f 891/891 2010/2010 2011/2011
f 891/891 2011/2011 2008/2008
f 2007/2007 2008/2008 2012/2012
f 2008/2008 2011/2011 2013/2013
f 2008/2008 2013/2013 2012/2012
f 2006/2006 2007/2007 2012/2012
f 2005/2005 2006/2006 2012/2012
f 2005/2005 2012/2012 2004/2004
f 2014/2014 2003/2003 2004/2004
f 2012/2012 2014/2014 2004/2004
f 1999/1999 2003/2003 2015/2015
f 2003/2003 2014/2014 2016/2016
f 2003/2003 2016/2016 2015/2015
f 1999/4302 2015/4303 2001/2001
f 2015/4303 2017/2017 2001/2001
f 2002/2002 2001/2001 2018/2018
f 2001/2001 2017/2017 2018/2018
f 2000/2000 2002/2002 2019/2019
f 2019/2019 2002/2002 2020/2020
f 2002/2002 2021/2021 2020/2020
f 2002/2002 2018/2018 2021/2021
f 1815/1815 2000/2000 2022/2022
f 2022/2022 2000/2000 2023/2023
f 2023/2023 2000/2000 2024/2024
f 2024/2024 2000/2000 2019/2019
f 2024/2024 2019/2019 2025/2025
f 2019/2019 2020/2020 2026/2026
f 2019/2019 2026/2026 2027/2027
f 2025/2025 2019/2019 2027/2027
f 2020/2020 2021/2021 2028/2028
f 2026/2026 2020/2020 2028/2028
f 2028/2028 2021/2021 2029/2029
f 2029/2029 2021/2021 2030/2030
f 2021/2021 2031/2031 833/833
f 2021/2021 833/833 2030/2030
f 2018/2018 2031/2031 2021/2021
f 2018/2018 2017/2017 2032/2032
f 2018/2018 2032/2032 2031/2031
f 2015/2015 2033/2033 2017/4304
f 2017/4304 2033/2033 2034/2034
f 2034/2034 2035/2035 2017/4304
f 2017/4304 2035/2035 2032/4305
f 2016/2016 2033/2033 2015/2015
f 2033/2033 2016/2016 2012/2012
f 2016/2016 2014/2014 2012/2012
f 2033/2033 2012/2012 2013/2013
f 2011/2011 2010/2010 2013/2013
f 2034/2034 2013/2013 2036/2036
f 2034/2034 2033/2033 2013/2013
f 2036/2036 2013/2013 2010/2010
f 2010/2010 2009/2009 2036/2036
f 2009/2009 2037/2037 2036/2036
f 2037/2037 2038/2038 2036/2036
f 2038/2038 2039/2039 2036/2036
f 2040/2040 2035/2035 2036/2036
f 2035/2035 2034/2034 2036/2036
f 2041/2041 2036/2036 2039/2039
f 2036/2036 2041/2041 2040/2040
f 2035/2035 2040/2040 2032/4305
f 2032/4305 2042/2042 2031/4306
f 2043/2043 2042/2042 2032/4305
f 2043/2043 2032/4305 2041/2041
f 2032/4305 2040/2040 2041/2041
f 2031/4306 2044/2044 833/4192
f 2045/2045 2044/2044 2031/4306
f 2046/2046 2047/2047 2031/4306
f 2045/2045 2031/4306 2047/2047
f 2046/2046 2031/4306 2042/2042
f 833/833 789/4189 2030/2030
f 2048/2048 834/834 833/4192
f 833/4192 2049/2049 2048/2048
f 2044/2044 2049/2049 833/4192
f 2029/2029 2030/2030 2050/2050
f 2050/2050 2030/2030 2051/2051
f 2030/2030 789/4189 2052/2052
f 2030/2030 2052/2052 2051/2051
f 2052/2052 789/4189 762/4307
f 2051/2051 2052/2052 2053/2053
f 2053/2053 2052/2052 2054/2054
f 2052/2052 762/4307 2054/2054
f 2050/2050 2051/2051 2055/2055
f 2055/2055 2051/2051 2053/2053
f 2029/2029 2050/2050 2056/2056
f 2056/2056 2050/2050 2057/2057
f 2057/2057 2050/2050 2055/2055
f 2057/2057 2055/2055 2058/2058
f 2058/2058 2055/2055 2059/2059
f 2055/2055 2053/2053 2060/2060
f 2059/2059 2055/2055 2060/2060
f 2060/2060 2053/2053 2054/2054
f 2060/2060 2054/2054 2061/2061
f 2054/4309 760/760 2061/4308
f 2054/4309 759/759 760/760
f 2054/4309 762/762 759/759
f 2059/2059 2060/2060 2062/2062
f 2062/2062 2060/2060 2061/2061
f 2063/2063 2058/2058 2059/2059
f 2063/2063 2059/2059 2064/2064
f 2059/2059 2062/2062 2064/2064
f 2065/2065 2057/2057 2058/2058
f 2065/2065 2058/2058 2063/2063
f 2066/2066 2067/2067 2057/2057
f 2067/2067 2056/2056 2057/2057
f 2066/2066 2057/2057 2065/2065
f 2029/2029 2056/2056 2067/2067
f 2026/2026 2067/2067 2068/2068
f 2026/2026 2028/2028 2067/2067
f 2028/2028 2029/2029 2067/2067
f 2068/2068 2067/2067 2069/2069
f 2069/2069 2067/2067 2066/2066
f 2069/2069 2066/2066 2070/2070
f 2070/2070 2066/2066 2065/2065
f 2071/2071 2070/2070 2065/2065
f 2065/2065 2063/2063 2072/2072
f 2071/2071 2065/2065 2072/2072
f 2072/2072 2063/2063 2064/2064
f 2072/2072 2064/2064 2073/2073
f 2073/2073 2064/2064 2074/2074
f 2064/2064 2062/2062 2075/2075
f 2064/2064 2075/2075 2074/2074
f 2075/2075 2062/2062 2076/2076
f 2062/2062 2061/2061 2076/2076
f 2076/4311 2061/4310 2077/2077
f 2061/4308 760/760 761/761
f 2077/2077 2061/4310 761/4188
f 2075/2075 2076/2076 2078/2078
f 2076/4311 2077/2077 2078/4312
f 2074/2074 2075/2075 2078/2078
f 2074/2074 2078/2078 2079/2079
f 2080/2080 2074/2074 2079/2079
f 2080/2080 2073/2073 2074/2074
f 2081/2081 2073/2073 2080/2080
f 2081/2081 2072/2072 2073/2073
f 2071/2071 2072/2072 2081/2081
f 2082/2082 2070/2070 2071/2071
f 2083/2083 2071/2071 2081/2081
f 2082/2082 2071/2071 2083/2083
f 2084/2084 2069/2069 2070/2070
f 2084/2084 2070/2070 2082/2082
f 2085/2085 2069/2069 2084/2084
f 2085/2085 2068/2068 2069/2069
f 2027/2027 2026/2026 2068/2068
f 2027/2027 2068/2068 2085/2085
f 2086/2086 2085/2085 2087/2087
f 2085/2085 2084/2084 2087/2087
f 2088/2088 2085/2085 2086/2086
f 2088/2088 2027/2027 2085/2085
f 2087/2087 2084/2084 2082/2082
f 2089/2089 2082/2082 2083/2083
f 2087/2087 2082/2082 2089/2089
f 2089/2089 2083/2083 2090/2090
f 2090/2090 2083/2083 2081/2081
f 2091/2091 2081/2081 2080/2080
f 2090/2090 2081/2081 2091/2091
f 2092/2092 2080/2080 2079/2079
f 2093/2093 2080/2080 2092/2092
f 2091/2091 2080/2080 2093/2093
f 2079/4313 2094/2094 2095/2095
f 2096/2096 2079/2079 2095/4314
f 2096/2096 2092/2092 2079/2079
f 2078/4312 2094/2094 2079/4313
f 2078/4312 2077/2077 2097/2097
f 2078/4312 2097/2097 2094/2094
f 2077/2077 761/4188 2098/2098
f 2077/2077 2098/2098 2097/2097
f 761/4188 758/758 2098/2098
f 2097/2097 2098/2098 2099/2099
f 2099/2099 2098/2098 2100/2100
f 2098/2098 758/758 757/757
f 2098/2098 757/757 2100/2100
f 2094/2094 2097/2097 2101/2101
f 2097/2097 2099/2099 2101/2101
f 2095/2095 2094/2094 2101/2101
f 2095/2095 2101/2101 2102/2102
f 2103/2103 2095/2095 2102/2102
f 2096/2096 2095/4314 2103/4315
f 2104/2104 2096/2096 2103/4315
f 2105/2105 2096/2096 2104/2104
f 2092/2092 2096/2096 2105/2105
f 2093/2093 2092/2092 2105/2105
f 2106/2106 2093/2093 2105/2105
f 2107/2107 2093/2093 2106/2106
f 2091/2091 2093/2093 2107/2107
f 2108/2108 2091/2091 2107/2107
f 2109/2109 2091/2091 2108/2108
f 2109/2109 2090/2090 2091/2091
f 2110/2110 2090/2090 2109/2109
f 2110/2110 2089/2089 2090/2090
f 2111/2111 2089/2089 2110/2110
f 2112/2112 2087/2087 2089/2089
f 2112/2112 2089/2089 2111/2111
f 2113/2113 2087/2087 2112/2112
f 2113/2113 2086/2086 2087/2087
f 2114/2114 2112/2112 2111/2111
f 2114/2114 2113/2113 2112/2112
f 2115/2115 2111/2111 2110/2110
f 2114/2114 2111/2111 2115/2115
f 2116/2116 2110/2110 2109/2109
f 2115/2115 2110/2110 2116/2116
f 2109/2109 2108/2108 2117/2117
f 2116/2116 2109/2109 2117/2117
f 2118/2118 2108/2108 2106/2106
f 2108/2108 2107/2107 2106/2106
f 2117/2117 2108/2108 2118/2118
f 2118/2118 2106/2106 2119/2119
f 2106/2106 2105/2105 2119/2119
f 2119/2119 2105/2105 2120/2120
f 2120/2120 2105/2105 2104/2104
f 2120/2120 2104/2104 2121/2121
f 2121/2121 2104/2104 2122/2122
f 2104/2104 2123/2123 2122/2122
f 2104/2104 2103/4315 2123/2123
f 2123/2123 2103/4315 2124/2124
f 2103/2103 2102/2102 2124/4316
f 2102/2102 2125/2125 2126/2126
f 2124/4316 2102/2102 2126/2126
f 2102/2102 2101/2101 2125/2125
f 2101/2101 2099/2099 2125/2125
f 2099/2099 2100/2100 2125/2125
f 2125/2125 755/755 2127/2127
f 2125/2125 2100/2100 755/755
f 2126/2126 2125/2125 2127/2127
f 2126/2126 2127/2127 2128/2128
f 2124/4316 2126/2126 2128/2128
f 2124/4316 2128/2128 2129/2129
f 2130/2130 2124/4316 2129/2129
f 2122/2122 2124/2124 2130/4317
f 2122/2122 2123/2123 2124/2124
f 2121/2121 2122/2122 2131/2131
f 2131/2131 2122/2122 2130/4317
f 2132/2132 2121/2121 2133/2133
f 2133/2133 2121/2121 2131/2131
f 2132/2132 2120/2120 2121/2121
f 2134/2134 2120/2120 2132/2132
f 2134/2134 2119/2119 2120/2120
f 2135/2135 2119/2119 2134/2134
f 2118/2118 2119/2119 2135/2135
f 2136/2136 2118/2118 2135/2135
f 2137/2137 2118/2118 2136/2136
f 2117/2117 2118/2118 2137/2137
f 2138/2138 2116/2116 2117/2117
f 2138/2138 2117/2117 2137/2137
f 2139/2139 2116/2116 2138/2138
f 2139/2139 2115/2115 2116/2116
f 2140/2140 2115/2115 2141/2141
f 2140/2140 2114/2114 2115/2115
f 2141/2141 2115/2115 2139/2139
f 2142/2142 2141/2141 2139/2139
f 2142/2142 2139/2139 2143/2143
f 2143/2143 2139/2139 2138/2138
f 2143/2143 2138/2138 2144/2144
f 2144/2144 2138/2138 2137/2137
f 2144/2144 2137/2137 2145/2145
f 2137/2137 2136/2136 2146/2146
f 2145/2145 2137/2137 2146/2146
f 2136/2136 2135/2135 2146/2146
f 2135/2135 2134/2134 2147/2147
f 2146/2146 2135/2135 2147/2147
f 2134/2134 2132/2132 2148/2148
f 2147/2147 2134/2134 2148/2148
f 2149/2149 2132/2132 2133/2133
f 2148/2148 2132/2132 2149/2149
f 2133/2133 2131/2131 2150/2150
f 2149/2149 2133/2133 2150/2150
f 2150/2150 2131/2131 2151/2151
f 2151/2151 2131/2131 2130/4317
f 2151/2151 2130/4317 172/172
f 2130/4317 173/4154 172/172
f 2130/2130 174/174 173/173
f 2130/2130 2129/2129 174/174
f 2129/2129 2128/2128 2152/2152
f 174/174 2129/2129 2152/2152
f 2128/2128 2153/2153 2152/2152
f 2128/2128 2127/2127 2153/2153
f 2152/2152 2153/2153 175/175
f 174/174 2152/2152 175/175
f 2153/2153 2154/2154 178/178
f 175/175 2153/2153 178/178
f 2127/2127 2154/2154 2153/2153
f 2154/2154 2155/2155 2156/2156
f 178/178 2154/2154 2156/2156
f 2127/2127 2155/2155 2154/2154
f 178/178 2156/2156 176/176
f 2155/2155 730/730 2156/2156
f 2156/2156 730/730 2157/2157
f 2156/2156 2157/2157 176/176
f 2127/2127 755/755 2155/2155
f 2155/2155 755/755 729/729
f 2155/2155 729/729 730/730
f 2157/2157 730/730 727/727
f 2157/2157 727/727 203/203
f 176/176 2157/2157 203/203
f 203/203 727/727 728/728
f 203/203 728/728 204/204
f 728/728 232/232 204/204
f 755/755 2100/2100 756/756
f 2100/2100 757/757 756/756
f 145/145 2151/2151 172/172
f 2158/2158 2151/2151 145/145
f 2150/2150 2151/2151 2158/2158
f 144/144 2158/2158 145/145
f 2159/2159 2150/2150 2158/2158
f 2159/2159 2158/2158 144/144
f 2160/2160 2159/2159 144/144
f 2160/2160 144/144 143/143
f 2161/2161 2159/2159 2160/2160
f 2162/2162 2150/2150 2159/2159
f 2161/2161 2162/2162 2159/2159
f 2163/2163 2161/2161 2160/2160
f 2164/2164 2163/2163 2160/2160
f 2164/2164 2160/2160 143/143
f 2165/2165 143/143 115/115
f 2165/2165 2164/2164 143/143
f 2166/2166 2167/2167 2164/2164
f 2164/2164 2167/2167 2163/2163
f 2166/2166 2164/2164 2168/2168
f 2168/2168 2164/2164 2165/2165
f 2167/2167 2161/2161 2163/2163
f 2169/2169 2161/2161 2167/2167
f 2169/2169 2170/2170 2161/2161
f 2170/2170 2162/2162 2161/2161
f 2149/2149 2150/2150 2162/2162
f 2170/2170 2149/2149 2162/2162
f 2171/2171 2170/2170 2172/2172
f 2169/2169 2172/2172 2170/2170
f 2170/2170 2148/2148 2149/2149
f 2170/2170 2173/2173 2148/2148
f 2171/2171 2173/2173 2170/2170
f 2174/2174 2172/2172 2169/2169
f 2174/2174 2169/2169 2167/2167
f 2174/2174 2167/2167 2166/2166
f 2175/2175 2174/2174 2166/2166
f 2176/2176 2175/2175 2166/2166
f 2176/2176 2166/2166 2168/2168
f 2177/2177 2168/2168 2178/2178
f 2177/2177 2176/2176 2168/2168
f 2178/2178 2168/2168 2165/2165
f 2179/2179 2178/2178 2165/2165
f 2179/2179 2165/2165 114/114
f 2165/2165 115/115 114/114
f 2180/2180 2178/2178 2179/2179
f 2177/2177 2178/2178 2180/2180
f 2181/2181 2177/2177 2180/2180
f 2181/2181 2182/2182 2177/2177
f 2182/2182 2176/2176 2177/2177
f 2182/2182 2175/2175 2176/2176
f 2183/2183 2175/2175 2182/2182
f 2184/2184 2174/2174 2175/2175
f 2183/2183 2184/2184 2175/2175
f 2184/2184 2185/2185 2174/2174
f 2185/2185 2172/2172 2174/2174
f 2186/2186 2171/2171 2172/2172
f 2186/2186 2172/2172 2185/2185
f 2186/2186 2187/2187 2171/2171
f 2187/2187 2173/2173 2171/2171
f 2147/2147 2148/2148 2173/2173
f 2187/2187 2147/2147 2173/2173
f 2188/2188 2189/2189 2187/2187
f 2188/2188 2187/2187 2186/2186
f 2189/2189 2146/2146 2187/2187
f 2146/2146 2147/2147 2187/2187
f 2190/2190 2188/2188 2186/2186
f 2190/2190 2186/2186 2185/2185
f 2184/2184 2190/2190 2185/2185
f 2183/2183 2190/2190 2184/2184
f 2191/2191 2183/2183 2182/2182
f 2192/2192 2183/2183 2191/2191
f 2192/2192 2193/2193 2183/2183
f 2193/2193 2190/2190 2183/2183
f 2194/2194 2182/2182 2181/2181
f 2191/2191 2182/2182 2194/2194
f 2195/2195 2181/2181 2180/2180
f 2196/2196 2181/2181 2195/2195
f 2197/2197 2194/2194 2181/2181
f 2197/2197 2181/2181 2196/2196
f 2198/2198 2180/2180 2179/2179
f 2195/2195 2180/2180 2198/2198
f 2179/2179 114/114 2199/2199
f 2198/2198 2179/2179 2199/2199
f 2199/2199 114/114 113/113
f 2200/2200 2199/2199 86/86
f 2199/2199 113/113 86/86
f 2200/2200 2198/2198 2199/2199
f 2198/2198 2200/2200 2201/2201
f 2202/2202 2198/2198 2201/2201
f 2202/2202 2195/2195 2198/2198
f 2196/2196 2195/2195 2202/2202
f 2203/2203 2196/2196 2204/2204
f 2203/2203 2197/2197 2196/2196
f 2204/2204 2196/2196 2202/2202
f 2205/2205 2206/2206 2197/2197
f 2205/2205 2197/2197 2203/2203
f 2206/2206 2194/2194 2197/2197
f 2194/2194 2207/2207 2191/2191
f 2207/2207 2194/2194 2206/2206
f 2207/2207 2192/2192 2191/2191
f 2208/2208 2193/2193 2192/2192
f 2207/2207 2208/2208 2192/2192
f 2208/2208 2209/2209 2193/2193
f 2193/2193 2210/2210 2190/2190
f 2209/2209 2211/2211 2193/2193
f 2211/2211 2210/2210 2193/2193
f 2210/2210 2188/2188 2190/2190
f 2212/2212 2189/2189 2188/2188
f 2210/2210 2212/2212 2188/2188
f 2211/2211 2213/2213 2210/2210
f 2213/2213 2212/2212 2210/2210
f 2214/2214 2211/2211 2209/2209
f 2214/2214 2213/2213 2211/2211
f 2215/2215 2209/2209 2208/2208
f 2216/2216 2209/2209 2215/2215
f 2216/2216 2214/2214 2209/2209
f 2217/2217 2215/2215 2208/2208
f 2217/2217 2208/2208 2207/2207
f 2218/2218 2207/2207 2206/2206
f 2218/2218 2217/2217 2207/2207
f 2219/2219 2206/2206 2205/2205
f 2218/2218 2206/2206 2219/2219
f 2220/2220 2205/2205 2203/2203
f 2221/2221 2205/2205 2220/2220
f 2221/2221 2219/2219 2205/2205
f 2222/2222 2203/2203 2204/2204
f 2220/2220 2203/2203 2222/2222
f 2223/2223 2204/2204 2224/2224
f 2204/2204 2202/2202 2224/2224
f 2222/2222 2204/2204 2223/2223
f 2202/2202 2201/2201 2225/2225
f 2224/2224 2202/2202 2225/2225
f 2201/2201 2200/2200 2226/2226
f 2225/2225 2201/2201 2226/2226
f 2226/2226 2200/2200 86/86
f 2227/2227 86/86 85/85
f 2226/2226 86/86 2227/2227
f 2228/2228 2226/2226 2227/2227
f 2228/2228 2225/2225 2226/2226
f 2229/2229 2225/2225 2228/2228
f 2230/2230 2225/2225 2229/2229
f 2230/2230 2224/2224 2225/2225
f 2230/2230 2223/2223 2224/2224
f 2231/2231 2223/2223 2230/2230
f 2232/2232 2223/2223 2231/2231
f 2232/2232 2222/2222 2223/2223
f 2232/2232 2220/2220 2222/2222
f 2233/2233 2220/2220 2232/2232
f 2233/2233 2221/2221 2220/2220
f 2234/2234 2219/2219 2221/2221
f 2235/2235 2221/2221 2233/2233
f 2235/2235 2234/2234 2221/2221
f 2234/2234 2218/2218 2219/2219
f 2234/2234 2236/2236 2218/2218
f 2236/2236 2217/2217 2218/2218
f 2237/2237 2215/2215 2217/2217
f 2237/2237 2217/2217 2236/2236
f 2238/2238 2216/2216 2215/2215
f 2237/2237 2238/2238 2215/2215
f 2239/2239 2214/2214 2216/2216
f 2240/2240 2239/2239 2216/2216
f 2240/2240 2216/2216 2238/2238
f 2239/2239 2241/2241 2214/2214
f 2214/2214 2241/2241 2213/2213
f 2240/2240 2242/2242 2239/2239
f 2239/2239 2243/2243 2244/2244
f 2242/2242 2243/2243 2239/2239
f 2239/2239 2244/2244 2241/2241
f 2245/2245 2240/2240 2238/2238
f 2246/2246 2242/2242 2240/2240
f 2247/2247 2246/2246 2240/2240
f 2245/2245 2247/2247 2240/2240
f 2245/2245 2238/2238 2237/2237
f 2248/2248 2237/2237 2236/2236
f 2248/2248 2249/2249 2237/2237
f 2249/2249 2245/2245 2237/2237
f 2248/2248 2236/2236 2234/2234
f 2250/2250 2234/2234 2235/2235
f 2250/2250 2248/2248 2234/2234
f 2251/2251 2235/2235 2233/2233
f 2251/2251 2252/2252 2235/2235
f 2252/2252 2250/2250 2235/2235
f 2253/2253 2233/2233 2232/2232
f 2254/2254 2233/2233 2253/2253
f 2254/2254 2251/2251 2233/2233
f 2255/2255 2232/2232 2231/2231
f 2253/2253 2232/2232 2255/2255
f 2231/2231 2230/2230 2256/2256
f 2257/2257 2231/2231 2256/2256
f 2255/2255 2231/2231 2257/2257
f 2230/2230 2229/2229 2258/2258
f 2256/2256 2230/2230 2258/2258
f 2259/2259 2256/2256 2258/2258
f 2259/2259 2260/2260 2256/2256
f 2257/2257 2256/2256 2260/2260
f 2261/2261 2262/2262 2257/2257
f 2261/2261 2257/2257 2263/2263
f 2262/2262 2264/2264 2257/2257
f 2264/2264 2255/2255 2257/2257
f 2263/2263 2257/2257 2260/2260
f 2264/2264 2265/2265 2255/2255
f 2265/2265 2253/2253 2255/2255
f 2265/2265 2254/2254 2253/2253
f 2266/2266 2251/2251 2254/2254
f 2265/2265 2266/2266 2254/2254
f 2267/2267 2252/2252 2251/2251
f 2267/2267 2251/2251 2266/2266
f 2267/2267 2268/2268 2252/2252
f 2268/2268 2250/2250 2252/2252
f 2269/2269 2248/2248 2250/2250
f 2268/2268 2269/2269 2250/2250
f 2270/2270 2248/2248 2269/2269
f 2270/2270 2249/2249 2248/2248
f 2270/2270 2271/2271 2249/2249
f 2271/2271 2245/2245 2249/2249
f 2271/2271 2247/2247 2245/2245
f 2247/2247 2272/2272 2246/2246
f 2271/2271 2273/2273 2247/2247
f 2273/2273 2272/2272 2247/2247
f 2246/2246 2274/2274 2242/2242
f 2272/2272 2274/2274 2246/2246
f 2272/2272 2275/2275 2274/2274
f 2276/2276 2275/2275 2272/2272
f 2273/2273 2276/2276 2272/2272
f 2277/2277 2273/2273 2271/2271
f 2278/2278 2276/2276 2273/2273
f 2278/2278 2273/2273 2277/2277
f 2279/2279 2271/2271 2270/2270
f 2279/2279 2277/2277 2271/2271
f 2269/2269 2280/2280 2270/2270
f 2280/2280 2279/2279 2270/2270
f 2281/2281 2269/2269 2268/2268
f 2281/2281 2280/2280 2269/2269
f 2282/2282 2268/2268 2267/2267
f 2281/2281 2268/2268 2282/2282
f 2282/2282 2267/2267 2283/2283
f 2283/2283 2267/2267 2266/2266
f 2284/2284 2266/2266 2285/2285
f 2283/2283 2266/2266 2284/2284
f 2285/2285 2266/2266 2265/2265
f 2285/2285 2265/2265 2286/2286
f 2265/2265 2264/2264 2286/2286
f 2287/2287 2286/2286 2264/2264
f 2287/2287 2264/2264 2262/2262
f 2287/2287 2262/2262 2261/2261
f 2288/2288 2286/2286 2287/2287
f 2289/2289 2287/2287 2261/2261
f 2290/2290 2287/2287 2289/2289
f 2291/2291 2288/2288 2287/2287
f 2291/2291 2287/2287 2290/2290
f 2285/2285 2286/2286 2288/2288
f 2288/2288 2292/2292 2285/2285
f 2292/2292 2284/2284 2285/2285
f 2293/2293 2284/2284 2292/2292
f 2294/2294 2284/2284 2293/2293
f 2294/2294 2283/2283 2284/2284
f 2295/2295 2283/2283 2294/2294
f 2295/2295 2282/2282 2283/2283
f 2295/2295 2281/2281 2282/2282
f 2296/2296 2280/2280 2281/2281
f 2296/2296 2281/2281 2297/2297
f 2297/2297 2281/2281 2295/2295
f 2298/2298 2279/2279 2280/2280
f 2296/2296 2299/2299 2280/2280
f 2299/2299 2298/2298 2280/2280
f 2298/2298 2277/2277 2279/2279
f 2300/2300 2277/2277 2298/2298
f 2300/2300 2278/2278 2277/2277
f 2278/2278 2301/2301 2276/2276
f 2302/2302 2301/2301 2278/2278
f 2300/2300 2302/2302 2278/2278
f 2276/2276 2301/2301 2275/2275
f 2301/2301 2303/2303 2275/2275
f 2304/2304 2303/2303 2301/2301
f 2302/2302 2304/2304 2301/2301
f 2305/2305 2304/2304 2302/2302
f 2306/2306 2305/2305 2302/2302
f 2306/2306 2302/2302 2300/2300
f 2307/2307 2300/2300 2298/2298
f 2307/2307 2308/2308 2300/2300
f 2308/2308 2306/2306 2300/2300
f 2309/2309 2307/2307 2298/2298
f 2299/2299 2309/2309 2298/2298
f 2310/2310 2299/2299 2296/2296
f 2311/2311 2309/2309 2299/2299
f 2311/2311 2299/2299 2310/2310
f 2312/2312 2310/2310 2296/2296
f 2312/2312 2296/2296 2313/2313
f 2313/2313 2296/2296 2297/2297
f 2313/2313 2297/2297 2314/2314
f 2314/2314 2297/2297 2295/2295
f 2314/2314 2295/2295 2294/2294
f 2315/2315 2294/2294 2293/2293
f 2316/2316 2294/2294 2315/2315
f 2316/2316 2317/2317 2294/2294
f 2317/2317 2314/2314 2294/2294
f 2293/2293 2292/2292 2318/2318
f 2319/2319 2293/2293 2318/2318
f 2315/2315 2293/2293 2319/2319
f 2318/2318 2292/2292 2288/2288
f 2319/2319 2318/2318 2291/2291
f 2318/2318 2288/2288 2291/2291
f 2320/2320 2319/2319 2291/2291
f 2320/2320 2321/2321 2319/2319
f 2321/2321 2315/2315 2319/2319
f 2322/2322 2315/2315 2321/2321
f 2316/2316 2315/2315 2322/2322
f 2323/2323 2316/2316 2322/2322
f 2323/2323 2324/2324 2316/2316
f 2324/2324 2317/2317 2316/2316
f 2325/2325 2314/2314 2317/2317
f 2326/2326 2317/2317 2324/2324
f 2326/2326 2325/2325 2317/2317
f 2325/2325 2327/2327 2314/2314
f 2327/2327 2313/2313 2314/2314
f 2327/2327 2312/2312 2313/2313
f 2328/2328 2310/2310 2312/2312
f 2328/2328 2312/2312 2327/2327
f 2329/2329 2330/2330 2310/2310
f 2330/2330 2311/2311 2310/2310
f 2329/2329 2310/2310 2328/2328
f 2311/2311 2331/2331 2309/2309
f 2330/2330 2331/2331 2311/2311
f 2331/2331 2307/2307 2309/2309
f 2331/2331 2332/2332 2307/2307
f 2332/2332 2308/2308 2307/2307
f 2333/2333 2308/2308 2332/2332
f 2334/2334 2306/2306 2308/2308
f 2333/2333 2334/2334 2308/2308
f 2335/2335 2332/2332 2331/2331
f 2335/2335 2333/2333 2332/2332
f 2336/2336 2331/2331 2330/2330
f 2336/2336 2335/2335 2331/2331
f 2337/2337 2336/2336 2330/2330
f 2337/2337 2330/2330 2329/2329
f 2338/2338 2329/2329 2328/2328
f 2339/2339 2329/2329 2338/2338
f 2339/2339 2337/2337 2329/2329
f 2340/2340 2328/2328 2327/2327
f 2341/2341 2328/2328 2340/2340
f 2341/2341 2338/2338 2328/2328
f 2325/2325 2340/2340 2327/2327
f 2342/2342 2340/2340 2325/2325
f 2342/2342 2325/2325 2326/2326
f 2343/2343 2326/2326 2324/2324
f 2343/2343 2342/2342 2326/2326
f 2344/2344 2324/2324 2323/2323
f 2344/2344 2343/2343 2324/2324
f 2345/2345 2344/2344 2323/2323
f 2346/2346 2345/2345 2323/2323
f 2346/2346 2323/2323 2322/2322
f 2322/2322 2321/2321 2347/2347
f 2348/2348 2322/2322 2347/2347
f 2346/2346 2322/2322 2348/2348
f 2347/2347 2321/2321 2320/2320
f 2349/2349 2347/2347 2320/2320
f 2348/2348 2347/2347 2349/2349
f 2350/2350 2348/2348 2349/2349
f 2351/2351 2348/2348 2350/2350
f 2351/2351 2352/2352 2348/2348
f 2352/2352 2346/2346 2348/2348
f 2352/2352 2345/2345 2346/2346
f 2353/2353 2344/2344 2345/2345
f 2354/2354 2345/2345 2352/2352
f 2355/2355 2345/2345 2354/2354
f 2355/2355 2353/2353 2345/2345
f 2353/2353 2343/2343 2344/2344
f 2353/2353 2356/2356 2343/2343
f 2356/2356 2342/2342 2343/2343
f 2342/2342 2341/2341 2340/2340
f 2357/2357 2341/2341 2342/2342
f 2356/2356 2358/2358 2342/2342
f 2358/2358 2357/2357 2342/2342
f 2359/2359 2338/2338 2341/2341
f 2359/2359 2341/2341 2357/2357
f 2359/2359 2339/2339 2338/2338
f 2359/2359 2360/2360 2339/2339
f 2361/2361 2362/2362 2339/2339
f 2360/2360 2361/2361 2339/2339
f 2339/2339 2362/2362 2337/2337
f 2362/2362 2336/2336 2337/2337
f 2362/2362 2363/2363 2336/2336
f 2363/2363 2335/2335 2336/2336
f 2364/2364 2363/2363 2362/2362
f 2361/2361 2364/2364 2362/2362
f 2361/2361 2365/2365 2364/2364
f 2366/2366 2365/2365 2361/2361
f 2367/2367 2366/2366 2361/2361
f 2367/2367 2361/2361 2368/2368
f 2368/2368 2361/2361 2360/2360
f 2369/2369 2360/2360 2359/2359
f 2369/2369 2368/2368 2360/2360
f 2370/2370 2359/2359 2357/2357
f 2369/2369 2359/2359 2370/2370
f 2371/2371 2370/2370 2357/2357
f 2358/2358 2371/2371 2357/2357
f 2372/2372 2358/2358 2356/2356
f 2372/2372 2373/2373 2358/2358
f 2373/2373 2371/2371 2358/2358
f 2372/2372 2356/2356 2353/2353
f 2374/2374 2353/2353 2355/2355
f 2374/2374 2372/2372 2353/2353
f 2375/2375 2355/2355 2354/2354
f 2375/2375 2374/2374 2355/2355
f 2354/2354 2352/2352 2351/2351
f 2376/2376 2354/2354 2351/2351
f 2376/2376 2375/2375 2354/2354
f 2376/2376 2351/2351 2377/2377
f 2377/2377 2351/2351 2350/2350
f 2377/2377 2350/2350 2349/2349
f 2378/2378 2376/2376 2377/2377
f 1280/4318 2378/2378 2377/2377
f 1280/1280 2377/4319 1281/1281
f 1281/1281 2377/4319 2379/2379
f 2379/2379 2377/4319 2349/4320
f 2380/2380 2375/2375 2376/2376
f 2378/2378 2380/2380 2376/2376
f 2380/2380 2381/2381 2375/2375
f 2381/2381 2382/2382 2375/2375
f 2382/2382 2374/2374 2375/2375
f 2383/2383 2372/2372 2374/2374
f 2382/2382 2383/2383 2374/2374
f 2383/2383 2384/2384 2372/2372
f 2384/2384 2373/2373 2372/2372
f 2385/2385 2371/2371 2373/2373
f 2384/2384 2385/2385 2373/2373
f 2385/2385 2386/2386 2371/2371
f 2386/2386 2370/2370 2371/2371
f 2386/2386 2369/2369 2370/2370
f 2387/2387 2368/2368 2369/2369
f 2388/2388 2369/2369 2386/2386
f 2389/2389 2369/2369 2388/2388
f 2389/2389 2387/2387 2369/2369
f 2387/2387 2367/2367 2368/2368
f 2387/2387 2390/2390 2367/2367
f 2390/2390 2391/2391 2367/2367
f 2391/2391 2366/2366 2367/2367
f 2389/2389 2390/2390 2387/2387
f 2388/2388 2392/2392 2389/2389
f 2393/2393 2390/2390 2389/2389
f 2392/2392 2393/2393 2389/2389
f 2394/2394 2388/2388 2386/2386
f 2394/2394 2392/2392 2388/2388
f 2395/2395 2386/2386 2385/2385
f 2394/2394 2386/2386 2395/2395
f 2396/2396 2385/2385 2384/2384
f 2395/2395 2385/2385 2396/2396
f 2397/2397 2384/2384 2383/2383
f 2397/2397 2396/2396 2384/2384
f 2382/2382 2397/2397 2383/2383
f 2398/2398 2382/2382 2381/2381
f 2399/2399 2382/2382 2398/2398
f 2382/2382 2399/2399 2397/2397
f 2380/2380 2400/2400 2381/2381
f 2400/2400 2398/2398 2381/2381
f 1307/1307 2400/2400 2380/2380
f 1307/1307 2380/2380 1306/4229
f 1306/4229 2380/2380 2378/2378
f 1280/4318 1306/4229 2378/2378
f 1308/1308 1338/1338 1307/1307
f 1307/1307 1338/1338 2400/2400
f 1338/1338 2398/2398 2400/2400
f 1338/1338 2401/2401 2398/2398
f 2401/2401 2399/2399 2398/2398
f 2399/2399 2402/2402 2397/2397
f 2401/2401 2403/2403 2399/2399
f 2403/2403 2402/2402 2399/2399
f 2402/2402 2396/2396 2397/2397
f 2402/2402 2395/2395 2396/2396
f 2404/2404 2394/2394 2395/2395
f 2405/2405 2395/2395 2402/2402
f 2405/2405 2404/2404 2395/2395
f 2404/2404 2406/2406 2394/2394
f 2406/2406 2392/2392 2394/2394
f 2407/2407 2393/2393 2392/2392
f 2406/2406 2407/2407 2392/2392
f 2393/2393 2408/2408 2390/2390
f 2407/2407 2408/2408 2393/2393
f 2408/2408 2409/2409 2390/2390
f 2409/2409 2391/2391 2390/2390
f 2391/2391 2410/2410 2411/2411
f 2409/2409 2410/2410 2391/2391
f 2391/2391 2411/2411 2366/2366
f 2409/2409 2412/2412 2410/2410
f 2408/2408 2413/2413 2409/2409
f 2413/2413 2412/2412 2409/2409
f 2414/2414 2408/2408 2407/2407
f 2414/2414 2415/2415 2408/2408
f 2415/2415 2413/2413 2408/2408
f 2416/2416 2407/2407 2406/2406
f 2416/2416 2414/2414 2407/2407
f 2417/2417 2416/2416 2406/2406
f 2417/2417 2406/2406 2404/2404
f 2418/2418 2404/2404 2405/2405
f 2418/2418 2417/2417 2404/2404
f 2419/2419 2405/2405 2402/2402
f 2420/2420 2405/2405 2419/2419
f 2420/2420 2418/2418 2405/2405
f 2403/2403 2419/2419 2402/2402
f 2403/2403 2420/2420 2419/2419
f 1339/1339 2403/2403 2401/2401
f 1339/1339 2421/2421 2403/2403
f 2421/2421 2420/2420 2403/2403
f 1337/1337 2401/2401 1338/1338
f 1337/1337 1339/1339 2401/2401
f 1340/1340 2421/2421 1339/1339
f 2421/2421 2422/2422 2420/2420
f 2423/2423 2422/2422 2421/2421
f 2423/2423 2421/2421 1340/1340
f 2424/2424 2418/2418 2420/2420
f 2422/2422 2424/2424 2420/2420
f 2424/2424 2425/2425 2418/2418
f 2425/2425 2417/2417 2418/2418
f 2426/2426 2416/2416 2417/2417
f 2425/2425 2426/2426 2417/2417
f 2416/2416 2427/2427 2414/2414
f 2426/2426 2427/2427 2416/2416
f 2428/2428 2415/2415 2414/2414
f 2427/2427 2428/2428 2414/2414
f 2428/2428 2429/2429 2415/2415
f 2429/2429 2413/2413 2415/2415
f 2429/2429 2430/2430 2413/2413
f 2430/2430 2431/2431 2413/2413
f 2413/2413 2431/2431 2412/2412
f 2412/2412 2432/2432 2433/2433
f 2410/2410 2412/2412 2433/2433
f 2412/2412 2434/2434 2432/2432
f 2431/2431 2434/2434 2412/2412
f 2410/2410 2433/2433 2411/2411
f 2433/2433 2435/2435 2411/2411
f 2433/2433 2432/2432 2435/2435
f 2432/2432 2436/2436 2435/2435
f 2432/2432 2437/2437 2436/2436
f 2434/2434 2437/2437 2432/2432
f 2434/2434 2438/2438 2437/2437
f 2439/2439 2438/2438 2434/2434
f 2431/2431 2439/2439 2434/2434
f 2440/2440 2439/2439 2431/2431
f 2430/2430 2440/2440 2431/2431
f 2429/2429 2441/2441 2430/2430
f 2441/2441 2442/2442 2430/2430
f 2430/2430 2442/2442 2440/2440
f 2428/2428 2443/2443 2429/2429
f 2443/2443 2441/2441 2429/2429
f 2444/2444 2428/2428 2427/2427
f 2444/2444 2443/2443 2428/2428
f 2445/2445 2444/2444 2427/2427
f 2445/2445 2427/2427 2426/2426
f 2446/2446 2445/2445 2426/2426
f 2447/2447 2446/2446 2426/2426
f 2447/2447 2426/2426 2425/2425
f 2447/2447 2425/2425 2424/2424
f 2422/2422 2447/2447 2424/2424
f 2448/2448 2447/2447 2422/2422
f 2449/2449 2448/2448 2422/2422
f 2449/2449 2422/2422 2423/2423
f 2448/2448 2450/2450 2447/2447
f 2450/2450 2446/2446 2447/2447
f 2451/2451 2452/2452 2446/2446
f 2450/2450 2451/2451 2446/2446
f 2446/2446 2452/2452 2445/2445
f 2453/2453 2444/2444 2445/2445
f 2454/2454 2453/2453 2445/2445
f 2452/2452 2454/2454 2445/2445
f 2453/2453 2443/2443 2444/2444
f 2443/2443 2455/2455 2441/2441
f 2456/2456 2455/2455 2443/2443
f 2453/2453 2456/2456 2443/2443
f 2457/2457 2442/2442 2441/2441
f 2458/2458 2457/2457 2441/2441
f 2455/2455 2458/2458 2441/2441
f 2442/2442 2459/2459 2440/2440
f 2442/2442 2460/2460 2459/2459
f 2457/2457 2460/2460 2442/2442
f 2440/2440 2459/2459 2461/2461
f 2440/2440 2461/2461 2439/2439
f 2439/2439 2461/2461 2438/2438
f 2461/2461 2462/2462 2438/2438
f 2459/2459 2462/2462 2461/2461
f 2459/2459 2463/2463 2462/2462
f 2464/2464 2463/2463 2459/2459
f 2460/2460 2464/2464 2459/2459
f 2460/2460 2465/2465 2464/2464
f 2466/2466 2465/2465 2460/2460
f 2457/2457 2466/2466 2460/2460
f 2458/2458 2467/2467 2457/2457
f 2467/2467 2468/2468 2457/2457
f 2468/2468 2466/2466 2457/2457
f 2469/2469 2467/2467 2458/2458
f 2469/2469 2458/2458 2455/2455
f 2456/2456 2469/2469 2455/2455
f 2470/2470 2456/2456 2453/2453
f 2471/2471 2456/2456 2470/2470
f 2472/2472 2469/2469 2456/2456
f 2471/2471 2472/2472 2456/2456
f 2470/2470 2453/2453 2454/2454
f 2452/2452 2473/2473 2454/2454
f 2473/2473 2470/2470 2454/2454
f 2473/2473 2452/2452 2474/2474
f 2474/2474 2452/2452 2451/2451
f 2475/2475 2451/2451 2450/2450
f 2474/2474 2451/2451 2475/2475
f 2476/2476 2450/2450 2448/2448
f 2475/2475 2450/2450 2476/2476
f 2477/2477 2475/2475 2476/2476
f 2478/2478 2475/2475 2477/2477
f 2478/2478 2474/2474 2475/2475
f 2478/2478 2479/2479 2474/2474
f 2474/2474 2479/2479 2473/2473
f 2479/2479 2480/2480 2473/2473
f 2480/2480 2481/2481 2473/2473
f 2481/2481 2470/2470 2473/2473
f 2481/2481 2471/2471 2470/2470
f 2482/2482 2472/2472 2471/2471
f 2482/2482 2471/2471 2481/2481
f 2472/2472 2483/2483 2469/2469
f 2472/2472 2484/2484 2483/2483
f 2485/2485 2484/2484 2472/2472
f 2485/2485 2472/2472 2482/2482
f 2483/2483 2467/2467 2469/2469
f 2486/2486 2468/2468 2467/2467
f 2483/2483 2486/2486 2467/2467
f 2486/2486 2487/2487 2468/2468
f 2487/2487 2488/2488 2468/2468
f 2488/2488 2466/2466 2468/2468
f 2466/2466 2488/2488 2489/2489
f 2466/2466 2489/2489 2465/2465
f 2465/2465 2490/2490 2464/2464
f 2465/2465 2489/2489 2490/2490
f 2464/2464 2490/2490 2463/2463
f 2490/2490 2491/2491 2463/2463
f 2492/2492 2491/2491 2490/2490
f 2489/2489 2492/2492 2490/2490
f 2493/2493 2492/2492 2489/2489
f 2494/2494 2489/2489 2488/2488
f 2494/2494 2493/2493 2489/2489
f 2487/2487 2495/2495 2488/2488
f 2495/2495 2494/2494 2488/2488
f 2496/2496 2497/2497 2487/2487
f 2496/2496 2487/2487 2486/2486
f 2497/2497 2495/2495 2487/2487
f 2498/2498 2486/2486 2483/2483
f 2496/2496 2486/2486 2498/2498
f 2484/2484 2498/2498 2483/2483
f 2499/2499 2498/2498 2484/2484
f 2485/2485 2499/2499 2484/2484
f 2500/2500 2499/2499 2485/2485
f 2501/2501 2500/2500 2485/2485
f 2501/2501 2485/2485 2482/2482
f 2502/2502 2501/2501 2482/2482
f 2480/2480 2502/2502 2482/2482
f 2480/2480 2482/2482 2481/2481
f 2503/2503 2502/2502 2480/2480
f 2503/2503 2480/2480 2479/2479
f 2504/2504 2479/2479 2478/2478
f 2504/2504 2505/2505 2479/2479
f 2503/2503 2479/2479 2505/2505
f 2506/2506 2478/2478 2477/2477
f 2506/2506 2504/2504 2478/2478
f 1432/1432 2504/2504 2506/2506
f 1431/1431 2505/2505 2504/2504
f 1431/1431 2504/2504 1432/1432
f 2505/2505 2507/2507 2503/2503
f 1433/1433 2507/2507 2505/2505
f 1433/1433 2505/2505 1431/1431
f 2507/2507 2502/2502 2503/2503
f 2508/2508 2509/2509 2502/2502
f 2508/2508 2502/2502 2507/2507
f 2509/2509 2501/2501 2502/2502
f 2509/2509 2510/2510 2501/2501
f 2510/2510 2500/2500 2501/2501
f 2510/2510 1512/1512 2500/2500
f 2500/2500 1512/1512 2499/2499
f 2499/2499 2496/2496 2498/2498
f 2499/2499 2511/2511 2496/2496
f 2499/2499 1513/1513 2511/2511
f 1512/1512 1513/1513 2499/2499
f 2511/2511 2497/2497 2496/2496
f 2511/2511 1514/1514 2497/2497
f 2497/2497 2512/2512 2495/2495
f 2497/2497 1543/1543 2512/2512
f 1514/1514 1515/1515 2497/2497
f 1515/1515 1543/1543 2497/2497
f 2495/2495 2512/2512 2513/2513
f 2495/2495 2513/2513 2494/2494
f 2494/2494 2514/2514 2493/2493
f 2513/2513 2514/2514 2494/2494
f 2512/2512 1544/1544 2513/2513
f 2513/2513 1544/1544 2514/2514
f 1543/1543 1544/1544 2512/2512
f 1544/1544 2515/2515 2514/2514
f 1544/1544 1545/1545 2515/2515
f 2514/2514 2516/2516 2493/2493
f 2514/2514 2515/2515 2516/2516
f 2515/2515 2517/2517 2516/2516
f 2515/2515 2518/2518 2517/2517
f 1545/1545 1547/1547 2515/2515
f 1547/1547 2518/2518 2515/2515
f 2516/2516 2519/2519 2520/2520
f 2493/2493 2516/2516 2520/2520
f 2516/2516 2517/2517 2519/2519
f 2493/2493 2520/2520 2492/2492
f 2520/2520 2521/2521 2522/2522
f 2520/2520 2522/2522 2491/2491
f 2492/2492 2520/2520 2491/2491
f 2519/2519 2521/2521 2520/2520
f 2519/2519 2523/2523 2521/2521
f 2519/2519 2524/2524 2523/2523
f 2519/2519 2525/2525 2524/2524
f 2517/2517 2525/2525 2519/2519
f 2518/2518 2525/2525 2517/2517
f 2518/2518 2526/2526 2525/2525
f 1547/1547 1546/1546 2518/2518
f 1546/1546 1574/1574 2518/2518
f 1574/1574 2526/2526 2518/2518
f 2525/2525 2527/2527 2524/2524
f 2525/2525 2526/2526 2527/2527
f 2523/2523 2524/2524 1776/1776
f 2527/2527 1776/1776 2524/2524
f 2523/2523 1775/1775 2521/2521
f 2523/2523 1776/1776 1775/1775
f 2521/2521 2528/2528 2522/2522
f 2521/2521 1775/1775 2528/2528
f 2522/2522 2528/2528 2491/2491
f 2463/2463 2491/2491 2529/2529
f 2491/2491 2528/2528 2529/2529
f 2528/2528 1778/1778 2530/2530
f 2528/2528 2530/2530 2529/2529
f 2528/2528 1775/1775 1778/1778
f 2463/2463 2529/2529 2531/2531
f 2529/2529 2530/2530 2532/2532
f 2529/2529 2532/2532 2531/2531
f 2463/2463 2531/2531 2462/2462
f 2462/2462 2531/2531 2533/2533
f 2531/2531 2534/2534 2533/2533
f 2531/2531 2532/2532 2534/2534
f 2532/2532 2535/2535 2536/2536
f 2537/2537 2535/2535 2532/2532
f 2532/2532 2536/2536 2534/2534
f 2530/2530 2537/2537 2532/2532
f 2530/2530 1779/1779 2537/2537
f 2530/2530 1777/1777 1779/1779
f 1778/1778 1777/1777 2530/2530
f 2537/2537 1780/1780 2535/2535
f 1779/1779 1780/1780 2537/2537
f 2535/2535 2538/2538 2539/2539
f 2536/2536 2535/2535 2539/2539
f 2535/2535 1780/1780 2538/2538
f 2534/2534 2536/2536 2540/2540
f 2536/2536 2539/2539 2540/2540
f 2534/2534 2540/2540 2541/2541
f 2533/2533 2534/2534 2541/2541
f 2438/2438 2533/2533 2541/2541
f 2462/2462 2533/2533 2438/2438
f 2438/2438 2541/2541 2542/2542
f 2541/2541 2543/2543 2542/2542
f 2541/2541 2540/2540 2543/2543
f 2540/2540 2539/2539 2544/2544
f 2540/2540 2544/2544 2543/2543
f 2539/2539 2538/2538 2544/2544
f 1780/1780 1807/1807 2538/2538
f 2538/2538 1807/1807 1808/1808
f 2538/2538 1808/1808 2544/2544
f 2544/2544 2545/2545 2543/2543
f 2544/2544 2546/2546 2545/2545
f 2544/2544 1808/1808 2546/2546
f 2543/2543 2545/2545 2547/2547
f 2543/2543 2547/2547 2548/2548
f 2542/2542 2543/2543 2548/2548
f 2437/2437 2542/2542 2436/2436
f 2438/2438 2542/2542 2437/2437
f 2542/2542 2548/2548 2436/2436
f 2548/2548 2547/2547 2549/2549
f 2548/2548 2549/2549 2550/2550
f 2551/2551 2548/2548 2550/2550
f 2436/2436 2548/2548 2551/2551
f 2547/2547 2552/2552 2549/2549
f 2547/2547 2553/2553 2552/2552
f 2545/2545 2553/2553 2547/2547
f 2545/2545 2546/2546 2553/2553
f 1808/1808 1809/1809 2546/2546
f 2546/2546 2554/2554 2553/2553
f 2546/2546 1809/1809 2554/2554
f 2553/2553 2555/2555 2552/2552
f 2553/2553 2556/2556 2555/2555
f 2553/2553 2554/2554 2556/2556
f 2549/2549 2552/2552 2557/2557
f 2552/2552 2558/2558 2557/2557
f 2552/2552 2555/2555 2558/2558
f 2550/2550 2549/2549 2557/2557
f 2550/2550 2557/2557 2559/2559
f 2560/2560 2550/2550 2559/2559
f 2551/2551 2550/2550 2560/2560
f 2436/2436 2551/2551 2560/2560
f 2436/2436 2560/2560 2435/2435
f 2435/2435 2560/2560 2561/2561
f 2561/2561 2560/2560 2562/2562
f 2560/2560 2559/2559 2562/2562
f 2559/2559 2563/2563 2562/2562
f 2557/2557 2563/2563 2559/2559
f 2563/2563 2557/2557 2564/2564
f 2557/2557 2558/2558 2565/2565
f 2557/2557 2565/2565 2564/2564
f 2555/2555 2556/2556 2558/2558
f 2558/2558 2556/2556 2566/2566
f 2558/2558 2566/2566 2565/2565
f 2554/2554 2567/2567 2556/2556
f 2556/2556 2567/2567 2568/2568
f 2556/2556 2568/2568 2569/2569
f 2556/2556 2569/2569 2566/2566
f 1809/1809 1810/1810 2554/2554
f 2554/2554 1810/1810 2567/2567
f 1810/1810 1811/1811 2567/2567
f 2567/2567 1811/1811 2570/2570
f 2567/2567 2570/2570 2568/2568
f 2568/2568 2571/2571 2569/2569
f 2568/2568 2570/2570 2571/2571
f 2571/2571 2572/2572 2569/2569
f 2566/2566 2569/2569 2573/2573
f 2569/2569 2572/2572 2573/2573
f 2566/2566 2573/2573 2565/2565
f 2564/2564 2565/2565 2574/2574
f 2574/2574 2565/2565 2575/2575
f 2565/2565 2573/2573 2575/2575
f 2563/2563 2564/2564 2576/2576
f 2564/2564 2574/2574 2576/2576
f 2577/2577 2563/2563 2578/2578
f 2563/2563 2576/2576 2578/2578
f 2562/2562 2563/2563 2577/2577
f 2561/2561 2562/2562 2579/2579
f 2580/2580 2562/2562 2577/2577
f 2579/2579 2562/2562 2580/2580
f 2581/2581 2561/2561 2579/2579
f 2435/2435 2561/2561 2581/2581
f 2411/2411 2435/2435 2581/2581
f 2581/2581 2579/2579 2582/2582
f 2581/2581 2582/2582 2364/2364
f 2365/2365 2581/2581 2364/2364
f 2365/2365 2411/2411 2581/2581
f 2579/2579 2334/2334 2583/2583
f 2582/2582 2579/2579 2583/2583
f 2579/2579 2580/2580 2334/2334
f 2334/2334 2580/2580 2584/2584
f 2580/2580 2577/2577 2584/2584
f 2577/2577 2585/2585 2584/2584
f 2577/2577 2578/2578 2585/2585
f 2578/2578 2586/2586 2585/2585
f 2578/2578 2576/2576 2586/2586
f 2574/2574 2575/2575 2576/2576
f 2576/2576 2575/2575 2587/2587
f 2586/2586 2576/2576 2587/2587
f 2575/2575 2573/2573 2588/2588
f 2575/2575 2588/2588 2589/2589
f 2587/2587 2575/2575 2589/2589
f 2573/2573 2572/2572 2590/2590
f 2573/2573 2590/2590 2588/2588
f 2572/2572 2591/2591 2592/2592
f 2571/2571 2591/2591 2572/2572
f 2572/2572 2592/2592 2590/2590
f 2571/2571 2593/2593 2591/2591
f 2570/2570 2593/2593 2571/2571
f 2570/2570 2594/2594 2593/2593
f 1811/1811 2594/2594 2570/2570
f 1811/1811 1812/1812 2594/2594
f 2594/2594 1815/1815 2595/2595
f 2594/2594 2595/2595 2593/2593
f 1812/1812 1815/1815 2594/2594
f 2593/2593 2595/2595 2596/2596
f 2591/2591 2593/2593 2596/2596
f 2591/2591 2596/2596 2592/2592
f 2592/2592 2597/2597 2590/2590
f 2592/2592 2598/2598 2597/2597
f 2592/2592 2596/2596 2598/2598
f 2588/2588 2590/2590 2599/2599
f 2590/2590 2597/2597 2599/2599
f 2588/2588 2599/2599 2600/2600
f 2589/2589 2588/2588 2600/2600
f 2587/2587 2589/2589 2601/2601
f 2601/2601 2589/2589 2602/2602
f 2589/2589 2600/2600 2603/2603
f 2589/2589 2603/2603 2602/2602
f 2586/2586 2587/2587 2601/2601
f 2586/2586 2601/2601 2585/2585
f 2305/2305 2585/2585 2304/2304
f 2585/2585 2604/2604 2304/2304
f 2584/2584 2585/2585 2305/2305
f 2585/2585 2601/2601 2604/2604
f 2584/2584 2305/2305 2306/2306
f 2334/2334 2584/2584 2306/2306
f 2583/2583 2334/2334 2333/2333
f 2583/2583 2333/2333 2335/2335
f 2363/2363 2583/2583 2335/2335
f 2582/2582 2583/2583 2363/2363
f 2364/2364 2582/2582 2363/2363
f 2304/2304 2604/2604 2303/2303
f 2604/2604 2601/2601 2602/2602
f 2604/2604 2602/2602 2303/2303
f 2602/2602 2603/2603 2605/2605
f 2303/2303 2602/2602 2606/2606
f 2602/2602 2605/2605 2606/2606
f 2603/2603 2600/2600 2607/2607
f 2603/2603 2608/2608 2605/2605
f 2603/2603 2607/2607 2608/2608
f 2600/2600 2609/2609 2607/2607
f 2600/2600 2599/2599 2610/2610
f 2600/2600 2610/2610 2609/2609
f 2599/2599 2611/2611 2610/2610
f 2599/2599 2612/2612 2611/2611
f 2597/2597 2612/2612 2599/2599
f 2597/2597 2598/2598 2612/2612
f 2598/2598 2613/2613 2612/2612
f 2598/2598 2022/2022 2613/2613
f 2598/2598 2596/2596 2022/2022
f 2595/2595 1815/1815 2596/2596
f 2596/2596 1815/1815 2022/2022
f 1812/1812 1813/1813 1815/1815
f 2613/2613 2022/2022 2023/2023
f 2612/2612 2613/2613 2611/2611
f 2611/2611 2613/2613 2024/2024
f 2613/2613 2023/2023 2024/2024
f 2610/2610 2611/2611 2614/2614
f 2611/2611 2024/2024 2614/2614
f 2610/2610 2614/2614 2609/2609
f 2609/2609 2614/2614 2615/2615
f 2609/2609 2615/2615 2616/2616
f 2607/2607 2609/2609 2616/2616
f 2607/2607 2616/2616 2608/2608
f 2605/2605 2608/2608 2140/2140
f 2140/2140 2608/2608 2114/2114
f 2608/2608 2616/2616 2114/2114
f 2606/2606 2605/2605 2140/2140
f 2303/2303 2606/2606 2275/2275
f 2275/2275 2606/2606 2617/2617
f 2606/2606 2140/2140 2617/2617
f 2617/2617 2140/2140 2141/2141
f 2275/2275 2617/2617 2274/2274
f 2617/2617 2141/2141 2243/2243
f 2274/2274 2617/2617 2243/2243
f 2243/2243 2141/2141 2142/2142
f 2242/2242 2274/2274 2243/2243
f 2243/2243 2142/2142 2244/2244
f 2142/2142 2143/2143 2244/2244
f 2241/2241 2244/2244 2213/2213
f 2244/2244 2618/2618 2213/2213
f 2244/2244 2143/2143 2618/2618
f 2143/2143 2144/2144 2618/2618
f 2618/2618 2619/2619 2213/2213
f 2618/2618 2144/2144 2619/2619
f 2213/2213 2619/2619 2212/2212
f 2212/2212 2619/2619 2189/2189
f 2619/2619 2144/2144 2145/2145
f 2619/2619 2145/2145 2189/2189
f 2189/2189 2145/2145 2146/2146
f 2616/2616 2113/2113 2114/2114
f 2616/2616 2086/2086 2113/2113
f 2615/2615 2086/2086 2616/2616
f 2615/2615 2088/2088 2086/2086
f 2615/2615 2614/2614 2088/2088
f 2614/2614 2025/2025 2088/2088
f 2614/2614 2024/2024 2025/2025
f 2088/2088 2025/2025 2027/2027
f 2411/2411 2365/2365 2366/2366
f 2527/2527 1748/1748 1776/1776
f 2526/2526 1745/1745 2527/2527
f 2527/2527 1745/1745 1748/1748
f 1574/1574 1575/1575 2526/2526
f 1575/1575 1746/1746 2526/2526
f 2526/2526 1746/1746 1745/1745
f 1575/1575 1576/1576 1746/1746
f 1576/1576 1747/1747 1746/1746
f 1576/1576 1603/1603 1747/1747
f 1747/1747 1603/1603 1720/4271
f 1603/4262 1718/1718 1720/1720
f 1513/1513 1514/1514 2511/2511
f 1462/4242 1512/1512 2510/2510
f 1462/4242 2510/2510 1461/1461
f 1461/1461 2510/2510 2509/2509
f 1460/1460 1461/1461 2509/2509
f 1460/1460 2509/2509 2508/2508
f 1460/1460 2508/2508 2507/2507
f 1434/1434 1460/1460 2507/2507
f 1434/1434 2507/2507 1433/1433
f 1432/1432 2506/2506 2620/2620
f 1401/1401 1432/1432 2620/2620
f 1400/1400 1432/1432 1401/1401
f 2620/2620 2506/2506 2477/2477
f 2620/2620 2477/2477 2621/2621
f 2622/2622 2620/2620 2621/2621
f 2622/2622 1401/1401 2620/2620
f 1399/1399 1401/1401 2622/2622
f 1371/1371 1399/1399 2622/2622
f 1371/1371 2622/2622 2623/2623
f 2622/2622 2621/2621 2623/2623
f 2624/2624 2621/2621 2449/2449
f 2621/2621 2448/2448 2449/2449
f 2621/2621 2476/2476 2448/2448
f 2621/2621 2477/2477 2476/2476
f 2621/2621 2624/2624 2623/2623
f 1343/1343 1371/1371 2623/2623
f 1343/1343 2623/2623 1341/1341
f 1341/1341 2623/2623 1342/1342
f 2623/2623 2624/2624 1342/1342
f 1342/1342 2624/2624 2423/2423
f 2624/2624 2449/2449 2423/2423
f 1342/1342 2423/2423 1340/1340
f 2379/2379 2349/4320 2625/2625
f 2625/2625 2349/4320 2626/2626
f 2626/2626 2349/4320 2627/2627
f 2349/2349 2320/2320 2627/4321
f 1281/1281 2379/2379 2628/2628
f 2628/2628 2379/2379 2629/2629
f 2629/2629 2379/2379 2630/2630
f 2630/2630 2379/2379 2631/2631
f 2379/2379 2625/2625 2631/2631
f 2632/2632 2625/2625 2626/2626
f 2631/2631 2625/2625 2633/2633
f 2633/2633 2625/2625 2634/2634
f 2632/2632 2635/2635 2625/2625
f 2635/2635 2634/2634 2625/2625
f 2632/2632 2626/2626 2636/2636
f 2626/2626 2627/2627 2636/2636
f 2627/4321 2291/2291 2290/2290
f 2636/2636 2627/2627 2290/4322
f 2320/2320 2291/2291 2627/4321
f 2637/2637 2636/2636 2290/4322
f 2638/2638 2632/2632 2636/2636
f 2638/2638 2636/2636 2639/2639
f 2639/2639 2636/2636 2640/2640
f 2640/2640 2636/2636 2637/2637
f 2638/2638 2635/2635 2632/2632
f 2635/2635 2638/2638 2641/2641
f 2641/2641 2642/2642 2635/2635
f 2642/2642 2634/2634 2635/2635
f 2633/2633 2634/2634 2643/2643
f 2643/2643 2634/2634 2642/2642
f 2631/2631 2633/2633 2643/2643
f 2630/2630 2631/2631 2643/2643
f 2629/2629 2630/2630 2643/2643
f 2628/2628 2629/2629 2644/2644
f 2643/2643 2645/2645 2629/2629
f 2645/2645 2644/2644 2629/2629
f 2646/2646 1281/1281 2628/2628
f 2646/2646 2628/2628 2644/2644
f 1279/1279 1281/1281 2647/2647
f 1281/1281 2646/2646 2648/2648
f 1281/1281 2648/2648 2647/2647
f 2648/2648 2646/2646 2644/2644
f 2649/2649 2644/2644 2650/2650
f 2644/2644 2645/2645 2650/2650
f 2649/2649 2648/2648 2644/2644
f 2645/2645 2643/2643 2642/2642
f 2651/2651 2645/2645 2652/2652
f 2652/2652 2645/2645 2653/2653
f 2642/2642 2653/2653 2645/2645
f 2645/2645 2651/2651 2650/2650
f 2654/2654 2642/2642 2655/2655
f 2642/2642 2656/2656 2653/2653
f 2642/2642 2657/2657 2655/2655
f 2642/2642 2654/2654 2656/2656
f 2642/2642 2641/2641 2657/2657
f 2638/2638 2657/2657 2641/2641
f 2638/2638 2639/2639 2657/2657
f 2639/2639 2640/2640 2657/2657
f 2640/2640 2637/2637 2658/2658
f 2640/2640 2659/2659 2657/2657
f 2658/2658 2659/2659 2640/2640
f 2658/2658 2637/2637 2660/2660
f 2290/4322 2660/2660 2637/2637
f 2658/2658 2660/2660 2661/2661
f 2659/2659 2658/2658 2661/2661
f 2662/2662 2659/2659 2661/2661
f 2659/2659 2662/2662 2657/2657
f 2663/2663 2664/2664 2657/2657
f 2664/2664 2655/2655 2657/2657
f 2662/2662 2663/2663 2657/2657
f 2655/2655 2665/2665 2666/2666
f 2665/2665 2655/2655 2664/2664
f 2655/2655 2666/2666 2654/2654
f 2666/2666 2667/2667 2654/2654
f 2667/2667 2656/2656 2654/2654
f 2667/2667 1195/1195 2656/2656
f 2656/2656 1195/1195 2653/2653
f 2653/2653 1195/1195 1196/1196
f 2653/2653 1196/1196 2652/2652
f 2652/2652 1196/1196 2668/2668
f 2652/2652 2668/2668 2651/2651
f 2668/2668 2650/2650 2651/2651
f 2669/2669 2650/2650 2668/2668
f 2650/2650 2669/2669 2670/2670
f 2649/2649 2650/2650 2670/2670
f 2669/2669 2668/2668 1196/1196
f 2669/2669 1196/1196 1198/1198
f 2671/2671 2672/2672 2669/2669
f 2672/2672 2670/2670 2669/2669
f 2671/2671 2669/2669 1198/1198
f 2649/2649 2670/2670 2672/2672
f 2672/2672 2671/2671 2673/2673
f 2672/2672 2673/2673 2649/2649
f 2673/2673 2671/2671 1198/1198
f 2673/2673 1198/1198 2674/2674
f 2674/2674 1198/1198 2675/2675
f 1198/1198 1218/4323 2675/2675
f 2673/2673 2674/2674 2649/2649
f 2674/2674 2675/2675 2676/2676
f 2676/2676 2649/2649 2674/2674
f 2675/2675 1218/4323 2677/2677
f 2675/2675 2677/2677 2676/2676
f 2677/2677 1218/4323 2678/2678
f 2678/2678 1218/4323 2679/2679
f 1218/1218 1217/1217 2679/4324
f 2676/2676 2677/2677 2680/2680
f 2677/2677 2678/2678 2680/2680
f 2681/2681 2676/2676 2682/2682
f 2682/2682 2676/2676 2680/2680
f 2676/2676 2681/2681 2649/2649
f 2683/2683 2684/2684 2680/2680
f 2684/2684 2685/2685 2680/2680
f 2685/2685 2682/2682 2680/2680
f 2683/2683 2680/2680 1252/1252
f 2680/2680 2678/2678 1252/1252
f 2678/2678 2679/2679 1252/1252
f 2679/4324 1217/1217 1248/1248
f 2679/2679 1248/4218 1252/1252
f 1276/1276 2683/2683 1252/1252
f 1276/1276 1275/1275 2683/2683
f 2683/2683 1275/1275 2684/2684
f 1275/1275 1279/1279 2684/2684
f 2684/2684 1279/1279 2685/2685
f 2685/2685 1279/1279 2682/2682
f 2682/2682 1279/1279 2686/2686
f 2682/2682 2686/2686 2681/2681
f 2686/2686 2648/2648 2681/2681
f 2681/2681 2648/2648 2649/2649
f 1279/1279 2647/2647 2686/2686
f 2686/2686 2647/2647 2648/2648
f 2687/2687 1193/1193 1195/1195
f 1195/1195 2667/2667 2666/2666
f 1195/1195 2666/2666 2665/2665
f 1195/1195 2665/2665 2687/2687
f 2688/2688 2689/2689 2687/2687
f 2689/2689 2690/2690 2687/2687
f 2687/2687 2690/2690 1193/1193
f 2665/2665 2691/2691 2687/2687
f 2692/2692 2687/2687 2663/2663
f 2687/2687 2691/2691 2663/2663
f 2688/2688 2687/2687 2692/2692
f 2690/2690 1194/1194 1193/1193
f 2689/2689 2693/2693 2690/2690
f 2693/2693 2694/2694 2690/2690
f 2690/2690 2694/2694 2695/2695
f 2690/2690 2695/2695 1194/1194
f 2696/2696 2693/2693 2689/2689
f 2697/2697 2689/2689 2688/2688
f 2689/2689 2697/2697 2698/2698
f 2699/2699 2696/2696 2689/2689
f 2699/2699 2689/2689 2698/2698
f 2700/2700 2688/2688 2692/2692
f 2701/2701 2688/2688 2700/2700
f 2697/2697 2688/2688 2701/2701
f 2700/2700 2692/2692 2662/2662
f 2663/2663 2662/2662 2692/2692
f 2663/2663 2691/2691 2664/2664
f 2665/2665 2664/2664 2691/2691
f 2700/2700 2662/2662 2702/2702
f 2662/2662 2661/2661 2702/2702
f 2701/2701 2700/2700 2702/2702
f 2702/2702 2697/2697 2701/2701
f 2703/2703 2698/2698 2697/2697
f 2702/2702 2703/2703 2697/2697
f 2699/2699 2698/2698 2704/2704
f 2704/2704 2698/2698 2703/2703
f 2696/2696 2699/2699 2705/2705
f 2699/2699 2706/2706 2705/2705
f 2706/2706 2699/2699 2704/2704
f 2696/2696 2705/2705 2693/2693
f 2693/2693 2707/2707 2694/2694
f 2693/2693 2708/2708 2707/2707
f 2705/2705 2708/2708 2693/2693
f 2694/2694 1162/1162 1161/1161
f 2694/2694 2707/2707 2709/2709
f 2709/2709 1162/1162 2694/2694
f 2694/2694 1161/1161 2695/2695
f 2695/2695 1161/1161 1194/1194
f 1194/1194 1161/1161 1163/1163
f 2710/2710 1133/1133 1162/1162
f 2709/2709 2710/2710 1162/1162
f 2707/2707 2711/2711 2709/2709
f 2711/2711 2710/2710 2709/2709
f 2708/2708 2712/2712 2707/2707
f 2712/2712 2711/2711 2707/2707
f 2708/2708 2713/2713 2712/2712
f 2714/2714 2713/2713 2708/2708
f 2715/2715 2714/2714 2708/2708
f 2716/2716 2708/2708 2705/2705
f 2716/2716 2717/2717 2708/2708
f 2715/2715 2708/2708 2717/2717
f 2716/2716 2705/2705 2706/2706
f 2716/2716 2706/2706 2718/2718
f 2706/2706 2704/2704 2719/2719
f 2718/2718 2706/2706 2719/2719
f 2704/2704 2720/2720 2718/2718
f 2718/2718 2719/2719 2704/2704
f 2704/2704 2721/2721 2720/2720
f 2703/2703 2721/2721 2704/2704
f 2703/2703 2702/2702 2721/2721
f 2721/2721 2702/2702 2661/2661
f 2660/2660 2721/2721 2661/2661
f 2660/2660 2722/2722 2721/2721
f 2722/2722 2723/2723 2721/2721
f 2723/2723 2724/2724 2721/2721
f 2721/2721 2724/2724 2720/2720
f 2724/2724 2725/2725 2720/2720
f 2725/2725 2726/2726 2720/2720
f 2726/2726 2727/2727 2720/2720
f 2720/2720 2727/2727 2718/2718
f 2716/2716 2718/2718 2728/2728
f 2718/2718 2729/2729 2730/2730
f 2718/2718 2727/2727 2729/2729
f 2718/2718 2730/2730 2728/2728
f 2717/2717 2716/2716 2728/2728
f 2730/2730 2715/2715 2717/2717
f 2730/2730 2717/2717 2728/2728
f 2731/2731 2715/2715 2730/2730
f 2715/2715 2731/2731 2732/2732
f 2715/2715 2732/2732 2714/2714
f 2733/2733 2714/2714 2732/2732
f 2733/2733 2734/2734 2714/2714
f 2734/2734 2713/2713 2714/2714
f 2731/2731 2735/2735 2732/2732
f 2736/2736 2737/2737 2732/2732
f 2736/2736 2732/2732 2735/2735
f 2738/2738 2733/2733 2732/2732
f 2738/2738 2732/2732 2737/2737
f 2735/2735 2731/2731 2729/2729
f 2731/2731 2730/2730 2729/2729
f 2739/2739 2729/2729 2727/2727
f 2740/2740 2729/2729 2739/2739
f 2741/2741 2729/2729 2740/2740
f 2735/2735 2729/2729 2736/2736
f 2729/2729 2741/2741 2736/2736
f 2739/2739 2727/2727 2742/2742
f 2742/2742 2727/2727 2726/2726
f 2289/4325 2742/2742 2726/2726
f 2725/2725 2289/4325 2726/2726
f 2289/4325 2725/2725 2290/4322
f 2290/4322 2725/2725 2743/2743
f 2725/2725 2724/2724 2743/2743
f 2723/2723 2743/2743 2724/2724
f 2722/2722 2290/4322 2723/2723
f 2290/4322 2743/2743 2723/2723
f 2290/4322 2722/2722 2660/2660
f 2261/4326 2744/2744 2289/4325
f 2744/2744 2739/2739 2289/4325
f 2742/2742 2289/4325 2739/2739
f 2739/2739 2744/2744 2740/2740
f 2744/2744 2745/2745 2740/2740
f 2745/2745 2746/2746 2740/2740
f 2746/2746 2747/2747 2740/2740
f 2747/2747 2741/2741 2740/2740
f 2748/2748 2749/2749 2741/2741
f 2748/2748 2741/2741 2750/2750
f 2749/2749 2751/2751 2741/2741
f 2737/2737 2741/2741 2751/2751
f 2752/2752 2741/2741 2747/2747
f 2741/2741 2752/2752 2750/2750
f 2741/2741 2737/2737 2736/2736
f 2738/2738 2737/2737 2751/2751
f 2749/2749 2733/2733 2738/2738
f 2749/2749 2738/2738 2751/2751
f 2753/2753 2734/2734 2733/2733
f 2748/2748 2733/2733 2749/2749
f 2754/2754 2733/2733 2748/2748
f 2753/2753 2733/2733 2754/2754
f 2734/2734 2755/2755 2713/2713
f 2756/2756 2734/2734 2753/2753
f 2756/2756 2757/2757 2734/2734
f 2757/2757 2755/2755 2734/2734
f 2758/2758 2753/2753 2754/2754
f 2753/2753 2758/2758 2759/2759
f 2753/2753 2759/2759 2760/2760
f 2753/2753 2760/2760 2761/2761
f 2753/2753 2761/2761 2756/2756
f 2758/2758 2754/2754 2750/2750
f 2754/2754 2748/2748 2750/2750
f 2750/2750 2752/2752 2758/2758
f 2762/2762 2752/2752 2763/2763
f 2763/2763 2752/2752 2747/2747
f 2752/2752 2762/2762 2764/2764
f 2752/2752 2764/2764 2758/2758
f 2746/2746 2263/4327 2747/2747
f 2747/2747 2263/4327 2763/2763
f 2745/2745 2261/4326 2746/2746
f 2746/2746 2261/4326 2263/4327
f 2261/4326 2745/2745 2744/2744
f 2763/2763 2263/4327 2762/2762
f 2762/2762 2263/4327 2260/4328
f 2762/2762 2260/4328 2765/2765
f 2764/2764 2762/2762 2765/2765
f 2765/2765 2766/2766 2764/2764
f 2767/2767 2764/2764 2766/2766
f 2764/2764 2767/2767 2768/2768
f 2768/2768 2769/2769 2764/2764
f 2764/2764 2769/2769 2758/2758
f 2759/2759 2758/2758 2769/2769
f 2760/2760 2759/2759 2769/2769
f 2770/2770 2756/2756 2760/2760
f 2756/2756 2761/2761 2760/2760
f 2770/2770 2760/2760 2769/2769
f 2756/2756 2771/2771 2757/2757
f 2756/2756 2772/2772 2771/2771
f 2772/2772 2756/2756 2773/2773
f 2756/2756 2770/2770 2774/2774
f 2756/2756 2774/2774 2773/2773
f 2757/2757 2775/2775 2776/2776
f 2757/2757 2776/2776 2755/2755
f 2777/2777 2775/2775 2757/2757
f 2771/2771 2777/2777 2757/2757
f 2713/2713 2755/2755 2778/2778
f 2755/2755 2776/2776 2779/2779
f 2755/2755 2779/2779 2778/2778
f 2775/2775 2780/2780 2776/2776
f 2780/2780 2781/2781 2776/2776
f 2776/2776 2781/2781 2779/2779
f 2775/2775 2782/2782 2780/2780
f 2777/2777 2782/2782 2775/2775
f 2783/2783 2782/2782 2777/2777
f 2784/2784 2777/2777 2771/2771
f 2784/2784 2785/2785 2777/2777
f 2785/2785 2783/2783 2777/2777
f 2772/2772 2784/2784 2771/2771
f 2786/2786 2784/2784 2772/2772
f 2787/2787 2786/2786 2772/2772
f 2788/2788 2772/2772 2773/2773
f 2789/2789 2772/2772 2788/2788
f 2790/2790 2787/2787 2772/2772
f 2790/2790 2772/2772 2789/2789
f 2791/2791 2773/2773 2774/2774
f 2792/2792 2773/2773 2791/2791
f 2788/2788 2773/2773 2792/2792
f 2791/2791 2774/2774 2793/2793
f 2774/2774 2770/2770 2793/2793
f 2770/2770 2768/2768 2793/2793
f 2769/2769 2768/2768 2770/2770
f 2792/2792 2791/2791 2793/2793
f 2794/2794 2793/2793 2795/2795
f 2793/2793 2794/2794 2796/2796
f 2793/2793 2797/2797 2795/2795
f 2768/2768 2797/2797 2793/2793
f 2796/2796 2792/2792 2793/2793
f 2788/2788 2792/2792 2796/2796
f 2788/2788 2798/2798 2789/2789
f 2798/2798 2788/2788 2796/2796
f 2790/2790 2789/2789 2799/2799
f 2799/2799 2789/2789 2796/2796
f 2798/2798 2796/2796 2789/2789
f 2800/2800 2787/2787 2790/2790
f 2800/2800 2790/2790 2801/2801
f 2790/2790 2799/2799 2801/2801
f 2787/2787 2802/2802 2786/2786
f 2803/2803 2787/2787 2800/2800
f 2787/2787 2804/2804 2805/2805
f 2787/2787 2805/2805 2802/2802
f 2803/2803 2804/2804 2787/2787
f 2786/2786 2785/2785 2784/2784
f 2806/2806 2785/2785 2786/2786
f 2802/2802 2806/2806 2786/2786
f 2807/2807 2783/2783 2785/2785
f 2785/2785 2808/2808 2807/2807
f 2806/2806 2808/2808 2785/2785
f 2783/2783 2809/2809 2782/2782
f 2807/2807 2809/2809 2783/2783
f 2809/2809 2810/2810 2782/2782
f 2782/2782 2810/2810 2780/2780
f 2807/2807 2811/2811 2809/2809
f 2811/2811 2812/2812 2809/2809
f 2809/2809 2812/2812 2810/2810
f 2808/2808 2813/2813 2807/2807
f 2813/2813 2811/2811 2807/2807
f 2814/2814 2808/2808 2806/2806
f 2814/2814 2815/2815 2808/2808
f 2815/2815 2813/2813 2808/2808
f 2802/2802 2816/2816 2806/2806
f 2816/2816 2814/2814 2806/2806
f 2817/2817 2802/2802 2805/2805
f 2817/2817 2816/2816 2802/2802
f 2818/2818 2805/2805 2804/2804
f 2817/2817 2805/2805 2818/2818
f 2818/4330 2804/4329 2819/2819
f 2804/4329 22/22 2819/2819
f 22/4331 2804/2804 2803/2803
f 2803/2803 2800/2800 2801/2801
f 22/4331 2803/2803 2801/2801
f 2820/2820 2821/2821 2801/2801
f 2821/2821 2822/2822 2801/2801
f 2801/2801 2796/2796 2820/2820
f 2801/2801 2822/2822 22/4331
f 2801/2801 2799/2799 2796/2796
f 2822/2822 2823/2823 22/4331
f 24/24 21/21 22/4331
f 2824/2824 22/22 20/20
f 24/24 22/4331 2823/2823
f 22/22 2824/2824 2819/2819
f 2824/2824 2818/4330 2819/2819
f 2824/4332 2817/2817 2818/2818
f 2825/2825 2816/2816 2817/2817
f 2826/2826 2825/4334 2817/4333
f 2817/4333 2824/2824 2827/2827
f 2817/4333 2827/2827 2826/2826
f 2828/2828 2829/2829 2816/2816
f 2829/2829 2814/2814 2816/2816
f 2828/2828 2816/2816 2825/2825
f 2829/2829 2815/2815 2814/2814
f 2830/2830 2813/2813 2815/2815
f 2829/2829 2831/2831 2815/2815
f 2831/2831 2830/2830 2815/2815
f 2832/2832 2833/2833 2813/2813
f 2830/2830 2832/2832 2813/2813
f 2833/2833 2811/2811 2813/2813
f 2830/2830 2834/2834 2832/2832
f 2831/2831 2835/2835 2830/2830
f 2835/2835 2834/2834 2830/2830
f 2836/2836 2831/2831 2829/2829
f 2836/2836 2837/2837 2831/2831
f 2837/2837 2835/2835 2831/2831
f 2828/2828 2838/2838 2829/2829
f 2838/2838 2836/2836 2829/2829
f 2825/2825 2839/2839 2828/2828
f 2839/2839 2838/2838 2828/2828
f 2840/2840 2825/4334 2826/2826
f 2841/2841 2825/4334 2840/2840
f 2841/2841 2842/2842 2825/4334
f 2842/2842 2839/4335 2825/4334
f 2843/2843 2826/2826 2827/2827
f 2840/2840 2826/2826 2843/2843
f 2843/2843 2827/2827 20/20
f 20/20 2827/2827 2824/2824
f 2843/2843 20/20 2844/2844
f 20/20 19/19 2844/2844
f 2845/2845 2840/2840 2843/2843
f 2845/2845 2843/2843 2844/2844
f 2846/2846 2841/2841 2840/2840
f 2840/2840 2845/2845 2847/2847
f 2846/2846 2840/2840 2847/2847
f 2848/2848 2842/2842 2841/2841
f 2849/2849 2841/2841 2846/2846
f 2850/2850 2851/2851 2841/2841
f 2852/2852 2848/2848 2841/2841
f 2851/2851 2852/2852 2841/2841
f 2849/2849 2850/2850 2841/2841
f 2853/2853 2839/4335 2842/2842
f 2848/2848 2853/2853 2842/2842
f 2839/2839 2836/2836 2838/2838
f 2839/2839 2854/2854 2836/2836
f 2853/2853 2854/4336 2839/4335
f 2854/2854 2837/2837 2836/2836
f 2855/2855 2856/2856 2837/2837
f 2837/2837 2856/2856 2835/2835
f 2857/2857 2837/2837 2854/2854
f 2857/2857 2855/2855 2837/2837
f 2835/2835 2858/2858 2834/2834
f 2856/2856 2858/2858 2835/2835
f 2856/2856 2859/2859 2858/2858
f 2860/2860 2856/2856 2855/2855
f 2860/2860 2859/2859 2856/2856
f 2857/2857 2860/2860 2855/2855
f 2861/2861 2860/4338 2857/4337
f 2862/2862 2857/4337 2854/4336
f 2861/2861 2857/4337 2862/2862
f 2853/2853 2862/2862 2854/4336
f 2863/2863 2862/2862 2853/2853
f 2848/2848 2863/2863 2853/2853
f 2864/2864 2863/2863 2848/2848
f 2865/2865 2864/2864 2848/2848
f 2865/2865 2848/2848 2852/2852
f 2866/2866 2852/2852 2851/2851
f 2866/2866 2867/2867 2852/2852
f 2867/2867 2865/2865 2852/2852
f 2868/2868 2866/2866 2851/2851
f 2869/2869 2851/2851 2870/2870
f 2851/2851 2850/2850 2870/2870
f 2851/2851 2869/2869 2871/2871
f 2851/2851 2871/2871 2868/2868
f 2849/2849 2872/2872 2850/2850
f 2872/2872 2873/2873 2850/2850
f 2874/2874 2850/2850 2873/2873
f 2870/2870 2850/2850 2874/2874
f 2872/2872 2849/2849 2875/2875
f 2849/2849 2846/2846 2875/2875
f 2875/2875 18/18 2872/2872
f 18/18 2873/2873 2872/2872
f 2874/2874 2873/2873 2876/2876
f 2876/2876 2873/2873 18/18
f 2870/2870 2874/2874 2876/2876
f 2869/2869 2870/2870 2876/2876
f 2871/2871 2869/2869 2876/2876
f 2877/2877 2868/2868 2871/2871
f 2877/2877 2871/2871 2878/2878
f 2878/2878 2871/2871 2876/2876
f 2879/2879 2868/2868 2877/2877
f 2866/2866 2868/2868 2879/2879
f 2880/2880 2867/2867 2866/2866
f 2881/2881 2882/2882 2866/2866
f 2882/2882 2880/2880 2866/2866
f 2883/2883 2866/2866 2879/2879
f 2866/2866 2883/2883 2884/2884
f 2866/2866 2884/2884 2881/2881
f 2885/2885 2886/2886 2867/2867
f 2886/2886 2865/2865 2867/2867
f 2880/2880 2885/2885 2867/2867
f 2865/2865 2887/2887 2864/2864
f 2886/2886 2888/2888 2865/2865
f 2888/2888 2887/2887 2865/2865
f 2887/2887 2863/2863 2864/2864
f 2887/2887 2889/2889 2863/2863
f 2888/2888 2890/2890 2887/2887
f 2890/2890 2889/2889 2887/2887
f 2888/2888 2891/2891 2890/2890
f 2892/2892 2891/2891 2888/2888
f 2893/2893 2892/2892 2888/2888
f 2893/2893 2888/2888 2886/2886
f 2893/2893 2886/2886 2885/2885
f 2894/2894 2885/2885 2880/2880
f 2895/2895 2893/2893 2885/2885
f 2896/2896 2895/2895 2885/2885
f 2896/2896 2885/2885 2894/2894
f 2882/2882 2894/2894 2880/2880
f 2897/2897 2882/2882 2881/2881
f 2897/2897 2898/2898 2882/2882
f 2898/2898 2899/2899 2882/2882
f 2900/2900 2882/2882 2899/2899
f 2882/2882 2900/2900 2901/2901
f 2882/2882 2901/2901 2894/2894
f 2902/2902 2881/2881 2884/2884
f 2897/2897 2881/2881 2902/2902
f 2903/2903 2902/2902 2884/2884
f 2884/2884 2883/2883 2904/2904
f 2903/2903 2884/2884 2904/2904
f 2883/2883 2879/2879 2904/2904
f 2879/2879 2877/2877 2878/2878
f 2879/2879 2878/2878 2903/2903
f 2903/2903 2904/2904 2879/2879
f 2905/2905 2906/2906 2903/2903
f 2906/2906 2907/2907 2903/2903
f 2907/2907 2908/2908 2903/2903
f 2908/2908 2909/2909 2903/2903
f 2905/2905 2903/2903 2878/2878
f 2909/2909 2902/2902 2903/2903
f 2910/2910 2897/2897 2902/2902
f 2902/2902 2909/2909 2910/2910
f 2911/2911 2897/2897 2910/2910
f 2898/2898 2897/2897 2911/2911
f 2899/2899 2898/2898 2912/2912
f 2898/2898 2911/2911 2912/2912
f 2913/2913 2900/2900 2899/2899
f 2913/2913 2899/2899 2912/2912
f 2900/2900 2914/2914 2901/2901
f 2914/2914 2900/2900 2915/2915
f 2900/2900 2913/2913 2915/2915
f 2901/2901 2916/2916 2894/2894
f 2901/2901 2917/2917 2916/2916
f 2917/2917 2901/2901 2914/2914
f 2916/2916 2896/2896 2894/2894
f 2918/2918 2896/2896 2916/2916
f 2918/2918 2919/2919 2896/2896
f 2919/2919 2895/2895 2896/2896
f 2895/2895 2920/2920 2893/2893
f 2919/2919 2920/2920 2895/2895
f 2920/2920 2892/2892 2893/2893
f 2921/2921 2922/2922 2920/2920
f 2923/2923 2921/2921 2920/2920
f 2919/2919 2923/2923 2920/2920
f 2920/2920 2922/2922 2892/2892
f 2924/2924 2919/2919 2918/2918
f 2924/2924 2923/2923 2919/2919
f 2925/2925 2918/2918 2916/2916
f 2926/2926 2918/2918 2925/2925
f 2927/2927 2928/2928 2918/2918
f 2927/2927 2918/2918 2926/2926
f 2928/2928 2924/2924 2918/2918
f 2917/2917 2929/2929 2916/2916
f 2930/2930 2925/2925 2916/2916
f 2930/2930 2916/2916 2929/2929
f 2929/2929 2917/2917 2931/2931
f 2917/2917 2914/2914 2915/2915
f 2931/2931 2917/2917 2915/2915
f 2915/2915 2932/2932 2931/2931
f 2932/2932 2915/2915 2913/2913
f 2933/2933 2913/2913 2934/2934
f 2932/2932 2913/2913 2933/2933
f 2913/2913 2912/2912 2934/2934
f 2934/2934 2912/2912 2911/2911
f 2910/2910 2934/2934 2911/2911
f 2909/2909 2934/2934 2910/2910
f 2909/2909 2908/2908 2934/2934
f 2907/2907 2935/2935 2908/2908
f 2935/2935 2934/2934 2908/2908
f 2935/2935 2936/2936 2934/2934
f 2936/2936 2937/2937 2934/2934
f 2937/2937 2938/2938 2934/2934
f 2934/2934 2938/2938 2939/2939
f 2934/2934 2939/2939 2933/2933
f 2933/2933 2940/2940 2941/2941
f 2939/2939 2942/2942 2933/2933
f 2942/2942 2940/2940 2933/2933
f 2933/2933 2941/2941 2932/2932
f 2941/2941 2943/2943 2932/2932
f 2932/2932 2943/2943 2931/2931
f 2944/2944 2930/2930 2931/2931
f 2930/2930 2929/2929 2931/2931
f 2945/2945 2931/2931 2946/2946
f 2945/2945 2947/2947 2931/2931
f 2946/2946 2931/2931 2948/2948
f 2948/2948 2931/2931 2943/2943
f 2931/2931 2947/2947 2944/2944
f 2944/2944 2925/2925 2930/2930
f 2949/2949 2925/2925 2944/2944
f 2926/2926 2925/2925 2949/2949
f 2949/2949 2944/2944 2947/2947
f 2950/2950 2949/2949 2947/2947
f 2947/2947 2945/2945 2951/2951
f 2951/2951 2950/2950 2947/2947
f 2946/2946 2952/2952 2945/2945
f 2952/2952 2953/2953 2945/2945
f 2953/2953 2954/2954 2945/2945
f 2945/2945 2954/2954 2955/2955
f 2945/2945 2955/2955 2951/2951
f 2956/2956 2957/2957 2946/2946
f 2946/2946 2957/2957 2952/2952
f 2956/2956 2946/2946 2948/2948
f 2943/2943 2956/2956 2948/2948
f 2958/2958 2943/2943 2941/2941
f 2956/2956 2943/2943 2958/2958
f 2958/2958 2941/2941 2940/2940
f 2942/2942 70/70 2940/2940
f 2958/2958 2940/2940 70/70
f 44/44 70/70 2942/2942
f 2936/2936 2942/2942 2937/2937
f 2942/2942 2939/2939 2937/2937
f 44/44 2942/2942 2936/2936
f 2935/2935 44/44 2936/2936
f 2907/2907 44/44 2935/2935
f 2906/2906 43/43 44/44
f 2906/2906 44/44 2907/2907
f 2905/2905 43/43 2906/2906
f 43/43 2905/2905 46/46
f 46/46 2905/2905 2959/2959
f 2878/2878 2959/2959 2905/2905
f 41/41 46/46 2959/2959
f 2959/2959 2878/2878 41/41
f 2878/2878 2876/2876 40/40
f 41/41 2878/2878 40/40
f 38/38 2876/2876 18/18
f 2876/2876 38/38 40/40
f 42/42 40/40 38/38
f 39/39 42/42 38/38
f 2960/2960 18/18 2875/2875
f 19/19 18/18 2844/2844
f 18/18 2960/2960 2844/2844
f 2875/2875 2961/2961 2960/2960
f 2961/2961 2847/2847 2960/2960
f 2960/2960 2847/2847 2844/2844
f 2875/2875 2846/2846 2961/2961
f 2961/2961 2846/2846 2847/2847
f 2847/2847 2845/2845 2844/2844
f 4136/4136 4137/4137 4135/4135
f 2937/2937 2939/2939 2938/2938
f 70/70 69/69 2957/2957
f 2957/2957 2958/2958 70/70
f 2957/2957 2956/2956 2958/2958
f 2957/2957 69/69 2962/2962
f 2957/2957 2962/2962 2952/2952
f 71/71 2963/2963 69/69
f 69/69 2963/2963 2964/2964
f 69/69 2964/2964 2962/2962
f 2962/2962 2964/2964 2965/2965
f 2952/2952 2962/2962 2953/2953
f 2953/2953 2962/2962 2965/2965
f 2963/2963 2966/2966 2964/2964
f 2965/2965 2964/2964 2967/2967
f 2964/2964 2966/2966 2968/2968
f 2964/2964 2969/2969 2967/2967
f 2964/2964 2968/2968 2969/2969
f 71/71 73/73 2963/2963
f 2963/2963 73/73 2970/2970
f 2963/2963 2970/2970 2966/2966
f 2970/2970 99/99 2966/2966
f 2966/2966 99/99 2971/2971
f 2966/2966 2971/2971 2968/2968
f 2968/2968 2971/2971 2972/2972
f 2968/2968 2972/2972 2973/2973
f 2969/2969 2968/2968 2973/2973
f 2969/2969 2973/2973 2974/2974
f 2969/2969 2974/2974 2975/2975
f 2969/2969 2975/2975 2967/2967
f 2976/2976 2967/2967 2977/2977
f 2967/2967 2975/2975 2977/2977
f 2976/2976 2965/2965 2967/2967
f 2953/2953 2965/2965 2954/2954
f 2955/2955 2954/2954 2965/2965
f 2955/2955 2965/2965 2978/2978
f 2976/2976 2979/2979 2965/2965
f 2979/2979 2978/2978 2965/2965
f 2977/2977 2980/2980 2976/2976
f 2980/2980 2981/2981 2976/2976
f 2979/2979 2976/2976 2981/2981
f 2977/2977 2982/2982 2983/2983
f 2977/2977 2975/2975 2984/2984
f 2977/2977 2984/2984 2982/2982
f 2985/2985 2977/2977 2983/2983
f 2986/2986 2977/2977 2985/2985
f 2980/2980 2977/2977 2986/2986
f 2975/2975 2974/2974 2987/2987
f 2975/2975 2987/2987 2984/2984
f 2973/2973 2988/2988 2974/2974
f 2974/2974 2989/2989 2987/2987
f 2974/2974 2988/2988 2989/2989
f 2972/2972 2990/2990 2973/2973
f 2973/2973 2990/2990 2988/2988
f 2971/2971 2991/2991 2972/2972
f 2972/2972 2992/2992 2990/2990
f 2972/2972 2991/2991 2992/2992
f 99/99 101/101 2971/2971
f 101/101 2991/2991 2971/2971
f 72/72 99/99 2970/2970
f 73/73 72/72 2970/2970
f 2991/2991 2993/2993 2992/2992
f 101/101 2993/2993 2991/2991
f 2990/2990 2992/2992 2994/2994
f 2992/2992 2995/2995 2994/2994
f 2992/2992 2996/2996 2995/2995
f 2993/2993 2996/2996 2992/2992
f 2990/2990 2994/2994 2988/2988
f 2989/2989 2988/2988 2997/2997
f 2988/2988 2998/2998 2997/2997
f 2988/2988 2994/2994 2998/2998
f 2987/2987 2989/2989 2999/2999
f 2989/2989 2997/2997 3000/3000
f 2999/2999 2989/2989 3000/3000
f 2987/2987 2999/2999 2984/2984
f 2982/2982 2984/2984 3001/3001
f 2984/2984 2999/2999 3002/3002
f 2984/2984 3002/3002 3001/3001
f 3002/3002 2999/2999 3000/3000
f 3000/4340 2997/4339 3003/3003
f 3000/4340 3003/3003 3004/3004
f 3000/4340 3004/3004 3002/4341
f 2997/4339 2998/4342 3003/3003
f 2994/2994 3005/3005 2998/2998
f 2998/4342 3005/4343 3006/3006
f 2998/4342 3006/3006 3003/3003
f 2995/2995 3005/3005 2994/2994
f 2995/2995 3007/3007 3008/3008
f 2995/2995 3008/3008 3005/3005
f 2996/2996 3007/3007 2995/2995
f 2996/2996 219/219 3007/3007
f 2993/2993 219/219 2996/2996
f 2993/2993 3009/3009 219/219
f 3010/3010 3009/3009 2993/2993
f 101/101 3010/3010 2993/2993
f 100/100 3010/3010 101/101
f 128/128 3009/3009 3010/3010
f 100/100 128/128 3010/3010
f 3009/3009 158/158 219/219
f 128/128 158/158 3009/3009
f 219/219 217/4158 3007/3007
f 3007/3007 217/4158 3008/3008
f 3005/4343 3008/4344 3011/3011
f 3008/4344 3012/3012 3011/3011
f 3008/4344 217/217 3012/3012
f 3005/4343 3011/3011 3006/3006
f 3011/3011 3013/3013 3006/3006
f 3003/3003 3006/3006 3014/3014
f 3014/3014 3006/3006 3013/3013
f 3003/3003 3015/3015 3004/3004
f 3003/3003 3014/3014 3015/3015
f 3002/4341 3004/3004 3016/3016
f 3004/3004 3017/3017 3016/3016
f 3004/3004 3015/3015 3017/3017
f 3015/3015 3014/3014 3018/3018
f 3015/3015 3018/3018 3019/3019
f 3017/3017 3015/3015 3019/3019
f 3014/3014 3013/3013 3020/3020
f 3014/3014 3020/3020 3018/3018
f 3011/3011 3021/3021 3013/3013
f 3013/3013 3021/3021 3022/3022
f 3013/3013 3022/3022 3020/3020
f 3011/3011 3012/3012 3021/3021
f 3012/3012 221/221 3023/3023
f 3012/3012 3023/3023 3021/3021
f 218/218 221/221 3012/3012
f 217/217 218/218 3012/3012
f 3021/3021 3023/3023 3022/3022
f 3022/3022 3024/3024 3025/3025
f 3022/3022 3025/3025 3020/3020
f 3023/3023 3024/3024 3022/3022
f 3020/3020 3025/3025 3026/3026
f 3020/3020 3026/3026 3027/3027
f 3018/3018 3020/3020 3027/3027
f 3019/3019 3018/3018 3027/3027
f 3019/3019 3027/3027 3028/3028
f 3017/3017 3019/3019 3028/3028
f 3017/3017 3028/3028 3029/3029
f 3016/3016 3017/3017 3029/3029
f 3016/4346 3029/4345 3030/3030
f 3031/3031 3016/4346 3030/3030
f 3002/4347 3016/4346 3031/3031
f 3030/3030 3029/4345 3032/3032
f 3029/3029 3028/3028 3033/3033
f 3029/4345 3033/4348 3032/3032
f 3028/3028 3034/3034 3033/3033
f 3028/3028 3027/3027 3034/3034
f 3027/3027 3026/3026 3034/3034
f 3026/3026 3035/3035 3034/3034
f 3026/3026 3036/3036 3035/3035
f 3026/3026 3025/3025 3036/3036
f 3024/3024 3037/3037 3025/3025
f 3025/3025 3037/3037 3038/3038
f 3025/3025 3038/3038 3036/3036
f 3023/3023 3039/3039 3024/3024
f 3024/3024 3040/3040 3037/3037
f 3039/3039 3040/3040 3024/3024
f 221/221 247/247 3023/3023
f 3023/3023 247/247 3039/3039
f 3039/3039 248/248 3040/3040
f 247/247 248/248 3039/3039
f 3040/3040 3041/3041 3037/3037
f 3040/3040 248/248 3041/3041
f 3037/3037 3041/3041 3042/3042
f 3037/3037 3042/3042 3043/3043
f 3037/3037 3043/3043 3038/3038
f 3036/3036 3038/3038 3043/3043
f 3036/3036 3043/3043 3044/3044
f 3035/3035 3036/3036 3045/3045
f 3036/3036 3044/3044 3045/3045
f 3035/3035 3045/3045 3046/3046
f 3034/3034 3035/3035 3046/3046
f 3033/3033 3034/3034 3047/3047
f 3034/3034 3048/3048 3047/3047
f 3034/3034 3046/3046 3048/3048
f 3033/4348 3047/4349 3049/3049
f 3032/3032 3033/4348 3049/3049
f 3030/3030 3032/3032 3050/3050
f 3032/3032 3049/3049 3050/3050
f 3051/3051 3030/3030 3050/3050
f 3031/3031 3030/3030 3051/3051
f 3050/3050 3049/3049 3052/3052
f 3050/3050 3052/3052 3053/3053
f 3054/3054 3050/3050 3053/3053
f 3051/3051 3050/3050 3054/3054
f 3052/3052 3049/3049 3055/3055
f 3049/3049 3047/4349 3055/3055
f 3047/3047 3048/3048 3056/3056
f 3047/4349 3056/4350 3055/3055
f 3056/3056 3048/3048 3046/3046
f 3046/3046 3057/3057 3058/3058
f 3056/3056 3046/3046 3058/3058
f 3046/3046 3045/3045 3057/3057
f 3045/3045 3059/3059 3057/3057
f 3045/3045 3044/3044 3059/3059
f 3044/3044 3043/3043 3060/3060
f 3044/3044 3060/3060 3059/3059
f 3042/3042 3061/3061 3043/3043
f 3043/3043 3061/3061 3060/3060
f 3061/3061 3042/3042 3062/3062
f 3042/3042 274/274 3062/3062
f 3041/3041 274/274 3042/3042
f 248/248 274/274 3041/3041
f 3062/3062 274/274 302/302
f 274/274 273/273 302/302
f 3061/3061 3062/3062 3063/3063
f 3063/3063 3062/3062 3064/3064
f 3062/3062 302/302 3064/3064
f 3061/3061 3063/3063 3065/3065
f 3060/3060 3061/3061 3065/3065
f 3060/3060 3065/3065 3066/3066
f 3059/3059 3060/3060 3066/3066
f 3059/3059 3066/3066 3067/3067
f 3057/3057 3059/3059 3067/3067
f 3057/3057 3067/3067 3058/3058
f 3058/3058 3067/3067 3068/3068
f 3069/3069 3058/3058 3068/3068
f 3056/3056 3058/3058 3069/3069
f 3055/3055 3056/4350 3070/3070
f 3056/4350 3069/4351 3070/3070
f 3071/3071 3055/3055 3070/3070
f 3052/3052 3055/3055 3071/3071
f 3072/3072 3052/3052 3071/3071
f 3053/3053 3052/3052 3072/3072
f 3054/3054 3053/3053 3073/3073
f 3053/3053 3072/3072 3073/3073
f 3054/3054 3073/3073 3074/3074
f 3075/3075 3054/3054 3074/3074
f 3075/3075 3051/3051 3054/3054
f 3073/3073 3076/3076 3077/3077
f 3073/3073 3077/3077 3078/3078
f 3079/3079 3073/3073 3078/3078
f 3073/3073 3072/3072 3076/3076
f 3074/3074 3073/3073 3080/3080
f 3080/3080 3073/3073 3079/3079
f 3072/3072 3071/3071 3076/3076
f 3071/3071 3081/3081 3082/3082
f 3071/3071 3082/3082 3076/3076
f 3071/3071 3070/3070 3081/3081
f 3070/3070 3069/4351 3083/3083
f 3070/3070 3083/3083 3081/3081
f 3083/3083 3069/4351 3084/3084
f 3069/3069 3068/3068 3084/4352
f 3068/3068 3085/3085 3086/3086
f 3067/3067 3085/3085 3068/3068
f 3084/4352 3068/3068 3086/3086
f 3067/3067 3066/3066 3085/3085
f 3085/3085 3066/3066 3087/3087
f 3066/3066 3088/3088 3087/3087
f 3066/3066 3089/3089 3088/3088
f 3065/3065 3089/3089 3066/3066
f 3065/3065 3063/3063 3089/3089
f 3063/3063 3064/3064 3090/3090
f 3089/3089 3063/3063 3090/3090
f 3089/3089 3090/3090 3091/3091
f 3089/3089 3091/3091 3088/3088
f 3092/3092 3088/3088 3093/3093
f 3088/3088 3091/3091 3094/3094
f 3088/3088 3094/3094 3093/3093
f 3087/3087 3088/3088 3092/3092
f 3095/3095 3087/3087 3092/3092
f 3085/3085 3087/3087 3095/3095
f 3085/3085 3095/3095 3086/3086
f 3086/3086 3096/3096 3097/3097
f 3084/4352 3086/3086 3097/3097
f 3086/3086 3095/3095 3096/3096
f 3098/3098 3084/4353 3099/3099
f 3084/4353 3097/4354 3099/3099
f 3100/3100 3084/3084 3098/4355
f 3083/3083 3084/3084 3100/3100
f 3101/3101 3083/3083 3100/3100
f 3081/3081 3083/3083 3101/3101
f 3081/3081 3101/3101 3082/3082
f 3082/3082 3101/3101 3102/3102
f 3082/3082 3102/3102 3103/3103
f 3104/3104 3082/3082 3103/3103
f 3076/3076 3082/3082 3104/3104
f 3077/3077 3076/3076 3104/3104
f 3077/3077 3104/3104 3078/3078
f 3104/3104 3103/3103 3105/3105
f 3078/3078 3104/3104 3105/3105
f 3106/3106 3078/3078 3105/3105
f 3079/3079 3078/3078 3106/3106
f 3105/3105 3103/3103 3107/3107
f 3108/3108 3105/3105 3107/3107
f 3109/3109 3105/3105 3110/3110
f 3105/3105 3108/3108 3110/3110
f 3111/3111 3105/3105 3109/3109
f 3106/3106 3105/3105 3111/3111
f 3112/3112 3113/3113 3103/4356
f 3102/3102 3112/4357 3103/3103
f 3103/4356 3113/3113 3107/4358
f 3102/4359 3098/3098 3114/3114
f 3102/4359 3114/3114 3112/4360
f 3101/3101 3098/4355 3102/3102
f 3098/3098 3099/3099 3114/3114
f 3101/3101 3100/3100 3098/4355
f 3097/4354 3115/3115 3099/3099
f 3099/3099 3115/3115 3114/3114
f 3116/3116 3115/3115 3097/4354
f 3117/3117 3116/3116 3097/4354
f 3096/3096 3117/4361 3097/3097
f 3096/3096 3118/3118 3117/4361
f 3096/3096 3095/3095 3118/3118
f 3095/3095 3092/3092 3118/3118
f 3092/3092 3119/3119 3118/3118
f 3092/3092 3093/3093 3119/3119
f 3118/3118 3119/3119 3117/4361
f 3119/4362 3120/3120 3117/3117
f 3120/3120 3116/3116 3117/3117
f 3116/3116 3120/3120 3121/3121
f 3115/3115 3116/3116 3122/3122
f 3116/3116 3121/3121 3122/3122
f 3115/3115 3122/3122 3123/3123
f 3124/3124 3115/3115 3123/3123
f 3115/3115 3124/3124 3114/3114
f 3114/3114 3124/3124 3112/4360
f 3124/3124 3125/3125 3112/4360
f 3112/3112 3125/4363 3113/3113
f 3113/3113 3125/4363 3126/3126
f 3126/3126 3127/3127 3113/3113
f 3127/3127 3128/3128 3113/3113
f 3113/3113 3128/3128 3107/4358
f 3128/4364 3129/3129 3107/3107
f 3107/3107 3129/3129 3110/3110
f 3107/3107 3110/3110 3108/3108
f 3109/3109 3110/3110 3130/3130
f 3110/3110 3131/3131 3130/3130
f 3131/3131 3110/3110 3129/3129
f 3111/3111 3109/3109 3130/3130
f 3132/3132 3106/3106 3111/3111
f 3132/3132 3111/3111 3133/3133
f 3111/3111 3130/3130 3133/3133
f 3079/3079 3106/3106 3132/3132
f 3134/3134 3079/3079 3132/3132
f 3134/3134 3132/3132 3135/3135
f 3132/3132 3133/3133 3135/3135
f 3133/3133 3136/3136 3135/3135
f 3133/3133 3130/3130 3131/3131
f 3136/3136 3133/3133 3137/3137
f 3133/3133 3131/3131 3137/3137
f 3138/3138 3131/3131 3139/3139
f 3138/3138 3140/3140 3131/3131
f 3129/3129 3139/3139 3131/3131
f 3137/3137 3131/3131 3140/3140
f 3129/3129 3128/4364 3139/3139
f 3128/3128 3127/3127 3139/4365
f 3141/3141 3127/3127 3126/3126
f 3127/3127 3141/3141 3139/4365
f 3125/4363 3142/3142 3126/3126
f 3142/3142 3141/3141 3126/3126
f 3125/3125 3124/3124 3143/3143
f 3142/3142 3125/4363 3144/3144
f 3125/3125 3143/3143 3144/4366
f 3143/3143 3124/3124 3145/3145
f 3124/3124 3123/3123 3145/3145
f 3123/3123 3122/3122 3146/3146
f 3123/3123 3146/3146 3145/3145
f 3122/3122 3147/3147 3148/3148
f 3122/3122 3148/3148 3146/3146
f 3121/3121 3147/3147 3122/3122
f 3146/3146 3148/3148 3149/3149
f 3146/3146 3149/3149 3150/3150
f 3145/3145 3146/3146 3150/3150
f 3145/3145 3151/3151 3152/3152
f 3143/3143 3145/3145 3152/3152
f 3145/3145 3150/3150 3151/3151
f 3153/3153 3143/3143 3152/3152
f 3144/4366 3143/3143 3153/3153
f 3144/4366 3153/3153 3154/3154
f 3138/3138 3144/4366 3154/3154
f 3155/3155 3144/4366 3138/3138
f 3144/3144 3156/3156 3142/3142
f 3156/4367 3144/4366 3155/3155
f 3138/3138 3154/3154 3140/3140
f 3155/3155 3138/3138 3139/3139
f 3141/3141 3156/3156 3139/4365
f 3156/3156 3155/4368 3139/4365
f 3156/3156 3141/3141 3142/3142
f 3140/3140 3154/3154 3157/3157
f 3140/3140 3157/3157 3137/3137
f 3157/3157 3158/3158 3137/3137
f 3158/3158 3136/3136 3137/3137
f 3159/3159 3136/3136 3158/3158
f 3136/3136 3159/3159 3135/3135
f 3158/3158 3154/3154 3160/3160
f 3158/3158 3160/3160 3159/3159
f 3157/3157 3154/3154 3158/3158
f 3154/3154 3153/3153 3160/3160
f 3153/3153 3161/3161 3160/3160
f 3153/3153 3152/3152 3161/3161
f 3152/3152 3151/3151 3161/3161
f 3151/3151 3162/3162 3161/3161
f 3151/3151 3163/3163 3162/3162
f 3151/3151 3150/3150 3163/3163
f 3150/3150 3149/3149 3163/3163
f 3164/3164 3149/3149 3165/3165
f 3163/3163 3149/3149 3164/3164
f 3148/3148 3165/3165 3149/3149
f 3148/3148 3166/3166 3165/3165
f 3148/3148 3147/3147 3166/3166
f 3147/3147 3167/3167 3166/3166
f 3147/3147 3168/3168 3167/3167
f 3121/3121 3168/3168 3147/3147
f 3169/3169 3166/3166 3170/3170
f 3166/3166 3171/3171 3170/3170
f 3165/3165 3166/3166 3169/3169
f 3166/3166 3167/3167 3171/3171
f 3165/3165 3169/3169 3172/3172
f 3164/3164 3165/3165 3172/3172
f 3163/3163 3164/3164 3173/3173
f 3164/3164 3172/3172 3173/3173
f 3163/3163 3173/3173 3162/3162
f 3162/3162 3173/3173 3174/3174
f 3161/3161 3162/3162 3174/3174
f 3161/3161 3174/3174 3175/3175
f 3160/3160 3161/3161 3175/3175
f 3176/3176 3160/3160 3175/3175
f 3177/3177 3160/3160 3176/3176
f 3177/3177 3178/3178 3160/3160
f 3178/3178 3159/3159 3160/3160
f 3159/3159 3178/3178 3135/3135
f 3179/3179 3178/3178 3177/3177
f 3178/3178 3179/3179 3180/3180
f 3135/3135 3178/3178 3180/3180
f 3176/3176 3179/3179 3177/3177
f 3176/3176 3175/3175 3181/3181
f 3182/3182 3179/3179 3176/3176
f 3182/3182 3176/3176 3183/3183
f 3183/3183 3176/3176 3184/3184
f 3176/3176 3181/3181 3184/3184
f 3175/3175 3185/3185 3186/3186
f 3175/3175 3174/3174 3185/3185
f 3187/3187 3175/3175 3188/3188
f 3175/3175 3187/3187 3189/3189
f 3175/3175 3189/3189 3181/3181
f 3186/3186 3188/3188 3175/3175
f 3185/3185 3174/3174 3190/3190
f 3174/3174 3191/3191 3190/3190
f 3174/3174 3173/3173 3191/3191
f 3173/3173 3192/3192 3191/3191
f 3173/3173 3172/3172 3192/3192
f 3172/3172 3169/3169 3193/3193
f 3172/3172 3193/3193 3192/3192
f 3169/3169 3170/3170 3194/3194
f 3169/3169 3194/3194 3193/3193
f 3195/3195 3193/3193 3196/3196
f 3193/3193 3197/3197 3196/3196
f 3193/3193 3194/3194 3197/3197
f 3192/3192 3193/3193 3195/3195
f 3192/3192 3195/3195 3191/3191
f 3191/3191 3195/3195 3198/3198
f 3191/3191 3198/3198 3190/3190
f 3190/3190 3198/3198 3199/3199
f 3185/3185 3190/3190 3199/3199
f 3186/3186 3185/3185 3199/3199
f 3186/3186 3199/3199 3200/3200
f 3201/3201 3186/3186 3202/3202
f 3188/3188 3186/3186 3201/3201
f 3200/3200 3203/3203 3186/3186
f 3203/3203 3202/3202 3186/3186
f 3187/3187 3188/3188 3204/3204
f 3188/3188 3205/3205 3204/3204
f 3188/3188 3201/3201 3205/3205
f 3189/3189 3187/3187 3204/3204
f 3206/3206 3181/3181 3189/3189
f 3207/3207 3189/3189 3204/3204
f 3207/3207 3206/3206 3189/3189
f 3184/3184 3181/3181 3206/3206
f 3206/3206 3207/3207 3184/3184
f 3208/3208 3183/3183 3184/3184
f 3207/3207 3208/3208 3184/3184
f 3182/3182 3183/3183 3180/3180
f 3180/3180 3183/3183 3208/3208
f 3179/3179 3182/3182 3180/3180
f 3209/3209 3180/3180 3208/3208
f 3210/3210 3180/3180 3209/3209
f 3211/3211 3180/3180 3210/3210
f 3180/3180 3211/3211 3212/3212
f 3180/3180 3212/3212 3135/3135
f 3213/3213 3208/3208 3207/3207
f 3208/3208 3213/3213 3214/3214
f 3208/3208 3214/3214 3209/3209
f 3215/3215 3207/3207 3216/3216
f 3213/3213 3207/3207 3215/3215
f 3204/3204 3217/3217 3207/3207
f 3207/3207 3217/3217 3216/3216
f 3217/3217 3204/3204 3218/3218
f 3205/3205 3218/3218 3204/3204
f 3201/3201 3202/3202 3205/3205
f 3203/3203 3219/3219 3205/3205
f 3219/3219 3220/3220 3205/3205
f 3218/3218 3205/3205 3221/3221
f 3203/3203 3205/3205 3202/3202
f 3221/3221 3205/3205 3220/3220
f 3203/3203 3200/3200 3219/3219
f 3200/3200 3199/3199 3222/3222
f 3222/3222 3219/3219 3200/3200
f 3222/3222 3220/3220 3219/3219
f 3223/3223 3220/3220 3222/3222
f 3223/3223 3221/3221 3220/3220
f 3224/3224 3225/3225 3221/3221
f 3225/3225 3218/3218 3221/3221
f 3221/3221 3223/3223 3226/3226
f 3221/3221 3226/3226 3224/3224
f 3225/3225 3227/3227 3218/3218
f 3227/3227 3228/3228 3218/3218
f 3228/3228 3229/3229 3218/3218
f 3229/3229 3217/3217 3218/3218
f 3229/3229 3230/3230 3217/3217
f 3230/3230 3216/3216 3217/3217
f 3216/3216 3231/3231 3232/3232
f 3230/3230 3231/3231 3216/3216
f 3216/3216 3232/3232 3215/3215
f 3232/3232 3233/3233 3215/3215
f 3233/3233 3213/3213 3215/3215
f 3213/3213 3234/3234 3214/3214
f 3233/3233 3234/3234 3213/3213
f 3235/3235 3209/3209 3214/3214
f 3235/3235 3214/3214 3234/3234
f 3080/3080 3235/3235 3234/3234
f 3233/3233 3080/3080 3234/3234
f 3232/3232 3080/3080 3233/3233
f 3231/3231 3080/3080 3232/3232
f 3231/3231 3074/3074 3080/3080
f 3229/3229 3074/3074 3231/3231
f 3229/3229 3231/3231 3230/3230
f 3228/3228 3074/3074 3229/3229
f 3228/3228 3227/3227 3074/3074
f 3225/3225 3074/3074 3227/3227
f 3225/3225 3075/3075 3074/3074
f 3225/3225 3224/3224 3075/3075
f 3236/3236 3075/3075 3224/3224
f 3236/3236 3224/3224 3226/3226
f 3237/3237 3238/3238 3226/3226
f 3238/3238 3239/3239 3226/3226
f 3239/3239 3236/3236 3226/3226
f 3237/3237 3226/3226 3240/3240
f 3241/3241 3226/3226 3223/3223
f 3226/3226 3241/3241 3240/3240
f 3223/3223 3242/3242 3243/3243
f 3242/3242 3223/3223 3222/3222
f 3223/3223 3243/3243 3241/3241
f 3222/3222 3199/3199 3244/3244
f 3242/3242 3222/3222 3244/3244
f 3243/3243 3242/3242 3244/3244
f 3243/3243 3244/3244 3245/3245
f 3243/3243 3245/3245 3241/3241
f 3245/3245 3246/3246 3241/3241
f 3246/3246 3247/3247 3241/3241
f 3241/3241 3247/3247 3240/3240
f 3248/3248 3240/3240 3249/3249
f 3240/3240 3248/3248 3250/3250
f 3240/3240 3251/3251 3237/3237
f 3240/3240 3247/3247 3249/3249
f 3251/3251 3240/3240 3252/3252
f 3252/3252 3240/3240 3250/3250
f 3237/3237 3253/3253 3238/3238
f 3254/3254 3253/3253 3237/3237
f 3254/3254 3237/3237 3251/3251
f 3051/3051 3239/3239 3238/3238
f 3051/3051 3238/3238 3253/3253
f 3236/3236 3239/3239 3051/3051
f 3075/3075 3236/3236 3051/3051
f 3253/3253 3031/3031 3051/3051
f 3255/3255 3031/3031 3253/3253
f 3254/3254 3256/3256 3253/3253
f 3253/3253 3256/3256 3257/3257
f 3253/3253 3257/3257 3255/3255
f 3256/3256 3254/3254 3251/3251
f 3258/3258 3257/3257 3251/3251
f 3257/3257 3256/3256 3251/3251
f 3252/3252 3258/3258 3251/3251
f 3258/3258 3252/3252 3259/3259
f 3260/3260 3252/3252 3250/3250
f 3252/3252 3260/3260 3259/3259
f 3261/3261 3262/3262 3250/3250
f 3262/3262 3260/3260 3250/3250
f 3261/3261 3250/3250 3248/3248
f 3249/3249 3261/3261 3248/3248
f 3261/3261 3249/3249 3263/3263
f 3247/3247 3263/3263 3249/3249
f 3263/3263 3247/3247 3246/3246
f 3245/3245 3244/3244 3246/3246
f 3263/3263 3246/3246 3244/3244
f 3244/3244 3199/3199 3263/3263
f 3199/3199 3198/3198 3262/3262
f 3199/3199 3262/3262 3263/3263
f 3198/3198 3264/3264 3262/3262
f 3264/3264 3260/3260 3262/3262
f 3262/3262 3261/3261 3263/3263
f 3264/3264 3265/3265 3260/3260
f 3260/3260 3265/3265 3259/3259
f 3266/3266 3267/3267 3259/3259
f 3266/3266 3259/3259 3268/3268
f 3267/3267 3269/3269 3259/3259
f 3269/3269 3258/3258 3259/3259
f 3270/3270 3259/3259 3265/3265
f 3259/3259 3270/3270 3268/3268
f 3258/3258 3255/3255 3257/3257
f 3255/3255 3258/3258 3269/3269
f 3255/3255 3269/3269 3031/3031
f 3267/3267 3266/3266 3031/3031
f 3267/3267 3031/3031 3269/3269
f 3271/3271 3031/3031 3266/3266
f 3002/4347 3031/3031 3271/3271
f 3271/3271 3266/3266 3268/3268
f 3272/3272 3273/3273 3268/3268
f 3273/3273 3271/3271 3268/3268
f 3270/3270 3272/3272 3268/3268
f 3274/3274 3275/3275 3270/3270
f 3275/4370 3276/3276 3270/4369
f 3276/3276 3277/3277 3270/4369
f 3277/3277 3278/3278 3270/4369
f 3278/3278 3272/4371 3270/4369
f 3270/3270 3265/3265 3274/3274
f 3265/3265 3264/3264 3274/3274
f 3264/3264 3279/3279 3280/3280
f 3198/3198 3279/3279 3264/3264
f 3264/3264 3280/3280 3274/3274
f 3198/3198 3195/3195 3279/3279
f 3279/3279 3281/3281 3280/3280
f 3279/3279 3282/3282 3281/3281
f 3196/3196 3282/3282 3279/3279
f 3195/3195 3196/3196 3279/3279
f 3280/4373 3281/4372 3283/3283
f 3280/4373 3283/3283 3284/3284
f 3285/3285 3276/3276 3280/4373
f 3276/3276 3275/4370 3280/4373
f 3285/3285 3280/4373 3284/3284
f 3274/3274 3280/3280 3275/3275
f 3276/3276 3285/3285 3284/3284
f 3276/3276 3284/3284 3277/3277
f 3286/3286 3277/3277 3284/3284
f 3277/3277 3286/3286 3287/3287
f 3287/3287 3278/3278 3277/3277
f 3288/3288 3289/3289 3278/3278
f 3289/3289 3272/4371 3278/3278
f 3290/3290 3291/3291 3278/3278
f 3278/3278 3287/3287 3292/3292
f 3278/3278 3292/3292 3290/3290
f 3278/3278 3291/3291 3288/3288
f 3289/3289 3293/3293 3272/4371
f 3002/4347 3273/3273 3272/3272
f 3002/3002 3272/4371 3293/3293
f 3273/3273 3002/4347 3271/3271
f 3002/3002 3293/3293 3001/3001
f 3001/3001 3293/3293 3289/3289
f 3288/3288 3001/3001 3289/3289
f 3001/3001 3288/3288 3294/3294
f 3294/3294 3288/3288 3291/3291
f 3295/3295 3296/3296 3291/3291
f 3296/3296 3294/3294 3291/3291
f 3290/3290 3297/3297 3291/3291
f 3297/3297 3295/3295 3291/3291
f 3292/3292 3298/3298 3290/3290
f 3298/3298 3299/3299 3290/3290
f 3299/3299 3300/3300 3290/3290
f 3300/3300 3297/3297 3290/3290
f 3292/3292 3301/3301 3302/3302
f 3292/3292 3302/3302 3298/3298
f 3286/3286 3301/3301 3292/3292
f 3286/3286 3292/3292 3287/3287
f 3301/3301 3286/3286 3284/3284
f 3284/3284 3283/3283 3303/3303
f 3301/3301 3284/3284 3302/3302
f 3284/3284 3303/3303 3302/3302
f 3283/3283 3304/3304 3305/3305
f 3283/3283 3281/4372 3304/3304
f 3303/3303 3283/3283 3305/3305
f 3303/3303 3306/3306 3307/3307
f 3303/3303 3308/3308 3309/3309
f 3303/3303 3307/3307 3308/3308
f 3305/3305 3306/3306 3303/3303
f 3309/3309 3310/3310 3303/3303
f 3310/3310 3300/3300 3303/3303
f 3299/3299 3302/3302 3303/3303
f 3299/3299 3303/3303 3300/3300
f 3299/3299 3298/3298 3302/3302
f 3300/3300 3310/3310 3297/3297
f 3310/3310 3311/3311 3297/3297
f 3312/3312 3297/3297 3311/3311
f 3297/3297 3312/3312 3295/3295
f 3313/3313 2982/2982 3295/3295
f 3296/3296 3295/3295 2982/2982
f 3313/3313 3295/3295 3312/3312
f 3296/3296 3001/3001 3294/3294
f 3001/3001 3296/3296 2982/2982
f 3314/3314 2982/2982 3313/3313
f 3315/3315 2982/2982 3316/3316
f 2982/2982 3314/3314 3316/3316
f 2982/2982 3315/3315 2983/2983
f 3314/3314 3313/3313 3312/3312
f 3316/3316 3314/3314 3312/3312
f 3311/3311 3316/3316 3312/3312
f 3310/3310 3317/3317 3311/3311
f 3317/3317 3318/3318 3311/3311
f 3318/3318 3319/3319 3311/3311
f 3316/3316 3311/3311 3315/3315
f 3315/3315 3311/3311 3319/3319
f 3317/3317 3310/3310 3309/3309
f 3309/3309 3308/3308 3320/3320
f 3317/3317 3309/3309 3320/3320
f 3308/3308 3321/3321 2927/2927
f 3308/3308 2927/2927 2926/2926
f 3320/3320 3308/3308 2926/2926
f 3307/3307 3321/3321 3308/3308
f 3307/3307 3322/3322 3321/3321
f 3306/3306 3322/3322 3307/3307
f 3306/3306 3305/3305 3323/3323
f 3306/3306 3323/3323 3322/3322
f 3324/3324 3323/3323 3305/3305
f 3304/3304 3324/3324 3305/3305
f 3304/3304 3325/3325 3324/3324
f 3326/3326 3325/3325 3304/3304
f 3281/4372 3326/3326 3304/3304
f 3324/3324 3327/3327 3328/3328
f 3324/3324 3328/3328 3323/3323
f 3325/3325 3327/3327 3324/3324
f 3323/3323 3328/3328 3322/3322
f 3322/3322 3328/3328 3329/3329
f 3322/3322 3329/3329 3321/3321
f 3321/3321 2928/2928 2927/2927
f 3321/3321 3330/3330 2928/2928
f 3321/3321 3329/3329 3330/3330
f 3329/3329 3331/3331 3330/3330
f 3329/3329 3332/3332 3331/3331
f 3328/3328 3332/3332 3329/3329
f 3328/3328 3333/3333 3332/3332
f 3327/3327 3333/3333 3328/3328
f 3327/3327 3334/3334 3333/3333
f 3327/3327 3335/3335 3334/3334
f 3336/3336 3335/3335 3327/3327
f 3326/3326 3327/3327 3325/3325
f 3326/3326 3336/3336 3327/3327
f 3337/3337 3336/4375 3326/4374
f 3338/3338 3337/3337 3326/4374
f 3338/3338 3326/4374 3281/3281
f 3282/3282 3338/3338 3281/3281
f 3339/3339 3337/3337 3338/3338
f 3282/3282 3339/3339 3338/3338
f 3337/3337 3340/3340 3336/4375
f 3339/3339 3341/3341 3337/3337
f 3341/3341 3340/3340 3337/3337
f 3340/3340 3342/3342 3336/4375
f 3336/4375 3342/3342 3335/4376
f 3335/3335 3343/3343 3344/3344
f 3345/3345 3343/4377 3335/4376
f 3345/3345 3335/4376 3342/3342
f 3335/3335 3344/3344 3334/3334
f 3334/3334 3344/3344 3333/3333
f 3333/3333 3346/3346 3332/3332
f 3333/3333 3347/3347 3346/3346
f 3333/3333 3348/3348 3347/3347
f 3344/3344 3348/3348 3333/3333
f 3332/3332 3346/3346 3331/3331
f 3331/3331 2921/2921 2923/2923
f 3330/3330 3331/3331 2923/2923
f 3331/3331 3349/3349 2921/2921
f 3346/3346 3349/3349 3331/3331
f 3330/3330 2923/2923 2924/2924
f 2928/2928 3330/3330 2924/2924
f 3349/3349 3350/3350 3351/3351
f 3349/3349 3351/3351 2921/2921
f 3349/3349 3352/3352 3350/3350
f 3346/3346 3352/3352 3349/3349
f 3346/3346 3347/3347 3352/3352
f 3348/3348 3353/3353 3347/3347
f 3347/3347 3354/3354 3352/3352
f 3347/3347 3353/3353 3354/3354
f 3348/3348 3355/3355 3353/3353
f 3348/3348 3356/3356 3355/3355
f 3344/3344 3356/3356 3348/3348
f 3343/3343 3356/3356 3344/3344
f 3357/3357 3356/3356 3343/3343
f 3358/3358 3357/4378 3343/4377
f 3345/3345 3358/3358 3343/4377
f 3359/3359 3358/3358 3345/3345
f 3359/3359 3345/3345 3342/3342
f 3360/3360 3342/3342 3340/3340
f 3360/3360 3359/3359 3342/3342
f 3361/3361 3360/3360 3340/3340
f 3341/3341 3361/3361 3340/3340
f 3197/3197 3341/3341 3339/3339
f 3197/3197 3362/3362 3341/3341
f 3362/3362 3361/3361 3341/3341
f 3196/3196 3339/3339 3282/3282
f 3197/3197 3339/3339 3196/3196
f 3194/3194 3362/3362 3197/3197
f 3362/3362 3363/3363 3361/3361
f 3194/3194 3170/3170 3362/3362
f 3170/3170 3363/3363 3362/3362
f 3361/3361 3364/3364 3360/3360
f 3365/3365 3364/3364 3361/3361
f 3363/3363 3365/3365 3361/3361
f 3364/3364 3359/3359 3360/3360
f 3359/3359 3366/3366 3358/3358
f 3367/3367 3366/3366 3359/3359
f 3364/3364 3367/3367 3359/3359
f 3358/3358 3368/3368 3357/4378
f 3369/3369 3368/3368 3358/3358
f 3366/3366 3369/3369 3358/3358
f 3356/3356 3357/3357 3370/3370
f 3357/3357 3371/3371 3370/3370
f 3357/3357 3372/3372 3371/3371
f 3368/3368 3372/4379 3357/4378
f 3356/3356 3370/3370 3355/3355
f 3355/3355 3373/3373 3374/3374
f 3353/3353 3355/3355 3374/3374
f 3370/3370 3373/3373 3355/3355
f 3353/3353 3374/3374 3354/3354
f 3350/3350 3354/3354 3375/3375
f 3354/3354 3374/3374 3375/3375
f 3352/3352 3354/3354 3350/3350
f 3374/3374 3373/3373 3376/3376
f 3375/3375 3374/3374 3376/3376
f 3373/4381 3377/3377 3376/4380
f 3373/4381 3378/3378 3377/3377
f 3371/4382 3378/3378 3373/4381
f 3370/3370 3371/3371 3373/3373
f 3371/4382 3379/3379 3378/3378
f 3371/4382 3380/3380 3379/3379
f 3372/4379 3380/3380 3371/4382
f 3381/3381 3382/3382 3372/4379
f 3368/3368 3381/3381 3372/4379
f 3382/3382 3380/3380 3372/4379
f 3383/3383 3381/3381 3368/3368
f 3369/3369 3383/3383 3368/3368
f 3384/3384 3383/3383 3369/3369
f 3366/3366 3384/3384 3369/3369
f 3385/3385 3384/3384 3366/3366
f 3367/3367 3385/3385 3366/3366
f 3386/3386 3367/3367 3364/3364
f 3386/3386 3387/3387 3367/3367
f 3387/3387 3385/3385 3367/3367
f 3365/3365 3386/3386 3364/3364
f 3388/3388 3386/3386 3365/3365
f 3388/3388 3365/3365 3363/3363
f 3170/3170 3388/3388 3363/3363
f 3171/3171 3388/3388 3170/3170
f 3388/3388 3389/3389 3386/3386
f 3388/3388 3390/3390 3389/3389
f 3391/3391 3390/3390 3388/3388
f 3171/3171 3391/3391 3388/3388
f 3389/3389 3387/3387 3386/3386
f 3392/3392 3385/3385 3387/3387
f 3389/3389 3392/3392 3387/3387
f 3385/3385 3393/3393 3384/3384
f 3392/3392 3394/3394 3385/3385
f 3394/3394 3393/3393 3385/3385
f 3384/3384 3395/3395 3383/3383
f 3393/3393 3396/3396 3384/3384
f 3396/3396 3395/3395 3384/3384
f 3395/3395 3397/3397 3383/3383
f 3383/3383 3397/3397 3382/3382
f 3383/3383 3382/3382 3381/3381
f 3382/3382 3398/3398 3380/3380
f 3399/3399 3398/3398 3382/3382
f 3397/3397 3399/3399 3382/3382
f 3380/3380 3400/3400 3379/3379
f 3380/3380 3398/3398 3400/3400
f 3379/3379 3401/3401 3378/3378
f 3379/3379 3400/3400 3401/3401
f 3378/3378 3401/3401 3402/3402
f 3377/3377 3378/3378 3402/3402
f 3377/3377 3403/3403 3376/4380
f 3377/3377 3402/3402 3403/3403
f 3402/3402 3404/3404 3405/3405
f 3402/3402 3405/3405 3403/3403
f 3402/3402 3406/3406 3404/3404
f 3401/3401 3406/3406 3402/3402
f 3400/3400 3407/3407 3401/3401
f 3401/3401 3407/3407 3406/3406
f 3408/3408 3407/3407 3400/3400
f 3398/3398 3408/3408 3400/3400
f 3398/3398 3409/3409 3408/3408
f 3399/3399 3409/3409 3398/3398
f 3399/3399 3410/3410 3409/3409
f 3411/3411 3410/3410 3399/3399
f 3397/3397 3411/3411 3399/3399
f 3412/3412 3397/3397 3395/3395
f 3412/3412 3413/3413 3397/3397
f 3413/3413 3411/3411 3397/3397
f 3396/3396 3412/3412 3395/3395
f 3396/3396 3414/3414 3412/3412
f 3415/3415 3414/3414 3396/3396
f 3393/3393 3415/3415 3396/3396
f 3394/3394 3415/3415 3393/3393
f 3416/3416 3417/3417 3394/3394
f 3417/3417 3415/3415 3394/3394
f 3416/3416 3394/3394 3392/3392
f 3390/3390 3418/3418 3392/3392
f 3389/3389 3390/3390 3392/3392
f 3418/3418 3416/3416 3392/3392
f 3416/3416 3419/3419 3417/3417
f 3420/3420 3416/3416 3418/3418
f 3420/3420 3419/3419 3416/3416
f 3417/3417 3421/3421 3415/3415
f 3419/3419 3421/3421 3417/3417
f 3421/3421 3414/3414 3415/3415
f 3414/3414 3422/3422 3412/3412
f 3414/3414 3423/3423 3422/3422
f 3421/3421 3423/3423 3414/3414
f 3422/3422 3413/3413 3412/3412
f 3424/3424 3411/3411 3413/3413
f 3422/3422 3425/3425 3413/3413
f 3425/3425 3424/3424 3413/3413
f 3411/3411 3426/3426 3427/3427
f 3411/3411 3427/3427 3410/3410
f 3424/3424 3426/3426 3411/3411
f 3410/3410 3428/3428 3409/3409
f 3410/3410 3427/3427 3428/3428
f 3409/3409 3429/3429 3408/3408
f 3428/3428 3429/3429 3409/3409
f 3407/3407 3408/3408 3430/3430
f 3408/3408 3429/3429 3430/3430
f 3407/3407 3430/3430 3431/3431
f 3407/3407 3431/3431 3406/3406
f 3406/3406 3431/3431 3432/3432
f 3406/3406 3432/3432 3404/3404
f 3431/3431 3433/3433 3432/3432
f 3434/3434 3433/3433 3431/3431
f 3430/3430 3434/3434 3431/3431
f 3430/3430 3435/3435 3434/3434
f 3429/3429 3435/3435 3430/3430
f 3436/3436 3435/3435 3429/3429
f 3428/3428 3436/3436 3429/3429
f 3437/3437 3436/3436 3428/3428
f 3427/3427 3437/3437 3428/3428
f 3438/3438 3437/3437 3427/3427
f 3426/3426 3438/3438 3427/3427
f 3424/3424 3439/3439 3426/3426
f 3439/3439 3438/3438 3426/3426
f 3440/3440 3439/3439 3424/3424
f 3441/3441 3440/3440 3424/3424
f 3441/3441 3424/3424 3425/3425
f 3442/3442 3425/3425 3422/3422
f 3442/3442 3441/3441 3425/3425
f 3423/3423 3442/3442 3422/3422
f 3443/3443 3442/3442 3423/3423
f 3423/3423 3444/3444 3443/3443
f 3445/3445 3423/3423 3421/3421
f 3444/3444 3423/3423 3445/3445
f 3446/3446 3421/3421 3419/3419
f 3446/3446 3445/3445 3421/3421
f 3447/3447 3446/3446 3419/3419
f 3447/3447 3419/3419 3420/3420
f 3448/3448 3445/3445 3446/3446
f 3449/3449 3448/3448 3446/3446
f 3447/3447 3449/3449 3446/3446
f 3448/3448 3444/3444 3445/3445
f 3450/3450 3443/3443 3444/3444
f 3451/3451 3444/3444 3448/3448
f 3451/3451 3452/3452 3444/3444
f 3452/3452 3450/3450 3444/3444
f 3443/3443 3453/3453 3442/3442
f 3450/3450 3453/3453 3443/3443
f 3453/3453 3441/3441 3442/3442
f 3454/3454 3440/3440 3441/3441
f 3453/3453 3454/3454 3441/3441
f 3440/3440 3455/3455 3456/3456
f 3440/3440 3456/3456 3439/3439
f 3457/3457 3455/3455 3440/3440
f 3454/3454 3457/3457 3440/3440
f 3456/3456 3438/3438 3439/3439
f 3438/3438 3458/3458 3459/3459
f 3438/3438 3459/3459 3437/3437
f 3456/3456 3458/3458 3438/3438
f 3437/3437 3460/3460 3436/3436
f 3459/3459 3461/3461 3437/3437
f 3437/3437 3461/3461 3460/3460
f 3436/3436 3462/3462 3435/3435
f 3460/3460 3462/3462 3436/3436
f 3435/3435 3463/3463 3434/3434
f 3435/3435 3462/3462 3463/3463
f 3462/3462 3464/3464 3463/3463
f 3460/3460 3464/3464 3462/3462
f 3460/3460 3465/3465 3464/3464
f 3461/3461 3466/3466 3460/3460
f 3466/3466 3465/3465 3460/3460
f 3459/3459 3466/3466 3461/3461
f 3459/3459 3467/3467 3466/3466
f 3458/3458 3467/3467 3459/3459
f 3468/3468 3469/3469 3458/3458
f 3458/3458 3469/3469 3467/3467
f 3468/3468 3458/3458 3456/3456
f 3455/3455 3468/3468 3456/3456
f 3457/3457 3470/3470 3455/3455
f 3470/3470 3468/3468 3455/3455
f 3454/3454 3471/3471 3457/3457
f 3457/3457 3471/3471 3470/3470
f 3472/3472 3473/3473 3454/3454
f 3473/3473 3471/3471 3454/3454
f 3472/3472 3454/3454 3453/3453
f 3472/3472 3453/3453 3450/3450
f 3450/3450 3452/3452 3472/3472
f 3451/3451 3474/3474 3452/3452
f 3474/3474 3475/3475 3452/3452
f 3475/3475 3476/3476 3452/3452
f 3452/3452 3476/3476 3472/3472
f 3476/3476 3473/3473 3472/3472
f 3477/3477 3473/3473 3476/3476
f 3477/3477 3478/3478 3473/3473
f 3473/3473 3478/3478 3471/3471
f 3478/3478 3479/3479 3471/3471
f 3479/3479 3480/3480 3471/3471
f 3471/3471 3480/3480 3481/3481
f 3471/3471 3481/3481 3470/3470
f 3481/3481 3468/3468 3470/3470
f 3481/3481 3482/3482 3468/3468
f 3468/3468 3482/3482 3469/3469
f 3482/3482 3483/3483 3469/3469
f 3483/3483 3484/3484 3469/3469
f 3469/3469 3484/3484 3467/3467
f 3467/3467 3484/3484 3466/3466
f 3484/3484 3485/3485 3466/3466
f 3466/3466 3486/3486 3465/3465
f 3466/3466 3485/3485 3486/3486
f 3465/3465 3487/3487 3464/3464
f 3465/3465 3488/3488 3487/3487
f 3486/3486 3488/3488 3465/3465
f 3464/3464 3487/3487 3489/3489
f 3464/3464 3489/3489 3490/3490
f 3463/3463 3464/3464 3490/3490
f 3463/3463 3490/3490 3491/3491
f 3434/3434 3463/3463 3491/3491
f 3491/3491 3490/3490 3492/3492
f 3490/3490 3489/3489 3492/3492
f 3487/3487 3493/3493 3489/3489
f 3489/3489 3493/3493 3494/3494
f 3489/3489 3494/3494 3495/3495
f 3492/3492 3489/3489 3495/3495
f 3488/3488 3493/3493 3487/3487
f 3486/3486 3496/3496 3488/3488
f 3488/3488 3496/3496 3493/3493
f 3485/3485 3497/3497 3486/3486
f 3497/3497 3496/3496 3486/3486
f 3484/3484 3498/3498 3485/3485
f 3498/3498 3499/3499 3485/3485
f 3485/3485 3499/3499 3497/3497
f 3483/3483 3498/3498 3484/3484
f 3482/3482 479/479 3483/3483
f 479/479 3500/3500 3483/3483
f 3500/3500 3501/3501 3483/3483
f 3483/3483 3501/3501 3498/3498
f 3502/3502 477/477 3482/3482
f 477/477 479/479 3482/3482
f 3502/3502 3482/3482 3481/3481
f 3480/3480 3502/3502 3481/3481
f 3479/3479 3503/3503 3480/3480
f 3503/3503 3502/3502 3480/3480
f 3478/3478 3504/3504 3479/3479
f 3504/3504 3503/3503 3479/3479
f 422/422 449/449 3503/3503
f 422/422 3503/3503 3504/3504
f 3503/3503 449/449 476/476
f 3503/3503 476/476 3502/3502
f 476/476 477/477 3502/3502
f 3505/3505 422/422 3504/3504
f 3505/3505 3504/3504 3478/3478
f 420/420 422/422 3505/3505
f 420/420 3505/3505 3506/3506
f 3506/3506 3505/3505 3477/3477
f 3505/3505 3478/3478 3477/3477
f 391/391 420/420 3506/3506
f 391/391 3506/3506 3507/3507
f 3507/3507 3506/3506 3475/3475
f 3475/3475 3506/3506 3477/3477
f 3475/3475 3477/3477 3476/3476
f 3508/3508 3507/3507 3475/3475
f 3508/3508 3475/3475 3474/3474
f 390/390 3507/3507 3509/3509
f 3507/3507 390/390 391/391
f 3509/3509 3507/3507 3508/3508
f 3509/3509 3508/3508 3510/3510
f 3510/3510 3508/3508 3474/3474
f 3510/3510 3474/3474 3511/3511
f 3511/3511 3474/3474 3451/3451
f 3512/3512 3510/3510 3511/3511
f 3512/3512 3509/3509 3510/3510
f 363/4159 3509/3509 3512/3512
f 363/4159 390/390 3509/3509
f 3513/3513 363/4159 3512/3512
f 3513/3513 3512/3512 3514/3514
f 3512/3512 3511/3511 3514/3514
f 3514/3514 3511/3511 3515/3515
f 3511/3511 3451/3451 3515/3515
f 3449/3449 3451/3451 3448/3448
f 3515/3515 3451/3451 3449/3449
f 3515/3515 3449/3449 3516/3516
f 3517/3517 3515/4384 3516/4383
f 3514/4385 3515/4384 3517/3517
f 3518/3518 3514/4385 3517/3517
f 3519/3519 3513/3513 3514/3514
f 3519/4386 3514/4385 3518/3518
f 336/336 3513/4387 3520/3520
f 363/363 3513/4387 336/336
f 3513/4387 3519/4386 3520/3520
f 3520/3520 3519/4386 337/337
f 337/337 3519/4386 3521/3521
f 3519/4386 3518/3518 3521/3521
f 3518/3518 3517/3517 3522/3522
f 3523/3523 3518/3518 3522/3522
f 3521/3521 3518/3518 3523/3523
f 3517/3517 3516/4383 3524/3524
f 3522/3522 3517/3517 3524/3524
f 3516/3516 3449/3449 3447/3447
f 3524/4388 3516/3516 3447/3447
f 3524/4388 3447/3447 3525/3525
f 3526/3526 3524/4388 3525/3525
f 3527/3527 3524/3524 3526/4389
f 3522/3522 3524/3524 3527/3527
f 3523/3523 3522/3522 3527/3527
f 3528/3528 3523/3523 3527/3527
f 3529/3529 3521/3521 3523/3523
f 3523/3523 3528/3528 3530/3530
f 3529/3529 3523/3523 3530/3530
f 3531/3531 334/334 3521/3521
f 3532/3532 3531/3531 3521/3521
f 3532/3532 3521/3521 3529/3529
f 3521/3521 334/334 337/337
f 336/336 3520/3520 337/337
f 333/333 334/334 3531/3531
f 3533/3533 333/333 3531/3531
f 3532/3532 3533/3533 3531/3531
f 3534/3534 3533/3533 3532/3532
f 3534/3534 3532/3532 3529/3529
f 3535/3535 3534/3534 3529/3529
f 3535/3535 3529/3529 3530/3530
f 3530/3530 3528/3528 3536/3536
f 3530/3530 3536/3536 3119/3119
f 3119/3119 3093/3093 3530/3530
f 3093/3093 3535/3535 3530/3530
f 3536/3536 3528/3528 3527/3527
f 3536/3536 3527/3527 3526/4389
f 3526/3526 3525/3525 3537/3537
f 3538/3538 3526/3526 3537/3537
f 3536/4390 3526/3526 3538/3538
f 3525/3525 3447/3447 3539/3539
f 3525/3525 3539/3539 3540/3540
f 3537/3537 3525/3525 3540/3540
f 3539/3539 3447/3447 3420/3420
f 3539/3539 3420/3420 3541/3541
f 3540/3540 3539/3539 3541/3541
f 3540/3540 3541/3541 3542/3542
f 3537/3537 3540/3540 3543/3543
f 3543/3543 3540/3540 3542/3542
f 3538/3538 3537/3537 3543/3543
f 3544/3544 3538/3538 3543/3543
f 3545/3545 3538/3538 3544/3544
f 3545/3545 3536/4390 3538/3538
f 3536/4390 3545/3545 3119/4362
f 3119/4362 3545/3545 3120/3120
f 3120/3120 3545/3545 3544/3544
f 3544/3544 3168/3168 3121/3121
f 3120/3120 3544/3544 3121/3121
f 3544/3544 3543/3543 3168/3168
f 3168/3168 3543/3543 3542/3542
f 3542/3542 3546/3546 3547/3547
f 3168/3168 3542/3542 3167/3167
f 3542/3542 3547/3547 3167/3167
f 3542/3542 3541/3541 3546/3546
f 3541/3541 3420/3420 3546/3546
f 3420/3420 3418/3418 3546/3546
f 3546/3546 3390/3390 3547/3547
f 3546/3546 3418/3418 3390/3390
f 3391/3391 3547/3547 3390/3390
f 3167/3167 3547/3547 3391/3391
f 3167/3167 3391/3391 3171/3171
f 3093/3093 3094/3094 3535/3535
f 3094/3094 3534/3534 3535/3535
f 3091/3091 3548/3548 3534/3534
f 3548/3548 3533/3533 3534/3534
f 3091/3091 3534/3534 3094/3094
f 3090/3090 3548/3548 3091/3091
f 3090/3090 3064/3064 3548/3548
f 3064/3064 303/303 3548/3548
f 3548/3548 303/303 304/304
f 3548/3548 304/304 3533/3533
f 302/302 303/303 3064/3064
f 304/304 332/332 3533/3533
f 3533/3533 332/332 333/333
f 479/479 480/480 3500/3500
f 478/478 508/508 480/480
f 508/508 3549/3549 480/480
f 3500/3500 480/480 3501/3501
f 480/480 3549/3549 3501/3501
f 508/508 510/510 3549/3549
f 3549/3549 510/510 3550/3550
f 3501/3501 3549/3549 3551/3551
f 3549/3549 3550/3550 3551/3551
f 3501/3501 3551/3551 3498/3498
f 3498/3498 3551/3551 3499/3499
f 3550/3550 3552/3552 3551/3551
f 3551/3551 3553/3553 3499/3499
f 3551/3551 3552/3552 3553/3553
f 510/510 3554/3554 3550/3550
f 3550/3550 3554/3554 3552/3552
f 509/509 3555/3555 510/510
f 510/510 3555/3555 3554/3554
f 3555/3555 3556/3556 3554/3554
f 3556/3556 3557/3557 3554/3554
f 3552/3552 3554/3554 3558/3558
f 3554/3554 3557/3557 3558/3558
f 3552/3552 3558/3558 3553/3553
f 3499/3499 3553/3553 3559/3559
f 3553/3553 3560/3560 3559/3559
f 3553/3553 3558/3558 3560/3560
f 3497/3497 3499/3499 3559/3559
f 3497/3497 3559/3559 3496/3496
f 3559/3559 3561/3561 3496/3496
f 3559/3559 3560/3560 3561/3561
f 3558/3558 3562/3562 3560/3560
f 3560/3560 3562/3562 3563/3563
f 3560/3560 3563/3563 3561/3561
f 3558/3558 3557/3557 3562/3562
f 3556/3556 3564/3564 3557/3557
f 3557/3557 3564/3564 3565/3565
f 3557/3557 3565/3565 3566/3566
f 3557/3557 3566/3566 3562/3562
f 512/512 3556/3556 3555/3555
f 3556/3556 512/512 3564/3564
f 509/509 511/511 3555/3555
f 511/511 512/512 3555/3555
f 512/512 537/4391 3564/3564
f 537/4391 3565/3565 3564/3564
f 537/4391 613/4392 3565/3565
f 3565/3565 613/4392 3567/3567
f 3565/3565 3567/3567 3566/3566
f 3566/3566 3567/3567 3568/3568
f 3566/3566 3568/3568 3569/3569
f 3562/3562 3566/3566 3569/3569
f 3562/3562 3569/3569 3563/3563
f 3563/3563 3569/3569 3570/3570
f 3563/3563 3570/3570 3571/3571
f 3572/3572 3563/3563 3571/3571
f 3561/3561 3563/3563 3572/3572
f 3496/3496 3561/3561 3572/3572
f 3496/3496 3572/3572 3573/3573
f 3496/3496 3573/3573 3493/3493
f 3573/3573 3572/3572 3574/3574
f 3572/3572 3571/3571 3574/3574
f 3571/3571 3570/3570 3575/3575
f 3571/3571 3575/3575 3576/3576
f 3571/3571 3576/3576 3574/3574
f 3569/3569 3577/3577 3570/3570
f 3570/3570 3577/3577 3575/3575
f 3569/3569 3568/3568 3577/3577
f 3567/4394 3578/3578 3568/4393
f 3568/4393 3578/3578 3577/4395
f 613/613 3579/3579 3567/4394
f 3567/4394 3579/3579 3580/3580
f 3567/4394 3580/3580 3578/3578
f 537/537 536/536 613/613
f 613/613 614/614 3579/3579
f 614/614 3581/3581 3579/3579
f 3579/3579 3582/3582 3580/3580
f 3579/3579 3581/3581 3583/3583
f 3579/3579 3583/3583 3582/3582
f 3578/3578 3580/3580 3584/3584
f 3580/3580 3582/3582 3584/3584
f 3577/4395 3578/3578 3585/3585
f 3578/3578 3584/3584 3586/3586
f 3578/3578 3586/3586 3585/3585
f 3577/4395 3585/3585 3575/4396
f 3575/4396 3587/3587 3576/4397
f 3575/4396 3588/3588 3587/3587
f 3575/4396 3585/3585 3588/3588
f 3576/4397 3587/3587 3589/3589
f 3590/3590 3576/3576 3589/4398
f 3574/3574 3576/3576 3590/3590
f 3573/3573 3574/3574 3493/3493
f 3493/3493 3574/3574 3590/3590
f 3493/3493 3590/3590 3494/3494
f 3590/3590 3589/4398 3591/3591
f 3494/3494 3590/3590 3592/3592
f 3592/3592 3590/3590 3591/3591
f 3589/3589 3587/3587 3593/3593
f 3589/3589 3593/3593 3594/3594
f 3595/3595 3589/3589 3594/3594
f 3591/3591 3589/4398 3595/4399
f 3587/3587 3588/3588 3596/3596
f 3587/3587 3596/3596 3593/3593
f 3585/3585 3597/3597 3588/3588
f 3588/3588 3598/3598 3596/3596
f 3588/3588 3599/3599 3598/3598
f 3597/3597 3599/3599 3588/3588
f 3585/3585 3600/3600 3597/3597
f 3586/3586 3600/3600 3585/3585
f 3586/3586 3601/3601 3600/3600
f 3584/3584 3601/3601 3586/3586
f 3584/3584 3582/3582 3601/3601
f 3582/3582 3602/3602 3601/3601
f 3583/3583 3602/3602 3582/3582
f 3583/3583 3603/3603 3602/3602
f 3604/3604 3603/3603 3583/3583
f 3605/3605 3604/3604 3583/3583
f 3581/3581 3605/3605 3583/3583
f 614/614 615/615 3581/3581
f 615/615 616/616 3581/3581
f 3581/3581 616/616 3605/3605
f 3605/3605 3606/3606 3604/3604
f 3606/3606 3605/3605 642/642
f 616/616 642/642 3605/3605
f 3604/3604 3607/3607 3603/3603
f 3608/3608 3607/3607 3604/3604
f 3608/3608 3604/3604 3609/3609
f 3606/3606 3609/3609 3604/3604
f 3610/3610 3603/3603 3611/3611
f 3607/3607 3611/3611 3603/3603
f 3603/3603 3610/3610 3612/3612
f 3603/3603 3612/3612 3602/3602
f 3602/3602 3613/3613 3614/3614
f 3601/3601 3602/3602 3614/3614
f 3615/3615 3616/3616 3602/3602
f 3602/3602 3616/3616 3613/3613
f 3617/3617 3602/3602 3612/3612
f 3615/3615 3602/3602 3617/3617
f 3601/3601 3618/3618 3600/3600
f 3601/3601 3614/3614 3618/3618
f 3600/3600 3619/3619 3620/3620
f 3597/3597 3600/3600 3620/3620
f 3618/3618 3619/3619 3600/3600
f 3597/3597 3620/3620 3599/3599
f 3599/3599 3620/3620 3621/3621
f 3599/3599 3621/3621 3622/3622
f 3598/3598 3599/3599 3622/3622
f 3596/3596 3598/3598 3622/3622
f 3622/3622 3621/3621 3623/3623
f 3622/3622 3623/3623 3624/3624
f 3625/3625 3622/3622 3624/3624
f 3596/3596 3622/3622 3625/3625
f 3623/3623 3621/3621 3626/3626
f 3621/3621 3627/3627 3626/3626
f 3620/3620 3627/3627 3621/3621
f 3620/3620 3619/3619 3627/3627
f 3627/3627 3619/3619 3628/3628
f 3618/3618 3629/3629 3619/3619
f 3619/3619 3629/3629 3630/3630
f 3630/3630 3631/3631 3619/3619
f 3619/3619 3631/3631 3628/3628
f 3618/3618 3632/3632 3629/3629
f 3614/3614 3613/3613 3618/3618
f 3613/3613 3632/3632 3618/3618
f 3613/3613 3633/3633 3632/3632
f 3634/3634 3633/3633 3613/3613
f 3616/3616 3635/3635 3613/3613
f 3634/3634 3613/3613 3635/3635
f 3635/3635 3616/3616 3636/3636
f 3616/3616 3615/3615 3637/3637
f 3616/3616 3637/3637 3636/3636
f 3615/3615 3617/3617 3637/3637
f 3617/3617 3612/3612 3638/3638
f 3637/3637 3617/3617 3610/3610
f 3617/3617 3638/3638 3610/3610
f 3612/3612 3610/3610 3638/3638
f 3610/3610 3611/3611 3639/3639
f 3637/3637 3610/3610 3640/3640
f 3639/3639 3640/3640 3610/3610
f 3641/3641 3636/3636 3637/3637
f 3641/3641 3637/3637 3640/3640
f 3633/3633 3634/3634 3636/3636
f 3633/3633 3636/3636 3642/3642
f 3634/3634 3635/3635 3636/3636
f 649/649 3636/3636 3641/3641
f 649/649 648/648 3636/3636
f 648/648 3643/3643 3636/3636
f 3642/3642 3636/3636 3644/3644
f 3636/3636 3643/3643 3644/3644
f 3633/3633 3645/3645 3632/3632
f 3645/3645 3633/3633 3642/3642
f 3632/3632 3646/3646 3629/3629
f 3632/3632 3645/3645 3646/3646
f 3646/3646 3647/3647 3629/3629
f 3629/3629 3647/3647 3648/3648
f 3629/3629 3648/3648 3630/3630
f 3649/3649 3630/3630 3648/3648
f 3650/3650 3630/3630 3649/3649
f 3630/3630 3650/3650 3651/3651
f 3630/3630 3651/3651 3631/3631
f 3649/3649 3648/3648 3652/3652
f 3648/3648 3647/3647 3652/3652
f 3647/3647 3653/3653 3652/3652
f 3646/3646 3654/3654 3647/3647
f 3654/3654 3653/3653 3647/3647
f 3645/3645 3654/3654 3646/3646
f 3654/3654 3645/3645 3655/3655
f 3642/3642 3655/3655 3645/3645
f 3655/3655 3642/3642 3644/3644
f 3655/3655 3644/3644 647/647
f 647/647 3644/3644 3643/3643
f 648/648 647/647 3643/3643
f 674/674 3655/3655 647/647
f 3656/3656 3655/3655 674/674
f 3655/3655 3656/3656 3654/3654
f 3656/3656 3657/3657 3654/3654
f 3657/3657 3653/3653 3654/3654
f 3657/3657 3652/3652 3653/3653
f 3650/3650 3649/3649 3652/3652
f 3650/3650 3652/3652 3658/3658
f 3657/3657 3659/3659 3652/3652
f 3659/3659 3660/3660 3652/3652
f 3660/3660 3661/3661 3652/3652
f 3658/3658 3652/3652 3661/3661
f 3650/3650 3662/3662 3651/3651
f 3662/3662 3650/3650 3658/3658
f 3651/3651 3662/3662 3663/3663
f 3651/3651 3663/3663 3664/3664
f 3651/3651 3664/3664 3631/3631
f 3663/3663 3662/3662 3665/3665
f 3665/3665 3662/3662 3666/3666
f 3658/3658 3666/3666 3662/3662
f 3666/3666 3658/3658 3661/3661
f 3666/3666 3661/3661 3667/3667
f 3660/3660 3667/3667 3661/3661
f 3660/3660 3659/3659 3667/3667
f 3667/3667 3659/3659 673/673
f 3659/3659 3657/3657 673/673
f 673/673 3657/3657 3656/3656
f 673/673 3656/3656 674/674
f 3667/3667 673/673 672/672
f 672/672 3668/3668 3667/3667
f 3668/3668 3666/3666 3667/3667
f 3669/3669 3666/3666 3668/3668
f 3666/3666 3669/3669 3665/3665
f 3670/3670 3664/3664 3665/3665
f 3664/3664 3663/3663 3665/3665
f 3669/3669 3671/3671 3665/3665
f 3671/3671 3672/3672 3665/3665
f 3672/3672 3673/3673 3665/3665
f 3673/3673 3674/3674 3665/3665
f 3674/3674 3670/3670 3665/3665
f 3670/3670 3631/3631 3664/3664
f 3631/3631 3670/3670 3675/3675
f 3631/3631 3675/3675 3676/3676
f 3631/3631 3676/3676 3677/3677
f 3628/3628 3631/3631 3677/3677
f 3675/3675 3670/3670 3674/3674
f 3678/3678 3675/3675 3674/3674
f 3673/3673 3679/3679 3674/3674
f 3679/3679 3680/3680 3674/3674
f 3678/3678 3674/3674 3681/3681
f 3674/3674 3680/3680 3681/3681
f 3679/3679 3673/3673 3682/3682
f 3682/3682 3673/3673 3672/3672
f 3671/3671 3682/3682 3672/3672
f 3682/3682 3671/3671 3669/3669
f 3682/3682 3669/3669 3668/3668
f 3682/3682 3668/3668 672/672
f 671/671 3682/3682 672/672
f 671/671 3683/3683 3682/3682
f 3683/3683 3679/3679 3682/3682
f 3683/3683 3680/3680 3679/3679
f 3680/3680 3683/3683 3684/3684
f 3680/3680 3684/3684 3685/3685
f 3681/3681 3680/3680 3685/3685
f 3676/3676 3678/3678 3681/3681
f 3676/3676 3681/3681 3686/3686
f 3686/3686 3681/3681 3687/3687
f 3687/3687 3681/3681 3685/3685
f 3675/3675 3678/3678 3676/3676
f 3676/3676 3686/3686 3677/3677
f 3626/3626 3628/3628 3677/3677
f 3626/3626 3677/3677 3688/3688
f 3686/3686 3687/3687 3677/3677
f 3677/3677 3687/3687 3688/3688
f 3627/3627 3628/3628 3626/3626
f 3623/3623 3626/3626 3689/3689
f 3626/3626 3690/3690 3689/3689
f 3690/3690 3626/3626 3688/3688
f 3687/3687 3691/3691 3688/3688
f 3690/3690 3688/3688 3692/3692
f 3688/3688 3691/3691 3693/3693
f 3693/3693 3694/3694 3688/3688
f 3688/3688 3695/3695 3692/3692
f 3694/3694 3695/3695 3688/3688
f 3691/3691 3687/3687 3696/3696
f 3687/3687 3685/3685 3696/3696
f 3684/3684 3697/3697 3685/3685
f 3697/3697 3698/3698 3685/3685
f 3685/3685 3698/3698 3696/3696
f 671/671 3697/3697 3684/3684
f 671/671 3684/3684 3683/3683
f 698/698 3698/3698 671/671
f 3697/3697 671/671 3698/3698
f 698/698 3699/3699 3698/3698
f 3698/3698 3699/3699 3696/3696
f 3700/3700 3691/3691 3696/3696
f 3699/3699 3701/3701 3696/3696
f 3696/3696 3701/3701 3700/3700
f 3691/3691 3700/3700 3693/3693
f 3693/3693 3700/3700 3702/3702
f 3693/3693 3702/3702 3694/3694
f 3703/3703 3694/3694 3702/3702
f 3694/3694 3703/3703 3704/3704
f 3694/3694 3704/3704 3695/3695
f 3704/3704 3705/3705 3695/3695
f 3692/4401 3695/4400 3706/3706
f 3695/3695 3705/3705 3707/3707
f 3695/3695 3707/3707 3708/3708
f 3695/4400 3708/4402 3706/3706
f 3689/3689 3690/3690 3692/3692
f 3689/4403 3692/4401 3709/3709
f 3709/3709 3692/4401 3710/3710
f 3710/3710 3692/4401 3711/3711
f 3692/4401 3706/3706 3711/3711
f 3623/3623 3689/3689 3712/3712
f 3712/4404 3689/4403 3709/3709
f 3624/3624 3623/3623 3712/3712
f 3713/3713 3712/4404 3714/3714
f 3715/3715 3712/3712 3713/4405
f 3712/4404 3709/3709 3714/3714
f 3716/3716 3624/3624 3712/3712
f 3716/3716 3712/3712 3715/3715
f 3714/3714 3709/3709 3710/3710
f 3714/3714 3710/3710 3717/3717
f 3710/3710 3711/3711 3717/3717
f 3717/3717 3711/3711 3718/3718
f 3711/3711 3706/3706 3718/3718
f 3708/4402 3719/3719 3706/3706
f 3719/3719 3720/3720 3706/3706
f 3706/3706 3720/3720 3721/3721
f 3706/3706 3721/3721 3718/3718
f 3722/3722 3708/3708 3707/3707
f 3708/4402 3722/4406 3723/3723
f 3708/4402 3723/3723 3719/3719
f 3722/3722 3707/3707 3724/3724
f 3707/3707 3705/3705 3724/3724
f 3705/3705 3704/3704 3724/3724
f 3704/3704 3703/3703 3724/3724
f 3703/3703 3702/3702 3725/3725
f 3703/3703 3725/3725 3726/3726
f 3724/3724 3703/3703 3726/3726
f 3702/3702 3700/3700 3725/3725
f 3725/3725 3700/3700 3701/3701
f 3701/3701 3727/3727 3725/3725
f 3727/3727 3726/3726 3725/3725
f 3727/3727 3701/3701 698/698
f 698/698 3701/3701 3699/3699
f 3727/3727 697/697 3726/3726
f 697/697 3727/3727 698/698
f 3728/3728 3726/3726 697/697
f 3726/3726 3728/3728 3724/3724
f 3728/3728 3729/3729 3724/3724
f 3729/3729 3730/3730 3724/3724
f 3730/3730 3722/3722 3724/3724
f 3723/3723 3722/4406 3731/3731
f 3722/3722 3730/3730 3732/3732
f 3731/3731 3722/4406 3732/4407
f 3719/3719 3723/3723 3733/3733
f 3733/3733 3723/3723 3731/3731
f 3719/3719 3733/3733 3720/3720
f 3734/3734 3721/3721 3720/3720
f 3720/3720 3735/3735 3736/3736
f 3720/3720 3736/3736 3734/3734
f 3735/3735 3720/3720 3733/3733
f 3734/3734 774/774 3721/3721
f 3721/3721 774/774 773/773
f 3721/3721 773/773 772/772
f 3721/3721 772/772 802/802
f 3718/3718 3721/3721 803/803
f 802/802 803/803 3721/3721
f 3737/3737 3718/3718 803/803
f 3738/3738 3718/3718 3737/3737
f 3717/3717 3718/3718 3738/3738
f 3739/3739 3717/3717 3738/3738
f 3739/3739 3714/3714 3717/3717
f 3738/3738 3737/3737 3740/3740
f 3741/3741 3738/3738 3740/3740
f 3739/3739 3738/3738 3741/3741
f 3742/3742 3737/3737 3743/3743
f 3740/3740 3737/3737 3742/3742
f 3737/3737 803/803 3743/3743
f 3743/3743 803/803 849/849
f 3742/3742 3743/3743 849/849
f 3742/3742 849/849 876/876
f 3744/3744 3742/3742 876/876
f 3740/3740 3742/3742 3744/3744
f 3745/3745 3740/3740 3744/3744
f 3741/3741 3740/3740 3745/3745
f 3746/3746 3741/3741 3745/3745
f 3739/3739 3741/3741 3746/3746
f 3747/3747 3739/3739 3746/3746
f 3747/3747 3713/3713 3739/3739
f 3713/3713 3714/3714 3739/3739
f 3748/3748 3746/3746 3745/3745
f 3749/3749 3746/3746 3748/3748
f 3749/3749 3747/3747 3746/3746
f 3745/3745 3744/3744 3750/3750
f 3745/3745 3750/3750 3748/3748
f 3744/3744 876/876 877/877
f 3751/3751 3744/3744 877/877
f 3750/3750 3744/3744 3751/3751
f 3748/3748 3750/3750 3751/3751
f 3752/3752 3748/3748 3751/3751
f 3753/3753 3748/3748 3752/3752
f 3753/3753 3749/3749 3748/3748
f 3754/3754 3747/3747 3749/3749
f 3755/3755 3754/3754 3749/3749
f 3755/3755 3749/3749 3753/3753
f 3756/3756 3713/4405 3747/4408
f 3757/3757 3747/4408 3754/4409
f 3757/3757 3756/3756 3747/4408
f 3715/3715 3713/4405 3756/3756
f 3758/3758 3756/3756 3757/3757
f 3759/3759 3715/3715 3756/3756
f 3759/3759 3756/3756 3758/3758
f 3760/3760 3758/3758 3757/3757
f 3760/3760 3757/3757 3761/3761
f 3761/3761 3757/3757 3754/4409
f 3761/3761 3754/4409 3755/4410
f 3762/3762 3761/3761 3755/4410
f 3763/3763 3755/3755 3753/3753
f 3762/3762 3755/4410 3763/4411
f 3764/3764 3753/3753 3752/3752
f 3763/3763 3753/3753 3764/3764
f 3765/3765 3752/3752 3766/3766
f 3764/3764 3752/3752 3765/3765
f 3752/3752 3751/3751 3766/3766
f 3751/3751 879/879 3766/3766
f 3751/3751 877/877 879/879
f 3767/3767 3766/3766 3768/3768
f 3765/3765 3766/3766 3767/3767
f 3766/3766 879/879 3768/3768
f 3769/3769 3764/3764 3765/3765
f 3769/3769 3765/3765 3770/3770
f 3770/3770 3765/3765 3767/3767
f 3771/3771 3764/3764 3769/3769
f 3771/3771 3763/3763 3764/3764
f 3772/3772 3762/3762 3763/4411
f 3772/3772 3763/4411 3771/4412
f 3773/3773 3761/3761 3762/3762
f 3774/3774 3773/3773 3762/3762
f 3774/3774 3762/3762 3775/3775
f 3775/3775 3762/3762 3772/3772
f 3773/3773 3760/3760 3761/3761
f 3776/3776 3777/3777 3760/3760
f 3776/3776 3760/3760 3773/3773
f 3777/3777 3758/3758 3760/3760
f 3778/3778 3759/3759 3758/3758
f 3777/3777 3778/3778 3758/3758
f 3778/3778 3779/3779 3759/3759
f 3759/3759 3716/3716 3715/3715
f 3779/3779 3716/3716 3759/3759
f 3780/3780 3594/3594 3778/3778
f 3594/3594 3779/3779 3778/3778
f 3777/3777 3780/3780 3778/3778
f 3781/3781 3780/3780 3777/3777
f 3781/3781 3777/3777 3776/3776
f 3782/3782 3781/3781 3776/3776
f 3783/3783 3776/3776 3773/3773
f 3784/3784 3776/3776 3783/3783
f 3785/3785 3776/3776 3784/3784
f 3785/3785 3782/3782 3776/3776
f 3783/3783 3773/3773 3774/3774
f 3784/3784 3783/3783 3774/3774
f 3774/3774 3775/3775 3786/3786
f 3787/3787 3774/3774 3786/3786
f 3787/3787 3784/3784 3774/3774
f 3786/3786 3775/3775 3788/3788
f 3788/3788 3775/3775 3772/3772
f 3788/3788 3772/3772 3789/3789
f 3789/3789 3772/3772 3771/4412
f 3789/3789 3771/4412 3790/3790
f 3790/4413 3771/3771 3769/3769
f 3790/4413 3769/3769 3791/3791
f 3791/3791 3769/3769 3770/3770
f 3791/3791 3770/3770 3792/3792
f 3792/3792 3770/3770 3793/3793
f 3770/3770 3794/3794 3793/3793
f 3770/3770 3767/3767 3794/3794
f 3795/3795 3790/4413 3791/3791
f 3795/3795 3791/3791 3792/3792
f 3796/3796 3789/3789 3790/3790
f 3796/3796 3790/3790 3797/3797
f 3797/4414 3790/4413 3795/3795
f 3796/3796 3788/3788 3789/3789
f 3798/3798 3786/3786 3788/3788
f 3798/3798 3788/3788 3796/3796
f 3799/3799 3786/3786 3798/3798
f 3800/3800 3787/3787 3786/3786
f 3800/3800 3786/3786 3799/3799
f 3801/3801 3787/3787 3800/3800
f 3801/3801 3785/3785 3787/3787
f 3787/3787 3785/3785 3784/3784
f 3802/3802 3785/3785 3801/3801
f 3802/4416 3803/3803 3785/4415
f 3803/3803 3804/3804 3785/4415
f 3804/3804 3782/4417 3785/4415
f 3782/3782 3805/3805 3781/3781
f 3806/3806 3782/4417 3804/3804
f 3806/3806 3807/3807 3782/4417
f 3807/3807 3805/4418 3782/4417
f 3805/3805 3780/3780 3781/3781
f 3805/3805 3595/3595 3780/3780
f 3591/3591 3595/4399 3805/4418
f 3807/3807 3592/3592 3805/4418
f 3591/3591 3805/4418 3592/3592
f 3808/3808 3807/3807 3806/3806
f 3808/3808 3495/3495 3807/3807
f 3495/3495 3592/3592 3807/3807
f 3809/3809 3806/3806 3804/3804
f 3809/3809 3808/3808 3806/3806
f 3810/3810 3804/3804 3803/3803
f 3809/3809 3804/3804 3810/3810
f 3810/3810 3803/3803 3802/4416
f 3811/3811 3802/3802 3800/3800
f 3802/3802 3801/3801 3800/3800
f 3812/3812 3802/4416 3811/4419
f 3812/3812 3810/3810 3802/4416
f 3813/3813 3800/3800 3799/3799
f 3811/3811 3800/3800 3813/3813
f 3814/3814 3799/3799 3815/3815
f 3813/3813 3799/3799 3814/3814
f 3799/3799 3798/3798 3815/3815
f 3798/3798 3796/3796 3816/3816
f 3815/3815 3798/3798 3816/3816
f 3816/3816 3796/3796 3797/3797
f 3797/4414 3795/3795 3817/3817
f 3818/3818 3797/4414 3817/3817
f 3819/3819 3797/3797 3818/4420
f 3819/3819 3816/3816 3797/3797
f 3795/3795 3792/3792 3817/3817
f 3820/3820 3817/3817 3821/3821
f 3817/3817 3792/3792 3822/3822
f 3817/3817 3822/3822 3821/3821
f 3818/3818 3817/3817 3820/3820
f 3818/3818 3820/3820 3823/3823
f 3824/3824 3818/3818 3823/3823
f 3819/3819 3818/4420 3824/4421
f 3825/3825 3819/3819 3824/4421
f 3825/3825 3816/3816 3819/3819
f 3815/3815 3816/3816 3825/3825
f 3826/3826 3815/3815 3825/3825
f 3814/3814 3815/3815 3826/3826
f 3814/3814 3826/3826 3827/3827
f 3828/3828 3813/3813 3814/3814
f 3828/3828 3814/3814 3827/3827
f 3828/3828 3811/3811 3813/3813
f 3829/3829 3811/4419 3828/4422
f 3830/3830 3831/3831 3811/4419
f 3832/3832 3830/3830 3811/4419
f 3832/3832 3811/4419 3829/3829
f 3831/3831 3812/3812 3811/4419
f 3831/3831 3810/3810 3812/3812
f 3833/3833 3810/3810 3831/3831
f 3833/3833 3809/3809 3810/3810
f 3834/3834 3809/3809 3833/3833
f 3834/3834 3835/3835 3809/3809
f 3835/3835 3808/3808 3809/3809
f 3836/3836 3833/3833 3831/3831
f 3837/3837 3833/3833 3836/3836
f 3837/3837 3834/3834 3833/3833
f 3836/3836 3831/3831 3830/3830
f 3838/3838 3830/3830 3832/3832
f 3838/3838 3839/3839 3830/3830
f 3839/3839 3836/3836 3830/3830
f 3840/3840 3832/3832 3829/3829
f 3838/3838 3832/3832 3840/3840
f 3829/3829 3828/4422 3841/3841
f 3829/3829 3841/3841 3842/3842
f 3843/3843 3829/3829 3842/3842
f 3840/3840 3829/3829 3843/3843
f 3841/3841 3828/4422 3827/4423
f 3827/3827 3826/3826 3844/3844
f 3845/3845 3827/4423 3844/4424
f 3841/3841 3827/4423 3845/3845
f 3826/3826 3825/3825 3824/4421
f 3844/3844 3826/3826 3824/4421
f 3846/3846 3824/3824 3823/3823
f 3844/4425 3824/3824 3846/3846
f 3823/3823 3820/3820 3847/3847
f 3848/3848 3823/3823 3847/3847
f 3846/3846 3823/3823 3848/3848
f 3849/3849 3844/4425 3846/3846
f 3849/3849 3846/3846 3850/3850
f 3850/3850 3846/3846 3848/3848
f 3845/3845 3844/4424 3849/4426
f 3842/3842 3841/3841 3845/3845
f 3842/3842 3845/3845 3851/3851
f 3851/3851 3845/3845 3849/4426
f 3843/3843 3842/3842 3852/3852
f 3853/3853 3842/3842 3851/3851
f 3852/3852 3842/3842 3853/3853
f 3854/3854 3840/3840 3843/3843
f 3843/3843 3852/3852 3855/3855
f 3856/3856 3843/3843 3855/3855
f 3854/3854 3843/3843 3856/3856
f 3857/3857 3840/3840 3854/3854
f 3857/3857 3838/3838 3840/3840
f 3857/3857 3858/3858 3838/3838
f 3858/3858 3859/3859 3838/3838
f 3859/3859 3839/3839 3838/3838
f 3839/3839 3837/3837 3836/3836
f 3432/3432 3837/3837 3839/3839
f 3432/3432 3839/3839 3859/3859
f 3432/3432 3834/3834 3837/3837
f 3432/3432 3433/3433 3834/3834
f 3433/3433 3835/3835 3834/3834
f 3404/3404 3432/3432 3859/3859
f 3405/3405 3859/3859 3858/3858
f 3405/3405 3404/3404 3859/3859
f 3860/3860 3858/3858 3857/3857
f 3403/3403 3858/3858 3860/3860
f 3403/3403 3405/3405 3858/3858
f 3861/3861 3857/3857 3854/3854
f 3860/3860 3857/3857 3861/3861
f 3862/3862 3861/3861 3854/3854
f 3862/3862 3854/3854 3856/3856
f 3863/3863 3856/4428 3855/4427
f 3864/3864 3856/4428 3863/3863
f 3864/3864 3862/4429 3856/4428
f 3865/3865 3855/4427 2859/4430
f 3855/3855 3866/3866 2859/4431
f 3855/3855 3852/3852 3866/3866
f 3863/3863 3855/4427 3865/3865
f 3852/3852 3853/3853 3866/3866
f 3853/4433 3851/4432 3867/3867
f 2859/2859 3853/4433 3867/3867
f 3866/3866 3853/3853 2859/4431
f 3851/4432 3868/3868 3867/3867
f 3851/4432 3849/3849 3868/3868
f 3849/3849 3850/3850 3868/3868
f 3869/3869 3850/3850 3870/3870
f 3850/3850 3848/3848 3870/3870
f 3869/3869 3868/3868 3850/3850
f 3867/3867 3868/3868 3869/3869
f 3871/3871 3867/3867 3869/3869
f 2858/2858 3867/3867 3871/3871
f 2859/2859 3867/3867 2858/2858
f 3865/3865 2859/4430 2860/4338
f 3872/3872 3865/3865 2860/4338
f 3873/3873 3865/3865 3872/3872
f 3873/3873 3863/3863 3865/3865
f 3864/3864 3863/3863 3873/3873
f 3874/3874 3864/3864 3873/3873
f 3875/3875 3862/4429 3864/3864
f 3874/3874 3875/3875 3864/3864
f 3875/3875 3876/3876 3862/4429
f 3876/4434 3861/3861 3862/3862
f 3876/4434 3860/3860 3861/3861
f 3376/4380 3860/3860 3876/4434
f 3376/4380 3403/3403 3860/3860
f 3376/3376 3876/3876 3877/3877
f 3877/3877 3876/3876 3875/3875
f 3878/3878 3875/3875 3874/3874
f 3878/3878 3877/3877 3875/3875
f 3874/3874 3873/3873 3879/3879
f 3880/3880 3874/3874 3879/3879
f 3881/3881 3874/3874 3880/3880
f 3881/3881 3878/3878 3874/3874
f 3879/3879 3873/3873 3872/3872
f 2861/2861 3872/3872 2860/4338
f 2890/2890 3879/3879 3872/3872
f 2890/2890 3872/3872 2889/2889
f 2889/2889 3872/3872 2861/2861
f 3880/3880 3879/3879 2890/2890
f 2891/2891 3880/3880 2890/2890
f 2891/2891 3881/3881 3880/3880
f 2922/2922 3881/3881 2891/2891
f 3882/3882 3878/3878 3881/3881
f 2922/2922 3882/3882 3881/3881
f 3375/3375 3877/3877 3878/3878
f 3882/3882 3375/3375 3878/3878
f 3375/3375 3376/3376 3877/3877
f 3350/3350 3375/3375 3882/3882
f 3351/3351 3882/3882 2922/2922
f 3351/3351 3350/3350 3882/3882
f 2892/2892 2922/2922 2891/2891
f 2921/2921 3351/3351 2922/2922
f 2863/2863 2861/2861 2862/2862
f 2863/2863 2889/2889 2861/2861
f 2858/2858 3871/3871 2834/2834
f 3871/3871 3869/3869 3883/3883
f 2834/2834 3871/3871 3883/3883
f 2834/2834 3883/3883 3884/3884
f 2834/2834 3884/3884 2832/2832
f 3869/3869 3885/3885 3883/3883
f 3883/3883 3885/3885 3884/3884
f 3884/3884 3885/3885 3886/3886
f 2832/2832 3884/3884 2833/2833
f 2833/2833 3884/3884 3887/3887
f 3884/3884 3886/3886 3887/3887
f 3885/3885 3888/3888 3886/3886
f 3885/3885 3889/3889 3888/3888
f 3870/3870 3889/3889 3885/3885
f 3869/3869 3870/3870 3885/3885
f 3887/3887 3886/3886 3890/3890
f 3886/3886 3891/3891 3890/3890
f 3886/3886 3888/3888 3891/3891
f 2833/2833 3887/3887 2811/2811
f 3887/3887 3890/3890 3892/3892
f 2811/2811 3887/3887 3892/3892
f 3890/3890 3893/3893 3894/3894
f 3890/3890 3895/3895 3893/3893
f 3892/3892 3890/3890 3894/3894
f 3891/3891 3895/3895 3890/3890
f 3891/3891 3896/3896 3895/3895
f 3888/3888 3896/3896 3891/3891
f 3889/3889 3896/3896 3888/3888
f 3889/3889 3897/3897 3898/3898
f 3889/3889 3898/3898 3896/3896
f 3899/3899 3897/3897 3889/3889
f 3870/3870 3899/3899 3889/3889
f 3870/3870 3848/3848 3899/3899
f 3848/3848 3897/3897 3899/3899
f 3897/3897 3847/3847 3900/3900
f 3848/3848 3847/3847 3897/3897
f 3897/3897 3900/3900 3898/3898
f 3896/3896 3898/3898 3901/3901
f 3898/3898 3902/3902 3901/3901
f 3898/3898 3900/3900 3902/3902
f 3896/3896 3901/3901 3895/3895
f 3895/3895 3903/3903 3893/3893
f 3895/3895 3904/3904 3903/3903
f 3895/3895 3905/3905 3904/3904
f 3901/3901 3905/3905 3895/3895
f 3893/3893 3903/3903 3906/3906
f 3893/3893 3906/3906 3894/3894
f 3894/3894 3907/3907 3908/3908
f 3894/3894 3908/3908 2810/2810
f 3894/3894 3906/3906 3907/3907
f 3892/3892 3894/3894 2812/2812
f 2812/2812 3894/3894 2810/2810
f 2811/2811 3892/3892 2812/2812
f 2810/2810 3908/3908 3909/3909
f 2810/2810 3909/3909 3910/3910
f 2780/2780 2810/2810 3910/3910
f 3908/3908 3911/3911 3909/3909
f 3908/3908 3907/3907 3911/3911
f 3907/3907 3912/3912 3911/3911
f 3907/3907 3913/3913 3912/3912
f 3906/3906 3913/3913 3907/3907
f 3906/3906 3914/3914 3913/3913
f 3903/3903 3914/3914 3906/3906
f 3904/3904 3914/3914 3903/3903
f 3905/3905 3915/3915 3904/3904
f 3904/3904 3915/3915 3916/3916
f 3904/3904 3916/3916 3914/3914
f 3901/3901 3902/3902 3905/3905
f 3905/3905 3902/3902 3917/3917
f 3905/3905 3917/3917 3915/3915
f 3900/3900 3918/3918 3902/3902
f 3902/3902 3918/3918 3917/3917
f 3900/3900 3919/3919 3918/3918
f 3847/3847 3919/3919 3900/3900
f 3847/3847 3820/3820 3919/3919
f 3919/3919 3821/3821 3920/3920
f 3919/3919 3920/3920 3918/3918
f 3820/3820 3821/3821 3919/3919
f 3918/3918 3921/3921 3922/3922
f 3918/3918 3922/3922 3917/3917
f 3918/3918 3920/3920 3921/3921
f 3915/3915 3917/3917 3923/3923
f 3917/3917 3922/3922 3923/3923
f 3915/3915 3923/3923 3916/3916
f 3914/3914 3916/3916 3924/3924
f 3916/3916 3923/3923 3925/3925
f 3916/3916 3925/3925 3924/3924
f 3914/3914 3926/3926 3913/3913
f 3914/3914 3924/3924 3926/3926
f 3913/3913 3926/3926 3927/3927
f 3913/3913 3927/3927 3912/3912
f 3911/3911 3912/3912 3928/3928
f 3912/3912 3927/3927 3929/3929
f 3912/3912 3929/3929 3928/3928
f 3911/3911 3928/3928 3930/3930
f 3909/3909 3911/3911 3930/3930
f 3931/3931 3909/3909 3930/3930
f 3910/3910 3909/3909 3931/3931
f 3910/3910 3931/3931 3932/3932
f 2780/2780 3910/3910 2781/2781
f 3910/3910 3932/3932 2781/2781
f 3932/3932 3931/3931 3930/3930
f 3930/3930 3933/3933 3934/3934
f 3935/3935 3930/3930 3934/3934
f 3930/3930 3928/3928 3933/3933
f 3932/3932 3930/3930 3935/3935
f 3928/3928 3936/3936 3933/3933
f 3928/3928 3929/3929 3936/3936
f 3929/3929 3927/3927 1043/1043
f 3929/3929 1043/1043 1044/1044
f 3936/3936 3929/3929 1044/1044
f 3926/3926 3937/3937 3927/3927
f 3927/3927 3937/3937 3938/3938
f 3927/3927 3938/3938 1042/1042
f 3927/3927 1042/1042 1043/1043
f 3924/3924 3937/3937 3926/3926
f 3924/3924 3925/3925 3937/3937
f 3923/3923 3939/3939 3925/3925
f 3925/3925 3939/3939 3940/3940
f 3925/3925 3940/3940 3937/3937
f 3922/3922 3941/3941 3923/3923
f 3923/3923 3941/3941 3942/3942
f 3923/3923 3942/3942 3939/3939
f 3922/3922 3943/3943 3941/3941
f 3921/3921 3943/3943 3922/3922
f 3921/3921 3944/3944 3943/3943
f 3920/3920 3944/3944 3921/3921
f 3943/3943 3945/3945 3946/3946
f 3943/3943 3946/3946 3941/3941
f 3944/3944 3945/3945 3943/3943
f 3941/3941 3947/3947 3942/3942
f 3941/3941 3946/3946 3947/3947
f 3942/3942 3947/3947 3939/3939
f 3940/3940 3939/3939 3948/3948
f 3939/3939 3949/3949 3948/3948
f 3939/3939 3947/3947 3949/3949
f 3937/3937 3940/3940 3938/3938
f 3938/3938 3940/3940 1016/1016
f 3940/3940 3948/3948 1018/1018
f 3940/3940 1018/1018 1016/1016
f 3938/3938 1016/1016 1042/1042
f 3948/3948 3950/3950 1018/1018
f 3950/3950 1015/1015 1018/1018
f 3948/3948 3949/3949 3950/3950
f 3949/3949 3951/3951 3950/3950
f 3947/3947 3951/3951 3949/3949
f 3947/3947 3952/3952 3951/3951
f 3946/3946 3952/3952 3947/3947
f 3946/3946 3953/3953 3952/3952
f 3954/3954 3953/3953 3946/3946
f 3945/3945 3954/3954 3946/3946
f 3944/3944 3955/3955 3945/3945
f 3955/3955 3954/3954 3945/3945
f 3920/3920 3956/3956 3944/3944
f 3956/3956 3955/3955 3944/3944
f 3955/3955 3957/3957 3954/3954
f 3956/3956 3958/3958 3955/3955
f 3958/3958 3957/3957 3955/3955
f 3954/3954 3959/3959 3953/3953
f 3954/3954 3957/3957 3959/3959
f 3952/3952 3953/3953 3960/3960
f 3953/3953 3961/3961 3960/3960
f 3953/3953 3962/3962 3961/3961
f 3953/3953 3959/3959 3962/3962
f 3952/3952 3960/3960 3951/3951
f 3951/3951 986/986 987/987
f 3960/3960 986/986 3951/3951
f 3950/3950 3951/3951 987/987
f 3950/3950 987/987 1015/1015
f 986/986 3960/3960 985/985
f 3960/3960 3961/3961 985/985
f 3961/3961 959/959 985/985
f 3961/3961 3962/3962 959/959
f 3962/3962 957/957 959/959
f 3962/3962 3963/3963 957/957
f 3959/3959 3963/3963 3962/3962
f 3957/3957 3963/3963 3959/3959
f 3958/3958 3964/3964 3957/3957
f 3957/3957 3964/3964 3965/3965
f 3957/3957 3965/3965 3963/3963
f 3822/3822 3958/3958 3956/3956
f 3793/3793 3964/3964 3958/3958
f 3792/3792 3793/3793 3958/3958
f 3822/3822 3792/3792 3958/3958
f 3821/3821 3822/3822 3956/3956
f 3821/3821 3956/3956 3920/3920
f 3793/3793 3794/3794 3964/3964
f 3794/3794 3966/3966 3964/3964
f 3964/3964 3966/3966 3965/3965
f 3965/3965 3966/3966 3967/3967
f 3965/3965 3967/3967 3963/3963
f 3963/3963 3967/3967 957/957
f 3967/3967 958/958 957/957
f 3966/3966 3968/3968 3967/3967
f 3967/3967 3968/3968 958/958
f 3794/3794 3969/3969 3966/3966
f 3969/3969 3970/3970 3966/3966
f 3966/3966 3970/3970 3968/3968
f 3767/3767 3969/3969 3794/3794
f 3767/3767 3768/3768 3969/3969
f 3969/3969 3768/3768 3971/3971
f 3969/3969 3971/3971 3970/3970
f 3970/3970 3971/3971 880/880
f 3970/3970 880/880 3968/3968
f 3968/3968 930/930 958/958
f 3968/3968 880/880 930/930
f 3971/3971 878/878 880/880
f 3768/3768 879/879 3971/3971
f 3971/3971 879/879 878/878
f 3936/3936 1044/1044 1045/1045
f 3933/3933 3936/3936 1045/1045
f 3934/3934 1045/1045 1073/1073
f 3933/3933 1045/1045 3934/3934
f 1101/1101 3934/3934 1073/1073
f 3935/3935 3934/3934 1101/1101
f 3972/3972 1101/1101 1103/1103
f 3972/3972 3935/3935 1101/1101
f 3973/3973 3935/3935 3972/3972
f 3973/3973 3932/3932 3935/3935
f 3974/3974 3972/3972 1103/1103
f 3975/3975 3973/3973 3972/3972
f 3975/3975 3972/3972 3974/3974
f 3976/3976 1103/1103 1102/1102
f 3974/3974 1103/1103 3976/3976
f 3977/3977 3974/3974 3976/3976
f 3977/3977 3975/3975 3974/3974
f 2781/2781 3975/3975 2779/2779
f 2781/2781 3973/3973 3975/3975
f 2779/2779 3975/3975 2778/2778
f 2778/2778 3975/3975 3977/3977
f 2781/2781 3932/3932 3973/3973
f 3978/3978 3977/3977 3976/3976
f 2778/2778 3977/3977 2713/2713
f 2713/2713 3977/3977 3978/3978
f 3976/3976 1102/1102 3979/3979
f 3978/3978 3976/3976 3979/3979
f 3979/3979 1102/1102 1104/1104
f 3979/3979 1133/1133 2710/2710
f 3979/3979 1104/1104 1133/1133
f 2711/2711 3979/3979 2710/2710
f 3978/3978 3979/3979 2711/2711
f 2713/2713 3978/3978 2712/2712
f 3978/3978 2711/2711 2712/2712
f 3492/3492 3808/3808 3835/3835
f 3491/3491 3492/3492 3835/3835
f 3491/3491 3835/3835 3433/3433
f 3492/3492 3495/3495 3808/3808
f 3495/3495 3494/3494 3592/3592
f 3434/3434 3491/3491 3433/3433
f 3595/3595 3594/3594 3780/3780
f 3593/3593 3625/3625 3594/3594
f 3594/3594 3625/3625 3779/3779
f 3593/3593 3596/3596 3625/3625
f 3625/3625 3624/3624 3716/3716
f 3779/3779 3625/3625 3716/3716
f 771/771 802/802 772/772
f 3734/3734 775/775 774/774
f 775/775 3734/3734 3736/3736
f 775/775 3736/3736 3980/3980
f 3980/3980 776/776 775/775
f 3736/3736 3735/3735 3980/3980
f 3981/3981 3982/3982 3980/3980
f 3981/3981 3980/3980 3731/3731
f 3982/3982 776/776 3980/3980
f 3980/3980 3735/3735 3731/3731
f 777/777 776/776 3983/3983
f 3982/3982 3983/3983 776/776
f 3983/3983 3982/3982 3981/3981
f 3983/3983 3981/3981 3984/3984
f 3985/3985 3984/3984 3981/3981
f 3985/3985 3981/3981 3731/3731
f 3735/3735 3733/3733 3731/3731
f 3732/4407 3986/3986 3731/3731
f 3986/3986 3987/3987 3731/3731
f 3987/3987 3985/3985 3731/3731
f 3984/3984 3985/3985 3987/3987
f 3983/3983 3984/3984 741/741
f 3984/3984 3988/3988 741/741
f 3984/3984 3987/3987 3988/3988
f 742/742 3983/3983 741/741
f 742/742 777/777 3983/3983
f 742/742 778/778 777/777
f 778/778 742/742 770/770
f 3988/3988 740/4185 741/741
f 3988/3988 3986/3986 740/4185
f 3986/3986 3988/3988 3987/3987
f 3986/3986 3732/4407 740/4185
f 3989/3989 740/740 3732/3732
f 3989/3989 3732/3732 3730/3730
f 740/740 3989/3989 699/699
f 3989/3989 3729/3729 699/699
f 3729/3729 3989/3989 3730/3730
f 699/699 3729/3729 3728/3728
f 699/699 3728/3728 697/697
f 650/650 649/649 3641/3641
f 652/652 650/650 3990/3990
f 3640/3640 650/650 3641/3641
f 3640/3640 3990/3990 650/650
f 652/652 3640/3640 651/651
f 3640/3640 652/652 3990/3990
f 3991/3991 651/651 3640/3640
f 3640/3640 3639/3639 3991/3991
f 651/651 3991/3991 3992/3992
f 651/651 3992/3992 645/645
f 3991/3991 3639/3639 3992/3992
f 3611/3611 3993/3993 3639/3639
f 644/644 3639/3639 3993/3993
f 3992/3992 3639/3639 3994/3994
f 3639/3639 644/644 3994/3994
f 3994/3994 645/645 3992/3992
f 645/645 3994/3994 643/643
f 643/643 3994/3994 644/644
f 3993/3993 3608/3608 644/644
f 3608/3608 3609/3609 644/644
f 3609/3609 3606/3606 644/644
f 3606/3606 642/642 644/644
f 3607/3607 3993/3993 3611/3611
f 3993/3993 3607/3607 3608/3608
f 3995/3995 2926/2926 3996/3996
f 3320/3320 2926/2926 3995/3995
f 2950/2950 2926/2926 2949/2949
f 2926/2926 2950/2950 3997/3997
f 2926/2926 3997/3997 3996/3996
f 3996/3996 3998/3998 3995/3995
f 3999/3999 3995/3995 4000/4000
f 3995/3995 3998/3998 4000/4000
f 3995/3995 3999/3999 4001/4001
f 3995/3995 4001/4001 4002/4002
f 3995/3995 4002/4002 3320/3320
f 4003/4003 3996/3996 3997/3997
f 3996/3996 4003/4003 4004/4004
f 3996/3996 4004/4004 3998/3998
f 4003/4003 3997/3997 2951/2951
f 3997/3997 2950/2950 2951/2951
f 4004/4004 4003/4003 2951/2951
f 4000/4000 3998/3998 4004/4004
f 4000/4000 4004/4004 2951/2951
f 3999/3999 4000/4000 4005/4005
f 4000/4000 4006/4006 4005/4005
f 4006/4006 4000/4000 2951/2951
f 4001/4001 3999/3999 4005/4005
f 4007/4007 4002/4002 4001/4001
f 4007/4007 4001/4001 4005/4005
f 4008/4008 3320/3320 4002/4002
f 4008/4008 4002/4002 4007/4007
f 3318/3318 3320/3320 4008/4008
f 3317/3317 3320/3320 3318/3318
f 3318/3318 4008/4008 3319/3319
f 4008/4008 4007/4007 3319/3319
f 4007/4007 4006/4006 3319/3319
f 4005/4005 4006/4006 4007/4007
f 2981/2981 2980/2980 4006/4006
f 2980/2980 2986/2986 4006/4006
f 2986/2986 3319/3319 4006/4006
f 2981/2981 4006/4006 4009/4009
f 4009/4009 4006/4006 2951/2951
f 4009/4009 2951/2951 2978/2978
f 2951/2951 2955/2955 2978/2978
f 2978/2978 2979/2979 4009/4009
f 2979/2979 2981/2981 4009/4009
f 2986/2986 2985/2985 3319/3319
f 3319/3319 2985/2985 3315/3315
f 2985/2985 2983/2983 3315/3315
f 3080/3080 3079/3079 3235/3235
f 3079/3079 3134/3134 4010/4010
f 4010/4010 3235/3235 3079/3079
f 4010/4010 4011/4011 3235/3235
f 3209/3209 3235/3235 4011/4011
f 3211/3211 4010/4010 3212/3212
f 3134/3134 3212/3212 4010/4010
f 4010/4010 3211/3211 4011/4011
f 3212/3212 3134/3134 3135/3135
f 3209/3209 4011/4011 3210/3210
f 4011/4011 3211/3211 3210/3210
f 2823/2823 23/23 24/24
f 23/23 2823/2823 25/25
f 2823/2823 2822/2822 25/25
f 4012/4012 26/26 25/25
f 25/25 2822/2822 2821/2821
f 4012/4012 25/25 2821/2821
f 4012/4012 2259/4435 26/26
f 4013/4013 4012/4012 4014/4014
f 4013/4013 2259/4435 4012/4012
f 2820/2820 4012/4012 2821/2821
f 4015/4015 4012/4012 2820/2820
f 4016/4016 4014/4014 4012/4012
f 4016/4016 4012/4012 4015/4015
f 26/4142 4017/4017 27/27
f 4018/4018 4017/4017 26/4142
f 2259/2259 4018/4018 26/4142
f 2259/2259 2258/2258 4018/4018
f 2260/4328 2259/4435 4013/4013
f 4019/4019 4020/4020 4013/4013
f 4020/4020 2260/4328 4013/4013
f 2767/2767 4019/4019 4013/4013
f 2767/2767 4013/4013 4021/4021
f 4014/4014 4022/4022 4013/4013
f 4022/4022 4021/4021 4013/4013
f 2795/2795 4014/4014 4016/4016
f 4022/4022 4014/4014 2797/2797
f 2797/2797 4014/4014 2795/2795
f 2795/2795 4016/4016 2794/2794
f 4016/4016 2796/2796 2794/2794
f 4016/4016 4015/4015 2796/2796
f 4015/4015 2820/2820 2796/2796
f 4022/4022 2797/2797 2768/2768
f 4021/4021 4022/4022 2768/2768
f 2767/2767 4021/4021 2768/2768
f 4019/4019 2767/2767 4020/4020
f 2767/2767 2766/2766 4020/4020
f 4020/4020 2766/2766 2260/4328
f 2766/2766 2765/2765 2260/4328
f 4018/4018 2229/2229 4017/4017
f 2258/2258 2229/2229 4018/4018
f 4017/4017 4023/4023 27/27
f 2229/2229 2228/2228 4017/4017
f 4017/4017 2228/2228 4023/4023
f 27/27 4024/4024 28/28
f 27/27 4023/4023 4024/4024
f 4023/4023 2227/2227 4024/4024
f 2228/2228 2227/2227 4023/4023
f 4024/4024 85/85 28/28
f 2227/2227 85/85 4024/4024
f 2048/2048 2049/2049 835/835
f 2049/2049 4025/4025 835/835
f 2049/2049 2044/2044 4025/4025
f 834/834 2048/2048 835/835
f 4025/4025 859/859 835/835
f 2044/2044 4026/4026 4025/4025
f 4025/4025 4027/4027 860/860
f 859/859 4025/4025 860/860
f 4027/4027 4025/4025 4026/4026
f 2044/2044 2045/2045 4026/4026
f 2045/2045 2047/2047 4026/4026
f 4027/4027 4026/4026 864/864
f 864/864 4026/4026 2047/2047
f 864/864 866/866 4027/4027
f 866/866 861/861 4027/4027
f 861/861 860/860 4027/4027
f 865/865 864/864 4028/4028
f 4028/4028 864/864 2047/2047
f 2047/2047 2046/2046 4028/4028
f 4029/4029 865/865 4028/4028
f 2046/2046 2042/2042 4028/4028
f 2042/2042 4030/4030 4028/4028
f 4030/4030 4029/4029 4028/4028
f 4029/4029 862/862 865/865
f 862/862 4029/4029 4031/4031
f 4029/4029 4030/4030 4031/4031
f 2039/2039 4032/4032 4030/4030
f 4032/4032 4031/4031 4030/4030
f 2042/2042 2043/2043 4030/4030
f 2043/2043 2041/2041 4030/4030
f 4030/4030 2041/2041 2039/2039
f 862/862 4031/4031 4032/4032
f 862/862 4032/4032 889/889
f 2039/2039 889/889 4032/4032
f 2039/2039 2038/2038 889/889
f 889/889 2038/2038 890/890
f 2038/2038 2037/2037 890/890
f 890/890 2037/2037 2009/2009
f 1763/1763 1733/4272 1732/4286
f 4033/4033 1717/1717 1605/1605
f 1663/1663 1717/1717 1633/1633
f 1717/1717 4033/4033 1633/1633
f 1632/1632 4033/4033 1605/1605
f 4033/4033 1632/1632 1633/1633
f 1231/1231 1447/1447 1232/1232
f 1231/1231 1177/1177 1447/1447
f 1179/1179 1177/1177 1231/1231
f 1233/1233 1446/1446 1235/1235
f 1235/1235 1446/1446 1417/1417
f 1234/1234 1235/1235 4034/4034
f 1235/1235 1418/1418 4034/4034
f 1235/1235 1417/1417 1418/1418
f 1234/1234 4034/4034 1238/1238
f 1238/1238 4034/4034 1415/1415
f 4034/4034 1418/1418 1415/1415
f 1418/1418 1416/1416 1415/1415
f 1238/1238 1415/1415 1385/1385
f 1237/1237 1238/1238 1384/1384
f 1236/1236 1237/1237 4035/4035
f 4036/4036 1237/1237 4037/4037
f 1237/1237 1384/1384 4037/4037
f 1237/1237 4036/4036 4038/4038
f 4035/4035 1237/1237 4038/4038
f 4037/4037 1384/1384 1354/1354
f 4036/4036 4037/4037 1356/1356
f 4037/4037 1354/1354 1356/1356
f 4038/4038 4036/4036 1321/1321
f 1356/1356 1321/1321 4036/4036
f 4039/4039 4035/4035 4038/4038
f 4039/4039 4038/4038 1321/1321
f 4035/4035 4039/4039 4040/4040
f 1236/1236 4035/4035 4040/4040
f 1261/1261 1236/1236 4040/4040
f 1261/1261 4040/4040 1262/1262
f 1262/1262 4040/4040 4039/4039
f 4039/4039 1264/1264 1262/1262
f 1321/1321 1264/1264 4039/4039
f 1320/1320 1321/1321 1356/1356
f 841/841 839/839 858/858
f 838/838 858/858 839/839
f 288/288 686/686 289/289
f 289/289 686/686 318/318
f 318/318 4041/4041 319/319
f 318/318 4042/4042 4041/4041
f 318/318 660/660 4042/4042
f 4041/4041 4042/4042 4043/4043
f 319/319 4041/4041 320/320
f 4041/4041 4043/4043 4044/4044
f 4041/4041 4044/4044 348/348
f 320/320 4041/4041 348/348
f 4042/4042 4045/4045 4046/4046
f 660/660 4045/4045 4042/4042
f 4042/4042 4046/4046 4043/4043
f 660/660 632/632 4045/4045
f 4045/4045 631/631 4047/4047
f 4045/4045 4047/4047 4046/4046
f 632/632 631/631 4045/4045
f 4046/4046 4047/4047 4048/4048
f 4046/4046 4048/4048 4049/4049
f 4043/4043 4046/4046 4049/4049
f 4043/4043 4049/4049 4044/4044
f 4044/4044 4049/4049 375/375
f 4044/4044 375/375 348/348
f 4049/4049 4048/4048 4050/4050
f 4049/4049 4050/4050 375/375
f 4048/4048 630/630 4051/4051
f 4048/4048 4051/4051 4052/4052
f 4050/4050 4048/4048 4052/4052
f 4047/4047 630/630 4048/4048
f 4047/4047 631/631 630/630
f 630/630 629/629 4053/4053
f 630/630 4053/4053 4051/4051
f 4051/4051 4053/4053 4054/4054
f 4051/4051 4054/4054 4055/4055
f 4052/4052 4051/4051 4055/4055
f 4052/4052 4055/4055 4056/4056
f 404/404 4052/4052 4056/4056
f 4050/4050 4052/4052 404/404
f 375/375 4050/4050 376/376
f 4050/4050 404/404 376/376
f 404/404 4056/4056 405/405
f 405/405 4056/4056 406/406
f 4056/4056 4055/4055 406/406
f 406/406 4055/4055 4054/4054
f 406/406 4054/4054 4057/4057
f 4054/4054 4058/4058 4057/4057
f 4054/4054 4059/4059 4058/4058
f 4060/4060 4059/4059 4054/4054
f 4053/4053 4060/4060 4054/4054
f 4053/4053 629/629 4060/4060
f 628/628 4060/4060 629/629
f 4060/4060 583/583 4059/4059
f 4060/4060 601/601 583/583
f 628/628 601/601 4060/4060
f 4059/4059 4061/4061 4062/4062
f 4059/4059 4062/4062 4058/4058
f 4059/4059 4063/4063 4061/4061
f 583/583 4063/4063 4059/4059
f 4057/4057 4058/4058 4064/4064
f 4058/4058 4065/4065 4064/4064
f 4062/4062 4065/4065 4058/4058
f 406/406 4057/4057 407/407
f 407/407 4057/4057 408/408
f 4057/4057 4064/4064 408/408
f 408/408 4064/4064 4066/4066
f 4064/4064 4067/4067 4066/4066
f 4065/4065 4067/4067 4064/4064
f 4065/4065 4068/4068 4067/4067
f 4065/4065 4069/4069 4068/4068
f 4062/4062 4069/4069 4065/4065
f 4070/4070 4062/4436 4071/4071
f 4062/4436 4072/4072 4071/4071
f 4062/4436 4070/4070 4069/4437
f 4061/4438 4073/4073 4062/4436
f 4073/4073 4072/4072 4062/4436
f 4074/4074 4075/4075 4061/4438
f 4073/4073 4061/4438 4075/4075
f 4063/4439 4074/4074 4061/4438
f 4076/4076 4074/4074 4063/4439
f 4077/4077 4076/4076 4063/4439
f 4078/4078 4077/4077 4063/4439
f 4079/4079 4078/4078 4063/4439
f 583/4181 4079/4079 4063/4439
f 4080/4080 4079/4079 583/4181
f 580/580 4081/4081 583/4181
f 4081/4081 4080/4080 583/4181
f 4079/4079 4082/4082 4083/4083
f 4079/4079 4083/4083 4078/4078
f 4084/4084 4082/4082 4079/4079
f 4080/4080 4084/4084 4079/4079
f 4078/4078 4085/4085 4086/4086
f 4078/4078 4086/4086 4077/4077
f 4085/4085 4078/4078 4083/4083
f 4087/4087 4077/4077 4086/4086
f 4077/4077 4087/4087 4076/4076
f 4076/4076 4088/4088 4074/4074
f 4087/4087 4089/4089 4076/4076
f 4088/4088 4076/4076 4089/4089
f 4074/4074 4090/4090 4075/4075
f 4088/4088 4090/4090 4074/4074
f 4073/4073 4075/4075 4091/4091
f 4075/4075 4090/4090 4091/4091
f 4072/4072 4073/4073 4091/4091
f 4071/4071 4072/4072 4092/4092
f 4093/4093 4092/4092 4072/4072
f 4091/4091 4093/4093 4072/4072
f 4070/4070 4071/4071 4092/4092
f 4069/4437 4070/4070 4094/4094
f 4094/4094 4070/4070 4095/4095
f 4070/4070 4092/4092 4095/4095
f 4069/4069 4096/4096 4068/4068
f 4069/4437 4094/4094 4096/4440
f 4094/4094 4097/4097 4096/4440
f 4097/4097 4094/4094 4095/4095
f 4098/4098 4095/4095 4092/4092
f 4098/4098 4099/4099 4095/4095
f 4099/4099 4100/4100 4095/4095
f 4095/4095 4100/4100 4097/4097
f 4093/4093 4101/4101 4092/4092
f 4101/4101 4102/4102 4092/4092
f 4102/4102 4103/4103 4092/4092
f 4103/4103 4098/4098 4092/4092
f 4101/4101 4093/4093 465/465
f 465/465 4093/4093 490/490
f 4093/4093 4091/4091 490/490
f 492/492 491/491 4091/4091
f 491/491 490/490 4091/4091
f 4091/4091 4090/4090 492/492
f 4088/4088 4104/4104 4090/4090
f 4104/4104 492/492 4090/4090
f 4104/4104 4088/4088 4089/4089
f 4087/4087 524/524 4089/4089
f 524/524 4104/4104 4089/4089
f 524/524 4087/4087 4086/4086
f 4085/4085 523/523 4086/4086
f 523/523 524/524 4086/4086
f 4085/4085 4083/4083 525/525
f 525/525 523/523 4085/4085
f 4083/4083 4082/4082 525/525
f 4082/4082 526/526 525/525
f 4082/4082 4084/4084 526/526
f 4084/4084 528/528 526/526
f 4080/4080 528/528 4084/4084
f 4105/4105 528/528 4080/4080
f 528/528 4105/4105 553/553
f 4081/4081 4105/4105 4080/4080
f 4105/4105 4081/4081 581/581
f 4105/4105 581/581 553/553
f 580/580 581/581 4081/4081
f 494/494 4104/4104 524/524
f 494/494 493/493 4104/4104
f 493/493 492/492 4104/4104
f 464/464 4101/4101 465/465
f 4101/4101 464/464 4102/4102
f 4103/4103 4102/4102 464/464
f 463/463 4103/4103 464/464
f 4098/4098 4103/4103 463/463
f 4099/4099 4098/4098 463/463
f 462/462 4106/4106 463/463
f 4106/4106 4099/4099 463/463
f 461/461 4107/4107 462/462
f 462/462 4107/4107 4108/4108
f 4108/4108 4109/4109 462/462
f 462/462 4109/4109 4099/4099
f 462/462 4099/4099 4106/4106
f 438/438 4110/4110 461/461
f 4110/4110 4111/4111 461/461
f 461/461 4111/4111 4112/4112
f 461/461 4112/4112 4107/4107
f 4108/4108 4107/4107 4100/4100
f 4107/4107 4113/4113 4100/4100
f 4107/4107 4112/4112 4113/4113
f 4109/4109 4108/4108 4100/4100
f 4099/4099 4109/4109 4100/4100
f 4114/4114 4100/4441 4115/4115
f 4115/4115 4100/4441 4116/4116
f 4117/4117 4097/4097 4100/4100
f 4117/4117 4100/4100 4114/4442
f 4100/4441 4113/4443 4116/4116
f 4118/4118 4119/4119 4113/4443
f 4119/4119 4116/4116 4113/4443
f 4111/4111 4113/4113 4112/4112
f 4113/4443 4111/4444 4118/4118
f 4111/4111 4110/4110 4120/4120
f 4120/4445 4118/4118 4111/4444
f 438/438 4121/4121 4110/4110
f 4110/4110 4121/4121 4120/4120
f 437/4170 4122/4122 438/438
f 4122/4122 4123/4123 438/438
f 4121/4121 438/438 4123/4123
f 4121/4446 4124/4124 4125/4125
f 4121/4121 4123/4123 4124/4447
f 4120/4445 4121/4446 4125/4125
f 4118/4118 4120/4445 4125/4125
f 4126/4126 4118/4118 4127/4127
f 4119/4119 4118/4118 4126/4126
f 4127/4127 4118/4118 4125/4125
f 4128/4128 4119/4119 4126/4126
f 4128/4128 4116/4116 4119/4119
f 4068/4068 4115/4115 4116/4116
f 4068/4068 4116/4116 4128/4128
f 4068/4068 4114/4114 4115/4115
f 4096/4096 4114/4114 4068/4068
f 4114/4442 4096/4440 4097/4097
f 4114/4442 4097/4097 4117/4117
f 4068/4068 4128/4128 4067/4067
f 4067/4067 4128/4128 4126/4126
f 4067/4067 4126/4126 4129/4129
f 4126/4126 4127/4127 4129/4129
f 4129/4129 4127/4127 4130/4130
f 4130/4130 4127/4127 4125/4125
f 4130/4130 4125/4125 4131/4131
f 4124/4124 4131/4131 4125/4125
f 4123/4123 4122/4122 4124/4447
f 4122/4448 4132/4132 4124/4124
f 4132/4132 4131/4131 4124/4124
f 4122/4448 437/437 436/436
f 4122/4448 436/436 4132/4132
f 4132/4132 435/435 4133/4133
f 4132/4132 436/436 435/435
f 4132/4132 4133/4133 4131/4131
f 4133/4133 4134/4134 4131/4131
f 4134/4134 4130/4130 4131/4131
f 4129/4129 4130/4130 434/434
f 4130/4130 4134/4134 434/434
f 410/410 4129/4129 434/434
f 4067/4067 4129/4129 410/410
f 4066/4066 4067/4067 410/410
f 409/409 4066/4066 410/410
f 408/408 4066/4066 409/409
f 435/435 434/434 4134/4134
f 4133/4133 435/435 4134/4134
